exportador,importador,grupo,anio,registros,incautaciones
AE,AR,flora,2018,1,0
AE,BR,fauna,2005,6,0
AE,BR,fauna,2016,48,0
AE,BR,fauna,2017,12,0
AE,BR,flora,2017,6,0
AE,BR,flora,2018,3,0
AE,BR,flora,2020,4,0
AE,BR,flora,2021,3,0
AE,BR,flora,2022,2,0
AE,BR,flora,2023,2,0
AE,BR,flora,2024,4,0
AE,BS,fauna,2005,5,0
AE,CL,fauna,2000,1,0
AE,CO,fauna,2013,1,0
AE,CO,fauna,2014,4,0
AE,CO,flora,2018,2,0
AE,CO,flora,2019,1,0
AE,DO,fauna,2019,1,0
AE,DO,fauna,2020,1,0
AE,EC,fauna,2023,1,0
AE,GT,fauna,2022,2,0
AE,GY,fauna,2010,1,0
AE,MX,fauna,2009,2,0
AE,MX,fauna,2020,1,0
AE,PA,fauna,2012,1,0
AE,VE,fauna,2000,3,0
AE,VE,fauna,2016,24,0
AG,AI,fauna,2004,7,0
AG,BB,fauna,2001,1,0
AG,BB,fauna,2004,2,0
AG,BB,fauna,2005,2,0
AG,BB,fauna,2006,1,0
AG,BB,fauna,2015,1,0
AG,BE,fauna,2001,2,0
AG,BZ,fauna,2004,2,0
AG,CA,fauna,1989,1,0
AG,CA,fauna,1990,1,0
AG,CA,fauna,1999,1,0
AG,CA,fauna,2016,2,0
AG,CH,fauna,1985,1,0
AG,DE,fauna,2019,2,0
AG,DM,fauna,2000,1,0
AG,DM,fauna,2006,1,0
AG,DM,fauna,2012,5,0
AG,DM,fauna,2019,1,0
AG,FR,fauna,2012,1,0
AG,GB,fauna,1997,1,1
AG,GB,fauna,1998,1,1
AG,GB,fauna,1999,1,1
AG,GB,fauna,2000,2,2
AG,GB,fauna,2001,1,1
AG,GB,fauna,2002,3,3
AG,GB,fauna,2003,5,4
AG,GB,fauna,2004,9,9
AG,GB,fauna,2008,2,1
AG,GB,fauna,2012,1,0
AG,GB,fauna,2016,1,0
AG,GB,flora,1977,8,0
AG,IT,fauna,1984,2,2
AG,IT,fauna,2001,1,0
AG,JP,fauna,1984,2,0
AG,JP,fauna,2016,1,0
AG,KN,fauna,2019,1,0
AG,KN,fauna,2020,1,0
AG,KR,fauna,2012,1,0
AG,LC,fauna,1998,2,0
AG,LC,fauna,2009,1,0
AG,NL,fauna,2024,1,0
AG,NZ,fauna,1999,1,1
AG,NZ,fauna,2002,4,4
AG,NZ,fauna,2003,1,1
AG,NZ,fauna,2010,1,1
AG,SE,fauna,2001,1,0
AG,SX,fauna,2020,5,0
AG,SX,fauna,2021,9,0
AG,TT,fauna,1989,1,0
AG,TT,fauna,1996,1,0
AG,TT,fauna,1997,3,0
AG,TT,fauna,1998,1,0
AG,TT,fauna,2000,1,0
AG,TT,fauna,2001,1,0
AG,TT,fauna,2013,1,0
AG,TT,fauna,2014,1,0
AG,US,fauna,1982,1,1
AG,US,fauna,1983,1,0
AG,US,fauna,1984,1,0
AG,US,fauna,1986,1,1
AG,US,fauna,1988,4,0
AG,US,fauna,1989,2,2
AG,US,fauna,1991,3,2
AG,US,fauna,1992,9,7
AG,US,fauna,1993,1,0
AG,US,fauna,1994,2,1
AG,US,fauna,1997,17,10
AG,US,fauna,1998,1,0
AG,US,fauna,2001,1,0
AG,US,fauna,2004,74,39
AG,US,fauna,2005,14,13
AG,US,fauna,2006,4,3
AG,US,fauna,2007,6,1
AG,US,fauna,2008,2,2
AG,US,fauna,2009,5,5
AG,US,fauna,2010,3,2
AG,US,fauna,2011,1,1
AG,US,fauna,2012,2,1
AG,US,fauna,2013,3,1
AG,US,fauna,2014,3,1
AG,US,fauna,2015,8,1
AG,US,fauna,2016,7,3
AG,US,fauna,2018,1,0
AG,US,fauna,2019,10,4
AG,US,fauna,2020,2,2
AG,US,fauna,2021,4,0
AG,US,fauna,2022,2,2
AG,US,flora,1990,1,1
AG,US,flora,1991,1,1
AG,US,flora,1992,1,1
AG,US,flora,1993,1,1
AG,US,flora,1997,1,1
AG,US,flora,2021,7,0
AG,VG,fauna,2021,1,0
AG,ZA,fauna,1992,1,0
AI,TT,fauna,1996,1,0
AM,CU,fauna,2023,3,0
AM,CU,fauna,2024,8,0
AN,BS,flora,2008,5,0
AN,CU,fauna,1994,2,0
AN,DO,fauna,1987,2,0
AN,DO,fauna,1988,2,0
AN,DO,fauna,1989,4,0
AN,DO,fauna,1990,2,0
AN,DO,fauna,1993,2,0
AN,DO,fauna,2000,2,0
AN,DO,fauna,2002,2,0
AN,DO,fauna,2004,4,0
AN,GD,fauna,1994,1,0
AN,MX,fauna,1995,1,0
AN,PA,fauna,2000,1,0
AN,SR,fauna,2016,2,0
AN,TT,fauna,2016,1,1
AN,VE,fauna,1989,3,0
AN,VE,fauna,1994,7,1
AN,VE,fauna,1996,5,0
AN,VE,fauna,1997,3,0
AN,VE,fauna,1999,19,0
AN,VE,fauna,2000,10,0
AN,VE,fauna,2001,5,0
AN,VE,fauna,2002,3,0
AO,BR,fauna,2014,1,0
AO,BR,fauna,2021,2,0
AO,BR,fauna,2022,44,0
AO,BR,fauna,2023,4,0
AR,AD,fauna,1989,1,0
AR,AD,fauna,2006,5,0
AR,AD,fauna,2007,3,0
AR,AD,fauna,2017,2,0
AR,AE,fauna,1985,14,0
AR,AE,fauna,1987,3,0
AR,AE,fauna,1995,7,0
AR,AE,fauna,1996,25,0
AR,AE,fauna,1997,39,0
AR,AE,fauna,1998,36,0
AR,AE,fauna,1999,31,0
AR,AE,fauna,2000,22,0
AR,AE,fauna,2001,10,0
AR,AE,fauna,2002,35,0
AR,AE,fauna,2003,76,0
AR,AE,fauna,2004,60,0
AR,AE,fauna,2005,73,0
AR,AE,fauna,2006,57,0
AR,AE,fauna,2007,24,0
AR,AE,fauna,2008,24,0
AR,AE,fauna,2010,11,0
AR,AE,fauna,2011,5,0
AR,AE,fauna,2012,7,0
AR,AE,fauna,2013,2,0
AR,AN,fauna,1988,1,0
AR,AN,fauna,1989,2,0
AR,AN,fauna,1990,1,0
AR,AR,fauna,1996,1,0
AR,AT,fauna,1981,4,0
AR,AT,fauna,1982,9,0
AR,AT,fauna,1983,2,0
AR,AT,fauna,1984,7,0
AR,AT,fauna,1985,33,0
AR,AT,fauna,1986,8,0
AR,AT,fauna,1987,31,0
AR,AT,fauna,1988,37,0
AR,AT,fauna,1989,39,0
AR,AT,fauna,1990,18,0
AR,AT,fauna,1991,20,0
AR,AT,fauna,1992,5,0
AR,AT,fauna,1993,8,0
AR,AT,fauna,1994,24,0
AR,AT,fauna,1995,6,0
AR,AT,fauna,1996,6,0
AR,AT,fauna,1997,10,0
AR,AT,fauna,1998,3,0
AR,AT,fauna,1999,11,0
AR,AT,fauna,2000,9,0
AR,AT,fauna,2001,13,3
AR,AT,fauna,2002,9,0
AR,AT,fauna,2003,4,0
AR,AT,fauna,2004,7,0
AR,AT,fauna,2005,11,0
AR,AT,fauna,2006,6,0
AR,AT,fauna,2007,8,1
AR,AT,fauna,2008,8,0
AR,AT,fauna,2009,16,1
AR,AT,fauna,2010,2,0
AR,AT,fauna,2011,7,0
AR,AT,fauna,2012,23,0
AR,AT,fauna,2013,15,0
AR,AT,fauna,2014,1,0
AR,AT,fauna,2015,8,0
AR,AT,fauna,2016,29,0
AR,AT,fauna,2017,17,0
AR,AT,fauna,2018,4,0
AR,AT,fauna,2019,24,0
AR,AT,fauna,2020,15,0
AR,AT,fauna,2022,4,0
AR,AT,flora,1985,13,0
AR,AT,flora,2003,1,1
AR,AU,fauna,1979,1,0
AR,AU,fauna,1981,2,0
AR,AU,fauna,1983,1,0
AR,AU,fauna,1986,3,0
AR,AU,fauna,1988,1,0
AR,AU,fauna,1989,2,0
AR,AU,fauna,1990,1,0
AR,AU,fauna,1998,2,0
AR,AU,fauna,2000,1,0
AR,AU,fauna,2002,6,0
AR,AU,fauna,2003,2,0
AR,AU,fauna,2004,7,0
AR,AU,fauna,2005,7,0
AR,AU,fauna,2006,7,0
AR,AU,fauna,2007,9,0
AR,AU,fauna,2008,35,0
AR,AU,fauna,2009,17,0
AR,AU,fauna,2010,26,0
AR,AU,fauna,2011,11,0
AR,AU,fauna,2012,30,0
AR,AU,fauna,2013,20,0
AR,AU,fauna,2014,8,0
AR,AU,fauna,2015,5,0
AR,AU,fauna,2016,5,0
AR,AU,fauna,2017,3,0
AR,AU,fauna,2018,2,0
AR,AU,fauna,2019,6,0
AR,AU,fauna,2020,7,0
AR,AU,fauna,2021,10,0
AR,AU,fauna,2022,2,0
AR,BD,fauna,2004,1,0
AR,BE,fauna,1981,2,0
AR,BE,fauna,1982,4,0
AR,BE,fauna,1983,11,0
AR,BE,fauna,1984,2,0
AR,BE,fauna,1985,6,0
AR,BE,fauna,1987,2,0
AR,BE,fauna,1988,2,0
AR,BE,fauna,1989,2,0
AR,BE,fauna,1990,1,0
AR,BE,fauna,1993,2,0
AR,BE,fauna,1995,1,0
AR,BE,fauna,1998,1,0
AR,BE,fauna,1999,2,0
AR,BE,fauna,2000,3,0
AR,BE,fauna,2001,1,0
AR,BE,fauna,2003,9,0
AR,BE,fauna,2004,2,0
AR,BE,fauna,2005,5,0
AR,BE,fauna,2006,5,0
AR,BE,fauna,2007,1,0
AR,BE,fauna,2008,36,0
AR,BE,fauna,2009,2,0
AR,BE,fauna,2010,4,0
AR,BE,fauna,2011,7,0
AR,BE,fauna,2012,3,0
AR,BE,fauna,2013,1,0
AR,BE,fauna,2015,4,0
AR,BE,fauna,2016,6,1
AR,BE,fauna,2017,10,0
AR,BE,fauna,2018,1,0
AR,BE,fauna,2019,8,0
AR,BE,fauna,2020,10,0
AR,BE,fauna,2021,3,0
AR,BE,fauna,2022,2,0
AR,BE,fauna,2024,1,0
AR,BE,flora,1998,1,1
AR,BE,flora,2000,1,0
AR,BG,fauna,1989,6,0
AR,BG,fauna,2000,1,0
AR,BG,fauna,2004,1,0
AR,BG,fauna,2006,4,0
AR,BG,fauna,2012,1,0
AR,BG,flora,2009,2,0
AR,BH,fauna,2009,3,0
AR,BH,fauna,2010,3,0
AR,BH,fauna,2011,4,0
AR,BH,fauna,2012,2,0
AR,BH,fauna,2013,1,0
AR,BH,fauna,2014,5,0
AR,BH,fauna,2015,12,0
AR,BH,fauna,2016,1,0
AR,BH,fauna,2017,1,0
AR,BH,fauna,2019,6,0
AR,BH,fauna,2020,1,0
AR,BH,fauna,2021,1,0
AR,BM,fauna,2005,2,0
AR,BM,fauna,2006,5,0
AR,BM,fauna,2007,2,0
AR,BN,fauna,1986,7,0
AR,BN,fauna,1989,1,0
AR,BO,fauna,1982,3,0
AR,BO,fauna,1984,1,0
AR,BO,fauna,1988,2,0
AR,BO,fauna,1989,1,0
AR,BO,fauna,2000,3,0
AR,BO,fauna,2001,1,0
AR,BO,fauna,2003,5,0
AR,BO,fauna,2004,1,0
AR,BO,fauna,2006,3,0
AR,BO,fauna,2007,2,0
AR,BO,fauna,2008,1,0
AR,BO,fauna,2009,2,0
AR,BO,fauna,2011,2,0
AR,BO,fauna,2015,1,0
AR,BR,fauna,1982,4,0
AR,BR,fauna,1983,1,0
AR,BR,fauna,1984,6,0
AR,BR,fauna,1986,4,0
AR,BR,fauna,1987,3,0
AR,BR,fauna,1988,6,0
AR,BR,fauna,1989,11,0
AR,BR,fauna,1990,23,0
AR,BR,fauna,1991,11,0
AR,BR,fauna,1992,9,0
AR,BR,fauna,1993,13,1
AR,BR,fauna,1994,8,0
AR,BR,fauna,1995,8,0
AR,BR,fauna,1996,2,0
AR,BR,fauna,1997,19,0
AR,BR,fauna,1998,7,0
AR,BR,fauna,1999,18,0
AR,BR,fauna,2000,16,0
AR,BR,fauna,2001,20,0
AR,BR,fauna,2002,37,0
AR,BR,fauna,2003,18,0
AR,BR,fauna,2004,32,0
AR,BR,fauna,2005,34,0
AR,BR,fauna,2006,20,0
AR,BR,fauna,2007,13,0
AR,BR,fauna,2008,28,0
AR,BR,fauna,2009,6,0
AR,BR,fauna,2010,19,0
AR,BR,fauna,2011,27,0
AR,BR,fauna,2012,8,0
AR,BR,fauna,2013,2,0
AR,BR,fauna,2014,16,0
AR,BR,fauna,2015,23,0
AR,BR,fauna,2016,14,0
AR,BR,fauna,2017,8,1
AR,BR,fauna,2018,6,0
AR,BR,fauna,2019,3,0
AR,BR,fauna,2020,6,0
AR,BR,fauna,2021,2,0
AR,BR,fauna,2022,7,0
AR,BR,fauna,2023,7,4
AR,BR,fauna,2024,1,0
AR,BR,flora,1996,53,0
AR,BR,flora,2006,1,0
AR,BR,flora,2009,3,0
AR,BR,flora,2023,1,0
AR,BS,fauna,2007,1,0
AR,BS,fauna,2014,1,0
AR,CA,fauna,1980,1,0
AR,CA,fauna,1981,19,0
AR,CA,fauna,1982,9,0
AR,CA,fauna,1983,22,0
AR,CA,fauna,1984,13,0
AR,CA,fauna,1985,28,0
AR,CA,fauna,1986,7,0
AR,CA,fauna,1987,31,0
AR,CA,fauna,1988,38,0
AR,CA,fauna,1989,35,0
AR,CA,fauna,1990,42,0
AR,CA,fauna,1991,5,0
AR,CA,fauna,1992,4,0
AR,CA,fauna,1993,4,0
AR,CA,fauna,1994,5,0
AR,CA,fauna,1995,4,0
AR,CA,fauna,1996,2,0
AR,CA,fauna,1999,1,0
AR,CA,fauna,2000,2,0
AR,CA,fauna,2001,16,0
AR,CA,fauna,2002,4,0
AR,CA,fauna,2003,35,0
AR,CA,fauna,2004,20,0
AR,CA,fauna,2005,26,0
AR,CA,fauna,2006,82,0
AR,CA,fauna,2007,108,0
AR,CA,fauna,2008,61,0
AR,CA,fauna,2009,12,0
AR,CA,fauna,2010,31,0
AR,CA,fauna,2011,6,0
AR,CA,fauna,2012,9,0
AR,CA,fauna,2013,11,0
AR,CA,fauna,2015,15,0
AR,CA,fauna,2016,15,0
AR,CA,fauna,2017,23,0
AR,CA,fauna,2019,26,0
AR,CA,fauna,2020,8,0
AR,CA,fauna,2021,4,0
AR,CA,fauna,2022,1,0
AR,CA,fauna,2023,7,0
AR,CA,flora,2007,1,0
AR,CA,flora,2009,1,0
AR,CG,fauna,1987,1,0
AR,CH,fauna,1976,5,0
AR,CH,fauna,1977,2,0
AR,CH,fauna,1978,3,0
AR,CH,fauna,1979,3,0
AR,CH,fauna,1980,8,0
AR,CH,fauna,1981,17,0
AR,CH,fauna,1982,66,0
AR,CH,fauna,1983,32,0
AR,CH,fauna,1984,23,0
AR,CH,fauna,1985,16,0
AR,CH,fauna,1986,63,0
AR,CH,fauna,1987,48,0
AR,CH,fauna,1988,73,0
AR,CH,fauna,1989,35,0
AR,CH,fauna,1990,35,0
AR,CH,fauna,1991,43,0
AR,CH,fauna,1992,25,0
AR,CH,fauna,1993,28,0
AR,CH,fauna,1994,33,0
AR,CH,fauna,1995,23,0
AR,CH,fauna,1996,14,0
AR,CH,fauna,1997,7,0
AR,CH,fauna,1998,24,0
AR,CH,fauna,1999,11,0
AR,CH,fauna,2000,31,0
AR,CH,fauna,2001,17,1
AR,CH,fauna,2002,18,0
AR,CH,fauna,2003,28,0
AR,CH,fauna,2004,30,0
AR,CH,fauna,2005,31,0
AR,CH,fauna,2006,25,0
AR,CH,fauna,2007,8,0
AR,CH,fauna,2008,53,0
AR,CH,fauna,2009,33,0
AR,CH,fauna,2010,51,0
AR,CH,fauna,2011,17,0
AR,CH,fauna,2012,35,0
AR,CH,fauna,2013,34,0
AR,CH,fauna,2014,2,0
AR,CH,fauna,2015,2,0
AR,CH,fauna,2016,6,0
AR,CH,fauna,2017,18,0
AR,CH,fauna,2019,14,0
AR,CH,fauna,2020,5,0
AR,CH,fauna,2021,3,0
AR,CH,fauna,2023,3,0
AR,CH,flora,1985,1,0
AR,CH,flora,1986,8,0
AR,CH,flora,1999,1,0
AR,CH,flora,2006,3,0
AR,CH,flora,2007,2,0
AR,CH,flora,2008,1,0
AR,CL,fauna,1981,16,0
AR,CL,fauna,1982,13,0
AR,CL,fauna,1983,8,0
AR,CL,fauna,1984,4,0
AR,CL,fauna,1985,8,0
AR,CL,fauna,1986,13,0
AR,CL,fauna,1987,7,0
AR,CL,fauna,1988,11,0
AR,CL,fauna,1989,20,0
AR,CL,fauna,1990,28,0
AR,CL,fauna,1991,63,0
AR,CL,fauna,1992,53,0
AR,CL,fauna,1993,43,0
AR,CL,fauna,1994,19,0
AR,CL,fauna,1995,11,0
AR,CL,fauna,1996,4,0
AR,CL,fauna,1997,7,0
AR,CL,fauna,1998,5,0
AR,CL,fauna,1999,8,0
AR,CL,fauna,2000,7,0
AR,CL,fauna,2001,17,0
AR,CL,fauna,2002,58,0
AR,CL,fauna,2003,60,0
AR,CL,fauna,2004,28,0
AR,CL,fauna,2005,62,0
AR,CL,fauna,2006,53,0
AR,CL,fauna,2007,9,0
AR,CL,fauna,2008,40,0
AR,CL,fauna,2009,57,0
AR,CL,fauna,2010,15,0
AR,CL,fauna,2011,13,0
AR,CL,fauna,2012,7,0
AR,CL,fauna,2013,34,0
AR,CL,fauna,2014,9,0
AR,CL,fauna,2015,18,0
AR,CL,fauna,2016,15,0
AR,CL,fauna,2017,22,0
AR,CL,fauna,2018,2,0
AR,CL,fauna,2019,3,0
AR,CL,fauna,2021,1,0
AR,CL,fauna,2023,2,0
AR,CL,flora,1986,7,0
AR,CL,flora,1997,2,0
AR,CL,flora,2000,10,0
AR,CL,flora,2001,13,0
AR,CL,flora,2002,4,0
AR,CL,flora,2006,21,0
AR,CL,flora,2007,3,0
AR,CL,flora,2009,3,0
AR,CM,fauna,2009,1,0
AR,CN,fauna,1982,8,0
AR,CN,fauna,1983,8,0
AR,CN,fauna,1984,4,0
AR,CN,fauna,1985,6,0
AR,CN,fauna,1986,1,0
AR,CN,fauna,1999,3,0
AR,CN,fauna,2000,14,0
AR,CN,fauna,2001,10,3
AR,CN,fauna,2002,2,0
AR,CN,fauna,2003,16,0
AR,CN,fauna,2004,20,0
AR,CN,fauna,2005,13,0
AR,CN,fauna,2006,9,0
AR,CN,fauna,2007,17,0
AR,CN,fauna,2008,86,0
AR,CN,fauna,2009,38,0
AR,CN,fauna,2010,45,0
AR,CN,fauna,2011,39,0
AR,CN,fauna,2012,46,0
AR,CN,fauna,2013,47,0
AR,CN,fauna,2014,1,0
AR,CN,fauna,2015,28,0
AR,CN,fauna,2016,24,0
AR,CN,fauna,2017,9,0
AR,CN,fauna,2018,6,0
AR,CN,fauna,2019,9,0
AR,CN,fauna,2020,4,0
AR,CN,fauna,2021,8,0
AR,CN,fauna,2022,1,0
AR,CN,fauna,2024,1,0
AR,CN,flora,2008,414,0
AR,CN,flora,2009,250,0
AR,CN,flora,2010,469,0
AR,CN,flora,2011,866,0
AR,CN,flora,2012,792,0
AR,CN,flora,2013,435,0
AR,CN,flora,2014,132,0
AR,CN,flora,2015,164,0
AR,CN,flora,2016,139,1
AR,CN,flora,2017,110,0
AR,CN,flora,2018,30,0
AR,CN,flora,2019,111,0
AR,CN,flora,2020,157,0
AR,CN,flora,2021,154,0
AR,CN,flora,2022,153,0
AR,CN,flora,2023,152,0
AR,CN,flora,2024,169,0
AR,CO,fauna,1981,1,0
AR,CO,fauna,1982,1,0
AR,CO,fauna,1985,1,0
AR,CO,fauna,1993,3,0
AR,CO,fauna,1994,3,0
AR,CO,fauna,1995,1,0
AR,CO,fauna,1998,2,0
AR,CO,fauna,2000,1,0
AR,CO,fauna,2001,1,0
AR,CO,fauna,2002,1,0
AR,CO,fauna,2004,1,0
AR,CO,fauna,2007,3,0
AR,CO,fauna,2008,3,0
AR,CO,fauna,2010,7,0
AR,CO,fauna,2011,4,0
AR,CO,fauna,2012,2,0
AR,CO,fauna,2013,2,0
AR,CO,fauna,2016,1,0
AR,CO,fauna,2019,1,0
AR,CO,fauna,2020,1,0
AR,CO,flora,2022,3,0
AR,CR,fauna,1990,1,0
AR,CR,fauna,1998,1,0
AR,CR,fauna,2000,1,0
AR,CR,fauna,2006,2,0
AR,CR,fauna,2010,13,0
AR,CR,fauna,2011,1,0
AR,CR,fauna,2012,1,0
AR,CU,fauna,1988,7,0
AR,CU,fauna,1989,4,0
AR,CU,fauna,1991,2,0
AR,CU,fauna,1995,1,0
AR,CU,fauna,1999,2,0
AR,CU,fauna,2001,6,0
AR,CY,fauna,1984,1,0
AR,CZ,fauna,1993,1,0
AR,CZ,fauna,1994,1,0
AR,CZ,fauna,1996,5,0
AR,CZ,fauna,1997,1,0
AR,CZ,fauna,1998,3,0
AR,CZ,fauna,1999,9,0
AR,CZ,fauna,2000,2,0
AR,CZ,fauna,2001,16,0
AR,CZ,fauna,2002,5,0
AR,CZ,fauna,2003,23,0
AR,CZ,fauna,2004,13,0
AR,CZ,fauna,2005,12,0
AR,CZ,fauna,2006,3,0
AR,CZ,fauna,2007,14,0
AR,CZ,fauna,2008,17,0
AR,CZ,fauna,2009,8,2
AR,CZ,fauna,2010,6,0
AR,CZ,fauna,2011,2,0
AR,CZ,fauna,2012,3,0
AR,CZ,fauna,2013,5,0
AR,CZ,fauna,2014,4,0
AR,CZ,fauna,2015,14,0
AR,CZ,fauna,2016,4,0
AR,CZ,fauna,2017,4,0
AR,CZ,fauna,2018,3,0
AR,CZ,fauna,2019,3,0
AR,CZ,fauna,2020,3,0
AR,CZ,fauna,2021,9,0
AR,CZ,fauna,2022,6,0
AR,CZ,fauna,2023,24,0
AR,CZ,fauna,2024,9,0
AR,DE,fauna,1977,4,0
AR,DE,fauna,1978,22,0
AR,DE,fauna,1979,22,0
AR,DE,fauna,1980,14,0
AR,DE,fauna,1981,414,0
AR,DE,fauna,1982,406,1
AR,DE,fauna,1983,344,0
AR,DE,fauna,1984,296,0
AR,DE,fauna,1985,490,0
AR,DE,fauna,1986,853,0
AR,DE,fauna,1987,790,0
AR,DE,fauna,1988,880,0
AR,DE,fauna,1989,476,0
AR,DE,fauna,1990,274,0
AR,DE,fauna,1991,250,0
AR,DE,fauna,1992,216,0
AR,DE,fauna,1993,164,0
AR,DE,fauna,1994,120,0
AR,DE,fauna,1995,77,0
AR,DE,fauna,1996,161,0
AR,DE,fauna,1997,95,0
AR,DE,fauna,1998,127,0
AR,DE,fauna,1999,138,0
AR,DE,fauna,2000,167,0
AR,DE,fauna,2001,191,0
AR,DE,fauna,2002,198,0
AR,DE,fauna,2003,268,0
AR,DE,fauna,2004,184,0
AR,DE,fauna,2005,207,0
AR,DE,fauna,2006,232,0
AR,DE,fauna,2007,273,0
AR,DE,fauna,2008,166,0
AR,DE,fauna,2009,58,0
AR,DE,fauna,2010,68,0
AR,DE,fauna,2011,80,0
AR,DE,fauna,2012,80,0
AR,DE,fauna,2013,84,0
AR,DE,fauna,2014,56,0
AR,DE,fauna,2015,74,0
AR,DE,fauna,2016,72,1
AR,DE,fauna,2017,64,0
AR,DE,fauna,2018,21,0
AR,DE,fauna,2019,56,0
AR,DE,fauna,2020,33,0
AR,DE,fauna,2021,9,0
AR,DE,fauna,2022,24,0
AR,DE,fauna,2023,38,0
AR,DE,fauna,2024,5,0
AR,DE,flora,1986,19,0
AR,DE,flora,1988,46,0
AR,DE,flora,1989,2,0
AR,DE,flora,1992,2,0
AR,DE,flora,1994,1,0
AR,DE,flora,1995,7,0
AR,DE,flora,2001,1,0
AR,DE,flora,2008,116,0
AR,DE,flora,2009,38,0
AR,DE,flora,2010,64,0
AR,DE,flora,2011,33,0
AR,DE,flora,2012,43,0
AR,DE,flora,2019,1,0
AR,DE,flora,2020,2,0
AR,DK,fauna,1979,1,0
AR,DK,fauna,1981,11,0
AR,DK,fauna,1982,3,0
AR,DK,fauna,1983,8,0
AR,DK,fauna,1984,27,0
AR,DK,fauna,1985,83,0
AR,DK,fauna,1986,27,0
AR,DK,fauna,1987,32,0
AR,DK,fauna,1988,27,0
AR,DK,fauna,1989,21,0
AR,DK,fauna,1990,2,0
AR,DK,fauna,1991,6,0
AR,DK,fauna,1992,1,0
AR,DK,fauna,1993,1,0
AR,DK,fauna,1994,5,0
AR,DK,fauna,1999,1,0
AR,DK,fauna,2001,3,0
AR,DK,fauna,2002,13,0
AR,DK,fauna,2003,6,0
AR,DK,fauna,2005,41,0
AR,DK,fauna,2006,59,0
AR,DK,fauna,2007,42,0
AR,DK,fauna,2008,33,0
AR,DK,fauna,2009,24,0
AR,DK,fauna,2010,19,0
AR,DK,fauna,2011,20,0
AR,DK,fauna,2012,16,0
AR,DK,fauna,2013,11,0
AR,DK,fauna,2014,5,0
AR,DK,fauna,2015,10,0
AR,DK,fauna,2016,8,0
AR,DK,fauna,2017,16,0
AR,DK,fauna,2018,13,0
AR,DK,fauna,2019,16,0
AR,DK,fauna,2020,7,0
AR,DK,fauna,2021,3,0
AR,DK,fauna,2023,7,0
AR,DK,fauna,2024,2,0
AR,DK,flora,1986,3,0
AR,DO,fauna,2002,2,0
AR,DO,fauna,2015,1,0
AR,DO,fauna,2017,2,0
AR,EC,fauna,1991,1,0
AR,EC,fauna,1997,5,0
AR,EC,fauna,1999,2,0
AR,EC,fauna,2002,2,0
AR,EC,fauna,2003,2,0
AR,EC,fauna,2004,1,0
AR,EC,fauna,2005,1,0
AR,EC,fauna,2008,3,0
AR,EC,fauna,2009,1,0
AR,EC,fauna,2010,3,0
AR,EC,fauna,2011,3,0
AR,EC,fauna,2012,1,0
AR,EC,fauna,2013,1,0
AR,EC,fauna,2015,1,0
AR,EC,fauna,2016,1,0
AR,EC,fauna,2017,8,0
AR,EC,fauna,2022,2,0
AR,EE,fauna,2003,1,0
AR,EE,fauna,2004,2,0
AR,EE,fauna,2005,6,0
AR,EE,fauna,2011,1,0
AR,EE,fauna,2017,2,0
AR,EG,fauna,1985,3,0
AR,EG,fauna,1991,6,0
AR,EG,fauna,1992,1,0
AR,ES,fauna,1981,56,0
AR,ES,fauna,1982,71,0
AR,ES,fauna,1983,66,0
AR,ES,fauna,1984,75,0
AR,ES,fauna,1985,143,0
AR,ES,fauna,1986,222,0
AR,ES,fauna,1987,318,0
AR,ES,fauna,1988,137,0
AR,ES,fauna,1989,438,0
AR,ES,fauna,1990,359,0
AR,ES,fauna,1991,375,1
AR,ES,fauna,1992,266,3
AR,ES,fauna,1993,111,0
AR,ES,fauna,1994,72,1
AR,ES,fauna,1995,123,1
AR,ES,fauna,1996,93,0
AR,ES,fauna,1997,114,0
AR,ES,fauna,1998,150,3
AR,ES,fauna,1999,166,2
AR,ES,fauna,2000,200,2
AR,ES,fauna,2001,191,0
AR,ES,fauna,2002,167,0
AR,ES,fauna,2003,321,2
AR,ES,fauna,2004,433,4
AR,ES,fauna,2005,620,2
AR,ES,fauna,2006,676,0
AR,ES,fauna,2007,429,0
AR,ES,fauna,2008,348,0
AR,ES,fauna,2009,167,6
AR,ES,fauna,2010,126,0
AR,ES,fauna,2011,116,0
AR,ES,fauna,2012,94,0
AR,ES,fauna,2013,57,0
AR,ES,fauna,2014,36,0
AR,ES,fauna,2015,85,0
AR,ES,fauna,2016,55,0
AR,ES,fauna,2017,52,0
AR,ES,fauna,2018,26,0
AR,ES,fauna,2019,71,0
AR,ES,fauna,2020,28,0
AR,ES,fauna,2021,10,0
AR,ES,fauna,2022,13,0
AR,ES,fauna,2023,16,0
AR,ES,flora,1998,8,0
AR,ES,flora,2002,4,0
AR,ES,flora,2003,10,0
AR,ES,flora,2004,7,0
AR,ES,flora,2005,1,0
AR,ES,flora,2007,8,0
AR,ES,flora,2008,1,0
AR,ES,flora,2023,3,0
AR,FI,fauna,1981,3,0
AR,FI,fauna,1982,2,0
AR,FI,fauna,1983,4,0
AR,FI,fauna,1987,1,0
AR,FI,fauna,1988,1,0
AR,FI,fauna,1989,1,0
AR,FI,fauna,1996,1,0
AR,FI,fauna,1999,1,0
AR,FI,fauna,2001,1,0
AR,FI,fauna,2005,5,0
AR,FI,fauna,2006,16,0
AR,FI,fauna,2007,10,0
AR,FI,fauna,2008,4,0
AR,FI,fauna,2009,2,0
AR,FI,fauna,2010,4,0
AR,FI,fauna,2011,7,0
AR,FI,fauna,2012,2,0
AR,FI,fauna,2013,1,0
AR,FI,fauna,2019,1,0
AR,FI,fauna,2020,1,0
AR,FI,fauna,2022,2,0
AR,FR,fauna,1981,30,0
AR,FR,fauna,1982,35,0
AR,FR,fauna,1983,58,0
AR,FR,fauna,1984,120,0
AR,FR,fauna,1985,214,0
AR,FR,fauna,1986,195,0
AR,FR,fauna,1987,140,0
AR,FR,fauna,1988,230,0
AR,FR,fauna,1989,157,0
AR,FR,fauna,1990,115,0
AR,FR,fauna,1991,95,0
AR,FR,fauna,1992,39,0
AR,FR,fauna,1993,20,0
AR,FR,fauna,1994,24,0
AR,FR,fauna,1995,10,0
AR,FR,fauna,1996,12,0
AR,FR,fauna,1997,13,0
AR,FR,fauna,1998,46,0
AR,FR,fauna,1999,28,0
AR,FR,fauna,2000,34,0
AR,FR,fauna,2001,33,0
AR,FR,fauna,2002,85,0
AR,FR,fauna,2003,56,0
AR,FR,fauna,2004,53,0
AR,FR,fauna,2005,197,0
AR,FR,fauna,2006,111,0
AR,FR,fauna,2007,65,0
AR,FR,fauna,2008,40,0
AR,FR,fauna,2009,47,0
AR,FR,fauna,2010,35,0
AR,FR,fauna,2011,35,0
AR,FR,fauna,2012,29,0
AR,FR,fauna,2013,25,0
AR,FR,fauna,2014,12,0
AR,FR,fauna,2015,21,0
AR,FR,fauna,2016,12,0
AR,FR,fauna,2017,122,0
AR,FR,fauna,2018,281,0
AR,FR,fauna,2019,13,0
AR,FR,fauna,2020,10,0
AR,FR,fauna,2021,4,0
AR,FR,fauna,2022,2,0
AR,FR,fauna,2023,3,0
AR,FR,flora,1986,7,0
AR,FR,flora,1998,1,0
AR,FR,flora,2003,1,0
AR,FR,flora,2004,1,0
AR,FR,flora,2006,22,0
AR,FR,flora,2009,5,0
AR,FR,flora,2017,13,0
AR,FR,flora,2018,43,0
AR,FR,flora,2019,2,0
AR,FR,flora,2023,1,0
AR,GA,fauna,2000,1,0
AR,GB,fauna,1976,3,0
AR,GB,fauna,1977,3,0
AR,GB,fauna,1978,5,0
AR,GB,fauna,1979,3,0
AR,GB,fauna,1980,6,0
AR,GB,fauna,1981,40,0
AR,GB,fauna,1982,9,0
AR,GB,fauna,1985,62,0
AR,GB,fauna,1986,100,0
AR,GB,fauna,1987,57,0
AR,GB,fauna,1988,193,0
AR,GB,fauna,1989,142,0
AR,GB,fauna,1990,95,0
AR,GB,fauna,1991,41,0
AR,GB,fauna,1992,27,0
AR,GB,fauna,1993,8,0
AR,GB,fauna,1994,34,1
AR,GB,fauna,1995,17,0
AR,GB,fauna,1996,7,0
AR,GB,fauna,1997,3,0
AR,GB,fauna,1998,14,1
AR,GB,fauna,1999,16,1
AR,GB,fauna,2000,16,0
AR,GB,fauna,2001,14,4
AR,GB,fauna,2002,23,4
AR,GB,fauna,2003,18,1
AR,GB,fauna,2004,22,1
AR,GB,fauna,2005,33,0
AR,GB,fauna,2006,58,0
AR,GB,fauna,2007,38,0
AR,GB,fauna,2008,41,0
AR,GB,fauna,2009,16,0
AR,GB,fauna,2010,12,2
AR,GB,fauna,2011,34,0
AR,GB,fauna,2012,10,0
AR,GB,fauna,2013,5,0
AR,GB,fauna,2014,4,0
AR,GB,fauna,2015,4,0
AR,GB,fauna,2016,5,0
AR,GB,fauna,2017,7,0
AR,GB,fauna,2018,1,0
AR,GB,fauna,2019,18,0
AR,GB,fauna,2020,11,0
AR,GB,fauna,2021,7,0
AR,GB,fauna,2022,6,0
AR,GB,flora,1977,7,0
AR,GB,flora,1978,8,0
AR,GB,flora,1979,7,0
AR,GB,flora,1986,7,0
AR,GB,flora,1993,2,0
AR,GB,flora,1995,1,0
AR,GB,flora,1999,2,0
AR,GB,flora,2000,1,0
AR,GB,flora,2004,5,4
AR,GB,flora,2006,1,0
AR,GB,flora,2007,6,1
AR,GB,flora,2008,4,0
AR,GB,flora,2009,4,0
AR,GB,flora,2010,2,0
AR,GB,flora,2014,4,0
AR,GB,flora,2019,3,0
AR,GR,fauna,1985,11,0
AR,GR,fauna,1986,6,0
AR,GR,fauna,1987,12,0
AR,GR,fauna,1988,10,0
AR,GR,fauna,1989,1,0
AR,GR,fauna,1991,1,0
AR,GR,fauna,1994,3,0
AR,GR,fauna,1995,2,0
AR,GR,fauna,1996,30,0
AR,GR,fauna,1997,10,0
AR,GR,fauna,1998,17,0
AR,GR,fauna,1999,7,0
AR,GR,fauna,2000,26,0
AR,GR,fauna,2001,7,0
AR,GR,fauna,2002,20,0
AR,GR,fauna,2003,9,0
AR,GR,fauna,2004,9,0
AR,GR,fauna,2005,11,0
AR,GR,fauna,2006,20,0
AR,GR,fauna,2007,7,0
AR,GR,fauna,2008,20,0
AR,GR,fauna,2009,7,0
AR,GR,fauna,2011,3,0
AR,GR,fauna,2012,8,0
AR,GR,fauna,2014,1,0
AR,GR,fauna,2015,2,0
AR,GR,fauna,2016,1,0
AR,GT,fauna,1991,2,0
AR,GT,fauna,2004,2,0
AR,GT,fauna,2006,2,0
AR,GT,fauna,2008,1,0
AR,GT,fauna,2023,1,0
AR,HK,fauna,1979,1,0
AR,HK,fauna,1981,23,0
AR,HK,fauna,1982,2,0
AR,HK,fauna,1985,13,0
AR,HK,fauna,1986,67,0
AR,HK,fauna,1987,32,0
AR,HK,fauna,1988,58,0
AR,HK,fauna,1989,50,0
AR,HK,fauna,1990,40,0
AR,HK,fauna,1991,54,0
AR,HK,fauna,1992,26,0
AR,HK,fauna,1993,20,0
AR,HK,fauna,1994,8,0
AR,HK,fauna,1995,67,0
AR,HK,fauna,1996,23,0
AR,HK,fauna,1997,3,0
AR,HK,fauna,1998,8,0
AR,HK,fauna,1999,4,0
AR,HK,fauna,2000,10,0
AR,HK,fauna,2001,8,0
AR,HK,fauna,2002,28,0
AR,HK,fauna,2003,41,0
AR,HK,fauna,2004,44,0
AR,HK,fauna,2005,41,0
AR,HK,fauna,2006,43,0
AR,HK,fauna,2007,90,0
AR,HK,fauna,2008,49,0
AR,HK,fauna,2009,8,0
AR,HK,fauna,2010,8,0
AR,HK,fauna,2011,9,0
AR,HK,fauna,2012,15,0
AR,HK,fauna,2013,8,0
AR,HK,fauna,2014,8,0
AR,HK,fauna,2015,6,0
AR,HK,fauna,2016,2,0
AR,HK,fauna,2017,9,0
AR,HK,fauna,2018,4,0
AR,HK,fauna,2019,11,0
AR,HK,fauna,2020,2,0
AR,HK,fauna,2021,4,0
AR,HN,fauna,2000,5,0
AR,HR,fauna,1997,2,0
AR,HR,fauna,2008,2,0
AR,HR,fauna,2011,1,0
AR,HR,fauna,2017,1,0
AR,HR,fauna,2019,1,0
AR,HT,fauna,1989,2,0
AR,HT,fauna,2003,1,0
AR,HT,fauna,2004,1,0
AR,HU,fauna,1983,1,0
AR,HU,fauna,1985,11,0
AR,HU,fauna,1986,34,0
AR,HU,fauna,1998,4,0
AR,HU,fauna,2002,3,0
AR,HU,fauna,2003,1,0
AR,HU,fauna,2004,2,0
AR,HU,fauna,2005,2,0
AR,HU,fauna,2006,4,0
AR,HU,fauna,2007,3,0
AR,HU,fauna,2008,5,0
AR,HU,fauna,2009,2,0
AR,HU,fauna,2010,4,0
AR,HU,fauna,2011,1,0
AR,HU,fauna,2013,2,0
AR,HU,fauna,2015,1,0
AR,HU,fauna,2017,4,0
AR,HU,fauna,2024,2,0
AR,ID,fauna,2013,1,0
AR,ID,fauna,2015,5,0
AR,ID,fauna,2019,6,0
AR,ID,fauna,2021,4,0
AR,ID,fauna,2023,5,0
AR,ID,flora,2010,1,0
AR,ID,flora,2012,1,0
AR,IE,fauna,1996,3,0
AR,IE,fauna,1997,2,0
AR,IL,fauna,1981,2,0
AR,IL,fauna,1983,3,0
AR,IL,fauna,1987,1,0
AR,IL,fauna,1997,1,0
AR,IL,fauna,1998,1,0
AR,IL,fauna,2000,1,0
AR,IL,fauna,2002,3,0
AR,IL,fauna,2003,3,0
AR,IL,fauna,2004,1,0
AR,IL,fauna,2005,7,0
AR,IL,fauna,2006,1,0
AR,IL,fauna,2010,1,0
AR,IL,fauna,2011,1,0
AR,IL,fauna,2013,2,0
AR,IN,fauna,1999,1,0
AR,IN,fauna,2007,1,0
AR,IN,fauna,2010,2,0
AR,IN,fauna,2011,2,0
AR,IN,fauna,2020,2,0
AR,IN,fauna,2023,4,0
AR,IN,flora,2009,2,0
AR,IS,fauna,2008,1,0
AR,IS,fauna,2009,3,0
AR,IS,fauna,2010,1,0
AR,IS,fauna,2012,4,0
AR,IS,fauna,2013,1,0
AR,IS,fauna,2015,2,0
AR,IS,fauna,2021,1,0
AR,IT,fauna,1980,11,0
AR,IT,fauna,1981,122,0
AR,IT,fauna,1982,89,0
AR,IT,fauna,1983,74,0
AR,IT,fauna,1984,57,4
AR,IT,fauna,1985,115,4
AR,IT,fauna,1986,151,1
AR,IT,fauna,1987,190,1
AR,IT,fauna,1988,258,1
AR,IT,fauna,1989,225,0
AR,IT,fauna,1990,206,0
AR,IT,fauna,1991,225,0
AR,IT,fauna,1992,124,0
AR,IT,fauna,1993,84,0
AR,IT,fauna,1994,28,0
AR,IT,fauna,1995,49,0
AR,IT,fauna,1996,93,0
AR,IT,fauna,1997,53,0
AR,IT,fauna,1998,60,0
AR,IT,fauna,1999,42,0
AR,IT,fauna,2000,107,0
AR,IT,fauna,2001,138,0
AR,IT,fauna,2002,270,0
AR,IT,fauna,2003,301,0
AR,IT,fauna,2004,359,0
AR,IT,fauna,2005,330,0
AR,IT,fauna,2006,328,0
AR,IT,fauna,2007,191,0
AR,IT,fauna,2008,109,0
AR,IT,fauna,2009,56,0
AR,IT,fauna,2010,59,0
AR,IT,fauna,2011,111,0
AR,IT,fauna,2012,118,0
AR,IT,fauna,2013,114,0
AR,IT,fauna,2014,56,0
AR,IT,fauna,2015,89,0
AR,IT,fauna,2016,92,0
AR,IT,fauna,2017,77,0
AR,IT,fauna,2018,33,0
AR,IT,fauna,2019,79,0
AR,IT,fauna,2020,26,0
AR,IT,fauna,2021,25,0
AR,IT,fauna,2022,35,0
AR,IT,fauna,2023,48,0
AR,IT,fauna,2024,14,0
AR,IT,flora,1986,9,0
AR,IT,flora,1994,1,0
AR,IT,flora,1999,13,0
AR,IT,flora,2001,8,0
AR,IT,flora,2002,4,0
AR,IT,flora,2003,8,0
AR,IT,flora,2004,4,0
AR,IT,flora,2005,6,0
AR,IT,flora,2006,7,0
AR,IT,flora,2008,8,0
AR,IT,flora,2009,2,0
AR,IT,flora,2018,1,0
AR,JM,fauna,1981,1,0
AR,JM,fauna,1989,1,0
AR,JO,fauna,1986,17,0
AR,JO,fauna,1987,3,0
AR,JO,fauna,1999,4,0
AR,JO,fauna,2001,8,0
AR,JO,fauna,2002,2,0
AR,JO,fauna,2003,3,0
AR,JO,fauna,2004,1,0
AR,JO,fauna,2005,4,0
AR,JO,fauna,2011,1,0
AR,JO,fauna,2022,1,1
AR,JO,fauna,2023,2,1
AR,JP,fauna,1981,45,0
AR,JP,fauna,1982,49,0
AR,JP,fauna,1983,76,0
AR,JP,fauna,1984,92,0
AR,JP,fauna,1985,81,0
AR,JP,fauna,1986,132,0
AR,JP,fauna,1987,109,0
AR,JP,fauna,1988,184,0
AR,JP,fauna,1989,177,0
AR,JP,fauna,1990,127,0
AR,JP,fauna,1991,157,0
AR,JP,fauna,1992,63,0
AR,JP,fauna,1993,45,0
AR,JP,fauna,1994,26,0
AR,JP,fauna,1995,35,0
AR,JP,fauna,1996,20,0
AR,JP,fauna,1997,14,0
AR,JP,fauna,1998,16,0
AR,JP,fauna,1999,17,0
AR,JP,fauna,2000,35,0
AR,JP,fauna,2001,37,0
AR,JP,fauna,2002,60,0
AR,JP,fauna,2003,53,0
AR,JP,fauna,2004,17,0
AR,JP,fauna,2005,77,0
AR,JP,fauna,2006,63,0
AR,JP,fauna,2007,44,0
AR,JP,fauna,2008,143,0
AR,JP,fauna,2009,180,0
AR,JP,fauna,2010,68,0
AR,JP,fauna,2011,8,0
AR,JP,fauna,2012,4,0
AR,JP,fauna,2013,14,0
AR,JP,fauna,2015,5,0
AR,JP,fauna,2016,2,0
AR,JP,fauna,2017,9,0
AR,JP,fauna,2018,4,0
AR,JP,fauna,2019,3,0
AR,JP,fauna,2020,8,0
AR,JP,fauna,2021,16,0
AR,JP,fauna,2022,27,0
AR,JP,fauna,2024,9,0
AR,JP,flora,1984,1,0
AR,JP,flora,2002,4,0
AR,JP,flora,2004,48,0
AR,JP,flora,2005,2,0
AR,JP,flora,2009,4,0
AR,JP,flora,2010,6,0
AR,JP,flora,2011,9,0
AR,JP,flora,2014,1,0
AR,JP,flora,2015,59,0
AR,JP,flora,2016,163,0
AR,KN,fauna,2002,1,0
AR,KP,fauna,1999,1,0
AR,KP,fauna,2003,2,0
AR,KP,fauna,2008,6,0
AR,KP,fauna,2010,7,0
AR,KP,fauna,2012,4,0
AR,KP,fauna,2013,3,0
AR,KP,fauna,2015,1,0
AR,KP,flora,2010,1,0
AR,KR,fauna,1982,1,0
AR,KR,fauna,1984,1,0
AR,KR,fauna,1985,2,0
AR,KR,fauna,1986,1,0
AR,KR,fauna,1987,1,0
AR,KR,fauna,1988,4,0
AR,KR,fauna,1990,1,0
AR,KR,fauna,1992,1,0
AR,KR,fauna,1993,4,0
AR,KR,fauna,1995,11,0
AR,KR,fauna,1996,3,0
AR,KR,fauna,1997,7,0
AR,KR,fauna,2000,14,0
AR,KR,fauna,2001,11,0
AR,KR,fauna,2002,24,0
AR,KR,fauna,2003,51,0
AR,KR,fauna,2004,2,0
AR,KR,fauna,2005,9,0
AR,KR,fauna,2006,7,0
AR,KR,fauna,2007,20,0
AR,KR,fauna,2008,3,0
AR,KR,fauna,2009,22,0
AR,KR,fauna,2010,8,0
AR,KR,fauna,2011,3,0
AR,KR,fauna,2012,15,0
AR,KR,fauna,2013,19,0
AR,KR,fauna,2014,1,0
AR,KR,fauna,2015,5,0
AR,KR,fauna,2016,9,0
AR,KR,fauna,2017,2,0
AR,KR,fauna,2018,63,0
AR,KR,fauna,2019,4,0
AR,KR,fauna,2020,2,0
AR,KR,flora,2017,1,0
AR,KR,flora,2019,1,0
AR,KR,flora,2021,2,0
AR,KR,flora,2024,1,0
AR,KW,fauna,1984,13,0
AR,KW,fauna,1985,18,0
AR,KW,fauna,1986,11,0
AR,KW,fauna,1987,1,0
AR,KW,fauna,2000,10,0
AR,KW,fauna,2004,5,0
AR,KW,fauna,2005,7,0
AR,KW,fauna,2011,2,0
AR,KW,fauna,2012,2,0
AR,KW,fauna,2013,5,0
AR,KW,fauna,2015,1,0
AR,KZ,fauna,2016,20,0
AR,LB,fauna,1983,1,0
AR,LB,fauna,1990,1,0
AR,LB,fauna,2006,1,0
AR,LB,fauna,2009,3,0
AR,LB,fauna,2017,1,0
AR,LT,fauna,1995,1,0
AR,LT,fauna,1997,2,0
AR,LT,fauna,1998,1,0
AR,LT,fauna,2004,3,0
AR,LT,fauna,2005,5,0
AR,LT,fauna,2006,3,0
AR,LT,fauna,2007,1,0
AR,LT,fauna,2010,2,0
AR,LT,fauna,2013,2,0
AR,LT,fauna,2015,1,0
AR,LT,fauna,2017,1,0
AR,LU,fauna,2007,4,0
AR,LU,fauna,2009,1,0
AR,LU,fauna,2018,2,0
AR,LU,fauna,2019,6,0
AR,LV,fauna,2003,2,0
AR,LV,fauna,2004,2,0
AR,LV,fauna,2005,3,0
AR,LV,fauna,2006,32,0
AR,LV,fauna,2010,4,0
AR,LV,fauna,2014,1,0
AR,LV,fauna,2015,3,0
AR,LV,fauna,2016,1,0
AR,MA,fauna,2021,1,0
AR,MC,fauna,1989,2,0
AR,MC,fauna,2007,2,0
AR,MC,fauna,2015,5,0
AR,MC,flora,1992,4,0
AR,ME,fauna,2022,1,0
AR,MG,fauna,2009,10,0
AR,MG,fauna,2010,17,0
AR,MG,fauna,2011,34,0
AR,MG,fauna,2012,7,0
AR,MN,fauna,2010,1,0
AR,MT,fauna,1983,1,0
AR,MT,fauna,1985,7,0
AR,MT,fauna,1987,1,0
AR,MU,fauna,2007,2,0
AR,MU,fauna,2022,1,0
AR,MX,fauna,1981,14,0
AR,MX,fauna,1982,17,0
AR,MX,fauna,1983,18,0
AR,MX,fauna,1984,14,0
AR,MX,fauna,1985,7,0
AR,MX,fauna,1986,2,0
AR,MX,fauna,1987,1,0
AR,MX,fauna,1988,12,0
AR,MX,fauna,1989,30,0
AR,MX,fauna,1990,14,0
AR,MX,fauna,1991,16,0
AR,MX,fauna,1992,35,0
AR,MX,fauna,1993,43,0
AR,MX,fauna,1994,10,0
AR,MX,fauna,1995,22,0
AR,MX,fauna,1996,23,0
AR,MX,fauna,1997,30,13
AR,MX,fauna,1998,29,0
AR,MX,fauna,1999,47,0
AR,MX,fauna,2000,35,0
AR,MX,fauna,2001,60,0
AR,MX,fauna,2002,71,0
AR,MX,fauna,2003,62,0
AR,MX,fauna,2004,67,0
AR,MX,fauna,2005,170,0
AR,MX,fauna,2006,216,0
AR,MX,fauna,2007,106,0
AR,MX,fauna,2008,118,0
AR,MX,fauna,2009,127,0
AR,MX,fauna,2010,98,0
AR,MX,fauna,2011,117,0
AR,MX,fauna,2012,94,0
AR,MX,fauna,2013,79,0
AR,MX,fauna,2014,39,0
AR,MX,fauna,2015,127,0
AR,MX,fauna,2016,96,0
AR,MX,fauna,2017,99,0
AR,MX,fauna,2018,40,0
AR,MX,fauna,2019,105,0
AR,MX,fauna,2020,43,0
AR,MX,fauna,2021,71,0
AR,MX,fauna,2022,83,0
AR,MX,fauna,2023,78,0
AR,MX,fauna,2024,48,0
AR,MX,flora,2006,1,0
AR,MX,flora,2010,1,0
AR,MX,flora,2011,1,0
AR,MY,fauna,1985,7,0
AR,MY,fauna,1987,2,0
AR,MY,fauna,1989,3,0
AR,MY,fauna,1997,14,0
AR,MY,fauna,2002,4,0
AR,MY,fauna,2003,20,0
AR,MY,fauna,2004,1,0
AR,MY,fauna,2005,1,0
AR,MY,fauna,2008,2,0
AR,MY,fauna,2009,2,0
AR,MY,fauna,2012,1,0
AR,MY,fauna,2015,4,0
AR,MY,fauna,2017,3,0
AR,MY,fauna,2019,4,0
AR,MY,fauna,2020,4,0
AR,NA,fauna,2008,1,0
AR,NA,fauna,2015,3,0
AR,NA,fauna,2016,1,0
AR,NG,fauna,1985,2,0
AR,NG,fauna,2005,4,0
AR,NG,fauna,2006,1,0
AR,NI,fauna,2005,1,0
AR,NI,fauna,2011,2,0
AR,NI,fauna,2017,1,0
AR,NL,fauna,1981,26,0
AR,NL,fauna,1982,31,0
AR,NL,fauna,1983,8,0
AR,NL,fauna,1984,7,0
AR,NL,fauna,1985,6,0
AR,NL,fauna,1987,23,4
AR,NL,fauna,1988,13,0
AR,NL,fauna,1989,5,1
AR,NL,fauna,1990,7,0
AR,NL,fauna,1991,2,0
AR,NL,fauna,1995,2,0
AR,NL,fauna,1998,4,0
AR,NL,fauna,1999,2,0
AR,NL,fauna,2000,3,0
AR,NL,fauna,2001,2,0
AR,NL,fauna,2002,2,0
AR,NL,fauna,2003,20,0
AR,NL,fauna,2004,22,0
AR,NL,fauna,2005,18,0
AR,NL,fauna,2006,27,0
AR,NL,fauna,2007,20,0
AR,NL,fauna,2008,3,0
AR,NL,fauna,2009,24,0
AR,NL,fauna,2010,3,0
AR,NL,fauna,2011,9,0
AR,NL,fauna,2012,1,0
AR,NL,fauna,2019,6,0
AR,NL,fauna,2020,8,0
AR,NL,fauna,2023,1,0
AR,NL,flora,1985,1,0
AR,NL,flora,1997,1,1
AR,NL,flora,1998,3,3
AR,NL,flora,2003,4,0
AR,NL,flora,2005,1,0
AR,NL,flora,2006,4,0
AR,NL,flora,2013,9,0
AR,NO,fauna,1994,3,0
AR,NO,fauna,2004,1,0
AR,NO,fauna,2005,5,0
AR,NO,fauna,2006,4,0
AR,NO,fauna,2007,2,0
AR,NO,fauna,2008,4,0
AR,NO,fauna,2009,2,0
AR,NO,fauna,2011,2,0
AR,NO,fauna,2012,5,0
AR,NO,fauna,2013,2,0
AR,NO,fauna,2015,6,0
AR,NO,fauna,2016,1,0
AR,NO,fauna,2017,1,0
AR,NO,fauna,2018,1,0
AR,NO,flora,1986,4,0
AR,NZ,fauna,1994,1,1
AR,NZ,fauna,1995,2,0
AR,NZ,fauna,1996,1,0
AR,NZ,fauna,1997,3,3
AR,NZ,fauna,1998,2,0
AR,NZ,fauna,1999,1,1
AR,NZ,fauna,2000,3,0
AR,NZ,fauna,2001,1,1
AR,NZ,fauna,2002,1,1
AR,NZ,fauna,2003,1,1
AR,NZ,fauna,2004,3,2
AR,NZ,fauna,2005,6,1
AR,NZ,fauna,2006,6,0
AR,NZ,fauna,2008,2,2
AR,NZ,fauna,2009,2,1
AR,NZ,fauna,2010,3,3
AR,NZ,fauna,2011,3,0
AR,NZ,fauna,2013,4,0
AR,NZ,fauna,2014,2,0
AR,NZ,fauna,2015,2,0
AR,NZ,fauna,2017,4,0
AR,NZ,fauna,2019,3,0
AR,NZ,fauna,2020,2,0
AR,NZ,fauna,2021,3,0
AR,NZ,fauna,2024,2,0
AR,NZ,flora,1990,4,0
AR,NZ,flora,1997,6,6
AR,NZ,flora,1998,2,2
AR,NZ,flora,1999,5,5
AR,NZ,flora,2000,8,8
AR,NZ,flora,2001,4,4
AR,NZ,flora,2002,7,7
AR,NZ,flora,2003,1,1
AR,PA,fauna,1982,4,0
AR,PA,fauna,1983,17,0
AR,PA,fauna,1984,6,0
AR,PA,fauna,1987,1,0
AR,PA,fauna,1989,5,0
AR,PA,fauna,1990,5,0
AR,PA,fauna,1993,18,0
AR,PA,fauna,1994,23,0
AR,PA,fauna,1995,16,0
AR,PA,fauna,1996,1,0
AR,PA,fauna,1998,2,0
AR,PA,fauna,1999,6,0
AR,PA,fauna,2000,2,0
AR,PA,fauna,2002,8,0
AR,PA,fauna,2003,3,0
AR,PA,fauna,2004,13,0
AR,PA,fauna,2005,18,0
AR,PA,fauna,2006,3,0
AR,PA,fauna,2008,19,0
AR,PA,fauna,2009,4,0
AR,PA,fauna,2010,2,0
AR,PA,fauna,2011,1,0
AR,PA,fauna,2015,1,0
AR,PA,fauna,2016,3,0
AR,PA,fauna,2017,1,0
AR,PA,fauna,2019,3,0
AR,PA,fauna,2025,3,0
AR,PA,flora,2012,1,0
AR,PE,fauna,1982,6,0
AR,PE,fauna,1983,1,0
AR,PE,fauna,1988,1,0
AR,PE,fauna,1995,1,0
AR,PE,fauna,1999,2,0
AR,PE,fauna,2000,2,0
AR,PE,fauna,2001,4,0
AR,PE,fauna,2002,5,0
AR,PE,fauna,2003,16,0
AR,PE,fauna,2004,7,0
AR,PE,fauna,2005,13,0
AR,PE,fauna,2006,3,0
AR,PE,fauna,2007,12,0
AR,PE,fauna,2008,16,0
AR,PE,fauna,2009,11,0
AR,PE,fauna,2010,1,0
AR,PE,fauna,2011,4,0
AR,PE,fauna,2012,21,0
AR,PE,fauna,2013,13,0
AR,PE,fauna,2014,7,0
AR,PE,fauna,2015,6,0
AR,PE,fauna,2016,5,0
AR,PE,fauna,2017,10,0
AR,PE,fauna,2019,4,0
AR,PE,fauna,2020,5,0
AR,PE,fauna,2021,2,0
AR,PE,flora,1999,11,0
AR,PE,flora,2021,1,0
AR,PH,fauna,2004,1,0
AR,PH,fauna,2012,3,0
AR,PK,fauna,2001,1,0
AR,PK,fauna,2002,10,0
AR,PK,fauna,2003,8,0
AR,PK,fauna,2004,5,0
AR,PK,fauna,2005,7,0
AR,PK,fauna,2007,4,0
AR,PK,fauna,2016,2,0
AR,PL,fauna,1985,9,0
AR,PL,fauna,1986,9,0
AR,PL,fauna,1987,2,0
AR,PL,fauna,1988,3,0
AR,PL,fauna,1991,1,0
AR,PL,fauna,1994,2,0
AR,PL,fauna,1996,4,0
AR,PL,fauna,2000,3,0
AR,PL,fauna,2001,2,0
AR,PL,fauna,2005,6,0
AR,PL,fauna,2006,6,0
AR,PL,fauna,2007,40,0
AR,PL,fauna,2008,38,0
AR,PL,fauna,2009,7,0
AR,PL,fauna,2010,3,0
AR,PL,fauna,2011,2,0
AR,PL,fauna,2012,1,0
AR,PL,fauna,2015,5,0
AR,PL,fauna,2016,4,0
AR,PL,fauna,2019,4,0
AR,PL,fauna,2020,1,0
AR,PL,fauna,2021,1,0
AR,PM,fauna,1985,1,0
AR,PN,fauna,1985,2,0
AR,PR,fauna,1982,1,0
AR,PR,fauna,1983,6,0
AR,PR,fauna,1984,2,0
AR,PR,fauna,1985,3,0
AR,PR,fauna,1986,13,0
AR,PR,fauna,1987,1,0
AR,PR,fauna,1988,3,0
AR,PR,fauna,1989,1,0
AR,PR,fauna,1990,3,0
AR,PR,fauna,2001,1,0
AR,PR,fauna,2002,1,0
AR,PR,fauna,2005,1,0
AR,PR,fauna,2006,9,0
AR,PR,fauna,2009,2,0
AR,PR,fauna,2013,1,0
AR,PR,fauna,2015,1,0
AR,PR,flora,2015,1,0
AR,PT,fauna,1981,4,0
AR,PT,fauna,1982,8,0
AR,PT,fauna,1983,3,0
AR,PT,fauna,1984,3,0
AR,PT,fauna,1985,11,0
AR,PT,fauna,1986,42,0
AR,PT,fauna,1987,127,0
AR,PT,fauna,1988,148,0
AR,PT,fauna,1989,77,0
AR,PT,fauna,1990,62,0
AR,PT,fauna,1991,77,0
AR,PT,fauna,1994,8,0
AR,PT,fauna,1995,1,0
AR,PT,fauna,1996,14,0
AR,PT,fauna,1997,7,1
AR,PT,fauna,1998,29,0
AR,PT,fauna,1999,26,0
AR,PT,fauna,2000,2,0
AR,PT,fauna,2001,41,0
AR,PT,fauna,2002,52,0
AR,PT,fauna,2003,87,0
AR,PT,fauna,2004,110,0
AR,PT,fauna,2005,74,0
AR,PT,fauna,2006,14,0
AR,PT,fauna,2008,11,1
AR,PT,fauna,2009,3,0
AR,PT,fauna,2010,4,0
AR,PT,fauna,2012,2,0
AR,PT,fauna,2016,4,0
AR,PT,fauna,2017,4,0
AR,PT,fauna,2019,2,0
AR,PT,fauna,2020,15,0
AR,PT,fauna,2021,17,0
AR,PT,fauna,2022,23,0
AR,PT,fauna,2023,26,0
AR,PT,fauna,2024,10,0
AR,PY,fauna,1982,3,0
AR,PY,fauna,1987,1,0
AR,PY,fauna,1991,1,0
AR,PY,fauna,1993,1,0
AR,PY,fauna,1994,5,0
AR,PY,fauna,1995,4,0
AR,PY,fauna,1996,9,0
AR,PY,fauna,2002,1,0
AR,PY,fauna,2003,1,0
AR,PY,fauna,2005,50,0
AR,PY,fauna,2009,1,0
AR,PY,fauna,2010,37,0
AR,PY,fauna,2015,22,0
AR,PY,fauna,2019,1,0
AR,PY,fauna,2021,1,0
AR,PY,flora,2010,1,0
AR,PY,flora,2015,3,0
AR,PY,flora,2020,1,0
AR,PY,flora,2021,1,0
AR,QA,fauna,1985,6,0
AR,QA,fauna,1986,3,0
AR,QA,fauna,2012,4,0
AR,QA,fauna,2014,2,0
AR,QA,fauna,2015,1,0
AR,QA,fauna,2023,1,0
AR,RO,fauna,2011,3,0
AR,RO,fauna,2015,1,0
AR,RO,fauna,2016,1,0
AR,RO,fauna,2019,1,0
AR,RO,fauna,2020,1,0
AR,RS,fauna,2006,4,0
AR,RS,fauna,2009,2,0
AR,RU,fauna,1993,3,0
AR,RU,fauna,1994,8,0
AR,RU,fauna,1995,6,0
AR,RU,fauna,1996,34,0
AR,RU,fauna,1997,80,0
AR,RU,fauna,1998,51,0
AR,RU,fauna,1999,22,0
AR,RU,fauna,2000,2,0
AR,RU,fauna,2001,7,0
AR,RU,fauna,2002,18,0
AR,RU,fauna,2003,2,0
AR,RU,fauna,2004,7,0
AR,RU,fauna,2005,16,0
AR,RU,fauna,2006,32,0
AR,RU,fauna,2007,29,0
AR,RU,fauna,2008,16,0
AR,RU,fauna,2009,7,0
AR,RU,fauna,2010,20,0
AR,RU,fauna,2011,26,0
AR,RU,fauna,2012,15,0
AR,RU,fauna,2013,10,0
AR,RU,fauna,2015,11,0
AR,RU,fauna,2016,12,0
AR,RU,fauna,2017,10,0
AR,RU,fauna,2019,8,0
AR,RU,fauna,2020,3,0
AR,RU,fauna,2021,1,0
AR,RU,flora,2008,1,0
AR,RU,flora,2009,1,0
AR,SA,fauna,1983,3,0
AR,SA,fauna,1984,28,0
AR,SA,fauna,1985,30,0
AR,SA,fauna,1986,1,0
AR,SA,fauna,1987,1,0
AR,SA,fauna,1988,3,0
AR,SA,fauna,1989,2,0
AR,SA,fauna,1990,5,0
AR,SA,fauna,1996,1,0
AR,SA,fauna,1997,4,0
AR,SA,fauna,2002,2,0
AR,SA,fauna,2007,6,0
AR,SA,fauna,2010,2,0
AR,SA,fauna,2022,8,0
AR,SA,fauna,2024,1,0
AR,SC,fauna,2006,1,0
AR,SC,fauna,2007,1,0
AR,SD,fauna,1984,3,0
AR,SE,fauna,1979,2,0
AR,SE,fauna,1981,5,0
AR,SE,fauna,1982,20,0
AR,SE,fauna,1983,17,0
AR,SE,fauna,1984,22,0
AR,SE,fauna,1985,18,0
AR,SE,fauna,1986,38,0
AR,SE,fauna,1987,7,0
AR,SE,fauna,1988,16,0
AR,SE,fauna,1989,31,0
AR,SE,fauna,1990,30,0
AR,SE,fauna,1991,9,0
AR,SE,fauna,1993,2,0
AR,SE,fauna,1994,1,0
AR,SE,fauna,1995,2,0
AR,SE,fauna,1996,15,0
AR,SE,fauna,1998,2,0
AR,SE,fauna,2003,3,0
AR,SE,fauna,2005,1,0
AR,SE,fauna,2006,2,0
AR,SE,fauna,2007,1,0
AR,SE,fauna,2008,4,0
AR,SE,fauna,2009,13,0
AR,SE,fauna,2010,8,0
AR,SE,fauna,2011,12,0
AR,SE,fauna,2012,10,0
AR,SE,fauna,2013,2,0
AR,SE,fauna,2015,31,0
AR,SE,fauna,2016,3,0
AR,SE,fauna,2017,4,0
AR,SE,fauna,2018,1,0
AR,SE,fauna,2019,15,0
AR,SE,fauna,2020,11,0
AR,SE,fauna,2021,9,0
AR,SE,fauna,2022,4,0
AR,SE,fauna,2023,1,0
AR,SG,fauna,1983,2,0
AR,SG,fauna,1984,2,0
AR,SG,fauna,1985,8,0
AR,SG,fauna,1986,9,0
AR,SG,fauna,1987,9,0
AR,SG,fauna,1988,50,0
AR,SG,fauna,1989,30,0
AR,SG,fauna,1991,1,0
AR,SG,fauna,1993,1,0
AR,SG,fauna,2000,3,0
AR,SG,fauna,2002,12,0
AR,SG,fauna,2004,1,0
AR,SG,fauna,2005,20,0
AR,SG,fauna,2006,12,0
AR,SG,fauna,2007,26,0
AR,SG,fauna,2008,9,0
AR,SG,fauna,2009,1,0
AR,SG,fauna,2010,7,0
AR,SG,fauna,2013,2,0
AR,SG,fauna,2016,1,0
AR,SG,fauna,2023,2,0
AR,SG,fauna,2024,1,0
AR,SG,flora,2008,1,0
AR,SG,flora,2009,1,0
AR,SG,flora,2011,1,0
AR,SG,flora,2012,1,0
AR,SI,fauna,2003,1,1
AR,SI,fauna,2005,4,0
AR,SI,fauna,2006,14,0
AR,SI,fauna,2008,2,0
AR,SI,fauna,2012,2,0
AR,SI,fauna,2015,1,0
AR,SI,fauna,2019,4,0
AR,SK,fauna,1995,1,0
AR,SK,fauna,2000,2,0
AR,SK,fauna,2007,5,0
AR,SK,fauna,2010,10,0
AR,SK,fauna,2011,3,0
AR,SK,fauna,2012,11,0
AR,SK,fauna,2013,7,0
AR,SK,fauna,2014,4,0
AR,SK,fauna,2015,1,0
AR,SK,fauna,2019,4,0
AR,SK,fauna,2020,1,0
AR,SK,fauna,2022,1,0
AR,SK,fauna,2023,1,0
AR,SM,fauna,1986,3,0
AR,SM,fauna,2007,11,0
AR,SM,fauna,2010,3,0
AR,SM,fauna,2012,1,0
AR,SU,fauna,1984,4,0
AR,SU,fauna,1985,8,0
AR,SU,fauna,1986,1,0
AR,SU,fauna,1987,1,0
AR,SU,fauna,1989,10,0
AR,SU,fauna,1990,3,0
AR,SV,fauna,2004,1,0
AR,SV,fauna,2005,2,0
AR,SV,fauna,2010,1,0
AR,SV,fauna,2011,6,0
AR,SV,fauna,2017,1,0
AR,SV,fauna,2019,3,0
AR,SV,fauna,2021,1,0
AR,SY,fauna,1993,1,0
AR,SY,flora,2009,1,0
AR,TG,fauna,2005,1,0
AR,TH,fauna,1995,1,0
AR,TH,fauna,1997,1,0
AR,TH,fauna,1999,12,0
AR,TH,fauna,2001,2,0
AR,TH,fauna,2002,7,0
AR,TH,fauna,2003,3,0
AR,TH,fauna,2004,5,0
AR,TH,fauna,2005,6,0
AR,TH,fauna,2006,18,0
AR,TH,fauna,2007,5,0
AR,TH,fauna,2008,3,0
AR,TH,fauna,2010,5,0
AR,TH,fauna,2011,2,0
AR,TH,fauna,2012,2,0
AR,TH,fauna,2013,8,0
AR,TH,fauna,2014,2,0
AR,TH,fauna,2015,10,0
AR,TH,fauna,2016,5,2
AR,TH,fauna,2017,3,0
AR,TH,fauna,2020,2,0
AR,TH,fauna,2021,4,0
AR,TH,fauna,2024,1,0
AR,TH,flora,2008,2,0
AR,TH,flora,2021,4,0
AR,TN,fauna,1995,1,0
AR,TR,fauna,1985,1,0
AR,TR,fauna,1996,4,0
AR,TR,fauna,1998,6,0
AR,TR,fauna,2001,1,0
AR,TR,fauna,2002,122,0
AR,TR,fauna,2003,98,0
AR,TR,fauna,2004,42,0
AR,TR,fauna,2005,83,0
AR,TR,fauna,2006,200,0
AR,TR,fauna,2007,448,0
AR,TR,fauna,2008,268,0
AR,TR,fauna,2009,43,0
AR,TR,fauna,2010,68,0
AR,TR,fauna,2011,93,0
AR,TR,fauna,2012,157,0
AR,TR,fauna,2013,129,0
AR,TR,fauna,2014,26,0
AR,TR,fauna,2015,13,0
AR,TR,fauna,2017,10,0
AR,TR,fauna,2018,3,0
AR,TR,fauna,2019,16,0
AR,TR,fauna,2020,4,0
AR,TR,fauna,2021,8,0
AR,TR,fauna,2023,3,0
AR,TR,flora,2025,1,0
AR,TW,fauna,1981,3,0
AR,TW,fauna,1984,7,0
AR,TW,fauna,1985,10,0
AR,TW,fauna,1986,39,0
AR,TW,fauna,1987,26,0
AR,TW,fauna,1988,35,0
AR,TW,fauna,1989,41,0
AR,TW,fauna,1990,28,0
AR,TW,fauna,1991,16,0
AR,TW,fauna,1992,19,0
AR,TW,fauna,1993,9,0
AR,TW,fauna,2004,18,0
AR,TW,fauna,2005,30,0
AR,TW,fauna,2006,3,0
AR,TW,fauna,2010,1,0
AR,TW,fauna,2012,2,0
AR,TW,fauna,2019,3,0
AR,TW,fauna,2021,2,0
AR,TW,flora,2008,1,0
AR,TW,flora,2010,3,0
AR,TW,flora,2020,1,0
AR,TW,flora,2021,2,0
AR,UA,fauna,1994,3,0
AR,UA,fauna,1996,4,0
AR,UA,fauna,1997,3,0
AR,UA,fauna,1998,2,0
AR,UA,fauna,2000,1,0
AR,UA,fauna,2001,1,0
AR,UA,fauna,2002,9,0
AR,UA,fauna,2003,5,0
AR,UA,fauna,2004,5,0
AR,UA,fauna,2005,15,0
AR,UA,fauna,2006,1,0
AR,UA,fauna,2007,15,0
AR,UA,fauna,2008,6,0
AR,UA,fauna,2010,5,0
AR,UA,fauna,2011,1,0
AR,UA,fauna,2015,1,0
AR,UA,fauna,2016,1,0
AR,UA,fauna,2017,1,0
AR,US,fauna,1977,11,0
AR,US,fauna,1978,19,0
AR,US,fauna,1979,34,0
AR,US,fauna,1980,55,0
AR,US,fauna,1981,415,0
AR,US,fauna,1982,574,8
AR,US,fauna,1983,1077,16
AR,US,fauna,1984,1083,18
AR,US,fauna,1985,1467,15
AR,US,fauna,1986,1356,5
AR,US,fauna,1987,1442,32
AR,US,fauna,1988,1880,21
AR,US,fauna,1989,1812,24
AR,US,fauna,1990,1426,41
AR,US,fauna,1991,1087,25
AR,US,fauna,1992,1058,11
AR,US,fauna,1993,1100,2
AR,US,fauna,1994,1111,7
AR,US,fauna,1995,620,6
AR,US,fauna,1996,351,4
AR,US,fauna,1997,315,4
AR,US,fauna,1998,330,5
AR,US,fauna,1999,347,1
AR,US,fauna,2000,407,13
AR,US,fauna,2001,326,3
AR,US,fauna,2002,590,5
AR,US,fauna,2003,563,9
AR,US,fauna,2004,675,5
AR,US,fauna,2005,1068,28
AR,US,fauna,2006,1188,7
AR,US,fauna,2007,1071,8
AR,US,fauna,2008,736,14
AR,US,fauna,2009,614,18
AR,US,fauna,2010,621,11
AR,US,fauna,2011,600,5
AR,US,fauna,2012,663,13
AR,US,fauna,2013,433,6
AR,US,fauna,2014,253,2
AR,US,fauna,2015,627,1
AR,US,fauna,2016,669,16
AR,US,fauna,2017,644,1
AR,US,fauna,2018,283,8
AR,US,fauna,2019,716,10
AR,US,fauna,2020,354,0
AR,US,fauna,2021,200,1
AR,US,fauna,2022,329,4
AR,US,fauna,2023,716,3
AR,US,fauna,2024,306,0
AR,US,flora,1983,28,0
AR,US,flora,1985,81,0
AR,US,flora,1986,74,3
AR,US,flora,1987,16,2
AR,US,flora,1988,32,3
AR,US,flora,1989,30,0
AR,US,flora,1990,26,2
AR,US,flora,1991,17,0
AR,US,flora,1992,11,3
AR,US,flora,1993,2,2
AR,US,flora,1994,1,1
AR,US,flora,1995,8,3
AR,US,flora,1996,12,0
AR,US,flora,1997,20,0
AR,US,flora,2000,2,0
AR,US,flora,2001,35,0
AR,US,flora,2002,1,0
AR,US,flora,2003,4,0
AR,US,flora,2004,2,1
AR,US,flora,2006,3,1
AR,US,flora,2007,1,0
AR,US,flora,2008,5,0
AR,US,flora,2009,5,0
AR,US,flora,2010,3,0
AR,US,flora,2012,104,0
AR,US,flora,2013,184,0
AR,US,flora,2014,17,0
AR,US,flora,2016,59,0
AR,US,flora,2019,64,0
AR,US,flora,2022,1,0
AR,US,flora,2023,2,0
AR,UY,fauna,1978,1,0
AR,UY,fauna,1979,1,0
AR,UY,fauna,1981,9,0
AR,UY,fauna,1982,2,0
AR,UY,fauna,1983,11,0
AR,UY,fauna,1984,12,0
AR,UY,fauna,1985,3,0
AR,UY,fauna,1986,6,0
AR,UY,fauna,1987,5,0
AR,UY,fauna,1988,11,0
AR,UY,fauna,1989,5,0
AR,UY,fauna,1990,5,0
AR,UY,fauna,1991,11,0
AR,UY,fauna,1992,14,0
AR,UY,fauna,1993,16,0
AR,UY,fauna,1994,5,0
AR,UY,fauna,1995,11,0
AR,UY,fauna,1996,2,0
AR,UY,fauna,1997,4,0
AR,UY,fauna,1998,19,0
AR,UY,fauna,1999,4,0
AR,UY,fauna,2000,4,0
AR,UY,fauna,2001,7,0
AR,UY,fauna,2002,9,0
AR,UY,fauna,2003,17,0
AR,UY,fauna,2004,27,0
AR,UY,fauna,2005,22,0
AR,UY,fauna,2006,30,0
AR,UY,fauna,2007,6,0
AR,UY,fauna,2008,29,0
AR,UY,fauna,2009,83,0
AR,UY,fauna,2010,13,0
AR,UY,fauna,2011,5,0
AR,UY,fauna,2012,3,0
AR,UY,fauna,2013,18,0
AR,UY,fauna,2014,1,0
AR,UY,fauna,2016,1,0
AR,UY,fauna,2017,2,0
AR,UY,fauna,2018,2,0
AR,UY,fauna,2019,6,0
AR,UY,fauna,2021,1,0
AR,UY,fauna,2024,4,2
AR,UY,flora,2001,17,0
AR,UY,flora,2002,2,0
AR,UY,flora,2008,9,0
AR,UY,flora,2009,2,0
AR,UY,flora,2010,3,0
AR,UY,flora,2015,1,0
AR,UZ,fauna,1998,1,0
AR,VE,fauna,1981,14,0
AR,VE,fauna,1982,22,0
AR,VE,fauna,1983,11,0
AR,VE,fauna,1984,5,0
AR,VE,fauna,1985,6,0
AR,VE,fauna,1986,4,0
AR,VE,fauna,1987,5,0
AR,VE,fauna,1988,3,0
AR,VE,fauna,1989,2,0
AR,VE,fauna,1990,10,0
AR,VE,fauna,1991,5,0
AR,VE,fauna,1992,13,0
AR,VE,fauna,1993,5,0
AR,VE,fauna,1998,2,0
AR,VE,fauna,1999,2,0
AR,VE,fauna,2000,2,0
AR,VE,fauna,2001,2,0
AR,VE,fauna,2002,1,0
AR,VE,fauna,2006,1,0
AR,VE,fauna,2008,1,0
AR,VE,flora,2011,6,0
AR,VN,fauna,2011,2,0
AR,VN,fauna,2018,1,0
AR,VN,fauna,2019,4,0
AR,VN,fauna,2022,3,0
AR,VN,flora,2009,2,0
AR,VN,flora,2010,4,0
AR,VN,flora,2011,8,0
AR,VN,flora,2012,2,0
AR,VN,flora,2013,3,0
AR,VN,flora,2014,2,0
AR,VN,flora,2019,2,0
AR,VN,flora,2024,1,0
AR,XX,fauna,1984,4,0
AR,XX,fauna,1985,4,0
AR,XX,fauna,1986,3,0
AR,XX,fauna,1987,2,0
AR,XX,fauna,1989,7,0
AR,XX,fauna,1990,1,0
AR,XX,fauna,1998,1,0
AR,XX,fauna,2009,4,0
AR,XX,fauna,2013,12,0
AR,XX,fauna,2016,1,0
AR,YU,fauna,1988,7,0
AR,YU,fauna,1989,11,0
AR,YU,fauna,1990,16,0
AR,ZA,fauna,1981,2,0
AR,ZA,fauna,1983,3,0
AR,ZA,fauna,1984,3,0
AR,ZA,fauna,1985,12,0
AR,ZA,fauna,1986,78,0
AR,ZA,fauna,1987,108,0
AR,ZA,fauna,1988,102,0
AR,ZA,fauna,1989,85,0
AR,ZA,fauna,1990,24,0
AR,ZA,fauna,1991,2,0
AR,ZA,fauna,1992,1,0
AR,ZA,fauna,1994,6,0
AR,ZA,fauna,1996,8,0
AR,ZA,fauna,1997,4,0
AR,ZA,fauna,1998,7,0
AR,ZA,fauna,1999,1,0
AR,ZA,fauna,2000,5,0
AR,ZA,fauna,2001,2,0
AR,ZA,fauna,2002,8,0
AR,ZA,fauna,2003,9,0
AR,ZA,fauna,2004,21,0
AR,ZA,fauna,2005,9,0
AR,ZA,fauna,2006,12,0
AR,ZA,fauna,2007,2,0
AR,ZA,fauna,2008,3,0
AR,ZA,fauna,2009,21,0
AR,ZA,fauna,2010,7,0
AR,ZA,fauna,2011,10,0
AR,ZA,fauna,2012,3,0
AR,ZA,fauna,2014,2,0
AR,ZA,fauna,2015,5,0
AR,ZA,fauna,2016,3,0
AR,ZA,fauna,2017,11,0
AR,ZA,fauna,2019,13,0
AR,ZA,fauna,2020,3,0
AR,ZA,fauna,2021,4,0
AR,ZA,fauna,2022,1,0
AR,ZA,fauna,2023,3,0
AR,ZA,fauna,2024,1,1
AR,ZC,fauna,1982,3,0
AR,ZC,fauna,1990,4,0
AR,ZC,fauna,1991,5,0
AR,ZM,fauna,1997,1,0
AR,ZW,fauna,2001,1,0
AT,AG,fauna,2018,3,0
AT,AR,fauna,1985,2,0
AT,AR,fauna,1990,3,0
AT,AR,fauna,2000,1,0
AT,AR,fauna,2003,4,0
AT,AR,fauna,2004,24,0
AT,AR,fauna,2005,23,0
AT,AR,fauna,2006,11,0
AT,AR,fauna,2007,11,0
AT,AR,fauna,2008,23,0
AT,AR,fauna,2009,26,0
AT,AR,fauna,2010,30,0
AT,AR,fauna,2011,26,0
AT,AR,fauna,2012,6,0
AT,AR,fauna,2013,8,0
AT,AR,fauna,2014,2,0
AT,AR,flora,2021,10,0
AT,AR,flora,2022,2,0
AT,BR,fauna,1990,4,0
AT,BR,fauna,1991,3,0
AT,BR,fauna,1992,2,0
AT,BR,fauna,1993,18,0
AT,BR,fauna,1994,28,0
AT,BR,fauna,1995,5,0
AT,BR,fauna,1997,7,0
AT,BR,fauna,1999,4,0
AT,BR,fauna,2000,4,0
AT,BR,fauna,2001,14,0
AT,BR,fauna,2002,6,0
AT,BR,fauna,2003,21,0
AT,BR,fauna,2004,32,0
AT,BR,fauna,2005,52,0
AT,BR,fauna,2006,67,0
AT,BR,fauna,2007,61,0
AT,BR,fauna,2008,48,0
AT,BR,fauna,2009,46,0
AT,BR,fauna,2010,44,0
AT,BR,fauna,2011,23,0
AT,BR,fauna,2012,40,0
AT,BR,fauna,2013,37,0
AT,BR,fauna,2014,46,0
AT,BR,fauna,2015,39,0
AT,BR,fauna,2016,78,0
AT,BR,fauna,2017,83,0
AT,BR,fauna,2018,46,0
AT,BR,fauna,2019,42,0
AT,BR,fauna,2020,26,0
AT,BR,fauna,2021,16,0
AT,BR,fauna,2022,34,0
AT,BR,fauna,2023,7,0
AT,BR,fauna,2024,27,0
AT,BS,fauna,1985,4,0
AT,BS,fauna,1986,4,0
AT,BS,fauna,1999,7,0
AT,BS,fauna,2000,2,0
AT,BS,fauna,2001,2,0
AT,BS,fauna,2002,2,0
AT,BS,fauna,2004,4,0
AT,BS,fauna,2011,2,0
AT,BZ,fauna,2009,2,0
AT,CL,fauna,1983,1,0
AT,CL,fauna,1984,3,0
AT,CL,fauna,1985,3,0
AT,CL,fauna,1986,3,0
AT,CL,fauna,1987,2,0
AT,CL,fauna,1988,3,0
AT,CL,fauna,1989,1,0
AT,CL,fauna,1990,4,0
AT,CL,fauna,1995,4,0
AT,CL,fauna,1999,1,0
AT,CL,fauna,2000,1,0
AT,CL,fauna,2003,3,0
AT,CL,fauna,2004,1,0
AT,CL,fauna,2006,2,0
AT,CL,fauna,2010,6,0
AT,CL,fauna,2012,5,0
AT,CL,fauna,2013,4,0
AT,CL,fauna,2015,2,0
AT,CO,fauna,1985,3,0
AT,CO,fauna,1986,3,0
AT,CO,fauna,1987,2,0
AT,CO,fauna,1988,3,0
AT,CO,fauna,1990,2,0
AT,CO,fauna,1995,13,0
AT,CO,fauna,1999,15,0
AT,CO,fauna,2000,6,0
AT,CO,fauna,2001,6,0
AT,CO,fauna,2002,6,0
AT,CO,fauna,2003,7,0
AT,CO,fauna,2004,4,0
AT,CO,fauna,2005,9,0
AT,CO,fauna,2006,12,0
AT,CO,fauna,2007,5,0
AT,CO,fauna,2008,6,0
AT,CO,fauna,2009,5,0
AT,CO,fauna,2010,8,0
AT,CO,fauna,2011,16,0
AT,CO,fauna,2012,10,0
AT,CO,fauna,2013,4,0
AT,CO,fauna,2014,8,0
AT,CO,fauna,2015,7,0
AT,CO,fauna,2016,4,0
AT,CO,fauna,2017,9,0
AT,CO,fauna,2018,6,0
AT,CO,fauna,2019,3,0
AT,CO,fauna,2020,1,0
AT,CO,fauna,2021,1,0
AT,CO,fauna,2022,1,0
AT,CR,fauna,1994,1,0
AT,CR,fauna,1996,12,0
AT,CR,fauna,1997,12,0
AT,CR,fauna,1998,9,0
AT,CR,fauna,1999,1,0
AT,CR,fauna,2008,1,0
AT,CR,fauna,2009,2,0
AT,CR,flora,1984,1,0
AT,DO,fauna,1987,1,0
AT,DO,fauna,1988,1,0
AT,DO,fauna,2007,2,0
AT,EC,fauna,2003,4,0
AT,EC,fauna,2005,1,0
AT,EC,fauna,2007,3,0
AT,EC,fauna,2008,1,0
AT,EC,fauna,2012,3,0
AT,EC,fauna,2017,3,0
AT,GT,fauna,2008,7,0
AT,GT,fauna,2009,4,0
AT,GT,fauna,2011,1,0
AT,GT,fauna,2013,3,0
AT,GT,fauna,2015,3,0
AT,GT,fauna,2016,1,0
AT,HT,fauna,1984,3,0
AT,HT,fauna,2004,4,0
AT,HT,fauna,2005,3,0
AT,HT,fauna,2006,3,0
AT,HT,fauna,2007,4,0
AT,HT,fauna,2008,3,0
AT,HT,fauna,2009,6,0
AT,HT,fauna,2010,4,0
AT,JM,fauna,2008,2,0
AT,MX,fauna,1988,2,0
AT,MX,fauna,1990,4,0
AT,MX,fauna,1991,10,0
AT,MX,fauna,1995,5,0
AT,MX,fauna,1996,2,0
AT,MX,fauna,1999,4,0
AT,MX,fauna,2000,11,0
AT,MX,fauna,2001,5,0
AT,MX,fauna,2002,10,0
AT,MX,fauna,2003,4,0
AT,MX,fauna,2004,25,0
AT,MX,fauna,2005,39,0
AT,MX,fauna,2006,36,0
AT,MX,fauna,2007,144,0
AT,MX,fauna,2008,238,0
AT,MX,fauna,2009,159,0
AT,MX,fauna,2010,173,0
AT,MX,fauna,2011,165,0
AT,MX,fauna,2012,198,0
AT,MX,fauna,2013,233,0
AT,MX,fauna,2014,240,0
AT,MX,fauna,2015,179,0
AT,MX,fauna,2016,386,0
AT,MX,fauna,2017,181,0
AT,MX,fauna,2018,119,0
AT,MX,fauna,2019,107,0
AT,MX,fauna,2020,44,0
AT,MX,fauna,2021,88,0
AT,MX,fauna,2022,211,0
AT,MX,fauna,2023,216,0
AT,MX,fauna,2024,159,0
AT,MX,flora,1995,6,0
AT,PA,fauna,1983,2,0
AT,PA,fauna,1985,3,0
AT,PA,fauna,1986,1,0
AT,PA,fauna,1999,3,0
AT,PA,fauna,2001,3,0
AT,PA,fauna,2005,3,0
AT,PA,fauna,2007,8,0
AT,PA,fauna,2008,8,0
AT,PA,fauna,2015,10,0
AT,PA,fauna,2017,1,0
AT,PA,fauna,2022,4,0
AT,PE,fauna,1985,3,0
AT,PE,fauna,1999,1,0
AT,PE,fauna,2006,1,0
AT,PE,fauna,2009,3,0
AT,PE,fauna,2011,1,0
AT,PE,fauna,2014,2,0
AT,PE,fauna,2015,3,0
AT,PE,fauna,2016,3,0
AT,PE,fauna,2017,1,0
AT,PE,fauna,2019,1,0
AT,PE,fauna,2024,3,0
AT,PY,fauna,1999,8,0
AT,UY,fauna,1984,1,0
AT,UY,fauna,2015,3,0
AT,UY,fauna,2020,1,0
AT,VE,fauna,1985,1,0
AT,VE,fauna,1986,1,0
AT,VE,fauna,1988,1,0
AT,VE,fauna,2005,6,0
AT,VE,fauna,2008,1,0
AT,VE,fauna,2009,1,0
AT,VE,fauna,2013,9,0
AT,VE,fauna,2015,8,0
AU,AR,fauna,2000,1,0
AU,AR,fauna,2004,1,0
AU,AR,fauna,2005,4,0
AU,AR,fauna,2007,2,0
AU,AR,fauna,2008,7,0
AU,AR,fauna,2010,1,0
AU,AR,fauna,2012,1,0
AU,AR,fauna,2016,104,0
AU,AR,fauna,2017,71,0
AU,AR,fauna,2018,49,0
AU,AR,fauna,2019,59,0
AU,AR,fauna,2022,43,0
AU,AR,flora,1987,3,0
AU,AR,flora,1988,2,0
AU,AR,flora,1995,1,0
AU,AR,flora,1996,8,0
AU,AR,flora,1997,5,0
AU,AR,flora,1999,14,0
AU,AR,flora,2004,1,0
AU,AR,flora,2012,3,0
AU,BB,flora,1991,15,0
AU,BO,fauna,2012,1,0
AU,BR,fauna,1983,1,0
AU,BR,fauna,1991,2,0
AU,BR,fauna,1992,30,0
AU,BR,fauna,1996,2,0
AU,BR,fauna,2000,1,0
AU,BR,fauna,2005,10,0
AU,BR,fauna,2006,4,0
AU,BR,fauna,2008,1,0
AU,BR,fauna,2009,1,0
AU,BR,fauna,2010,1,0
AU,BR,fauna,2011,15,0
AU,BR,fauna,2012,30,0
AU,BR,fauna,2013,17,0
AU,BR,fauna,2014,226,0
AU,BR,fauna,2015,260,0
AU,BR,fauna,2016,900,0
AU,BR,fauna,2017,916,0
AU,BR,fauna,2018,826,0
AU,BR,fauna,2019,259,0
AU,BR,fauna,2020,896,0
AU,BR,fauna,2021,305,0
AU,BR,fauna,2022,500,0
AU,BR,fauna,2024,217,0
AU,BR,flora,1985,51,0
AU,BR,flora,1986,131,0
AU,BR,flora,1987,106,0
AU,BR,flora,1988,11,0
AU,BR,flora,1989,133,0
AU,BR,flora,1992,13,0
AU,BR,flora,1996,5,0
AU,BR,flora,1997,1,0
AU,BR,flora,1998,20,0
AU,BR,flora,1999,29,0
AU,BR,flora,2000,70,0
AU,BR,flora,2004,1,0
AU,BR,flora,2007,1,0
AU,BS,fauna,1997,1,0
AU,BS,flora,2000,30,0
AU,BS,flora,2004,1,0
AU,CL,fauna,1988,1,0
AU,CL,fauna,1989,1,0
AU,CL,fauna,1998,1,0
AU,CL,fauna,2001,1,0
AU,CL,fauna,2005,3,0
AU,CL,fauna,2006,1,0
AU,CL,fauna,2009,1,0
AU,CL,fauna,2010,2,0
AU,CL,fauna,2011,3,0
AU,CL,fauna,2012,1,0
AU,CL,fauna,2013,2,0
AU,CL,fauna,2014,4,0
AU,CL,flora,1998,1,0
AU,CL,flora,2000,1,0
AU,CO,fauna,1985,5,0
AU,CO,fauna,1986,2,0
AU,CO,fauna,2000,1,0
AU,CO,fauna,2003,6,0
AU,CO,fauna,2004,4,0
AU,CO,fauna,2005,2,0
AU,CO,fauna,2006,2,0
AU,CO,fauna,2007,1,0
AU,CO,fauna,2008,1,0
AU,CO,fauna,2009,2,0
AU,CO,fauna,2010,10,0
AU,CO,fauna,2011,1,0
AU,CO,fauna,2012,1,0
AU,CO,fauna,2013,1,0
AU,CO,fauna,2015,2,0
AU,CO,flora,1998,8,0
AU,CO,flora,2001,19,0
AU,CR,fauna,1992,1,0
AU,CR,fauna,2001,1,0
AU,CR,fauna,2014,1,0
AU,CR,flora,1977,1,0
AU,CR,flora,1985,1,0
AU,CR,flora,1999,10,0
AU,CR,flora,2000,15,0
AU,CR,flora,2010,5,0
AU,CR,flora,2012,23,0
AU,DM,fauna,1980,1,0
AU,DM,fauna,1982,1,0
AU,DO,fauna,1985,2,0
AU,DO,fauna,1987,2,0
AU,DO,fauna,1990,1,0
AU,DO,flora,1992,23,0
AU,DO,flora,1994,3,0
AU,EC,fauna,2008,4,0
AU,EC,fauna,2012,2,0
AU,EC,flora,1988,67,0
AU,EC,flora,2001,2,0
AU,EC,flora,2007,10,0
AU,GT,fauna,2000,5,0
AU,GT,fauna,2013,1,0
AU,JM,fauna,2005,1,0
AU,JM,fauna,2019,1,0
AU,JM,flora,1987,3,0
AU,LC,flora,2001,1,0
AU,MX,fauna,1989,1,0
AU,MX,fauna,1992,1,0
AU,MX,fauna,1993,2,0
AU,MX,fauna,1995,7,0
AU,MX,fauna,1996,1,0
AU,MX,fauna,1997,2,0
AU,MX,fauna,2000,2,0
AU,MX,fauna,2001,5,0
AU,MX,fauna,2004,1,0
AU,MX,fauna,2006,28,0
AU,MX,fauna,2007,2,0
AU,MX,fauna,2008,1,0
AU,MX,fauna,2009,1,0
AU,MX,fauna,2010,219,0
AU,MX,fauna,2011,135,0
AU,MX,fauna,2012,128,0
AU,MX,fauna,2013,221,0
AU,MX,fauna,2014,151,0
AU,MX,fauna,2015,328,0
AU,MX,fauna,2016,638,0
AU,MX,fauna,2017,322,0
AU,MX,fauna,2018,48,0
AU,MX,fauna,2019,5,0
AU,MX,fauna,2020,242,0
AU,MX,fauna,2021,105,0
AU,MX,fauna,2022,159,0
AU,MX,flora,1982,4,0
AU,MX,flora,1996,21,0
AU,MX,flora,2001,30,0
AU,MX,flora,2004,1,0
AU,MX,flora,2006,7,0
AU,MX,flora,2009,2,0
AU,PA,fauna,2013,2,0
AU,PA,fauna,2014,3,0
AU,PA,fauna,2015,1,0
AU,PE,fauna,2014,11,0
AU,PE,fauna,2019,16,0
AU,PE,flora,1997,6,0
AU,PE,flora,2006,20,0
AU,PY,fauna,2016,2,0
AU,SV,flora,1991,16,0
AU,TT,fauna,2021,36,0
AU,TT,fauna,2022,31,0
AU,UY,fauna,1984,2,0
AU,UY,fauna,1997,1,0
AU,UY,fauna,2009,1,0
AU,UY,fauna,2013,1,0
AU,VE,fauna,1999,1,0
AU,VE,fauna,2005,1,0
AU,VE,fauna,2009,1,0
AU,VE,flora,1985,1,0
AW,BR,fauna,1997,1,0
AW,BR,fauna,2010,1,0
AW,CO,fauna,2015,1,0
AW,VE,fauna,2011,1,0
AW,VE,fauna,2012,1,0
AW,VE,fauna,2015,1,0
AZ,BR,fauna,2017,1,0
AZ,MX,fauna,2019,5,0
AZ,MX,fauna,2024,5,0
AZ,MX,fauna,2025,3,0
BB,AI,fauna,2001,2,0
BB,AN,fauna,2010,1,0
BB,AU,fauna,1996,1,0
BB,AU,fauna,2005,9,0
BB,AU,fauna,2009,1,0
BB,BE,fauna,1985,2,0
BB,BE,fauna,1986,2,0
BB,BE,fauna,1987,4,0
BB,BE,fauna,1988,6,0
BB,BE,fauna,1989,7,0
BB,BE,fauna,1990,9,0
BB,BE,fauna,1991,10,0
BB,BE,fauna,1992,11,0
BB,BE,fauna,1993,5,0
BB,BE,fauna,1994,6,0
BB,BE,fauna,1995,17,0
BB,BE,fauna,1996,35,0
BB,BE,fauna,1997,46,0
BB,BE,fauna,1998,31,0
BB,BE,fauna,1999,28,0
BB,BE,fauna,2000,42,0
BB,BE,fauna,2001,32,0
BB,BE,fauna,2002,25,0
BB,BE,fauna,2003,6,0
BB,BE,fauna,2004,3,0
BB,BE,fauna,2005,7,0
BB,BE,fauna,2006,6,0
BB,BE,fauna,2007,5,0
BB,BE,fauna,2008,5,0
BB,BE,fauna,2009,1,0
BB,BE,fauna,2010,1,0
BB,BS,fauna,2001,10,0
BB,BS,fauna,2003,8,0
BB,BS,fauna,2008,1,0
BB,BS,flora,1999,4,0
BB,BS,flora,2000,4,0
BB,BS,flora,2001,4,0
BB,BS,flora,2004,8,0
BB,CA,fauna,1982,1,0
BB,CA,fauna,1983,2,0
BB,CA,fauna,1984,1,0
BB,CA,fauna,1986,1,0
BB,CA,fauna,1991,1,0
BB,CA,fauna,1994,1,0
BB,CA,fauna,1995,8,0
BB,CA,fauna,1996,12,0
BB,CA,fauna,1997,3,0
BB,CA,fauna,1998,6,0
BB,CA,fauna,1999,2,0
BB,CA,fauna,2000,7,0
BB,CA,fauna,2001,13,0
BB,CA,fauna,2002,6,0
BB,CA,fauna,2003,8,0
BB,CA,fauna,2004,19,0
BB,CA,fauna,2005,13,0
BB,CA,fauna,2006,8,0
BB,CA,fauna,2007,18,0
BB,CA,fauna,2008,80,0
BB,CA,fauna,2009,27,0
BB,CA,fauna,2010,91,0
BB,CA,fauna,2011,70,0
BB,CA,fauna,2012,70,0
BB,CA,fauna,2013,63,0
BB,CA,fauna,2014,32,0
BB,CA,fauna,2015,37,0
BB,CA,fauna,2016,57,0
BB,CA,fauna,2017,43,0
BB,CA,fauna,2018,46,0
BB,CA,fauna,2019,27,0
BB,CA,flora,1999,1,0
BB,CA,flora,2003,1,0
BB,CA,flora,2017,1,0
BB,CH,fauna,1991,1,0
BB,CH,fauna,2003,1,0
BB,CH,fauna,2012,1,0
BB,CH,fauna,2015,1,0
BB,CH,fauna,2022,2,0
BB,CH,flora,2003,1,0
BB,CH,flora,2004,1,0
BB,CN,fauna,2024,1,0
BB,CU,fauna,1994,1,0
BB,CU,fauna,1995,3,0
BB,CZ,fauna,2004,1,0
BB,CZ,fauna,2011,2,0
BB,DE,fauna,1996,2,0
BB,DE,fauna,1997,1,0
BB,DE,fauna,1999,3,0
BB,DE,fauna,2000,5,0
BB,DE,fauna,2003,11,0
BB,DE,fauna,2006,1,0
BB,DE,fauna,2007,1,0
BB,DE,fauna,2008,4,0
BB,DE,fauna,2009,2,0
BB,DE,fauna,2010,4,0
BB,DK,fauna,1989,6,0
BB,DK,fauna,1999,1,0
BB,DK,fauna,2000,1,0
BB,DM,fauna,2007,1,0
BB,DM,fauna,2008,1,0
BB,DM,fauna,2023,2,0
BB,DM,fauna,2024,4,0
BB,ES,fauna,2002,1,0
BB,ES,fauna,2005,2,0
BB,ES,fauna,2010,2,0
BB,ES,fauna,2011,2,0
BB,FR,fauna,1986,3,0
BB,FR,fauna,1987,1,0
BB,FR,fauna,1988,1,0
BB,FR,fauna,1989,4,0
BB,FR,fauna,1991,2,0
BB,FR,fauna,1992,1,0
BB,FR,fauna,1993,1,0
BB,FR,fauna,1995,4,0
BB,FR,fauna,1996,7,0
BB,FR,fauna,1997,4,0
BB,FR,fauna,1998,8,0
BB,FR,fauna,1999,21,0
BB,FR,fauna,2000,3,0
BB,FR,fauna,2001,15,0
BB,FR,fauna,2002,8,0
BB,FR,fauna,2003,11,0
BB,FR,fauna,2004,26,0
BB,FR,fauna,2005,14,0
BB,FR,fauna,2006,1,0
BB,FR,fauna,2007,4,0
BB,FR,fauna,2008,7,0
BB,FR,fauna,2009,4,0
BB,FR,fauna,2010,4,0
BB,FR,fauna,2011,4,0
BB,FR,fauna,2012,1,0
BB,FR,fauna,2014,3,0
BB,FR,fauna,2015,8,0
BB,FR,fauna,2016,9,0
BB,FR,fauna,2017,4,0
BB,GB,fauna,1982,1,0
BB,GB,fauna,1983,1,1
BB,GB,fauna,1987,1,0
BB,GB,fauna,1992,1,0
BB,GB,fauna,1996,9,0
BB,GB,fauna,1997,8,8
BB,GB,fauna,1998,7,2
BB,GB,fauna,1999,7,4
BB,GB,fauna,2000,12,8
BB,GB,fauna,2001,18,5
BB,GB,fauna,2002,26,6
BB,GB,fauna,2003,48,1
BB,GB,fauna,2004,48,7
BB,GB,fauna,2005,30,0
BB,GB,fauna,2006,59,0
BB,GB,fauna,2007,74,3
BB,GB,fauna,2008,37,2
BB,GB,fauna,2009,9,0
BB,GB,fauna,2010,19,0
BB,GB,fauna,2011,5,0
BB,GB,fauna,2012,2,0
BB,GB,fauna,2014,2,0
BB,GB,fauna,2015,7,0
BB,GB,fauna,2016,5,0
BB,GB,fauna,2017,2,0
BB,GB,fauna,2018,2,0
BB,GB,fauna,2019,6,0
BB,GB,fauna,2020,2,0
BB,GB,fauna,2021,5,0
BB,GB,fauna,2024,2,0
BB,GB,flora,1976,5,0
BB,GB,flora,1981,3,0
BB,GB,flora,2017,2,0
BB,GD,fauna,2007,2,0
BB,GD,fauna,2008,1,0
BB,GD,fauna,2021,1,0
BB,GD,fauna,2022,1,0
BB,GM,fauna,1999,3,0
BB,GM,fauna,2001,11,0
BB,GM,fauna,2002,19,0
BB,GM,fauna,2004,12,0
BB,GM,fauna,2005,18,0
BB,GM,fauna,2006,9,0
BB,GM,fauna,2007,3,0
BB,GM,fauna,2008,9,0
BB,GM,fauna,2010,1,0
BB,GM,fauna,2011,1,0
BB,HK,fauna,1999,2,0
BB,HK,fauna,2000,4,0
BB,HK,fauna,2001,2,0
BB,HK,fauna,2002,8,0
BB,HK,fauna,2003,4,0
BB,HK,fauna,2004,2,0
BB,HK,fauna,2011,2,0
BB,HK,fauna,2013,2,0
BB,HK,fauna,2014,1,0
BB,HK,fauna,2017,6,0
BB,HK,fauna,2024,4,0
BB,ID,fauna,2007,1,0
BB,ID,fauna,2022,6,0
BB,ID,fauna,2023,5,0
BB,ID,fauna,2024,5,0
BB,IE,fauna,2013,2,0
BB,IL,fauna,1995,2,0
BB,IL,fauna,1996,1,0
BB,IL,fauna,2004,1,0
BB,IL,fauna,2005,1,0
BB,IL,fauna,2008,6,0
BB,IT,fauna,1984,1,0
BB,IT,fauna,1985,2,0
BB,IT,fauna,1986,3,0
BB,IT,fauna,1987,2,0
BB,IT,fauna,1988,3,0
BB,IT,fauna,1989,3,0
BB,IT,fauna,1998,2,0
BB,IT,fauna,1999,4,0
BB,IT,fauna,2000,3,0
BB,IT,fauna,2001,1,0
BB,IT,fauna,2002,1,0
BB,IT,fauna,2003,3,0
BB,IT,fauna,2004,2,0
BB,IT,fauna,2005,5,0
BB,IT,fauna,2006,3,0
BB,IT,fauna,2007,4,0
BB,IT,fauna,2008,1,0
BB,IT,fauna,2009,1,0
BB,IT,fauna,2010,5,0
BB,IT,fauna,2011,3,0
BB,IT,fauna,2012,2,0
BB,IT,fauna,2020,1,0
BB,IT,fauna,2021,2,0
BB,IT,fauna,2022,3,0
BB,IT,fauna,2023,4,0
BB,IT,fauna,2024,1,0
BB,JP,fauna,1995,1,0
BB,JP,fauna,1996,3,0
BB,JP,fauna,1998,5,0
BB,JP,fauna,1999,1,0
BB,JP,fauna,2003,4,0
BB,JP,fauna,2010,1,0
BB,JP,fauna,2013,2,0
BB,JP,fauna,2014,20,0
BB,JP,fauna,2015,3,0
BB,JP,fauna,2016,5,0
BB,JP,fauna,2017,4,0
BB,JP,fauna,2019,2,0
BB,JP,fauna,2022,4,0
BB,KN,fauna,2008,2,0
BB,KN,fauna,2013,1,0
BB,KN,fauna,2016,1,0
BB,KN,fauna,2021,1,0
BB,KN,fauna,2023,1,0
BB,KP,fauna,2011,1,0
BB,KR,fauna,2007,2,0
BB,KR,fauna,2009,1,0
BB,KR,fauna,2010,2,0
BB,KR,fauna,2011,1,0
BB,KR,fauna,2018,1,0
BB,LC,fauna,1998,2,0
BB,LC,fauna,2000,4,0
BB,LC,fauna,2001,4,0
BB,LC,fauna,2002,4,0
BB,LC,fauna,2003,9,0
BB,LC,fauna,2004,10,0
BB,LC,fauna,2005,2,0
BB,LC,fauna,2006,4,0
BB,LC,fauna,2007,1,0
BB,LC,fauna,2010,1,0
BB,MF,fauna,2015,2,0
BB,MT,fauna,2003,4,0
BB,MX,fauna,2005,4,0
BB,MX,fauna,2006,1,0
BB,MX,fauna,2008,3,0
BB,MX,fauna,2010,1,0
BB,MX,fauna,2012,2,0
BB,MX,fauna,2013,2,0
BB,MX,fauna,2016,1,0
BB,MX,fauna,2019,2,0
BB,MY,fauna,2005,4,0
BB,NL,fauna,1986,1,1
BB,NL,fauna,1999,1,0
BB,NL,fauna,2000,2,0
BB,NL,fauna,2002,3,0
BB,NL,fauna,2003,7,0
BB,NL,fauna,2004,1,0
BB,NL,fauna,2005,3,0
BB,NL,fauna,2006,1,0
BB,NL,fauna,2007,1,0
BB,NL,fauna,2018,2,0
BB,NL,fauna,2019,17,0
BB,NZ,fauna,1996,1,1
BB,NZ,fauna,1997,1,1
BB,NZ,fauna,1998,2,2
BB,NZ,fauna,1999,1,1
BB,NZ,fauna,2002,2,2
BB,NZ,fauna,2004,1,1
BB,PL,fauna,2004,1,1
BB,PR,fauna,2023,2,0
BB,SE,fauna,2000,14,0
BB,SE,fauna,2001,9,0
BB,SE,fauna,2002,13,0
BB,SE,fauna,2003,3,0
BB,SE,fauna,2004,5,0
BB,SE,fauna,2005,1,0
BB,SG,fauna,2010,9,0
BB,SG,fauna,2011,3,0
BB,SG,fauna,2012,2,0
BB,SG,fauna,2013,1,0
BB,SI,fauna,2004,3,0
BB,SX,fauna,2016,1,0
BB,TH,fauna,2013,2,0
BB,TH,fauna,2014,1,0
BB,TH,fauna,2015,9,0
BB,TH,fauna,2016,14,0
BB,TH,fauna,2017,5,0
BB,TT,fauna,2005,1,0
BB,TT,fauna,2006,2,0
BB,TT,fauna,2007,1,0
BB,TT,fauna,2008,2,0
BB,TT,fauna,2013,2,0
BB,TT,fauna,2014,6,0
BB,TT,fauna,2015,20,9
BB,TT,fauna,2016,17,12
BB,TT,fauna,2017,10,0
BB,TT,fauna,2018,18,0
BB,TT,fauna,2019,21,0
BB,TT,fauna,2020,7,0
BB,TT,fauna,2021,4,0
BB,TT,fauna,2022,3,0
BB,TW,fauna,2004,1,0
BB,TW,fauna,2005,1,0
BB,TW,fauna,2008,1,0
BB,TW,fauna,2010,3,0
BB,TW,fauna,2011,1,0
BB,TW,fauna,2012,5,0
BB,TW,fauna,2013,2,0
BB,TW,fauna,2014,3,0
BB,TW,fauna,2015,3,0
BB,TW,fauna,2016,1,0
BB,TW,fauna,2018,1,0
BB,TW,fauna,2021,1,0
BB,US,fauna,1979,1,0
BB,US,fauna,1980,4,0
BB,US,fauna,1981,13,0
BB,US,fauna,1982,5,2
BB,US,fauna,1983,8,3
BB,US,fauna,1984,4,0
BB,US,fauna,1985,11,1
BB,US,fauna,1986,2,1
BB,US,fauna,1987,1,1
BB,US,fauna,1988,2,0
BB,US,fauna,1989,2,0
BB,US,fauna,1990,7,5
BB,US,fauna,1991,11,3
BB,US,fauna,1992,4,0
BB,US,fauna,1993,26,2
BB,US,fauna,1994,25,0
BB,US,fauna,1995,8,2
BB,US,fauna,1996,5,0
BB,US,fauna,1997,6,0
BB,US,fauna,1998,16,0
BB,US,fauna,1999,15,0
BB,US,fauna,2000,10,0
BB,US,fauna,2001,9,1
BB,US,fauna,2002,9,0
BB,US,fauna,2003,17,0
BB,US,fauna,2004,25,0
BB,US,fauna,2005,72,5
BB,US,fauna,2006,117,1
BB,US,fauna,2007,147,3
BB,US,fauna,2008,118,1
BB,US,fauna,2009,14,0
BB,US,fauna,2010,110,0
BB,US,fauna,2011,100,3
BB,US,fauna,2012,101,1
BB,US,fauna,2013,60,0
BB,US,fauna,2014,44,1
BB,US,fauna,2015,57,1
BB,US,fauna,2016,84,1
BB,US,fauna,2017,82,2
BB,US,fauna,2018,105,2
BB,US,fauna,2019,84,0
BB,US,fauna,2020,35,0
BB,US,fauna,2021,30,3
BB,US,fauna,2022,35,0
BB,US,fauna,2023,36,2
BB,US,fauna,2024,29,0
BB,US,flora,1979,15,0
BB,US,flora,1980,5,0
BB,US,flora,1981,1,0
BB,US,flora,1986,2,2
BB,US,flora,1987,2,1
BB,US,flora,1988,11,0
BB,US,flora,1989,2,2
BB,US,flora,1991,1,1
BB,US,flora,1992,1,1
BB,US,flora,1993,5,0
BB,US,flora,1995,1,1
BB,US,flora,1998,1,0
BB,US,flora,2011,4,0
BB,US,flora,2012,1,0
BB,VC,fauna,1996,1,0
BB,VC,fauna,2001,1,0
BB,VC,fauna,2004,2,0
BB,VG,fauna,1998,1,0
BB,VI,fauna,2003,1,0
BB,XX,fauna,1998,1,0
BB,XX,fauna,2000,1,0
BB,XX,fauna,2004,1,0
BE,AR,fauna,1993,6,0
BE,AR,fauna,1994,8,0
BE,AR,fauna,1995,7,0
BE,AR,fauna,1996,5,0
BE,AR,fauna,1997,13,0
BE,AR,fauna,1998,8,0
BE,AR,fauna,1999,14,0
BE,AR,fauna,2000,29,0
BE,AR,fauna,2001,1,0
BE,AR,fauna,2011,104,0
BE,AR,fauna,2012,1,0
BE,AR,fauna,2013,32,0
BE,AR,fauna,2014,9,0
BE,AR,fauna,2019,2,0
BE,AR,fauna,2021,1,0
BE,AR,fauna,2023,2,0
BE,AR,fauna,2024,5,0
BE,BB,fauna,2004,4,0
BE,BB,fauna,2005,1,0
BE,BB,fauna,2021,1,0
BE,BR,fauna,1984,3,0
BE,BR,fauna,1985,17,0
BE,BR,fauna,1986,4,0
BE,BR,fauna,1987,7,0
BE,BR,fauna,1989,15,0
BE,BR,fauna,1990,69,0
BE,BR,fauna,1991,172,0
BE,BR,fauna,1992,20,0
BE,BR,fauna,1993,48,0
BE,BR,fauna,1994,96,0
BE,BR,fauna,1995,181,0
BE,BR,fauna,1996,120,0
BE,BR,fauna,1997,41,0
BE,BR,fauna,1998,2,0
BE,BR,fauna,1999,1,0
BE,BR,fauna,2000,9,0
BE,BR,fauna,2001,8,0
BE,BR,fauna,2002,3,0
BE,BR,fauna,2009,3,0
BE,BR,fauna,2010,9,0
BE,BR,fauna,2012,52,0
BE,BR,fauna,2013,8,0
BE,BR,fauna,2014,69,0
BE,BR,fauna,2015,19,0
BE,BR,fauna,2016,76,0
BE,BR,fauna,2019,1,0
BE,BR,fauna,2022,14,0
BE,BR,fauna,2024,11,0
BE,BR,flora,1990,2,0
BE,BR,flora,1992,5,0
BE,BR,flora,1994,9,0
BE,BS,fauna,2010,2,0
BE,CL,fauna,1986,1,0
BE,CL,fauna,1987,4,0
BE,CL,fauna,1988,6,0
BE,CL,fauna,1989,7,0
BE,CL,fauna,1990,2,0
BE,CL,fauna,1992,4,0
BE,CL,fauna,1993,12,0
BE,CL,fauna,1994,19,0
BE,CL,fauna,1995,17,0
BE,CL,fauna,1996,12,0
BE,CL,fauna,1998,1,0
BE,CL,fauna,1999,7,0
BE,CL,fauna,2000,5,0
BE,CL,fauna,2003,18,0
BE,CL,fauna,2004,9,0
BE,CL,fauna,2005,1,0
BE,CL,fauna,2006,2,0
BE,CL,fauna,2008,1,0
BE,CL,fauna,2015,1,0
BE,CL,fauna,2016,10,0
BE,CL,fauna,2020,16,0
BE,CL,fauna,2023,10,0
BE,CL,fauna,2024,21,0
BE,CL,flora,1998,1,0
BE,CO,fauna,1984,1,0
BE,CO,fauna,1991,3,0
BE,CO,fauna,1992,7,7
BE,CO,fauna,1993,18,0
BE,CO,fauna,1995,3,0
BE,CO,fauna,1996,1,0
BE,CO,fauna,1998,2,0
BE,CO,fauna,2008,1,0
BE,CO,fauna,2024,10,0
BE,CO,flora,2001,1,0
BE,CO,flora,2002,1,0
BE,CR,fauna,1984,1,0
BE,CR,fauna,1987,2,0
BE,CR,fauna,1988,12,0
BE,CR,fauna,1989,11,0
BE,CR,fauna,1990,15,0
BE,CR,fauna,1991,14,0
BE,CR,fauna,1992,9,0
BE,CR,fauna,1993,7,0
BE,CR,fauna,1996,2,0
BE,CR,fauna,1997,9,0
BE,CR,fauna,2004,1,0
BE,CR,fauna,2005,7,0
BE,CR,flora,1991,1,0
BE,CU,fauna,2011,18,0
BE,CU,fauna,2012,24,0
BE,CU,fauna,2013,39,0
BE,DM,fauna,2005,1,0
BE,DO,fauna,1985,18,0
BE,DO,fauna,1989,6,0
BE,DO,fauna,1993,12,0
BE,DO,fauna,1994,1,0
BE,DO,fauna,1995,1,0
BE,DO,fauna,1999,1,0
BE,DO,fauna,2009,2,0
BE,DO,fauna,2010,1,0
BE,DO,fauna,2015,2,0
BE,DO,flora,2017,5,0
BE,DO,flora,2018,11,0
BE,EC,fauna,2000,5,0
BE,EC,fauna,2012,1,0
BE,EC,fauna,2013,2,0
BE,EC,fauna,2023,1,0
BE,EC,fauna,2024,8,0
BE,EC,flora,1994,2,0
BE,EC,flora,2001,86,0
BE,GT,fauna,1987,1,0
BE,GT,fauna,1988,4,0
BE,GT,fauna,1989,9,0
BE,GT,fauna,1990,5,0
BE,GT,fauna,1991,3,0
BE,GT,fauna,1992,19,0
BE,GT,fauna,1993,26,0
BE,GT,fauna,1994,14,0
BE,GT,fauna,1995,24,0
BE,GT,fauna,1996,4,0
BE,GT,fauna,1999,4,0
BE,GT,fauna,2012,3,0
BE,GT,fauna,2013,31,0
BE,GT,fauna,2014,51,0
BE,GT,fauna,2015,37,0
BE,GT,fauna,2016,7,0
BE,GT,fauna,2017,21,0
BE,GT,fauna,2020,23,0
BE,GT,fauna,2021,51,0
BE,GT,fauna,2024,2,0
BE,GY,fauna,1995,1,0
BE,HN,fauna,1984,3,0
BE,HN,fauna,1985,3,0
BE,HN,fauna,1986,3,0
BE,HN,fauna,1987,4,0
BE,HN,fauna,1988,2,0
BE,HN,fauna,1992,2,0
BE,HN,fauna,1993,5,0
BE,HN,fauna,1994,4,0
BE,HN,fauna,1995,5,0
BE,HN,fauna,1996,3,0
BE,HN,fauna,1998,2,0
BE,MX,fauna,1984,1,0
BE,MX,fauna,1985,1,0
BE,MX,fauna,1986,6,0
BE,MX,fauna,1987,3,0
BE,MX,fauna,1988,11,0
BE,MX,fauna,1989,2,0
BE,MX,fauna,1990,23,0
BE,MX,fauna,1991,20,0
BE,MX,fauna,1992,9,0
BE,MX,fauna,1993,23,0
BE,MX,fauna,1994,77,0
BE,MX,fauna,1995,100,0
BE,MX,fauna,1996,50,0
BE,MX,fauna,1997,119,0
BE,MX,fauna,1998,220,0
BE,MX,fauna,1999,125,0
BE,MX,fauna,2000,75,0
BE,MX,fauna,2001,53,0
BE,MX,fauna,2002,20,0
BE,MX,fauna,2003,1,0
BE,MX,fauna,2004,2,0
BE,MX,fauna,2008,4,0
BE,MX,fauna,2013,2,0
BE,MX,fauna,2018,5,1
BE,MX,fauna,2023,2,0
BE,MX,fauna,2024,15,0
BE,MX,flora,1989,1,0
BE,MX,flora,1994,14,0
BE,MX,flora,2014,4,0
BE,MX,flora,2015,10,0
BE,MX,flora,2017,1,0
BE,NI,fauna,1993,3,0
BE,NI,fauna,1995,14,0
BE,NI,fauna,1996,8,0
BE,PA,fauna,1984,5,0
BE,PA,fauna,1985,2,0
BE,PA,fauna,1998,5,0
BE,PA,fauna,2001,1,0
BE,PA,fauna,2013,1,0
BE,PA,fauna,2019,4,2
BE,PA,fauna,2023,3,0
BE,PA,fauna,2024,36,0
BE,PE,fauna,1985,1,0
BE,PE,fauna,1986,15,0
BE,PE,fauna,1987,7,0
BE,PE,fauna,1989,2,0
BE,PE,fauna,1991,20,0
BE,PE,fauna,1994,28,0
BE,PE,fauna,1996,2,0
BE,PE,fauna,2000,8,0
BE,PE,fauna,2001,16,0
BE,PE,fauna,2002,16,0
BE,PE,fauna,2016,2,0
BE,PE,fauna,2023,3,0
BE,PE,fauna,2024,10,0
BE,PY,fauna,2007,15,0
BE,PY,flora,1991,7,0
BE,PY,flora,1994,1,0
BE,SR,fauna,1987,1,0
BE,SR,fauna,1993,3,0
BE,SR,fauna,2000,5,0
BE,SR,fauna,2007,21,0
BE,SR,fauna,2014,1,0
BE,SR,fauna,2023,1,0
BE,SR,fauna,2024,42,0
BE,SV,fauna,1984,7,0
BE,SV,fauna,1991,2,0
BE,SV,fauna,1992,6,0
BE,SV,fauna,1994,5,0
BE,TT,fauna,1991,2,0
BE,TT,fauna,1999,16,0
BE,UY,fauna,2004,2,0
BE,UY,fauna,2005,5,0
BE,UY,fauna,2006,1,0
BE,UY,fauna,2015,2,0
BE,UY,fauna,2016,8,0
BE,UY,fauna,2023,1,0
BE,UY,fauna,2024,6,0
BE,VE,fauna,1988,4,0
BE,VE,fauna,1989,21,0
BE,VE,fauna,2000,16,0
BE,VE,fauna,2001,16,0
BE,VE,fauna,2002,1,0
BE,VE,fauna,2019,5,0
BE,VE,fauna,2022,41,0
BE,VE,fauna,2023,55,0
BE,VE,fauna,2024,18,0
BE,VE,flora,1990,1,0
BE,VE,flora,1996,10,0
BE,VE,flora,2005,42,0
BF,MX,fauna,2006,6,0
BF,MX,fauna,2007,2,0
BG,AR,fauna,2010,1,0
BG,DO,fauna,1993,2,0
BG,MX,fauna,2002,1,0
BG,MX,fauna,2004,1,0
BG,MX,fauna,2005,1,0
BG,MX,fauna,2024,8,0
BG,UY,flora,2017,2,0
BH,BR,fauna,2019,1,0
BH,MX,fauna,2002,1,0
BH,SR,fauna,2019,2,0
BH,SR,flora,2019,13,0
BJ,AR,fauna,2020,2,0
BJ,AR,fauna,2021,2,0
BJ,CU,fauna,2005,1,0
BJ,MX,fauna,2000,2,0
BJ,MX,fauna,2001,15,0
BJ,PA,fauna,1991,1,0
BM,AG,flora,1989,2,0
BM,BR,fauna,2004,3,0
BM,CL,fauna,2009,1,0
BM,TT,fauna,1993,1,0
BO,AE,fauna,2012,1,0
BO,AE,flora,2008,1,0
BO,AR,fauna,1981,2,0
BO,AR,fauna,2005,1,0
BO,AR,fauna,2006,5,0
BO,AR,fauna,2009,36,0
BO,AR,fauna,2010,1,0
BO,AR,fauna,2011,18,0
BO,AR,fauna,2012,15,0
BO,AR,fauna,2013,6,0
BO,AR,fauna,2014,12,0
BO,AR,fauna,2015,3,0
BO,AR,fauna,2018,2,0
BO,AR,fauna,2019,11,0
BO,AR,fauna,2021,5,0
BO,AR,fauna,2024,2,0
BO,AR,flora,1996,4,0
BO,AR,flora,1997,6,0
BO,AR,flora,1998,28,0
BO,AR,flora,1999,5,0
BO,AR,flora,2000,4,0
BO,AR,flora,2001,1,0
BO,AR,flora,2002,5,0
BO,AR,flora,2003,15,0
BO,AR,flora,2004,36,0
BO,AR,flora,2005,36,0
BO,AR,flora,2006,26,0
BO,AR,flora,2007,39,0
BO,AR,flora,2008,156,0
BO,AR,flora,2009,48,0
BO,AR,flora,2010,59,0
BO,AR,flora,2011,68,0
BO,AR,flora,2012,40,0
BO,AR,flora,2013,41,0
BO,AR,flora,2014,8,0
BO,AR,flora,2015,16,0
BO,AR,flora,2016,14,0
BO,AR,flora,2017,14,0
BO,AR,flora,2018,3,0
BO,AR,flora,2019,3,0
BO,AR,flora,2020,8,0
BO,AR,flora,2021,3,0
BO,AR,flora,2022,8,0
BO,AR,flora,2023,1,0
BO,AT,fauna,1981,1,0
BO,AT,fauna,1982,4,0
BO,AT,fauna,1985,1,0
BO,AT,fauna,1998,1,1
BO,AT,fauna,2001,1,1
BO,AT,fauna,2013,1,0
BO,AT,flora,2009,1,1
BO,AU,fauna,2008,1,0
BO,AU,fauna,2009,1,1
BO,AU,fauna,2013,2,0
BO,BB,flora,1999,2,0
BO,BB,flora,2000,1,0
BO,BB,flora,2009,2,0
BO,BB,flora,2010,2,0
BO,BB,flora,2011,1,0
BO,BB,flora,2012,1,0
BO,BB,flora,2022,2,0
BO,BE,fauna,1981,1,0
BO,BE,fauna,1982,4,0
BO,BE,fauna,1984,4,0
BO,BE,fauna,1985,2,0
BO,BE,fauna,2006,5,0
BO,BE,fauna,2007,4,0
BO,BE,fauna,2017,2,0
BO,BE,fauna,2024,3,0
BO,BE,flora,1997,1,0
BO,BE,flora,1998,1,1
BO,BE,flora,1999,1,0
BO,BE,flora,2022,5,0
BO,BE,flora,2023,12,0
BO,BE,flora,2024,11,0
BO,BR,fauna,1992,9,0
BO,BR,fauna,2003,22,0
BO,BR,fauna,2004,1,0
BO,BR,fauna,2005,2,0
BO,BR,fauna,2006,3,0
BO,BR,fauna,2010,8,0
BO,BR,fauna,2011,11,0
BO,BR,fauna,2012,5,0
BO,BR,fauna,2013,7,0
BO,BR,fauna,2018,1,0
BO,BR,fauna,2019,9,0
BO,BR,fauna,2020,12,0
BO,BR,fauna,2021,25,0
BO,BR,fauna,2022,61,0
BO,BR,fauna,2023,9,0
BO,BR,fauna,2024,12,0
BO,BR,flora,2010,4,0
BO,CA,fauna,1983,1,0
BO,CA,fauna,1996,8,0
BO,CA,fauna,2006,49,0
BO,CA,fauna,2011,13,0
BO,CA,fauna,2012,1,0
BO,CA,flora,2000,2,0
BO,CA,flora,2002,3,0
BO,CA,flora,2003,4,0
BO,CA,flora,2004,4,0
BO,CA,flora,2009,3,0
BO,CA,flora,2010,6,0
BO,CA,flora,2011,8,0
BO,CA,flora,2012,5,0
BO,CA,flora,2013,3,0
BO,CA,flora,2014,1,0
BO,CA,flora,2019,1,0
BO,CA,flora,2023,1,0
BO,CA,flora,2024,13,0
BO,CF,flora,2008,1,0
BO,CH,fauna,1979,1,0
BO,CH,fauna,1980,2,0
BO,CH,fauna,1981,3,0
BO,CH,fauna,1989,1,0
BO,CH,fauna,1996,5,0
BO,CH,fauna,1997,3,0
BO,CH,fauna,1999,12,0
BO,CH,fauna,2003,1,0
BO,CH,fauna,2007,3,0
BO,CH,fauna,2010,2,0
BO,CH,fauna,2011,1,0
BO,CH,fauna,2012,1,0
BO,CH,fauna,2014,2,0
BO,CH,fauna,2015,1,0
BO,CH,flora,2005,1,0
BO,CH,flora,2006,2,0
BO,CL,fauna,1981,1,0
BO,CL,fauna,1995,1,0
BO,CL,fauna,1997,1,0
BO,CL,fauna,1999,18,0
BO,CL,fauna,2000,1,0
BO,CL,fauna,2005,3,0
BO,CL,fauna,2006,1,0
BO,CL,fauna,2007,3,0
BO,CL,fauna,2010,1,0
BO,CL,fauna,2012,1,0
BO,CL,fauna,2015,1,0
BO,CL,fauna,2016,12,0
BO,CL,fauna,2018,2,0
BO,CL,fauna,2019,2,0
BO,CL,flora,1996,1,0
BO,CL,flora,1997,2,0
BO,CL,flora,1998,1,0
BO,CL,flora,1999,1,0
BO,CL,flora,2000,4,0
BO,CL,flora,2001,2,0
BO,CL,flora,2002,18,0
BO,CL,flora,2003,41,0
BO,CL,flora,2004,55,0
BO,CL,flora,2005,52,0
BO,CL,flora,2006,47,0
BO,CL,flora,2007,53,0
BO,CL,flora,2008,41,0
BO,CL,flora,2009,17,0
BO,CL,flora,2010,20,0
BO,CL,flora,2011,15,0
BO,CL,flora,2012,24,0
BO,CL,flora,2013,15,0
BO,CL,flora,2014,10,0
BO,CL,flora,2015,3,0
BO,CL,flora,2016,3,0
BO,CL,flora,2017,2,0
BO,CL,flora,2018,3,0
BO,CL,flora,2019,3,0
BO,CL,flora,2020,4,0
BO,CL,flora,2023,1,0
BO,CN,fauna,2006,1,0
BO,CN,fauna,2007,2,0
BO,CN,fauna,2008,1,0
BO,CN,fauna,2009,2,0
BO,CN,fauna,2010,11,0
BO,CN,fauna,2011,8,0
BO,CN,fauna,2012,2,0
BO,CN,fauna,2013,14,0
BO,CN,fauna,2014,11,0
BO,CN,fauna,2015,3,0
BO,CN,fauna,2016,4,0
BO,CN,fauna,2017,3,0
BO,CN,fauna,2018,3,0
BO,CN,fauna,2019,3,0
BO,CN,fauna,2020,1,0
BO,CN,flora,2005,4,0
BO,CN,flora,2011,1,0
BO,CN,flora,2012,3,0
BO,CN,flora,2015,2,0
BO,CN,flora,2016,21,0
BO,CN,flora,2017,20,0
BO,CN,flora,2018,26,0
BO,CN,flora,2019,33,0
BO,CN,flora,2020,16,0
BO,CN,flora,2021,13,0
BO,CN,flora,2022,5,0
BO,CN,flora,2023,110,0
BO,CN,flora,2024,120,0
BO,CO,fauna,2001,2,0
BO,CO,fauna,2002,1,0
BO,CO,fauna,2003,11,0
BO,CO,fauna,2004,2,0
BO,CO,fauna,2007,3,0
BO,CO,fauna,2009,1,0
BO,CO,fauna,2010,2,0
BO,CO,fauna,2012,2,0
BO,CO,fauna,2013,2,0
BO,CR,fauna,2005,1,0
BO,CR,fauna,2010,2,0
BO,CZ,fauna,2006,3,0
BO,CZ,fauna,2009,1,1
BO,CZ,fauna,2010,1,1
BO,CZ,flora,1999,86,86
BO,CZ,flora,2000,37,37
BO,CZ,flora,2008,1,1
BO,CZ,flora,2024,2,0
BO,DE,fauna,1977,4,0
BO,DE,fauna,1978,5,0
BO,DE,fauna,1979,6,0
BO,DE,fauna,1980,6,0
BO,DE,fauna,1981,47,0
BO,DE,fauna,1982,30,0
BO,DE,fauna,1983,15,0
BO,DE,fauna,1984,8,0
BO,DE,fauna,1985,1,0
BO,DE,fauna,1986,1,0
BO,DE,fauna,1988,3,2
BO,DE,fauna,1989,4,0
BO,DE,fauna,1990,1,0
BO,DE,fauna,1995,1,0
BO,DE,fauna,1996,6,0
BO,DE,fauna,2001,28,0
BO,DE,fauna,2002,12,0
BO,DE,fauna,2003,6,0
BO,DE,fauna,2004,9,0
BO,DE,fauna,2005,4,0
BO,DE,fauna,2006,8,0
BO,DE,fauna,2007,2,0
BO,DE,fauna,2008,10,0
BO,DE,fauna,2009,1,0
BO,DE,fauna,2010,10,0
BO,DE,fauna,2011,6,0
BO,DE,fauna,2012,2,0
BO,DE,fauna,2013,4,0
BO,DE,fauna,2014,12,0
BO,DE,fauna,2015,11,0
BO,DE,fauna,2016,13,0
BO,DE,fauna,2017,2,0
BO,DE,fauna,2018,2,0
BO,DE,fauna,2019,2,0
BO,DE,fauna,2023,1,0
BO,DE,fauna,2024,1,0
BO,DE,flora,1979,1,0
BO,DE,flora,1988,12,0
BO,DE,flora,1994,9,0
BO,DE,flora,1996,7,0
BO,DE,flora,1997,1,0
BO,DE,flora,2001,2,0
BO,DE,flora,2002,3,0
BO,DE,flora,2005,3,0
BO,DE,flora,2007,5,0
BO,DE,flora,2008,3,0
BO,DE,flora,2010,16,0
BO,DE,flora,2011,3,0
BO,DE,flora,2018,1,0
BO,DE,flora,2019,2,0
BO,DE,flora,2020,4,0
BO,DE,flora,2021,1,0
BO,DE,flora,2022,5,0
BO,DE,flora,2023,4,0
BO,DE,flora,2024,10,0
BO,DK,fauna,1984,1,1
BO,DK,fauna,1995,1,0
BO,DK,fauna,1996,1,0
BO,DK,fauna,1998,14,0
BO,DK,flora,1997,3,0
BO,DK,flora,1998,2,0
BO,DK,flora,2008,1,0
BO,DM,flora,2007,1,0
BO,DO,flora,1996,2,0
BO,DO,flora,1997,5,0
BO,DO,flora,1998,2,0
BO,DO,flora,1999,4,0
BO,DO,flora,2000,13,0
BO,DO,flora,2001,23,0
BO,DO,flora,2002,30,0
BO,DO,flora,2003,17,0
BO,DO,flora,2004,32,0
BO,DO,flora,2005,26,0
BO,DO,flora,2006,31,0
BO,DO,flora,2007,24,0
BO,DO,flora,2008,23,0
BO,DO,flora,2009,20,0
BO,DO,flora,2010,19,0
BO,DO,flora,2011,7,0
BO,DO,flora,2012,10,0
BO,DO,flora,2013,1,0
BO,DO,flora,2017,1,0
BO,DO,flora,2018,5,0
BO,DO,flora,2019,1,0
BO,DO,flora,2021,3,0
BO,DO,flora,2022,15,0
BO,DO,flora,2023,5,0
BO,EC,fauna,1993,1,0
BO,EC,fauna,1994,1,0
BO,EG,flora,2005,1,0
BO,ES,fauna,1994,1,0
BO,ES,fauna,1996,1,1
BO,ES,fauna,1997,1,1
BO,ES,fauna,1998,2,2
BO,ES,fauna,2000,1,0
BO,ES,fauna,2003,5,5
BO,ES,fauna,2004,2,2
BO,ES,fauna,2006,8,0
BO,ES,fauna,2007,37,0
BO,ES,fauna,2008,114,0
BO,ES,fauna,2009,70,0
BO,ES,fauna,2010,49,0
BO,ES,fauna,2011,50,0
BO,ES,fauna,2012,88,0
BO,ES,fauna,2013,58,0
BO,ES,fauna,2014,95,0
BO,ES,fauna,2015,68,0
BO,ES,fauna,2016,60,0
BO,ES,fauna,2017,120,0
BO,ES,fauna,2018,113,0
BO,ES,fauna,2019,91,0
BO,ES,fauna,2020,38,0
BO,ES,fauna,2021,36,0
BO,ES,fauna,2022,15,0
BO,ES,fauna,2024,5,0
BO,ES,flora,1996,4,0
BO,ES,flora,1997,2,0
BO,ES,flora,2001,1,0
BO,ES,flora,2002,3,0
BO,ES,flora,2003,4,0
BO,ES,flora,2004,6,0
BO,ES,flora,2005,12,0
BO,ES,flora,2006,11,0
BO,ES,flora,2007,13,0
BO,ES,flora,2008,5,0
BO,ES,flora,2009,1,0
BO,ES,flora,2011,3,0
BO,ES,flora,2014,7,0
BO,ES,flora,2015,2,0
BO,ES,flora,2018,2,0
BO,ES,flora,2023,2,0
BO,ES,flora,2024,4,0
BO,FR,fauna,1981,6,0
BO,FR,fauna,1982,3,0
BO,FR,fauna,1984,31,0
BO,FR,fauna,1985,25,0
BO,FR,fauna,1986,29,0
BO,FR,fauna,1988,1,0
BO,FR,fauna,1998,2,0
BO,FR,fauna,2000,2,0
BO,FR,fauna,2001,21,0
BO,FR,fauna,2002,23,0
BO,FR,fauna,2003,30,0
BO,FR,fauna,2004,64,0
BO,FR,fauna,2005,37,0
BO,FR,fauna,2007,16,0
BO,FR,fauna,2008,5,0
BO,FR,fauna,2009,9,0
BO,FR,fauna,2010,2,0
BO,FR,fauna,2011,11,0
BO,FR,fauna,2012,10,0
BO,FR,fauna,2013,6,0
BO,FR,fauna,2014,3,0
BO,FR,fauna,2017,3,0
BO,FR,fauna,2019,1,0
BO,FR,fauna,2020,1,0
BO,FR,fauna,2022,1,0
BO,FR,fauna,2024,2,0
BO,FR,flora,2002,1,0
BO,FR,flora,2003,3,0
BO,FR,flora,2004,2,0
BO,FR,flora,2005,1,0
BO,FR,flora,2006,4,0
BO,FR,flora,2008,2,0
BO,FR,flora,2014,1,0
BO,FR,flora,2022,2,0
BO,FR,flora,2023,21,0
BO,FR,flora,2024,49,0
BO,GB,fauna,1976,1,0
BO,GB,fauna,1977,5,0
BO,GB,fauna,1978,6,0
BO,GB,fauna,1979,1,0
BO,GB,fauna,1980,3,0
BO,GB,fauna,1981,31,0
BO,GB,fauna,1982,12,0
BO,GB,fauna,1983,4,0
BO,GB,fauna,1987,8,0
BO,GB,fauna,1999,1,1
BO,GB,fauna,2000,1,1
BO,GB,fauna,2003,1,0
BO,GB,fauna,2004,2,1
BO,GB,fauna,2009,1,0
BO,GB,fauna,2010,2,0
BO,GB,fauna,2011,2,0
BO,GB,fauna,2019,2,0
BO,GB,fauna,2022,6,0
BO,GB,flora,1977,1,0
BO,GB,flora,1978,2,0
BO,GB,flora,1996,5,0
BO,GB,flora,1997,11,1
BO,GB,flora,2000,3,0
BO,GB,flora,2001,2,0
BO,GB,flora,2002,1,0
BO,GB,flora,2003,3,0
BO,GB,flora,2009,39,0
BO,GB,flora,2013,1,0
BO,GR,flora,2003,1,0
BO,HK,fauna,1978,3,0
BO,HK,fauna,1979,3,0
BO,HK,fauna,1980,3,0
BO,HK,fauna,1981,6,0
BO,HK,fauna,1982,1,0
BO,HK,fauna,1983,1,0
BO,HK,fauna,2007,3,0
BO,HK,fauna,2008,6,0
BO,HK,fauna,2009,4,0
BO,HK,fauna,2010,6,0
BO,HK,fauna,2012,1,0
BO,HK,fauna,2013,12,0
BO,HK,fauna,2014,41,0
BO,HK,fauna,2015,4,0
BO,HK,fauna,2016,3,0
BO,HK,fauna,2017,1,0
BO,HK,fauna,2018,4,0
BO,HK,fauna,2019,3,0
BO,HK,flora,2005,1,0
BO,HN,flora,2003,1,0
BO,HN,flora,2004,5,0
BO,HN,flora,2005,1,0
BO,HT,flora,2021,1,0
BO,IT,fauna,1980,10,0
BO,IT,fauna,1981,17,0
BO,IT,fauna,1982,9,0
BO,IT,fauna,1983,40,0
BO,IT,fauna,1984,12,0
BO,IT,fauna,1985,15,0
BO,IT,fauna,1986,12,0
BO,IT,fauna,1987,1,0
BO,IT,fauna,1988,38,0
BO,IT,fauna,1989,2,0
BO,IT,fauna,1990,1,0
BO,IT,fauna,1995,7,0
BO,IT,fauna,1997,6,0
BO,IT,fauna,1998,1,0
BO,IT,fauna,2001,62,0
BO,IT,fauna,2002,36,0
BO,IT,fauna,2003,82,0
BO,IT,fauna,2004,27,0
BO,IT,fauna,2005,73,0
BO,IT,fauna,2006,106,0
BO,IT,fauna,2007,129,0
BO,IT,fauna,2008,159,0
BO,IT,fauna,2009,90,0
BO,IT,fauna,2010,51,0
BO,IT,fauna,2011,85,0
BO,IT,fauna,2012,107,0
BO,IT,fauna,2013,85,0
BO,IT,fauna,2014,130,0
BO,IT,fauna,2015,111,0
BO,IT,fauna,2016,60,0
BO,IT,fauna,2017,55,0
BO,IT,fauna,2018,45,0
BO,IT,fauna,2019,41,0
BO,IT,fauna,2021,1,0
BO,IT,fauna,2022,25,0
BO,IT,fauna,2023,36,0
BO,IT,fauna,2024,26,0
BO,IT,flora,1996,1,0
BO,IT,flora,2002,4,0
BO,IT,flora,2003,4,0
BO,IT,flora,2004,7,0
BO,IT,flora,2005,4,0
BO,IT,flora,2006,1,0
BO,IT,flora,2007,6,0
BO,IT,flora,2011,1,0
BO,IT,flora,2016,2,0
BO,IT,flora,2022,1,0
BO,IT,flora,2023,3,0
BO,IT,flora,2024,2,0
BO,JM,flora,2008,1,0
BO,JM,flora,2015,1,0
BO,JM,flora,2020,1,0
BO,JM,flora,2023,2,0
BO,JM,flora,2024,1,0
BO,JP,fauna,1980,1,0
BO,JP,fauna,1981,46,0
BO,JP,fauna,1982,42,0
BO,JP,fauna,1983,65,0
BO,JP,fauna,1984,19,0
BO,JP,fauna,1985,15,0
BO,JP,fauna,1986,3,0
BO,JP,fauna,1988,3,0
BO,JP,fauna,2004,1,0
BO,JP,fauna,2005,18,0
BO,JP,fauna,2006,18,0
BO,JP,fauna,2007,9,0
BO,JP,fauna,2008,16,0
BO,JP,fauna,2009,9,0
BO,JP,fauna,2010,9,0
BO,JP,fauna,2011,17,0
BO,JP,fauna,2012,24,0
BO,JP,fauna,2013,11,0
BO,JP,fauna,2014,5,0
BO,JP,fauna,2015,8,0
BO,JP,fauna,2016,4,0
BO,JP,fauna,2017,11,0
BO,JP,fauna,2018,11,0
BO,JP,fauna,2019,4,0
BO,JP,fauna,2020,8,0
BO,JP,fauna,2021,5,0
BO,JP,fauna,2023,7,0
BO,JP,fauna,2024,7,0
BO,JP,flora,1990,3,0
BO,JP,flora,2002,2,0
BO,JP,flora,2003,5,0
BO,JP,flora,2004,5,0
BO,JP,flora,2005,5,0
BO,JP,flora,2006,3,0
BO,JP,flora,2007,3,0
BO,JP,flora,2010,2,0
BO,JP,flora,2013,1,0
BO,JP,flora,2014,1,0
BO,JP,flora,2016,1,0
BO,JP,flora,2017,3,0
BO,JP,flora,2018,3,0
BO,JP,flora,2019,3,0
BO,JP,flora,2020,4,0
BO,JP,flora,2024,2,0
BO,KP,flora,2016,1,0
BO,KR,fauna,2007,2,0
BO,KR,fauna,2010,5,0
BO,KR,fauna,2011,2,0
BO,KR,fauna,2012,10,0
BO,KR,fauna,2013,2,0
BO,KR,fauna,2014,4,0
BO,KR,fauna,2018,344,0
BO,KR,flora,2002,2,0
BO,KR,flora,2017,4,0
BO,KR,flora,2018,2,0
BO,KR,flora,2019,10,0
BO,KR,flora,2020,3,0
BO,KR,flora,2023,1,0
BO,KR,flora,2024,2,0
BO,LB,flora,2003,2,0
BO,LB,flora,2023,2,0
BO,LB,flora,2024,1,0
BO,LU,fauna,1992,1,1
BO,MC,fauna,2012,1,0
BO,MC,flora,2007,1,0
BO,MO,flora,2007,1,0
BO,MR,flora,2004,1,0
BO,MT,fauna,1990,1,0
BO,MX,fauna,1981,3,0
BO,MX,fauna,1999,1,0
BO,MX,fauna,2007,9,0
BO,MX,fauna,2008,14,0
BO,MX,fauna,2009,19,0
BO,MX,fauna,2010,10,0
BO,MX,fauna,2011,15,0
BO,MX,fauna,2012,25,0
BO,MX,fauna,2013,57,0
BO,MX,fauna,2014,26,0
BO,MX,fauna,2015,72,0
BO,MX,fauna,2016,41,0
BO,MX,fauna,2017,88,0
BO,MX,fauna,2018,53,0
BO,MX,fauna,2019,68,0
BO,MX,fauna,2020,38,0
BO,MX,fauna,2021,65,0
BO,MX,fauna,2022,123,0
BO,MX,fauna,2023,95,0
BO,MX,fauna,2024,94,0
BO,MX,flora,1998,3,0
BO,MX,flora,2001,12,0
BO,MX,flora,2002,33,0
BO,MX,flora,2003,44,0
BO,MX,flora,2004,28,0
BO,MX,flora,2005,21,0
BO,MX,flora,2006,58,0
BO,MX,flora,2007,15,0
BO,MX,flora,2008,8,0
BO,MX,flora,2009,14,0
BO,MX,flora,2010,12,0
BO,MX,flora,2011,11,0
BO,MX,flora,2012,10,0
BO,MX,flora,2013,12,0
BO,MX,flora,2014,10,0
BO,MX,flora,2016,4,0
BO,MX,flora,2017,2,0
BO,MX,flora,2019,2,0
BO,MZ,flora,2010,1,0
BO,NL,fauna,1981,1,0
BO,NL,fauna,1982,8,0
BO,NL,fauna,1984,2,0
BO,NL,fauna,2005,2,0
BO,NL,fauna,2010,2,0
BO,NL,flora,1984,1,1
BO,NL,flora,1997,1,1
BO,NL,flora,1998,1,1
BO,NL,flora,2005,1,0
BO,NL,flora,2010,1,0
BO,NL,flora,2016,1,0
BO,NL,flora,2023,2,0
BO,NL,flora,2024,2,0
BO,NZ,fauna,1990,1,1
BO,NZ,fauna,1992,1,1
BO,NZ,fauna,1997,1,1
BO,NZ,fauna,1998,1,1
BO,NZ,fauna,1999,1,1
BO,NZ,fauna,2000,1,1
BO,NZ,fauna,2001,2,2
BO,NZ,fauna,2002,2,2
BO,NZ,fauna,2004,2,2
BO,NZ,flora,1997,1,1
BO,NZ,flora,1998,3,3
BO,NZ,flora,1999,1,1
BO,NZ,flora,2000,2,2
BO,NZ,flora,2001,5,5
BO,NZ,flora,2002,2,2
BO,PA,fauna,1984,1,0
BO,PA,fauna,1986,1,0
BO,PA,fauna,2003,4,0
BO,PA,fauna,2004,19,0
BO,PA,fauna,2005,33,0
BO,PA,fauna,2006,7,0
BO,PA,fauna,2007,20,0
BO,PA,fauna,2008,2,0
BO,PA,fauna,2009,3,0
BO,PE,fauna,1996,6,0
BO,PE,fauna,1998,1,1
BO,PE,fauna,1999,5,0
BO,PE,fauna,2000,11,0
BO,PE,fauna,2001,1,0
BO,PE,fauna,2002,15,0
BO,PE,fauna,2006,1,0
BO,PE,fauna,2007,2,0
BO,PE,fauna,2011,1,0
BO,PE,fauna,2013,1,0
BO,PE,flora,2001,1,0
BO,PE,flora,2002,2,0
BO,PH,flora,1997,2,0
BO,PL,fauna,2019,2,0
BO,PL,fauna,2020,2,0
BO,PL,fauna,2023,1,0
BO,PL,flora,2024,1,0
BO,PR,flora,2007,1,0
BO,PR,flora,2010,1,0
BO,PR,flora,2023,1,0
BO,PT,flora,2015,2,0
BO,PT,flora,2019,1,0
BO,PT,flora,2021,1,0
BO,PT,flora,2022,5,0
BO,PT,flora,2024,9,0
BO,QA,fauna,2003,1,0
BO,RS,flora,2010,1,0
BO,SE,fauna,1982,2,0
BO,SE,fauna,1984,7,0
BO,SE,fauna,1986,1,0
BO,SG,fauna,2004,2,0
BO,SG,fauna,2005,11,0
BO,SG,fauna,2006,3,0
BO,SG,fauna,2007,2,0
BO,SG,fauna,2012,18,0
BO,SG,fauna,2013,5,0
BO,SG,fauna,2014,4,0
BO,SI,flora,2006,1,1
BO,SI,flora,2007,2,0
BO,TH,fauna,2005,1,0
BO,TH,fauna,2012,25,0
BO,TH,fauna,2013,7,0
BO,TH,fauna,2014,5,0
BO,TH,fauna,2015,8,0
BO,TH,fauna,2016,2,0
BO,TH,fauna,2017,1,0
BO,TH,fauna,2023,3,0
BO,TR,fauna,2010,2,0
BO,TR,fauna,2013,4,0
BO,TR,fauna,2014,6,0
BO,TR,fauna,2015,2,0
BO,TT,flora,1997,1,0
BO,TW,flora,2003,1,0
BO,TW,flora,2018,1,0
BO,TW,flora,2023,1,0
BO,UA,fauna,2010,1,0
BO,UA,fauna,2011,1,0
BO,UA,fauna,2014,1,0
BO,UA,fauna,2019,1,0
BO,US,fauna,1977,14,0
BO,US,fauna,1978,9,0
BO,US,fauna,1979,16,0
BO,US,fauna,1980,62,0
BO,US,fauna,1981,413,0
BO,US,fauna,1982,574,7
BO,US,fauna,1983,421,11
BO,US,fauna,1984,185,1
BO,US,fauna,1985,19,12
BO,US,fauna,1986,14,6
BO,US,fauna,1987,11,2
BO,US,fauna,1988,6,3
BO,US,fauna,1989,14,11
BO,US,fauna,1990,12,8
BO,US,fauna,1991,7,7
BO,US,fauna,1992,7,6
BO,US,fauna,1993,8,8
BO,US,fauna,1994,9,0
BO,US,fauna,1995,4,1
BO,US,fauna,1996,17,2
BO,US,fauna,1997,10,4
BO,US,fauna,1998,8,1
BO,US,fauna,1999,7,1
BO,US,fauna,2000,4,0
BO,US,fauna,2001,63,5
BO,US,fauna,2002,37,11
BO,US,fauna,2003,12,3
BO,US,fauna,2004,52,4
BO,US,fauna,2005,89,0
BO,US,fauna,2006,87,7
BO,US,fauna,2007,57,1
BO,US,fauna,2008,83,16
BO,US,fauna,2009,126,25
BO,US,fauna,2010,107,7
BO,US,fauna,2011,152,30
BO,US,fauna,2012,134,5
BO,US,fauna,2013,133,8
BO,US,fauna,2014,127,8
BO,US,fauna,2015,55,0
BO,US,fauna,2016,57,1
BO,US,fauna,2017,94,0
BO,US,fauna,2018,62,1
BO,US,fauna,2019,74,5
BO,US,fauna,2020,26,0
BO,US,fauna,2021,43,7
BO,US,fauna,2022,68,3
BO,US,fauna,2023,57,6
BO,US,fauna,2024,36,0
BO,US,flora,1978,3,0
BO,US,flora,1979,4,0
BO,US,flora,1980,34,0
BO,US,flora,1981,18,0
BO,US,flora,1982,1,0
BO,US,flora,1983,26,0
BO,US,flora,1984,7,1
BO,US,flora,1985,1,1
BO,US,flora,1987,1,1
BO,US,flora,1988,6,5
BO,US,flora,1991,3,3
BO,US,flora,1992,2,2
BO,US,flora,1995,1,1
BO,US,flora,1996,232,0
BO,US,flora,1997,358,0
BO,US,flora,1998,400,0
BO,US,flora,1999,107,0
BO,US,flora,2000,130,0
BO,US,flora,2001,159,0
BO,US,flora,2002,175,0
BO,US,flora,2003,264,1
BO,US,flora,2004,286,0
BO,US,flora,2005,334,0
BO,US,flora,2006,442,0
BO,US,flora,2007,353,0
BO,US,flora,2008,267,0
BO,US,flora,2009,174,0
BO,US,flora,2010,145,0
BO,US,flora,2011,114,0
BO,US,flora,2012,13,0
BO,US,flora,2013,18,0
BO,US,flora,2014,18,0
BO,US,flora,2015,23,0
BO,US,flora,2016,16,0
BO,US,flora,2017,14,0
BO,US,flora,2018,10,0
BO,US,flora,2019,9,0
BO,US,flora,2020,8,0
BO,US,flora,2021,5,0
BO,US,flora,2022,12,0
BO,US,flora,2023,46,0
BO,US,flora,2024,17,0
BO,UY,flora,2004,1,0
BO,UY,flora,2005,1,0
BO,UY,flora,2008,9,0
BO,UY,flora,2009,9,0
BO,UY,flora,2010,16,0
BO,UY,flora,2011,4,0
BO,UY,flora,2014,1,0
BO,UY,flora,2015,1,0
BO,UY,flora,2021,4,0
BO,UY,flora,2023,5,0
BO,VE,flora,2008,1,0
BO,VE,flora,2009,2,0
BO,VE,flora,2010,1,0
BO,VG,flora,2001,2,0
BO,VN,fauna,2018,2,0
BO,VN,fauna,2019,1,0
BO,XX,fauna,1981,25,0
BO,XX,fauna,1982,3,0
BO,XX,fauna,2006,4,0
BO,XX,fauna,2007,3,0
BO,XX,fauna,2012,18,0
BO,XX,fauna,2013,6,0
BO,XX,fauna,2015,4,0
BO,XX,fauna,2024,1,0
BO,XX,flora,2000,1,0
BO,XX,flora,2003,1,0
BO,XX,flora,2006,1,0
BO,XX,flora,2007,2,0
BO,YE,fauna,1994,1,0
BO,ZA,fauna,1980,1,0
BO,ZA,fauna,1981,4,0
BO,ZA,fauna,1985,6,0
BO,ZA,fauna,1987,1,0
BQ,KN,fauna,2019,1,0
BQ,SR,fauna,2016,1,0
BQ,TT,fauna,2016,1,0
BR,AE,fauna,2007,11,0
BR,AE,fauna,2010,18,0
BR,AE,fauna,2011,6,0
BR,AE,fauna,2012,8,0
BR,AE,fauna,2013,25,0
BR,AE,fauna,2014,29,0
BR,AE,fauna,2015,36,0
BR,AE,fauna,2016,35,0
BR,AE,fauna,2017,10,0
BR,AE,fauna,2018,37,0
BR,AE,fauna,2019,1,0
BR,AE,fauna,2020,3,0
BR,AE,fauna,2022,3,0
BR,AE,flora,1998,1,0
BR,AE,flora,1999,3,0
BR,AE,flora,2002,4,0
BR,AE,flora,2004,3,0
BR,AG,flora,1999,1,0
BR,AG,flora,2011,1,0
BR,AG,flora,2015,1,0
BR,AG,flora,2016,2,0
BR,AG,flora,2018,1,0
BR,AM,fauna,2013,2,0
BR,AN,flora,1990,178,0
BR,AN,flora,1991,11,0
BR,AN,flora,1999,13,0
BR,AN,flora,2000,23,0
BR,AN,flora,2001,7,0
BR,AN,flora,2002,38,0
BR,AN,flora,2016,1,0
BR,AO,fauna,2003,2,0
BR,AO,fauna,2006,1,0
BR,AO,fauna,2008,1,0
BR,AO,fauna,2012,1,0
BR,AO,fauna,2017,2,0
BR,AO,fauna,2022,2,0
BR,AR,fauna,1990,2,0
BR,AR,fauna,1991,5,0
BR,AR,fauna,1992,1,0
BR,AR,fauna,1993,13,0
BR,AR,fauna,1994,7,0
BR,AR,fauna,1996,8,0
BR,AR,fauna,1997,4,0
BR,AR,fauna,1998,5,0
BR,AR,fauna,1999,3,0
BR,AR,fauna,2000,3,0
BR,AR,fauna,2001,3,0
BR,AR,fauna,2002,2,0
BR,AR,fauna,2003,7,0
BR,AR,fauna,2004,7,0
BR,AR,fauna,2005,1,0
BR,AR,fauna,2007,2,0
BR,AR,fauna,2008,3,0
BR,AR,fauna,2009,2,0
BR,AR,fauna,2010,1,0
BR,AR,fauna,2011,2,0
BR,AR,fauna,2013,1,0
BR,AR,fauna,2014,6,0
BR,AR,fauna,2015,2,0
BR,AR,fauna,2016,2,0
BR,AR,fauna,2017,10,0
BR,AR,fauna,2018,2,0
BR,AR,fauna,2019,1,0
BR,AR,fauna,2023,2,0
BR,AR,flora,1990,74,0
BR,AR,flora,1991,51,0
BR,AR,flora,1992,478,0
BR,AR,flora,1993,289,0
BR,AR,flora,1994,229,0
BR,AR,flora,1995,4,0
BR,AR,flora,1996,4,0
BR,AR,flora,1997,1,0
BR,AR,flora,1998,18,0
BR,AR,flora,1999,109,0
BR,AR,flora,2000,35,0
BR,AR,flora,2001,55,0
BR,AR,flora,2003,2,0
BR,AR,flora,2004,2,0
BR,AR,flora,2005,71,0
BR,AR,flora,2006,2,0
BR,AR,flora,2007,14,0
BR,AR,flora,2008,58,0
BR,AR,flora,2009,22,0
BR,AR,flora,2010,21,0
BR,AR,flora,2011,13,0
BR,AR,flora,2012,31,0
BR,AR,flora,2013,26,0
BR,AR,flora,2014,5,0
BR,AR,flora,2015,11,0
BR,AR,flora,2016,11,0
BR,AR,flora,2017,7,0
BR,AR,flora,2018,5,0
BR,AR,flora,2019,3,0
BR,AR,flora,2020,4,0
BR,AR,flora,2022,2,0
BR,AR,flora,2023,1,0
BR,AT,fauna,1990,1,0
BR,AT,fauna,1992,7,0
BR,AT,fauna,1993,7,0
BR,AT,fauna,1994,1,0
BR,AT,fauna,1996,4,0
BR,AT,fauna,1997,12,0
BR,AT,fauna,2000,1,0
BR,AT,fauna,2001,1,0
BR,AT,fauna,2002,2,2
BR,AT,fauna,2003,1,0
BR,AT,fauna,2004,10,0
BR,AT,fauna,2005,4,0
BR,AT,fauna,2006,1,0
BR,AT,fauna,2007,2,0
BR,AT,fauna,2009,1,1
BR,AT,fauna,2010,1,0
BR,AT,fauna,2011,5,0
BR,AT,fauna,2012,2,0
BR,AT,fauna,2013,6,0
BR,AT,fauna,2014,19,0
BR,AT,fauna,2015,8,0
BR,AT,fauna,2016,15,0
BR,AT,fauna,2017,27,0
BR,AT,fauna,2018,3,0
BR,AT,fauna,2020,7,0
BR,AT,fauna,2021,4,0
BR,AT,fauna,2022,8,0
BR,AT,fauna,2023,8,0
BR,AT,fauna,2024,11,0
BR,AT,flora,1987,1,0
BR,AT,flora,1988,2,0
BR,AT,flora,1989,4,0
BR,AT,flora,1990,162,0
BR,AT,flora,1991,364,0
BR,AT,flora,1992,69,0
BR,AT,flora,1993,155,0
BR,AT,flora,1994,85,0
BR,AT,flora,1995,3,0
BR,AT,flora,1996,1,0
BR,AT,flora,1999,35,0
BR,AT,flora,2000,64,0
BR,AT,flora,2004,27,0
BR,AT,flora,2008,1,1
BR,AT,flora,2010,38,1
BR,AT,flora,2013,2,0
BR,AT,flora,2015,1,0
BR,AT,flora,2016,1,0
BR,AT,flora,2017,3,0
BR,AT,flora,2018,1,0
BR,AT,flora,2022,1,0
BR,AU,fauna,1982,1,0
BR,AU,fauna,1983,1,0
BR,AU,fauna,1990,1,0
BR,AU,fauna,1991,4,0
BR,AU,fauna,1992,6,0
BR,AU,fauna,1993,2,0
BR,AU,fauna,1994,3,0
BR,AU,fauna,1995,3,0
BR,AU,fauna,1996,1,0
BR,AU,fauna,1997,5,0
BR,AU,fauna,2000,8,0
BR,AU,fauna,2004,2,0
BR,AU,fauna,2005,3,0
BR,AU,fauna,2006,1,0
BR,AU,fauna,2007,2,0
BR,AU,fauna,2008,6,0
BR,AU,fauna,2009,8,0
BR,AU,fauna,2010,2,0
BR,AU,fauna,2011,37,0
BR,AU,fauna,2012,1,0
BR,AU,fauna,2013,11,0
BR,AU,fauna,2014,11,0
BR,AU,fauna,2015,6,0
BR,AU,fauna,2016,4,0
BR,AU,fauna,2017,14,0
BR,AU,fauna,2018,22,0
BR,AU,fauna,2020,4,0
BR,AU,fauna,2021,2,0
BR,AU,fauna,2024,1,0
BR,AU,flora,1984,288,0
BR,AU,flora,1985,156,0
BR,AU,flora,1986,482,0
BR,AU,flora,1987,785,0
BR,AU,flora,1988,502,0
BR,AU,flora,1989,754,0
BR,AU,flora,1990,1256,0
BR,AU,flora,1991,822,0
BR,AU,flora,1992,506,0
BR,AU,flora,1993,88,0
BR,AU,flora,1994,352,0
BR,AU,flora,1996,197,0
BR,AU,flora,1998,35,0
BR,AU,flora,1999,108,0
BR,AU,flora,2000,31,0
BR,AU,flora,2001,24,0
BR,AU,flora,2006,3,0
BR,AU,flora,2007,1,0
BR,AU,flora,2010,1,0
BR,AU,flora,2011,1,0
BR,AU,flora,2013,3,0
BR,AU,flora,2014,1,0
BR,AU,flora,2018,87,0
BR,AU,flora,2020,2,0
BR,AU,flora,2022,1,0
BR,AW,flora,1994,22,0
BR,AW,flora,2004,22,0
BR,AW,flora,2010,42,0
BR,AW,flora,2012,67,0
BR,AW,flora,2013,10,0
BR,AZ,fauna,2014,7,0
BR,BB,flora,1991,20,0
BR,BB,flora,1998,6,0
BR,BB,flora,1999,4,0
BR,BB,flora,2000,2,0
BR,BB,flora,2011,1,0
BR,BB,flora,2017,1,0
BR,BE,fauna,1989,4,0
BR,BE,fauna,1994,9,0
BR,BE,fauna,1995,11,0
BR,BE,fauna,1996,8,0
BR,BE,fauna,1998,2,0
BR,BE,fauna,1999,1,0
BR,BE,fauna,2000,4,0
BR,BE,fauna,2001,32,0
BR,BE,fauna,2002,7,0
BR,BE,fauna,2003,13,0
BR,BE,fauna,2004,2,0
BR,BE,fauna,2005,1,0
BR,BE,fauna,2006,1,0
BR,BE,fauna,2007,17,0
BR,BE,fauna,2008,7,0
BR,BE,fauna,2009,2,0
BR,BE,fauna,2010,6,0
BR,BE,fauna,2011,45,0
BR,BE,fauna,2013,5,0
BR,BE,fauna,2014,2,0
BR,BE,fauna,2015,2,0
BR,BE,fauna,2016,6,0
BR,BE,fauna,2017,5,0
BR,BE,fauna,2020,2,0
BR,BE,fauna,2021,2,0
BR,BE,flora,1987,1,0
BR,BE,flora,1988,4,0
BR,BE,flora,1989,3,0
BR,BE,flora,1990,179,0
BR,BE,flora,1991,8,0
BR,BE,flora,1992,118,0
BR,BE,flora,1993,2,0
BR,BE,flora,1994,160,0
BR,BE,flora,1995,1,0
BR,BE,flora,1996,3,0
BR,BE,flora,1997,10,0
BR,BE,flora,1998,126,26
BR,BE,flora,1999,66,0
BR,BE,flora,2000,18,0
BR,BE,flora,2001,15,0
BR,BE,flora,2002,57,0
BR,BE,flora,2003,33,0
BR,BE,flora,2004,8,0
BR,BE,flora,2005,29,0
BR,BE,flora,2006,118,0
BR,BE,flora,2009,6,0
BR,BE,flora,2012,1,0
BR,BE,flora,2015,13,0
BR,BE,flora,2020,5,0
BR,BE,flora,2021,1,0
BR,BE,flora,2022,99,0
BR,BE,flora,2023,224,0
BR,BE,flora,2024,226,0
BR,BG,fauna,2011,2,0
BR,BH,fauna,2007,4,0
BR,BH,fauna,2008,2,0
BR,BH,fauna,2010,3,0
BR,BH,fauna,2016,3,0
BR,BM,flora,1983,1,0
BR,BM,flora,1985,3,0
BR,BM,flora,1988,23,0
BR,BM,flora,1989,51,0
BR,BM,flora,1990,101,0
BR,BM,flora,1991,110,0
BR,BM,flora,1992,54,0
BR,BM,flora,1993,38,0
BR,BM,flora,1994,90,0
BR,BM,flora,1996,2,0
BR,BM,flora,1998,112,0
BR,BM,flora,2000,14,0
BR,BO,fauna,1991,5,0
BR,BO,fauna,1992,2,0
BR,BO,fauna,1993,1,0
BR,BO,fauna,1996,1,0
BR,BO,fauna,1997,2,0
BR,BO,fauna,1998,2,0
BR,BO,fauna,1999,2,0
BR,BO,fauna,2001,6,0
BR,BO,fauna,2002,5,0
BR,BO,fauna,2003,1,0
BR,BO,fauna,2008,2,0
BR,BO,fauna,2009,1,0
BR,BO,fauna,2011,1,0
BR,BO,fauna,2012,5,0
BR,BO,fauna,2013,2,0
BR,BO,fauna,2018,3,0
BR,BO,flora,1993,2,0
BR,BO,flora,1996,1,0
BR,BO,flora,2000,4,0
BR,BO,flora,2015,2,0
BR,BO,flora,2016,2,0
BR,BO,flora,2017,10,0
BR,BO,flora,2018,39,0
BR,BR,fauna,1990,1,0
BR,BR,fauna,1991,19,0
BR,BR,fauna,1993,11,0
BR,BR,fauna,1994,4,0
BR,BR,fauna,1995,17,0
BR,BR,fauna,1999,1,0
BR,BR,flora,1992,3,0
BR,BR,flora,1995,1,0
BR,BR,flora,1996,1,0
BR,BR,flora,1998,31,0
BR,BR,flora,2000,1,0
BR,BR,flora,2004,2,0
BR,BS,fauna,1995,1,0
BR,BS,flora,1996,25,0
BR,BW,flora,1990,19,0
BR,BW,flora,1992,12,0
BR,BW,flora,1993,14,0
BR,CA,fauna,1978,1,0
BR,CA,fauna,1980,1,0
BR,CA,fauna,1981,1,0
BR,CA,fauna,1982,1,0
BR,CA,fauna,1983,1,0
BR,CA,fauna,1987,1,0
BR,CA,fauna,1990,2,0
BR,CA,fauna,1991,3,0
BR,CA,fauna,1993,1,0
BR,CA,fauna,1994,6,0
BR,CA,fauna,1995,4,0
BR,CA,fauna,1996,7,0
BR,CA,fauna,1997,8,0
BR,CA,fauna,1998,4,0
BR,CA,fauna,1999,1,0
BR,CA,fauna,2000,6,0
BR,CA,fauna,2001,11,0
BR,CA,fauna,2004,25,0
BR,CA,fauna,2005,2,0
BR,CA,fauna,2006,2,0
BR,CA,fauna,2007,12,0
BR,CA,fauna,2008,90,0
BR,CA,fauna,2009,1,0
BR,CA,fauna,2010,15,0
BR,CA,fauna,2011,6,0
BR,CA,fauna,2012,12,0
BR,CA,fauna,2013,11,0
BR,CA,fauna,2014,7,0
BR,CA,fauna,2015,30,0
BR,CA,fauna,2016,33,0
BR,CA,fauna,2017,29,0
BR,CA,fauna,2018,9,0
BR,CA,fauna,2020,4,0
BR,CA,fauna,2022,7,0
BR,CA,flora,1985,1,0
BR,CA,flora,1988,9,0
BR,CA,flora,1989,3,0
BR,CA,flora,1990,429,0
BR,CA,flora,1991,429,0
BR,CA,flora,1992,667,0
BR,CA,flora,1993,514,0
BR,CA,flora,1994,123,0
BR,CA,flora,1995,65,0
BR,CA,flora,1996,50,0
BR,CA,flora,1997,1,0
BR,CA,flora,1998,19,0
BR,CA,flora,1999,745,0
BR,CA,flora,2000,267,0
BR,CA,flora,2001,403,0
BR,CA,flora,2002,245,0
BR,CA,flora,2003,254,0
BR,CA,flora,2004,175,0
BR,CA,flora,2005,365,0
BR,CA,flora,2006,100,0
BR,CA,flora,2007,38,0
BR,CA,flora,2008,3,0
BR,CA,flora,2009,1,0
BR,CA,flora,2010,151,0
BR,CA,flora,2011,72,0
BR,CA,flora,2012,2,0
BR,CA,flora,2013,2,0
BR,CA,flora,2014,3,0
BR,CA,flora,2015,5,0
BR,CA,flora,2016,3,0
BR,CA,flora,2017,61,0
BR,CA,flora,2018,9,0
BR,CA,flora,2020,34,0
BR,CA,flora,2021,1,0
BR,CA,flora,2022,17,0
BR,CA,flora,2024,72,0
BR,CF,flora,1990,78,0
BR,CG,fauna,2012,1,0
BR,CH,fauna,1982,5,0
BR,CH,fauna,1985,1,0
BR,CH,fauna,1989,2,0
BR,CH,fauna,1990,4,0
BR,CH,fauna,1992,1,0
BR,CH,fauna,1993,9,0
BR,CH,fauna,1994,1,0
BR,CH,fauna,1995,3,0
BR,CH,fauna,1996,2,0
BR,CH,fauna,1997,1,0
BR,CH,fauna,1998,3,0
BR,CH,fauna,2000,2,0
BR,CH,fauna,2003,5,0
BR,CH,fauna,2004,59,0
BR,CH,fauna,2005,9,0
BR,CH,fauna,2006,12,0
BR,CH,fauna,2007,8,0
BR,CH,fauna,2008,5,0
BR,CH,fauna,2009,20,0
BR,CH,fauna,2010,7,0
BR,CH,fauna,2011,6,0
BR,CH,fauna,2012,3,0
BR,CH,fauna,2013,29,0
BR,CH,fauna,2014,20,0
BR,CH,fauna,2015,56,0
BR,CH,fauna,2016,13,0
BR,CH,fauna,2017,12,0
BR,CH,fauna,2018,9,0
BR,CH,fauna,2019,20,0
BR,CH,fauna,2020,4,0
BR,CH,fauna,2021,21,0
BR,CH,fauna,2022,8,0
BR,CH,fauna,2023,5,0
BR,CH,fauna,2024,19,0
BR,CH,flora,1984,31,0
BR,CH,flora,1985,2,0
BR,CH,flora,1986,24,0
BR,CH,flora,1987,1,0
BR,CH,flora,1988,11,9
BR,CH,flora,1989,2,0
BR,CH,flora,1990,296,0
BR,CH,flora,1991,169,0
BR,CH,flora,1992,39,0
BR,CH,flora,1993,242,0
BR,CH,flora,1994,120,0
BR,CH,flora,1995,2,0
BR,CH,flora,1996,8,0
BR,CH,flora,1998,81,0
BR,CH,flora,2000,129,0
BR,CH,flora,2001,470,0
BR,CH,flora,2002,111,0
BR,CH,flora,2003,88,0
BR,CH,flora,2004,112,0
BR,CH,flora,2005,85,0
BR,CH,flora,2006,26,0
BR,CH,flora,2007,96,0
BR,CH,flora,2008,27,0
BR,CH,flora,2009,1,0
BR,CH,flora,2010,31,0
BR,CH,flora,2011,1,0
BR,CH,flora,2012,101,0
BR,CH,flora,2013,1,0
BR,CH,flora,2018,72,0
BR,CH,flora,2020,83,0
BR,CH,flora,2023,20,0
BR,CH,flora,2024,57,0
BR,CI,flora,1990,7,0
BR,CL,fauna,1993,29,0
BR,CL,fauna,1994,5,0
BR,CL,fauna,1995,7,0
BR,CL,fauna,1996,18,0
BR,CL,fauna,1997,12,0
BR,CL,fauna,1998,3,0
BR,CL,fauna,1999,1,0
BR,CL,fauna,2000,2,0
BR,CL,fauna,2001,3,0
BR,CL,fauna,2002,2,0
BR,CL,fauna,2003,1,0
BR,CL,fauna,2005,2,0
BR,CL,fauna,2006,1,0
BR,CL,fauna,2007,1,0
BR,CL,fauna,2009,1,0
BR,CL,fauna,2015,3,0
BR,CL,fauna,2016,2,0
BR,CL,fauna,2020,14,0
BR,CL,fauna,2022,1,0
BR,CL,flora,1990,16,0
BR,CL,flora,1994,9,0
BR,CL,flora,1998,19,0
BR,CL,flora,1999,3,0
BR,CL,flora,2000,38,0
BR,CL,flora,2001,5,0
BR,CL,flora,2002,72,0
BR,CL,flora,2004,49,0
BR,CL,flora,2005,65,0
BR,CL,flora,2006,45,0
BR,CL,flora,2007,141,0
BR,CL,flora,2008,75,0
BR,CL,flora,2009,28,0
BR,CL,flora,2010,23,0
BR,CL,flora,2012,1,0
BR,CL,flora,2013,2,0
BR,CL,flora,2016,5,0
BR,CL,flora,2017,1,0
BR,CL,flora,2018,2,0
BR,CM,fauna,1988,1,0
BR,CM,fauna,2014,4,0
BR,CN,fauna,1994,9,0
BR,CN,fauna,1996,1,0
BR,CN,fauna,1997,1,0
BR,CN,fauna,1999,3,0
BR,CN,fauna,2000,2,0
BR,CN,fauna,2001,12,0
BR,CN,fauna,2002,3,0
BR,CN,fauna,2003,5,0
BR,CN,fauna,2004,82,0
BR,CN,fauna,2005,7,0
BR,CN,fauna,2006,5,0
BR,CN,fauna,2007,10,0
BR,CN,fauna,2008,13,0
BR,CN,fauna,2009,12,0
BR,CN,fauna,2010,8,0
BR,CN,fauna,2011,15,0
BR,CN,fauna,2012,33,0
BR,CN,fauna,2013,4,0
BR,CN,fauna,2014,29,0
BR,CN,fauna,2015,37,0
BR,CN,fauna,2016,37,0
BR,CN,fauna,2017,9,0
BR,CN,fauna,2018,8,0
BR,CN,fauna,2020,2,0
BR,CN,fauna,2022,4,0
BR,CN,fauna,2024,10,0
BR,CN,flora,1990,140,0
BR,CN,flora,1991,9,0
BR,CN,flora,1994,2,0
BR,CN,flora,2000,9,0
BR,CN,flora,2001,25,0
BR,CN,flora,2002,4,0
BR,CN,flora,2003,11,0
BR,CN,flora,2005,13,0
BR,CN,flora,2007,83,0
BR,CN,flora,2008,37,0
BR,CN,flora,2009,163,0
BR,CN,flora,2010,40,0
BR,CN,flora,2011,54,0
BR,CN,flora,2012,35,0
BR,CN,flora,2013,87,0
BR,CN,flora,2014,1,0
BR,CN,flora,2015,10,0
BR,CN,flora,2016,7,0
BR,CN,flora,2017,22,0
BR,CN,flora,2018,14,0
BR,CN,flora,2019,4,0
BR,CN,flora,2020,87,0
BR,CN,flora,2021,19,0
BR,CN,flora,2022,138,0
BR,CN,flora,2023,15,0
BR,CN,flora,2024,84,0
BR,CO,fauna,1991,1,0
BR,CO,fauna,1995,46,0
BR,CO,fauna,1997,2,0
BR,CO,fauna,2008,6,0
BR,CO,fauna,2010,1,0
BR,CO,fauna,2011,3,0
BR,CO,fauna,2012,6,0
BR,CO,fauna,2015,3,0
BR,CO,fauna,2017,1,0
BR,CO,fauna,2020,2,0
BR,CO,fauna,2022,1,0
BR,CO,fauna,2024,1,0
BR,CO,flora,1990,137,0
BR,CO,flora,1991,313,0
BR,CO,flora,1992,183,0
BR,CO,flora,1993,73,0
BR,CO,flora,1994,70,0
BR,CO,flora,1997,4,0
BR,CO,flora,1998,24,0
BR,CO,flora,1999,6,0
BR,CO,flora,2000,12,0
BR,CO,flora,2002,17,0
BR,CO,flora,2004,11,0
BR,CO,flora,2005,7,0
BR,CO,flora,2006,1,0
BR,CO,flora,2015,1,0
BR,CR,fauna,1994,3,0
BR,CR,fauna,2001,1,0
BR,CR,fauna,2016,1,0
BR,CR,flora,1997,2,0
BR,CR,flora,1999,33,0
BR,CR,flora,2000,7,0
BR,CR,flora,2001,66,0
BR,CR,flora,2003,69,0
BR,CR,flora,2005,52,0
BR,CR,flora,2006,42,0
BR,CU,fauna,1996,3,0
BR,CU,fauna,1999,1,0
BR,CY,fauna,2014,2,0
BR,CY,fauna,2015,2,0
BR,CY,fauna,2016,3,0
BR,CY,fauna,2017,1,0
BR,CY,fauna,2018,1,0
BR,CY,flora,1999,1,0
BR,CZ,fauna,1994,2,0
BR,CZ,fauna,1995,2,0
BR,CZ,fauna,1998,3,0
BR,CZ,fauna,2003,14,0
BR,CZ,fauna,2004,51,0
BR,CZ,fauna,2005,11,0
BR,CZ,fauna,2006,2,0
BR,CZ,fauna,2007,1,0
BR,CZ,fauna,2008,9,0
BR,CZ,fauna,2009,2,0
BR,CZ,fauna,2011,2,0
BR,CZ,fauna,2018,2,0
BR,CZ,fauna,2023,2,0
BR,CZ,flora,1994,28,0
BR,CZ,flora,1998,40,0
BR,CZ,flora,1999,4,4
BR,CZ,flora,2004,272,0
BR,CZ,flora,2005,2,0
BR,CZ,flora,2006,231,0
BR,CZ,flora,2007,102,0
BR,CZ,flora,2008,38,0
BR,CZ,flora,2011,2,0
BR,CZ,flora,2023,5,0
BR,CZ,flora,2024,11,0
BR,DE,fauna,1976,7,0
BR,DE,fauna,1977,4,0
BR,DE,fauna,1981,4,0
BR,DE,fauna,1983,1,0
BR,DE,fauna,1984,2,0
BR,DE,fauna,1986,1,0
BR,DE,fauna,1987,1,0
BR,DE,fauna,1988,10,0
BR,DE,fauna,1989,4,0
BR,DE,fauna,1990,8,0
BR,DE,fauna,1991,7,0
BR,DE,fauna,1992,5,0
BR,DE,fauna,1993,11,0
BR,DE,fauna,1994,4,0
BR,DE,fauna,1995,7,0
BR,DE,fauna,1996,3,0
BR,DE,fauna,1997,13,0
BR,DE,fauna,1998,41,0
BR,DE,fauna,1999,52,0
BR,DE,fauna,2000,72,0
BR,DE,fauna,2001,47,0
BR,DE,fauna,2002,34,0
BR,DE,fauna,2003,14,0
BR,DE,fauna,2004,18,0
BR,DE,fauna,2005,22,0
BR,DE,fauna,2006,11,0
BR,DE,fauna,2007,43,0
BR,DE,fauna,2008,43,0
BR,DE,fauna,2009,25,0
BR,DE,fauna,2010,33,0
BR,DE,fauna,2011,47,0
BR,DE,fauna,2012,24,0
BR,DE,fauna,2013,78,0
BR,DE,fauna,2014,91,0
BR,DE,fauna,2015,54,0
BR,DE,fauna,2016,45,0
BR,DE,fauna,2017,19,0
BR,DE,fauna,2018,32,0
BR,DE,fauna,2019,5,0
BR,DE,fauna,2020,26,0
BR,DE,fauna,2021,2,0
BR,DE,fauna,2022,41,0
BR,DE,fauna,2023,17,0
BR,DE,fauna,2024,24,0
BR,DE,flora,1977,1,0
BR,DE,flora,1978,1,0
BR,DE,flora,1979,1,0
BR,DE,flora,1981,129,0
BR,DE,flora,1984,553,0
BR,DE,flora,1985,227,0
BR,DE,flora,1986,1115,0
BR,DE,flora,1987,1794,0
BR,DE,flora,1988,1942,0
BR,DE,flora,1989,1752,0
BR,DE,flora,1990,4506,0
BR,DE,flora,1991,4384,0
BR,DE,flora,1992,3081,0
BR,DE,flora,1993,3225,0
BR,DE,flora,1994,2333,0
BR,DE,flora,1995,1082,0
BR,DE,flora,1996,678,0
BR,DE,flora,1997,493,0
BR,DE,flora,1998,746,0
BR,DE,flora,1999,923,0
BR,DE,flora,2000,533,0
BR,DE,flora,2001,875,0
BR,DE,flora,2002,1043,0
BR,DE,flora,2003,557,0
BR,DE,flora,2004,1780,0
BR,DE,flora,2005,1826,0
BR,DE,flora,2006,2416,0
BR,DE,flora,2007,2279,0
BR,DE,flora,2008,2128,0
BR,DE,flora,2009,1947,0
BR,DE,flora,2010,2323,0
BR,DE,flora,2011,1437,0
BR,DE,flora,2012,1792,0
BR,DE,flora,2013,948,0
BR,DE,flora,2014,436,0
BR,DE,flora,2015,1010,0
BR,DE,flora,2016,1689,0
BR,DE,flora,2017,1541,0
BR,DE,flora,2018,1408,0
BR,DE,flora,2019,729,0
BR,DE,flora,2020,866,0
BR,DE,flora,2021,436,0
BR,DE,flora,2022,629,0
BR,DE,flora,2023,565,0
BR,DE,flora,2024,1907,0
BR,DK,fauna,1982,1,0
BR,DK,fauna,1983,2,0
BR,DK,fauna,1985,1,0
BR,DK,fauna,1986,1,0
BR,DK,fauna,1993,2,0
BR,DK,fauna,2000,1,0
BR,DK,fauna,2001,3,0
BR,DK,fauna,2002,1,0
BR,DK,fauna,2003,1,0
BR,DK,fauna,2006,1,0
BR,DK,fauna,2008,4,0
BR,DK,fauna,2012,10,0
BR,DK,fauna,2013,10,0
BR,DK,fauna,2015,7,0
BR,DK,fauna,2017,1,0
BR,DK,fauna,2019,1,0
BR,DK,flora,1987,88,0
BR,DK,flora,1988,89,0
BR,DK,flora,1989,15,0
BR,DK,flora,1990,27,0
BR,DK,flora,1991,464,9
BR,DK,flora,1992,271,0
BR,DK,flora,1993,66,0
BR,DK,flora,1994,210,0
BR,DK,flora,1995,3,0
BR,DK,flora,1996,132,0
BR,DK,flora,1997,230,0
BR,DK,flora,1998,7,0
BR,DK,flora,1999,50,0
BR,DK,flora,2000,8,0
BR,DK,flora,2001,12,0
BR,DK,flora,2002,125,0
BR,DK,flora,2004,11,1
BR,DK,flora,2005,194,0
BR,DK,flora,2006,288,0
BR,DK,flora,2008,158,2
BR,DK,flora,2024,28,0
BR,DO,fauna,1994,1,0
BR,DO,fauna,2003,6,0
BR,DO,fauna,2010,2,0
BR,DO,fauna,2012,2,0
BR,DO,fauna,2014,6,0
BR,DO,fauna,2016,3,0
BR,DO,fauna,2017,1,0
BR,DO,fauna,2018,1,0
BR,DO,flora,1998,15,0
BR,DO,flora,1999,45,0
BR,DO,flora,2000,62,0
BR,DO,flora,2001,22,0
BR,DO,flora,2002,29,0
BR,DO,flora,2003,4,0
BR,DO,flora,2004,6,0
BR,DO,flora,2006,3,0
BR,DO,flora,2007,4,0
BR,DO,flora,2008,6,0
BR,DO,flora,2010,2,0
BR,DO,flora,2011,1,0
BR,DO,flora,2012,9,0
BR,DO,flora,2013,33,0
BR,DO,flora,2014,11,0
BR,DO,flora,2015,13,0
BR,DO,flora,2016,19,0
BR,DO,flora,2017,45,0
BR,DO,flora,2018,21,0
BR,DO,flora,2019,20,0
BR,DO,flora,2020,5,0
BR,DO,flora,2021,2,0
BR,DO,flora,2022,10,0
BR,DO,flora,2023,2,0
BR,DO,flora,2024,5,0
BR,DZ,fauna,2005,1,0
BR,EC,fauna,1993,1,0
BR,EC,flora,1991,71,0
BR,EC,flora,1997,1,0
BR,EC,flora,2000,25,0
BR,EC,flora,2001,13,0
BR,EC,flora,2002,7,0
BR,EC,flora,2003,9,0
BR,EC,flora,2004,72,0
BR,EC,flora,2007,261,0
BR,EC,flora,2011,4,0
BR,EC,flora,2012,34,0
BR,EE,fauna,2017,3,0
BR,EE,flora,2003,16,0
BR,EE,flora,2024,1,0
BR,EG,fauna,1996,1,0
BR,EG,fauna,2005,1,0
BR,EG,fauna,2009,1,0
BR,EG,fauna,2010,1,0
BR,EG,fauna,2011,1,0
BR,EG,fauna,2012,4,0
BR,EG,fauna,2013,5,0
BR,ES,fauna,1989,3,0
BR,ES,fauna,1990,2,0
BR,ES,fauna,1991,3,0
BR,ES,fauna,1993,3,0
BR,ES,fauna,1994,4,3
BR,ES,fauna,1995,11,4
BR,ES,fauna,1996,10,5
BR,ES,fauna,1997,22,0
BR,ES,fauna,1998,12,1
BR,ES,fauna,1999,28,0
BR,ES,fauna,2000,13,0
BR,ES,fauna,2001,19,0
BR,ES,fauna,2002,16,1
BR,ES,fauna,2003,85,0
BR,ES,fauna,2004,37,12
BR,ES,fauna,2005,36,4
BR,ES,fauna,2006,17,0
BR,ES,fauna,2007,23,0
BR,ES,fauna,2008,25,0
BR,ES,fauna,2009,18,3
BR,ES,fauna,2010,7,0
BR,ES,fauna,2011,13,0
BR,ES,fauna,2012,6,0
BR,ES,fauna,2013,6,0
BR,ES,fauna,2014,8,0
BR,ES,fauna,2015,11,0
BR,ES,fauna,2016,7,0
BR,ES,fauna,2017,5,0
BR,ES,fauna,2018,5,0
BR,ES,fauna,2019,21,0
BR,ES,fauna,2020,18,0
BR,ES,fauna,2021,1,0
BR,ES,fauna,2022,2,0
BR,ES,fauna,2023,1,0
BR,ES,fauna,2024,1,0
BR,ES,flora,1989,1,0
BR,ES,flora,1990,137,0
BR,ES,flora,1991,70,0
BR,ES,flora,1992,160,0
BR,ES,flora,1993,226,0
BR,ES,flora,1994,263,0
BR,ES,flora,1995,420,0
BR,ES,flora,1996,321,0
BR,ES,flora,1997,120,0
BR,ES,flora,1998,111,0
BR,ES,flora,1999,81,0
BR,ES,flora,2000,53,0
BR,ES,flora,2001,246,0
BR,ES,flora,2002,96,1
BR,ES,flora,2003,285,1
BR,ES,flora,2004,48,0
BR,ES,flora,2005,26,0
BR,ES,flora,2006,11,0
BR,ES,flora,2007,37,0
BR,ES,flora,2008,2,0
BR,ES,flora,2009,3,0
BR,ES,flora,2010,2,0
BR,ES,flora,2012,3,0
BR,ES,flora,2013,12,0
BR,ES,flora,2014,7,0
BR,ES,flora,2015,26,0
BR,ES,flora,2016,33,0
BR,ES,flora,2017,22,0
BR,ES,flora,2018,34,0
BR,ES,flora,2019,10,0
BR,ES,flora,2020,10,0
BR,ES,flora,2021,1,0
BR,ES,flora,2022,1,0
BR,ES,flora,2023,3,0
BR,ES,flora,2024,33,0
BR,FI,fauna,2012,1,0
BR,FI,fauna,2013,6,0
BR,FI,fauna,2014,1,0
BR,FI,flora,1990,51,0
BR,FI,flora,1991,70,0
BR,FI,flora,1992,17,0
BR,FI,flora,1993,38,0
BR,FI,flora,1994,41,0
BR,FI,flora,1995,1,0
BR,FI,flora,1998,2,0
BR,FI,flora,1999,8,0
BR,FI,flora,2008,3,0
BR,FI,flora,2009,2,0
BR,FR,fauna,1989,2,0
BR,FR,fauna,1990,4,0
BR,FR,fauna,1991,6,0
BR,FR,fauna,1992,8,2
BR,FR,fauna,1993,13,0
BR,FR,fauna,1994,1,0
BR,FR,fauna,1995,9,0
BR,FR,fauna,1996,9,0
BR,FR,fauna,1997,8,0
BR,FR,fauna,1998,35,0
BR,FR,fauna,1999,19,0
BR,FR,fauna,2000,9,0
BR,FR,fauna,2001,2,0
BR,FR,fauna,2002,5,0
BR,FR,fauna,2003,21,0
BR,FR,fauna,2004,12,0
BR,FR,fauna,2005,843,0
BR,FR,fauna,2006,10,0
BR,FR,fauna,2007,24,0
BR,FR,fauna,2008,59,0
BR,FR,fauna,2009,43,0
BR,FR,fauna,2010,33,0
BR,FR,fauna,2011,30,0
BR,FR,fauna,2012,35,0
BR,FR,fauna,2013,75,0
BR,FR,fauna,2014,138,0
BR,FR,fauna,2015,102,0
BR,FR,fauna,2016,304,0
BR,FR,fauna,2017,96,0
BR,FR,fauna,2018,142,0
BR,FR,fauna,2019,9,0
BR,FR,fauna,2020,83,0
BR,FR,fauna,2021,96,0
BR,FR,fauna,2022,191,0
BR,FR,fauna,2023,82,0
BR,FR,fauna,2024,117,0
BR,FR,flora,1987,2,0
BR,FR,flora,1988,1,0
BR,FR,flora,1989,4,0
BR,FR,flora,1990,719,0
BR,FR,flora,1991,744,0
BR,FR,flora,1992,282,0
BR,FR,flora,1993,231,0
BR,FR,flora,1994,206,0
BR,FR,flora,1995,1,0
BR,FR,flora,1996,6,0
BR,FR,flora,1998,135,0
BR,FR,flora,1999,227,0
BR,FR,flora,2000,90,0
BR,FR,flora,2001,56,0
BR,FR,flora,2002,22,0
BR,FR,flora,2003,107,0
BR,FR,flora,2004,26,0
BR,FR,flora,2005,458,0
BR,FR,flora,2006,171,0
BR,FR,flora,2007,689,0
BR,FR,flora,2008,132,0
BR,FR,flora,2009,110,0
BR,FR,flora,2010,73,0
BR,FR,flora,2011,5,0
BR,FR,flora,2012,45,0
BR,FR,flora,2013,2,0
BR,FR,flora,2014,16,0
BR,FR,flora,2015,2,0
BR,FR,flora,2016,8,0
BR,FR,flora,2017,7,0
BR,FR,flora,2018,7,0
BR,FR,flora,2019,4,0
BR,FR,flora,2020,14,0
BR,FR,flora,2021,5,0
BR,FR,flora,2022,109,0
BR,FR,flora,2023,309,0
BR,FR,flora,2024,438,0
BR,GA,flora,1991,24,0
BR,GB,fauna,1976,6,0
BR,GB,fauna,1977,3,0
BR,GB,fauna,1980,1,0
BR,GB,fauna,1983,1,1
BR,GB,fauna,1984,1,0
BR,GB,fauna,1985,1,0
BR,GB,fauna,1987,1,0
BR,GB,fauna,1988,5,0
BR,GB,fauna,1989,6,0
BR,GB,fauna,1990,4,0
BR,GB,fauna,1991,3,0
BR,GB,fauna,1992,3,0
BR,GB,fauna,1993,4,0
BR,GB,fauna,1994,13,0
BR,GB,fauna,1995,56,0
BR,GB,fauna,1996,2,0
BR,GB,fauna,1997,6,3
BR,GB,fauna,1998,3,0
BR,GB,fauna,1999,10,1
BR,GB,fauna,2000,17,3
BR,GB,fauna,2001,68,3
BR,GB,fauna,2002,21,4
BR,GB,fauna,2003,10,1
BR,GB,fauna,2004,12,1
BR,GB,fauna,2005,8,0
BR,GB,fauna,2006,4,0
BR,GB,fauna,2007,37,5
BR,GB,fauna,2008,40,1
BR,GB,fauna,2009,26,0
BR,GB,fauna,2010,32,0
BR,GB,fauna,2011,53,0
BR,GB,fauna,2012,43,0
BR,GB,fauna,2013,47,0
BR,GB,fauna,2014,32,0
BR,GB,fauna,2015,37,0
BR,GB,fauna,2016,17,0
BR,GB,fauna,2017,40,0
BR,GB,fauna,2018,33,0
BR,GB,fauna,2019,4,0
BR,GB,fauna,2020,4,0
BR,GB,fauna,2022,37,0
BR,GB,fauna,2024,7,0
BR,GB,flora,1976,7,0
BR,GB,flora,1977,24,0
BR,GB,flora,1978,49,0
BR,GB,flora,1979,54,0
BR,GB,flora,1980,9,0
BR,GB,flora,1981,115,0
BR,GB,flora,1982,36,0
BR,GB,flora,1983,14,0
BR,GB,flora,1984,4,0
BR,GB,flora,1985,74,0
BR,GB,flora,1986,61,0
BR,GB,flora,1987,75,0
BR,GB,flora,1988,173,0
BR,GB,flora,1989,278,0
BR,GB,flora,1990,640,0
BR,GB,flora,1991,253,0
BR,GB,flora,1992,306,0
BR,GB,flora,1993,337,0
BR,GB,flora,1994,74,0
BR,GB,flora,1995,12,0
BR,GB,flora,1996,220,0
BR,GB,flora,1997,103,1
BR,GB,flora,1998,579,1
BR,GB,flora,1999,467,1
BR,GB,flora,2000,464,0
BR,GB,flora,2001,264,0
BR,GB,flora,2002,445,3
BR,GB,flora,2003,268,3
BR,GB,flora,2004,253,2
BR,GB,flora,2005,472,0
BR,GB,flora,2006,162,0
BR,GB,flora,2007,184,0
BR,GB,flora,2008,282,32
BR,GB,flora,2009,118,0
BR,GB,flora,2010,1,0
BR,GB,flora,2014,1,0
BR,GB,flora,2015,20,0
BR,GB,flora,2018,1,0
BR,GB,flora,2020,6,0
BR,GB,flora,2021,2,0
BR,GB,flora,2022,2,0
BR,GB,flora,2023,29,0
BR,GB,flora,2024,395,0
BR,GD,flora,1994,59,0
BR,GF,fauna,2005,13,0
BR,GF,flora,1991,14,0
BR,GF,flora,2008,2,0
BR,GP,flora,1990,112,0
BR,GP,flora,1991,67,0
BR,GP,flora,1998,1,0
BR,GP,flora,1999,4,0
BR,GP,flora,2020,4,0
BR,GR,fauna,2000,1,0
BR,GR,fauna,2008,1,0
BR,GR,fauna,2010,2,0
BR,GR,fauna,2014,3,0
BR,GR,fauna,2015,6,0
BR,GR,fauna,2016,3,0
BR,GR,fauna,2017,8,0
BR,GR,fauna,2018,13,0
BR,GR,fauna,2019,1,0
BR,GR,flora,1992,21,0
BR,GR,flora,2020,1,0
BR,GT,fauna,2005,2,0
BR,GT,flora,1990,76,0
BR,GT,flora,1999,1,0
BR,GT,flora,2003,2,0
BR,GT,flora,2004,1,0
BR,GT,flora,2012,1,0
BR,GW,fauna,1997,4,0
BR,GY,fauna,2005,5,0
BR,GY,flora,2002,9,0
BR,GY,flora,2003,14,0
BR,HK,fauna,1993,2,0
BR,HK,fauna,1994,13,0
BR,HK,fauna,2000,5,0
BR,HK,fauna,2001,2,0
BR,HK,fauna,2002,2,0
BR,HK,fauna,2003,1,0
BR,HK,fauna,2005,9,0
BR,HK,fauna,2006,2,0
BR,HK,fauna,2007,7,0
BR,HK,fauna,2008,8,0
BR,HK,fauna,2009,12,0
BR,HK,fauna,2010,7,0
BR,HK,fauna,2011,22,0
BR,HK,fauna,2012,22,0
BR,HK,fauna,2013,31,0
BR,HK,fauna,2014,36,0
BR,HK,fauna,2015,21,0
BR,HK,fauna,2016,27,0
BR,HK,fauna,2017,12,0
BR,HK,fauna,2018,31,0
BR,HK,fauna,2019,10,0
BR,HK,fauna,2020,9,0
BR,HK,fauna,2021,5,0
BR,HK,fauna,2022,3,0
BR,HK,fauna,2023,7,0
BR,HK,fauna,2024,16,0
BR,HK,flora,1990,1,0
BR,HK,flora,1991,62,0
BR,HK,flora,1992,32,0
BR,HK,flora,1993,117,0
BR,HK,flora,1994,56,0
BR,HK,flora,2000,142,0
BR,HK,flora,2001,124,0
BR,HK,flora,2002,79,0
BR,HK,flora,2003,328,0
BR,HK,flora,2004,167,0
BR,HK,flora,2005,126,0
BR,HK,flora,2006,187,0
BR,HK,flora,2007,274,0
BR,HK,flora,2008,126,0
BR,HK,flora,2009,254,0
BR,HK,flora,2010,120,0
BR,HK,flora,2011,48,0
BR,HK,flora,2013,77,0
BR,HK,flora,2015,98,0
BR,HK,flora,2016,55,0
BR,HK,flora,2017,120,0
BR,HK,flora,2020,1,0
BR,HK,flora,2022,6,0
BR,HK,flora,2024,6,0
BR,HN,flora,2001,18,0
BR,HN,flora,2015,1,0
BR,HT,flora,2011,2,0
BR,HT,flora,2012,1,0
BR,HT,flora,2013,5,0
BR,HT,flora,2014,9,0
BR,HT,flora,2015,4,0
BR,HT,flora,2016,14,0
BR,HT,flora,2017,9,0
BR,HT,flora,2018,5,0
BR,HT,flora,2020,20,0
BR,HT,flora,2022,12,0
BR,HU,fauna,1999,1,0
BR,HU,fauna,2007,2,0
BR,HU,fauna,2018,5,0
BR,HU,flora,1992,1,0
BR,HU,flora,1998,51,0
BR,HU,flora,2002,41,0
BR,HU,flora,2004,8,0
BR,HU,flora,2012,68,0
BR,ID,fauna,1992,2,0
BR,ID,fauna,2000,1,0
BR,ID,fauna,2007,2,0
BR,ID,fauna,2008,1,0
BR,ID,fauna,2009,1,0
BR,ID,fauna,2012,2,0
BR,ID,fauna,2014,2,0
BR,ID,fauna,2017,2,0
BR,ID,fauna,2021,2,0
BR,ID,fauna,2022,2,0
BR,ID,flora,2000,6,0
BR,ID,flora,2001,6,0
BR,ID,flora,2006,66,0
BR,IE,fauna,2011,2,0
BR,IE,fauna,2021,1,0
BR,IE,flora,1995,3,0
BR,IE,flora,1996,69,0
BR,IE,flora,1997,28,0
BR,IE,flora,1998,11,0
BR,IE,flora,1999,5,0
BR,IE,flora,2000,3,0
BR,IL,fauna,1997,1,0
BR,IL,fauna,2004,1,0
BR,IL,fauna,2006,2,0
BR,IL,fauna,2008,1,0
BR,IL,fauna,2009,1,0
BR,IL,fauna,2010,1,0
BR,IL,fauna,2011,3,0
BR,IL,fauna,2012,4,0
BR,IL,fauna,2014,2,0
BR,IL,fauna,2015,4,0
BR,IL,fauna,2016,1,0
BR,IL,fauna,2017,3,0
BR,IL,fauna,2018,2,0
BR,IL,flora,2007,8,0
BR,IL,flora,2024,1,0
BR,IN,fauna,1995,3,0
BR,IN,fauna,1999,2,0
BR,IN,fauna,2017,1,0
BR,IN,flora,1992,1,0
BR,IN,flora,2020,1,0
BR,IN,flora,2024,1,0
BR,IQ,fauna,2022,2,0
BR,IR,fauna,2016,8,0
BR,IR,fauna,2018,6,0
BR,IT,fauna,1981,3,0
BR,IT,fauna,1983,2,0
BR,IT,fauna,1984,5,5
BR,IT,fauna,1985,3,3
BR,IT,fauna,1986,1,1
BR,IT,fauna,1987,3,1
BR,IT,fauna,1989,7,4
BR,IT,fauna,1990,5,0
BR,IT,fauna,1993,6,0
BR,IT,fauna,1994,25,0
BR,IT,fauna,1995,11,0
BR,IT,fauna,1996,14,0
BR,IT,fauna,1997,7,0
BR,IT,fauna,1998,30,0
BR,IT,fauna,1999,20,0
BR,IT,fauna,2000,24,0
BR,IT,fauna,2001,33,0
BR,IT,fauna,2002,24,0
BR,IT,fauna,2003,28,0
BR,IT,fauna,2004,27,0
BR,IT,fauna,2005,12,0
BR,IT,fauna,2006,5,0
BR,IT,fauna,2007,18,0
BR,IT,fauna,2008,28,0
BR,IT,fauna,2009,19,0
BR,IT,fauna,2010,14,0
BR,IT,fauna,2011,20,0
BR,IT,fauna,2012,22,0
BR,IT,fauna,2013,35,0
BR,IT,fauna,2014,132,0
BR,IT,fauna,2015,111,0
BR,IT,fauna,2016,96,0
BR,IT,fauna,2017,101,0
BR,IT,fauna,2018,111,0
BR,IT,fauna,2019,9,0
BR,IT,fauna,2020,6,0
BR,IT,fauna,2021,1,0
BR,IT,fauna,2022,13,0
BR,IT,fauna,2023,1,0
BR,IT,fauna,2024,20,0
BR,IT,flora,1981,16,0
BR,IT,flora,1985,3,0
BR,IT,flora,1986,7,0
BR,IT,flora,1987,11,0
BR,IT,flora,1988,23,0
BR,IT,flora,1989,43,0
BR,IT,flora,1990,2348,0
BR,IT,flora,1991,499,0
BR,IT,flora,1992,210,0
BR,IT,flora,1993,170,0
BR,IT,flora,1994,148,0
BR,IT,flora,1995,7,0
BR,IT,flora,1996,20,0
BR,IT,flora,1997,6,0
BR,IT,flora,1998,32,0
BR,IT,flora,1999,33,0
BR,IT,flora,2000,55,0
BR,IT,flora,2001,56,0
BR,IT,flora,2002,41,0
BR,IT,flora,2003,37,0
BR,IT,flora,2004,26,0
BR,IT,flora,2005,44,0
BR,IT,flora,2006,53,0
BR,IT,flora,2007,42,0
BR,IT,flora,2008,12,0
BR,IT,flora,2009,6,0
BR,IT,flora,2010,28,0
BR,IT,flora,2011,6,0
BR,IT,flora,2012,11,0
BR,IT,flora,2013,81,0
BR,IT,flora,2014,13,0
BR,IT,flora,2015,26,0
BR,IT,flora,2016,16,0
BR,IT,flora,2017,14,0
BR,IT,flora,2018,2,0
BR,IT,flora,2019,1,0
BR,IT,flora,2020,5,0
BR,IT,flora,2021,8,0
BR,IT,flora,2022,100,0
BR,IT,flora,2023,71,0
BR,IT,flora,2024,70,0
BR,JE,fauna,2015,1,0
BR,JE,fauna,2016,3,0
BR,JM,flora,2000,1,0
BR,JM,flora,2017,1,0
BR,JM,flora,2018,2,0
BR,JO,fauna,2015,1,0
BR,JO,fauna,2020,1,0
BR,JO,flora,1991,1,0
BR,JP,fauna,1981,1,0
BR,JP,fauna,1982,2,0
BR,JP,fauna,1983,1,0
BR,JP,fauna,1984,3,0
BR,JP,fauna,1986,3,0
BR,JP,fauna,1988,3,0
BR,JP,fauna,1989,1,0
BR,JP,fauna,1990,5,0
BR,JP,fauna,1991,11,0
BR,JP,fauna,1992,10,0
BR,JP,fauna,1993,20,0
BR,JP,fauna,1994,17,0
BR,JP,fauna,1995,8,0
BR,JP,fauna,1996,29,0
BR,JP,fauna,1997,13,0
BR,JP,fauna,1998,5,0
BR,JP,fauna,1999,19,0
BR,JP,fauna,2000,43,0
BR,JP,fauna,2001,16,0
BR,JP,fauna,2002,9,0
BR,JP,fauna,2003,32,0
BR,JP,fauna,2004,25,0
BR,JP,fauna,2005,19,0
BR,JP,fauna,2006,10,0
BR,JP,fauna,2007,25,0
BR,JP,fauna,2008,37,0
BR,JP,fauna,2009,22,0
BR,JP,fauna,2010,35,0
BR,JP,fauna,2011,18,0
BR,JP,fauna,2012,36,0
BR,JP,fauna,2013,33,0
BR,JP,fauna,2014,52,0
BR,JP,fauna,2015,53,0
BR,JP,fauna,2016,57,0
BR,JP,fauna,2017,70,0
BR,JP,fauna,2018,91,0
BR,JP,fauna,2019,36,0
BR,JP,fauna,2020,5,0
BR,JP,fauna,2022,12,0
BR,JP,fauna,2023,1,0
BR,JP,fauna,2024,8,0
BR,JP,flora,1981,45,0
BR,JP,flora,1982,17,0
BR,JP,flora,1983,8,0
BR,JP,flora,1984,10,0
BR,JP,flora,1985,162,0
BR,JP,flora,1986,62,0
BR,JP,flora,1988,43,0
BR,JP,flora,1989,216,0
BR,JP,flora,1990,2541,0
BR,JP,flora,1991,2478,0
BR,JP,flora,1992,2013,0
BR,JP,flora,1993,1774,0
BR,JP,flora,1994,1680,0
BR,JP,flora,1995,1121,0
BR,JP,flora,1996,996,0
BR,JP,flora,1997,795,0
BR,JP,flora,1998,931,0
BR,JP,flora,1999,900,0
BR,JP,flora,2000,839,0
BR,JP,flora,2001,790,0
BR,JP,flora,2002,710,0
BR,JP,flora,2003,528,0
BR,JP,flora,2004,624,0
BR,JP,flora,2005,474,0
BR,JP,flora,2006,351,0
BR,JP,flora,2007,483,0
BR,JP,flora,2008,340,0
BR,JP,flora,2009,423,0
BR,JP,flora,2010,372,0
BR,JP,flora,2011,442,0
BR,JP,flora,2012,593,0
BR,JP,flora,2013,534,0
BR,JP,flora,2014,630,0
BR,JP,flora,2015,610,0
BR,JP,flora,2016,481,0
BR,JP,flora,2017,688,0
BR,JP,flora,2018,908,0
BR,JP,flora,2019,325,0
BR,JP,flora,2020,539,0
BR,JP,flora,2021,317,0
BR,JP,flora,2022,544,0
BR,JP,flora,2023,232,0
BR,JP,flora,2024,273,0
BR,KG,flora,2022,112,0
BR,KG,flora,2024,172,0
BR,KN,flora,2024,4,0
BR,KR,fauna,1995,1,0
BR,KR,fauna,1996,2,0
BR,KR,fauna,1997,1,0
BR,KR,fauna,2000,3,0
BR,KR,fauna,2001,2,0
BR,KR,fauna,2002,6,0
BR,KR,fauna,2007,5,0
BR,KR,fauna,2008,8,0
BR,KR,fauna,2009,18,0
BR,KR,fauna,2010,2,0
BR,KR,fauna,2011,2,0
BR,KR,fauna,2012,3,0
BR,KR,fauna,2013,17,0
BR,KR,fauna,2014,19,0
BR,KR,fauna,2015,5,0
BR,KR,fauna,2016,9,0
BR,KR,fauna,2017,6,0
BR,KR,fauna,2018,15,0
BR,KR,fauna,2019,4,0
BR,KR,fauna,2022,1,0
BR,KR,fauna,2024,3,0
BR,KR,flora,1999,1,0
BR,KR,flora,2000,2,0
BR,KR,flora,2001,1,0
BR,KR,flora,2002,1,0
BR,KR,flora,2013,2,0
BR,KR,flora,2014,2,0
BR,KR,flora,2018,4,0
BR,KR,flora,2019,4,0
BR,KR,flora,2021,13,0
BR,KR,flora,2022,203,0
BR,KR,flora,2023,100,0
BR,KR,flora,2024,113,0
BR,KW,fauna,2005,1,0
BR,KW,fauna,2008,2,0
BR,KW,fauna,2010,2,0
BR,KW,fauna,2011,1,0
BR,KW,fauna,2012,7,0
BR,KW,fauna,2013,3,0
BR,KW,fauna,2014,10,0
BR,KW,fauna,2015,9,0
BR,KW,fauna,2016,5,0
BR,KW,fauna,2017,3,0
BR,KW,fauna,2018,1,0
BR,KY,flora,1990,49,0
BR,KY,flora,2003,4,0
BR,KY,flora,2004,1,0
BR,KY,flora,2005,17,0
BR,KY,flora,2007,28,0
BR,KY,flora,2024,1,0
BR,KZ,fauna,2012,4,0
BR,KZ,flora,2022,143,0
BR,LB,fauna,2003,2,0
BR,LB,fauna,2005,3,0
BR,LB,fauna,2007,1,0
BR,LB,fauna,2008,1,0
BR,LB,fauna,2009,1,0
BR,LB,fauna,2012,1,0
BR,LB,fauna,2014,6,0
BR,LB,fauna,2015,20,0
BR,LB,fauna,2016,3,0
BR,LB,fauna,2018,3,0
BR,LB,flora,1998,1,0
BR,LB,flora,2017,3,0
BR,LB,flora,2018,1,0
BR,LB,flora,2020,4,0
BR,LB,flora,2024,4,0
BR,LK,fauna,2011,1,0
BR,LK,fauna,2012,1,0
BR,LK,fauna,2014,1,0
BR,LK,fauna,2016,1,0
BR,LU,fauna,2012,1,0
BR,LU,flora,1992,50,0
BR,LU,flora,2015,6,0
BR,LU,flora,2016,6,0
BR,LU,flora,2017,5,0
BR,LU,flora,2018,2,0
BR,LU,flora,2019,3,0
BR,LU,flora,2020,23,0
BR,LY,fauna,1996,1,0
BR,MA,fauna,2003,10,0
BR,MA,fauna,2012,2,0
BR,MA,fauna,2016,5,0
BR,MA,fauna,2018,1,0
BR,MC,fauna,2000,1,0
BR,MC,fauna,2009,2,0
BR,MC,fauna,2010,6,0
BR,MC,fauna,2012,2,0
BR,MC,fauna,2024,2,0
BR,MG,fauna,1998,2,0
BR,MO,fauna,2016,4,0
BR,MQ,fauna,1994,1,0
BR,MQ,fauna,2013,2,0
BR,MQ,fauna,2014,3,0
BR,MQ,fauna,2015,1,0
BR,MQ,flora,1998,1,0
BR,MQ,flora,1999,2,0
BR,MR,flora,1996,4,0
BR,MT,flora,1996,13,0
BR,MT,flora,1997,3,0
BR,MT,flora,1998,5,0
BR,MT,flora,1999,2,0
BR,MU,fauna,2007,1,0
BR,MU,flora,2016,1,0
BR,MU,flora,2024,1,0
BR,MX,fauna,1994,2,0
BR,MX,fauna,1996,1,0
BR,MX,fauna,1997,15,0
BR,MX,fauna,1998,47,0
BR,MX,fauna,1999,17,0
BR,MX,fauna,2000,4,0
BR,MX,fauna,2001,6,0
BR,MX,fauna,2002,11,0
BR,MX,fauna,2003,28,0
BR,MX,fauna,2004,3,0
BR,MX,fauna,2005,5,0
BR,MX,fauna,2006,9,0
BR,MX,fauna,2007,14,0
BR,MX,fauna,2008,7,0
BR,MX,fauna,2009,12,0
BR,MX,fauna,2010,28,0
BR,MX,fauna,2011,9,0
BR,MX,fauna,2012,15,0
BR,MX,fauna,2013,18,0
BR,MX,fauna,2014,23,0
BR,MX,fauna,2015,112,0
BR,MX,fauna,2016,73,0
BR,MX,fauna,2017,262,0
BR,MX,fauna,2018,221,0
BR,MX,fauna,2019,33,0
BR,MX,fauna,2020,59,0
BR,MX,fauna,2021,86,0
BR,MX,fauna,2022,171,0
BR,MX,fauna,2023,53,0
BR,MX,fauna,2024,412,0
BR,MX,flora,1990,97,0
BR,MX,flora,1991,28,0
BR,MX,flora,1992,16,0
BR,MX,flora,1993,4,0
BR,MX,flora,1994,1,0
BR,MX,flora,1999,5,0
BR,MX,flora,2001,2,0
BR,MX,flora,2002,2,0
BR,MX,flora,2011,1,0
BR,MX,flora,2012,5,0
BR,MX,flora,2013,5,0
BR,MX,flora,2014,48,0
BR,MX,flora,2015,1,0
BR,MX,flora,2016,4,0
BR,MX,flora,2017,3,0
BR,MX,flora,2018,2,0
BR,MX,flora,2019,5,0
BR,MX,flora,2020,4,0
BR,MX,flora,2021,7,0
BR,MX,flora,2022,8,0
BR,MY,fauna,2007,1,0
BR,MY,fauna,2008,4,0
BR,MY,fauna,2009,1,0
BR,MY,fauna,2010,12,0
BR,MY,fauna,2011,1,0
BR,MY,fauna,2012,1,0
BR,MY,fauna,2013,3,0
BR,MY,fauna,2016,2,0
BR,MY,flora,2022,24,0
BR,MY,flora,2024,1,0
BR,MZ,flora,1990,18,0
BR,MZ,flora,2008,1,0
BR,NC,flora,1990,88,0
BR,NC,flora,1991,158,0
BR,NC,flora,1992,182,0
BR,NC,flora,1993,8,0
BR,NC,flora,1994,13,0
BR,NC,flora,1998,163,0
BR,NC,flora,2002,41,0
BR,NG,fauna,2009,3,0
BR,NG,fauna,2010,3,0
BR,NL,fauna,1981,1,0
BR,NL,fauna,1984,3,3
BR,NL,fauna,1986,1,1
BR,NL,fauna,1987,5,5
BR,NL,fauna,1989,2,0
BR,NL,fauna,1990,8,0
BR,NL,fauna,1991,30,0
BR,NL,fauna,1992,40,0
BR,NL,fauna,1993,25,0
BR,NL,fauna,1994,7,0
BR,NL,fauna,1995,16,0
BR,NL,fauna,1996,4,0
BR,NL,fauna,1997,11,1
BR,NL,fauna,1998,7,2
BR,NL,fauna,1999,11,0
BR,NL,fauna,2000,10,0
BR,NL,fauna,2001,10,0
BR,NL,fauna,2002,14,0
BR,NL,fauna,2003,9,0
BR,NL,fauna,2004,10,0
BR,NL,fauna,2005,10,0
BR,NL,fauna,2006,5,0
BR,NL,fauna,2007,3,0
BR,NL,fauna,2008,2,0
BR,NL,fauna,2009,6,0
BR,NL,fauna,2010,3,0
BR,NL,fauna,2011,2,0
BR,NL,fauna,2013,2,0
BR,NL,fauna,2014,3,0
BR,NL,fauna,2017,7,0
BR,NL,fauna,2019,14,0
BR,NL,fauna,2020,18,0
BR,NL,fauna,2021,12,0
BR,NL,fauna,2022,15,0
BR,NL,fauna,2023,5,0
BR,NL,fauna,2024,6,0
BR,NL,flora,1984,743,0
BR,NL,flora,1985,375,0
BR,NL,flora,1986,325,1
BR,NL,flora,1987,246,0
BR,NL,flora,1988,676,0
BR,NL,flora,1989,247,1
BR,NL,flora,1990,2677,0
BR,NL,flora,1991,935,0
BR,NL,flora,1992,634,0
BR,NL,flora,1993,630,0
BR,NL,flora,1994,781,0
BR,NL,flora,1995,11,0
BR,NL,flora,1996,18,0
BR,NL,flora,1997,2,0
BR,NL,flora,1998,347,1
BR,NL,flora,1999,473,0
BR,NL,flora,2000,60,0
BR,NL,flora,2001,28,0
BR,NL,flora,2002,52,0
BR,NL,flora,2003,23,0
BR,NL,flora,2004,12,0
BR,NL,flora,2005,21,0
BR,NL,flora,2006,442,0
BR,NL,flora,2007,255,0
BR,NL,flora,2008,403,0
BR,NL,flora,2009,634,0
BR,NL,flora,2010,223,0
BR,NL,flora,2011,3,0
BR,NL,flora,2012,4,0
BR,NL,flora,2013,32,0
BR,NL,flora,2015,1,0
BR,NL,flora,2016,2,0
BR,NL,flora,2018,3,0
BR,NL,flora,2020,62,0
BR,NL,flora,2021,7,0
BR,NL,flora,2022,25,0
BR,NL,flora,2023,38,0
BR,NL,flora,2024,74,0
BR,NO,fauna,2006,6,0
BR,NO,fauna,2009,1,0
BR,NO,fauna,2017,4,0
BR,NO,fauna,2018,3,0
BR,NO,fauna,2024,4,0
BR,NO,flora,1991,66,0
BR,NO,flora,1992,122,0
BR,NO,flora,1993,46,0
BR,NO,flora,1997,2,0
BR,NO,flora,1998,2,0
BR,NO,flora,1999,7,0
BR,NO,flora,2001,42,0
BR,NO,flora,2005,22,0
BR,NO,flora,2007,34,0
BR,NO,flora,2010,179,0
BR,NO,flora,2012,1,0
BR,NO,flora,2024,1,0
BR,NZ,fauna,1990,1,1
BR,NZ,fauna,1992,1,0
BR,NZ,fauna,1993,2,2
BR,NZ,fauna,1994,1,1
BR,NZ,fauna,1996,2,2
BR,NZ,fauna,1998,1,1
BR,NZ,fauna,1999,4,4
BR,NZ,fauna,2000,3,3
BR,NZ,fauna,2001,6,6
BR,NZ,fauna,2002,2,2
BR,NZ,fauna,2003,5,5
BR,NZ,fauna,2004,3,3
BR,NZ,fauna,2005,7,7
BR,NZ,fauna,2007,6,2
BR,NZ,fauna,2008,3,3
BR,NZ,fauna,2009,6,6
BR,NZ,fauna,2010,15,0
BR,NZ,fauna,2011,1,0
BR,NZ,fauna,2015,1,0
BR,NZ,fauna,2016,1,0
BR,NZ,flora,1990,185,0
BR,NZ,flora,1995,1,1
BR,NZ,flora,1996,7,1
BR,NZ,flora,1997,1,1
BR,NZ,flora,2000,3,3
BR,PA,fauna,1993,9,0
BR,PA,fauna,1994,9,0
BR,PA,fauna,2000,3,0
BR,PA,fauna,2006,1,0
BR,PA,fauna,2007,2,0
BR,PA,fauna,2008,8,0
BR,PA,fauna,2013,2,0
BR,PA,fauna,2018,1,0
BR,PA,flora,1989,6,0
BR,PA,flora,1991,15,0
BR,PA,flora,1994,5,0
BR,PA,flora,1996,3,0
BR,PA,flora,1997,2,0
BR,PA,flora,1998,35,0
BR,PA,flora,1999,3,0
BR,PA,flora,2001,16,0
BR,PE,fauna,1994,3,0
BR,PE,fauna,1995,2,0
BR,PE,fauna,1999,4,0
BR,PE,fauna,2000,3,0
BR,PE,fauna,2006,5,0
BR,PE,fauna,2010,1,0
BR,PE,fauna,2011,1,0
BR,PE,fauna,2024,1,0
BR,PE,flora,1990,209,0
BR,PE,flora,1991,32,0
BR,PE,flora,1992,3,0
BR,PE,flora,1994,11,0
BR,PE,flora,1996,1,0
BR,PE,flora,1998,5,0
BR,PE,flora,1999,15,0
BR,PE,flora,2001,15,0
BR,PE,flora,2002,4,0
BR,PE,flora,2005,8,0
BR,PE,flora,2009,4,0
BR,PE,flora,2012,1,0
BR,PE,flora,2020,16,0
BR,PE,flora,2021,2,0
BR,PH,fauna,1995,1,0
BR,PH,fauna,1996,20,0
BR,PH,fauna,1997,6,0
BR,PH,fauna,2012,3,0
BR,PH,fauna,2013,13,0
BR,PH,fauna,2014,8,0
BR,PH,fauna,2016,14,0
BR,PH,fauna,2018,5,0
BR,PH,fauna,2019,4,0
BR,PH,fauna,2020,22,0
BR,PH,flora,1990,8,0
BR,PK,fauna,2009,2,0
BR,PK,fauna,2010,3,0
BR,PL,fauna,1981,1,0
BR,PL,fauna,1991,2,0
BR,PL,fauna,1992,3,0
BR,PL,fauna,2004,2,2
BR,PL,fauna,2008,2,2
BR,PL,fauna,2012,5,0
BR,PL,fauna,2013,5,0
BR,PL,fauna,2014,6,0
BR,PL,fauna,2015,1,0
BR,PL,fauna,2016,6,0
BR,PL,flora,1990,1,0
BR,PL,flora,1994,16,0
BR,PL,flora,1998,30,0
BR,PL,flora,1999,14,0
BR,PR,fauna,2000,6,0
BR,PR,fauna,2006,2,0
BR,PR,flora,1990,5,0
BR,PR,flora,1991,26,0
BR,PR,flora,1998,4,0
BR,PR,flora,1999,11,0
BR,PR,flora,2000,13,0
BR,PR,flora,2001,1,0
BR,PR,flora,2008,11,0
BR,PR,flora,2009,4,0
BR,PR,flora,2013,1,0
BR,PR,flora,2014,3,0
BR,PR,flora,2015,3,0
BR,PR,flora,2016,6,0
BR,PR,flora,2017,4,0
BR,PR,flora,2018,2,0
BR,PR,flora,2020,4,0
BR,PR,flora,2022,12,0
BR,PR,flora,2024,4,0
BR,PT,fauna,1988,3,0
BR,PT,fauna,1989,7,0
BR,PT,fauna,1991,4,0
BR,PT,fauna,1992,7,0
BR,PT,fauna,1993,7,5
BR,PT,fauna,1994,3,0
BR,PT,fauna,1995,16,0
BR,PT,fauna,1996,6,0
BR,PT,fauna,1997,1,1
BR,PT,fauna,1998,24,6
BR,PT,fauna,1999,4,1
BR,PT,fauna,2000,21,1
BR,PT,fauna,2001,25,2
BR,PT,fauna,2002,8,2
BR,PT,fauna,2003,28,2
BR,PT,fauna,2004,19,4
BR,PT,fauna,2005,5,2
BR,PT,fauna,2006,6,0
BR,PT,fauna,2007,15,0
BR,PT,fauna,2008,4,1
BR,PT,fauna,2009,3,0
BR,PT,fauna,2010,10,2
BR,PT,fauna,2011,1,0
BR,PT,fauna,2012,11,0
BR,PT,fauna,2013,15,0
BR,PT,fauna,2014,12,0
BR,PT,fauna,2015,189,0
BR,PT,fauna,2016,58,0
BR,PT,fauna,2017,44,0
BR,PT,fauna,2018,133,0
BR,PT,fauna,2019,19,0
BR,PT,fauna,2020,12,0
BR,PT,fauna,2021,3,0
BR,PT,fauna,2022,31,0
BR,PT,fauna,2023,4,0
BR,PT,fauna,2024,13,0
BR,PT,flora,1990,35,0
BR,PT,flora,1991,15,0
BR,PT,flora,1992,18,0
BR,PT,flora,1994,8,0
BR,PT,flora,1998,25,0
BR,PT,flora,1999,5,1
BR,PT,flora,2000,53,0
BR,PT,flora,2001,3,0
BR,PT,flora,2002,4,0
BR,PT,flora,2003,19,1
BR,PT,flora,2004,13,0
BR,PT,flora,2005,16,0
BR,PT,flora,2006,26,0
BR,PT,flora,2007,48,0
BR,PT,flora,2009,34,0
BR,PT,flora,2012,1,0
BR,PT,flora,2013,1,0
BR,PT,flora,2014,5,0
BR,PT,flora,2015,6,0
BR,PT,flora,2016,8,0
BR,PT,flora,2017,14,0
BR,PT,flora,2018,6,0
BR,PT,flora,2019,7,0
BR,PT,flora,2020,1,0
BR,PT,flora,2022,91,0
BR,PT,flora,2023,6,0
BR,PT,flora,2024,376,0
BR,PY,fauna,1995,10,0
BR,PY,fauna,1996,3,0
BR,PY,fauna,1999,2,0
BR,PY,fauna,2001,9,0
BR,PY,fauna,2003,5,0
BR,PY,fauna,2007,1,0
BR,PY,fauna,2008,2,0
BR,PY,fauna,2009,3,0
BR,PY,fauna,2010,1,0
BR,PY,fauna,2011,3,0
BR,PY,fauna,2018,1,0
BR,PY,flora,1993,8,0
BR,PY,flora,2016,16,0
BR,PY,flora,2018,4,0
BR,PY,flora,2022,1,0
BR,QA,fauna,2005,1,0
BR,QA,fauna,2007,2,0
BR,QA,fauna,2008,12,0
BR,QA,fauna,2014,2,0
BR,QA,fauna,2015,20,0
BR,QA,fauna,2016,5,0
BR,QA,fauna,2017,3,0
BR,QA,fauna,2018,2,0
BR,QA,fauna,2019,5,0
BR,RE,flora,1990,28,0
BR,RE,flora,2010,59,0
BR,RO,fauna,2017,1,0
BR,RO,flora,1990,39,0
BR,RU,fauna,2005,3,0
BR,RU,fauna,2007,6,0
BR,RU,fauna,2008,4,0
BR,RU,fauna,2009,1,0
BR,RU,fauna,2010,4,0
BR,RU,fauna,2012,5,0
BR,RU,fauna,2013,15,0
BR,RU,fauna,2014,2,0
BR,RU,fauna,2015,3,0
BR,RU,fauna,2016,2,0
BR,RU,fauna,2017,1,0
BR,RU,flora,2001,43,0
BR,RU,flora,2003,6,0
BR,RU,flora,2004,119,0
BR,RU,flora,2005,193,0
BR,RU,flora,2006,208,0
BR,RU,flora,2007,365,0
BR,RU,flora,2008,190,0
BR,RU,flora,2009,51,0
BR,RU,flora,2010,229,0
BR,RU,flora,2011,317,0
BR,RU,flora,2012,217,0
BR,RU,flora,2013,266,0
BR,RU,flora,2014,317,0
BR,RU,flora,2015,83,0
BR,RU,flora,2016,142,0
BR,RU,flora,2017,212,0
BR,RU,flora,2018,234,0
BR,RU,flora,2020,795,0
BR,RU,flora,2022,92,0
BR,RU,flora,2024,76,0
BR,SA,fauna,1993,2,0
BR,SA,fauna,2004,4,0
BR,SA,fauna,2005,12,0
BR,SA,fauna,2007,6,0
BR,SA,fauna,2009,1,0
BR,SA,fauna,2013,3,0
BR,SA,fauna,2014,7,0
BR,SA,fauna,2015,8,0
BR,SA,fauna,2022,2,0
BR,SA,flora,1999,4,0
BR,SE,fauna,1983,1,0
BR,SE,fauna,1986,1,0
BR,SE,fauna,1991,3,0
BR,SE,fauna,2002,3,3
BR,SE,fauna,2003,4,0
BR,SE,fauna,2008,3,0
BR,SE,fauna,2009,7,0
BR,SE,fauna,2011,2,0
BR,SE,fauna,2012,1,0
BR,SE,fauna,2018,1,0
BR,SE,flora,1990,25,0
BR,SE,flora,1991,20,0
BR,SE,flora,1992,20,0
BR,SE,flora,1993,84,0
BR,SE,flora,1994,56,0
BR,SE,flora,1995,50,0
BR,SE,flora,1997,16,0
BR,SE,flora,1998,1,0
BR,SE,flora,1999,21,0
BR,SE,flora,2000,4,0
BR,SE,flora,2002,1,0
BR,SE,flora,2010,9,0
BR,SE,flora,2014,34,0
BR,SG,fauna,1991,3,0
BR,SG,fauna,1992,1,0
BR,SG,fauna,1996,4,0
BR,SG,fauna,2001,6,0
BR,SG,fauna,2007,8,0
BR,SG,fauna,2008,8,0
BR,SG,fauna,2009,4,0
BR,SG,fauna,2010,2,0
BR,SG,fauna,2011,2,0
BR,SG,fauna,2012,5,0
BR,SG,fauna,2013,8,0
BR,SG,fauna,2014,7,0
BR,SG,fauna,2015,1,0
BR,SG,fauna,2018,5,0
BR,SG,fauna,2024,2,0
BR,SG,flora,1996,5,0
BR,SG,flora,1999,1,0
BR,SG,flora,2002,17,0
BR,SG,flora,2005,11,0
BR,SG,flora,2008,9,0
BR,SG,flora,2010,1,0
BR,SG,flora,2011,59,0
BR,SG,flora,2016,62,0
BR,SG,flora,2020,2,0
BR,SG,flora,2022,123,0
BR,SG,flora,2024,129,0
BR,SI,fauna,2004,3,3
BR,SI,flora,2015,1,0
BR,SI,flora,2024,9,0
BR,SJ,fauna,2014,1,0
BR,SK,fauna,2005,2,0
BR,SK,flora,2024,3,0
BR,SR,fauna,2004,1,0
BR,SR,fauna,2013,2,0
BR,SR,fauna,2015,1,0
BR,SU,fauna,1984,2,0
BR,SU,fauna,1986,1,0
BR,SU,fauna,1988,2,0
BR,SU,fauna,1989,1,0
BR,SU,fauna,1991,2,0
BR,SU,flora,1992,25,0
BR,SV,fauna,2005,5,0
BR,SV,fauna,2006,9,0
BR,SZ,flora,1994,49,0
BR,SZ,flora,2001,58,0
BR,TH,fauna,1995,4,0
BR,TH,fauna,1996,2,0
BR,TH,fauna,2000,1,0
BR,TH,fauna,2004,8,0
BR,TH,fauna,2005,22,0
BR,TH,fauna,2006,9,0
BR,TH,fauna,2007,42,0
BR,TH,fauna,2008,21,0
BR,TH,fauna,2009,15,0
BR,TH,fauna,2010,24,0
BR,TH,fauna,2011,9,0
BR,TH,fauna,2012,4,0
BR,TH,fauna,2013,5,0
BR,TH,fauna,2014,4,0
BR,TH,fauna,2015,3,0
BR,TH,fauna,2016,47,0
BR,TH,fauna,2017,39,0
BR,TH,fauna,2018,27,0
BR,TH,fauna,2019,1,0
BR,TH,fauna,2020,18,0
BR,TH,fauna,2023,1,0
BR,TH,flora,1997,84,0
BR,TH,flora,2002,32,0
BR,TH,flora,2004,24,0
BR,TH,flora,2005,14,0
BR,TH,flora,2007,169,0
BR,TH,flora,2010,6,0
BR,TH,flora,2011,32,0
BR,TH,flora,2013,1,0
BR,TH,flora,2014,3,0
BR,TH,flora,2015,64,0
BR,TH,flora,2016,6,0
BR,TH,flora,2017,8,0
BR,TH,flora,2018,6,0
BR,TH,flora,2021,3,0
BR,TH,flora,2023,1,0
BR,TH,flora,2024,67,0
BR,TR,fauna,2004,3,0
BR,TR,fauna,2008,1,0
BR,TR,fauna,2010,4,0
BR,TR,fauna,2011,6,0
BR,TR,fauna,2012,14,0
BR,TR,fauna,2013,29,0
BR,TR,fauna,2014,33,0
BR,TR,fauna,2015,39,0
BR,TR,fauna,2016,10,0
BR,TR,fauna,2017,2,0
BR,TR,flora,1991,9,0
BR,TR,flora,1992,9,0
BR,TR,flora,1993,87,0
BR,TR,flora,2017,1,0
BR,TT,flora,1990,32,0
BR,TT,flora,2002,27,0
BR,TW,fauna,1998,1,0
BR,TW,fauna,2002,1,0
BR,TW,fauna,2003,11,0
BR,TW,fauna,2004,2,0
BR,TW,fauna,2005,18,0
BR,TW,fauna,2006,7,0
BR,TW,fauna,2007,6,0
BR,TW,fauna,2008,10,0
BR,TW,fauna,2009,8,0
BR,TW,fauna,2010,6,0
BR,TW,fauna,2011,3,0
BR,TW,fauna,2012,4,0
BR,TW,fauna,2013,18,0
BR,TW,fauna,2014,11,0
BR,TW,fauna,2015,6,0
BR,TW,fauna,2016,7,0
BR,TW,fauna,2017,4,0
BR,TW,fauna,2020,1,0
BR,TW,fauna,2022,2,0
BR,TW,fauna,2024,4,0
BR,TW,flora,1990,53,0
BR,TW,flora,1991,179,0
BR,TW,flora,1992,120,0
BR,TW,flora,1993,38,0
BR,TW,flora,1994,11,0
BR,TW,flora,1997,2,0
BR,TW,flora,1998,236,0
BR,TW,flora,1999,28,0
BR,TW,flora,2000,31,0
BR,TW,flora,2001,40,0
BR,TW,flora,2002,510,0
BR,TW,flora,2003,177,0
BR,TW,flora,2004,91,0
BR,TW,flora,2005,708,0
BR,TW,flora,2006,243,0
BR,TW,flora,2007,210,0
BR,TW,flora,2008,321,0
BR,TW,flora,2009,24,0
BR,TW,flora,2010,132,0
BR,TW,flora,2011,15,0
BR,TW,flora,2012,86,0
BR,TW,flora,2013,12,0
BR,TW,flora,2014,14,0
BR,TW,flora,2016,61,0
BR,TW,flora,2017,10,0
BR,TW,flora,2020,5,0
BR,TW,flora,2022,4,0
BR,UA,fauna,2008,8,0
BR,UA,fauna,2012,1,0
BR,UA,fauna,2013,1,0
BR,UA,fauna,2014,2,0
BR,UA,fauna,2016,1,0
BR,UA,fauna,2017,1,0
BR,UA,flora,2008,164,0
BR,UA,flora,2009,291,0
BR,UA,flora,2010,230,0
BR,UA,flora,2011,98,0
BR,UA,flora,2012,160,0
BR,UA,flora,2013,85,0
BR,UA,flora,2017,64,0
BR,UA,flora,2018,36,0
BR,UA,flora,2020,167,0
BR,UA,flora,2022,48,0
BR,US,fauna,1979,2,0
BR,US,fauna,1980,21,0
BR,US,fauna,1981,35,0
BR,US,fauna,1982,17,4
BR,US,fauna,1983,33,5
BR,US,fauna,1984,46,3
BR,US,fauna,1985,46,8
BR,US,fauna,1986,35,6
BR,US,fauna,1987,77,9
BR,US,fauna,1988,58,5
BR,US,fauna,1989,163,7
BR,US,fauna,1990,30,14
BR,US,fauna,1991,94,13
BR,US,fauna,1992,57,1
BR,US,fauna,1993,134,31
BR,US,fauna,1994,104,4
BR,US,fauna,1995,84,18
BR,US,fauna,1996,138,2
BR,US,fauna,1997,65,6
BR,US,fauna,1998,130,2
BR,US,fauna,1999,111,3
BR,US,fauna,2000,121,3
BR,US,fauna,2001,122,0
BR,US,fauna,2002,137,1
BR,US,fauna,2003,161,5
BR,US,fauna,2004,232,10
BR,US,fauna,2005,743,5
BR,US,fauna,2006,305,7
BR,US,fauna,2007,495,8
BR,US,fauna,2008,345,35
BR,US,fauna,2009,434,29
BR,US,fauna,2010,462,21
BR,US,fauna,2011,276,21
BR,US,fauna,2012,330,40
BR,US,fauna,2013,378,10
BR,US,fauna,2014,886,37
BR,US,fauna,2015,1038,37
BR,US,fauna,2016,779,5
BR,US,fauna,2017,769,25
BR,US,fauna,2018,605,17
BR,US,fauna,2019,263,27
BR,US,fauna,2020,629,5
BR,US,fauna,2021,93,13
BR,US,fauna,2022,410,22
BR,US,fauna,2023,123,48
BR,US,fauna,2024,376,11
BR,US,flora,1977,1,0
BR,US,flora,1978,31,0
BR,US,flora,1979,64,0
BR,US,flora,1980,198,0
BR,US,flora,1981,1423,0
BR,US,flora,1982,1998,0
BR,US,flora,1983,3432,0
BR,US,flora,1984,3913,11
BR,US,flora,1985,4689,6
BR,US,flora,1986,3976,12
BR,US,flora,1987,4380,13
BR,US,flora,1988,4314,20
BR,US,flora,1989,5929,24
BR,US,flora,1990,11814,19
BR,US,flora,1991,7913,61
BR,US,flora,1992,6462,18
BR,US,flora,1993,6290,18
BR,US,flora,1994,2698,8
BR,US,flora,1995,109,2
BR,US,flora,1996,497,8
BR,US,flora,1997,732,4
BR,US,flora,1998,2741,2
BR,US,flora,1999,2474,5
BR,US,flora,2000,2083,5
BR,US,flora,2001,2219,2
BR,US,flora,2002,1644,3
BR,US,flora,2003,1603,3
BR,US,flora,2004,1734,1
BR,US,flora,2005,1441,4
BR,US,flora,2006,1580,1
BR,US,flora,2007,1868,1
BR,US,flora,2008,1535,4
BR,US,flora,2009,1243,55
BR,US,flora,2010,1180,2
BR,US,flora,2011,1087,3
BR,US,flora,2012,723,0
BR,US,flora,2013,500,2
BR,US,flora,2014,536,3
BR,US,flora,2015,526,6
BR,US,flora,2016,634,7
BR,US,flora,2017,997,1
BR,US,flora,2018,692,1
BR,US,flora,2019,17,1
BR,US,flora,2020,831,0
BR,US,flora,2021,20,0
BR,US,flora,2022,1035,0
BR,US,flora,2023,53,0
BR,US,flora,2024,1453,0
BR,UY,fauna,1993,7,0
BR,UY,fauna,1996,14,0
BR,UY,fauna,1997,1,0
BR,UY,fauna,1998,4,0
BR,UY,fauna,1999,2,0
BR,UY,fauna,2000,5,0
BR,UY,fauna,2002,12,0
BR,UY,fauna,2003,1,0
BR,UY,fauna,2011,1,0
BR,UY,fauna,2023,1,0
BR,UY,fauna,2024,7,0
BR,UY,flora,1990,45,0
BR,UY,flora,1991,2,0
BR,UY,flora,1992,2,0
BR,UY,flora,1993,2,0
BR,UY,flora,1994,22,0
BR,UY,flora,1998,3,0
BR,UY,flora,1999,34,0
BR,UY,flora,2000,23,0
BR,UY,flora,2001,39,0
BR,UY,flora,2002,17,0
BR,UY,flora,2003,4,0
BR,UY,flora,2004,1,0
BR,UY,flora,2009,1,0
BR,UY,flora,2011,1,0
BR,UY,flora,2012,3,0
BR,UY,flora,2013,6,0
BR,UY,flora,2014,4,0
BR,UY,flora,2015,2,0
BR,UY,flora,2016,10,0
BR,UY,flora,2017,11,0
BR,UY,flora,2018,28,0
BR,UY,flora,2020,257,0
BR,UY,flora,2022,152,0
BR,UY,flora,2024,64,0
BR,VC,flora,1998,1,0
BR,VE,fauna,1988,2,0
BR,VE,fauna,1991,5,0
BR,VE,fauna,1996,1,0
BR,VE,fauna,1998,14,0
BR,VE,fauna,2007,2,0
BR,VE,fauna,2008,2,0
BR,VE,flora,1990,71,0
BR,VE,flora,1994,57,0
BR,VE,flora,1997,1,0
BR,VE,flora,1998,23,0
BR,VE,flora,1999,20,0
BR,VE,flora,2000,66,0
BR,VE,flora,2001,71,0
BR,VE,flora,2002,99,0
BR,VE,flora,2003,177,0
BR,VE,flora,2004,134,0
BR,VE,flora,2006,3,0
BR,VE,flora,2007,20,0
BR,VE,flora,2008,220,0
BR,VE,flora,2009,93,0
BR,VE,flora,2013,11,0
BR,VN,fauna,2012,1,0
BR,VN,fauna,2013,2,0
BR,VN,fauna,2019,2,0
BR,XX,fauna,1994,1,0
BR,XX,fauna,1998,1,0
BR,XX,flora,1996,1,0
BR,XX,flora,1997,1,0
BR,XX,flora,2002,3,0
BR,XX,flora,2003,1,0
BR,ZA,fauna,1986,1,0
BR,ZA,fauna,1987,3,0
BR,ZA,fauna,1989,3,0
BR,ZA,fauna,1993,4,0
BR,ZA,fauna,1994,1,0
BR,ZA,fauna,1995,10,0
BR,ZA,fauna,1996,3,0
BR,ZA,fauna,1997,9,0
BR,ZA,fauna,1998,8,0
BR,ZA,fauna,1999,6,0
BR,ZA,fauna,2001,3,0
BR,ZA,fauna,2003,23,0
BR,ZA,fauna,2004,34,0
BR,ZA,fauna,2005,33,0
BR,ZA,fauna,2006,1,0
BR,ZA,fauna,2007,5,0
BR,ZA,fauna,2009,5,0
BR,ZA,fauna,2010,1,0
BR,ZA,fauna,2012,2,0
BR,ZA,fauna,2014,1,0
BR,ZA,fauna,2015,3,0
BR,ZA,fauna,2016,1,0
BR,ZA,fauna,2017,7,0
BR,ZA,fauna,2018,12,0
BR,ZA,fauna,2019,2,0
BR,ZA,fauna,2021,1,0
BR,ZA,fauna,2022,4,0
BR,ZA,fauna,2023,5,0
BR,ZA,flora,1990,217,0
BR,ZA,flora,1991,593,0
BR,ZA,flora,1992,155,0
BR,ZA,flora,1993,140,0
BR,ZA,flora,1994,131,0
BR,ZA,flora,1996,8,0
BR,ZA,flora,1998,85,0
BR,ZA,flora,1999,54,0
BR,ZA,flora,2000,7,0
BR,ZA,flora,2001,1,0
BR,ZA,flora,2002,1,0
BR,ZA,flora,2006,38,0
BR,ZA,flora,2008,43,0
BR,ZA,flora,2009,160,0
BR,ZA,flora,2010,17,0
BR,ZA,flora,2015,1,0
BR,ZA,flora,2024,119,0
BR,ZC,flora,1991,4,0
BR,ZC,flora,1992,35,0
BR,ZC,flora,1993,54,0
BR,ZW,fauna,2011,1,0
BR,ZW,flora,1991,75,0
BR,ZW,flora,1992,14,0
BR,ZW,flora,1998,44,0
BS,AE,fauna,2014,3,0
BS,AE,fauna,2015,8,0
BS,AE,fauna,2019,3,0
BS,AE,fauna,2023,4,0
BS,AE,fauna,2024,6,0
BS,AT,fauna,1999,7,0
BS,AT,fauna,2000,2,0
BS,AT,fauna,2001,9,3
BS,AT,fauna,2002,5,0
BS,AT,fauna,2004,2,0
BS,AT,fauna,2011,2,0
BS,AU,fauna,2006,9,0
BS,AU,fauna,2007,5,0
BS,BB,fauna,2003,2,0
BS,BB,fauna,2005,1,0
BS,BB,fauna,2006,1,0
BS,BB,fauna,2008,1,0
BS,BB,fauna,2009,1,0
BS,BE,fauna,2013,1,0
BS,BE,flora,2024,1,0
BS,BM,fauna,1992,1,0
BS,BR,fauna,2015,1,0
BS,BR,fauna,2024,5,0
BS,CA,fauna,1993,2,0
BS,CA,fauna,1995,1,0
BS,CA,fauna,1996,14,0
BS,CA,fauna,1998,3,0
BS,CA,fauna,1999,4,0
BS,CA,fauna,2000,1,0
BS,CA,fauna,2001,16,0
BS,CA,fauna,2002,7,0
BS,CA,fauna,2003,9,0
BS,CA,fauna,2004,4,0
BS,CA,fauna,2005,1,0
BS,CA,fauna,2006,14,0
BS,CA,fauna,2007,2,0
BS,CA,fauna,2008,20,0
BS,CA,fauna,2009,14,0
BS,CA,fauna,2011,4,0
BS,CA,fauna,2012,7,0
BS,CA,fauna,2013,5,0
BS,CA,fauna,2015,2,0
BS,CA,fauna,2016,7,0
BS,CA,fauna,2019,1,0
BS,CA,fauna,2023,3,0
BS,CA,fauna,2024,4,0
BS,CH,fauna,1986,1,0
BS,CH,fauna,1990,1,0
BS,CH,fauna,1995,1,0
BS,CH,fauna,2000,6,0
BS,CH,fauna,2007,13,0
BS,CH,fauna,2011,2,0
BS,CH,fauna,2013,3,0
BS,CH,fauna,2014,11,0
BS,CH,fauna,2015,18,0
BS,CH,fauna,2016,12,0
BS,CH,fauna,2017,1,0
BS,CH,fauna,2018,2,0
BS,CH,fauna,2019,14,0
BS,CH,fauna,2020,4,0
BS,CH,fauna,2021,1,0
BS,CH,fauna,2022,4,0
BS,CH,fauna,2023,4,0
BS,CH,fauna,2024,2,0
BS,CN,fauna,2006,3,0
BS,CN,fauna,2007,3,0
BS,CN,fauna,2008,2,0
BS,CN,fauna,2009,3,0
BS,CN,fauna,2010,7,0
BS,CN,fauna,2011,4,0
BS,CN,fauna,2012,2,0
BS,CN,fauna,2013,2,0
BS,CN,fauna,2014,2,0
BS,CN,fauna,2015,20,0
BS,CN,fauna,2016,8,0
BS,CN,fauna,2018,1,0
BS,CN,fauna,2019,18,0
BS,CN,fauna,2020,12,0
BS,CN,fauna,2021,10,0
BS,CN,fauna,2022,14,0
BS,CN,fauna,2023,34,0
BS,CN,fauna,2024,24,0
BS,CU,fauna,2015,1,0
BS,CZ,fauna,2009,1,1
BS,CZ,fauna,2010,2,2
BS,CZ,fauna,2013,4,0
BS,DE,fauna,1996,3,0
BS,DE,fauna,1997,1,0
BS,DE,fauna,1998,2,0
BS,DE,fauna,1999,3,0
BS,DE,fauna,2000,5,0
BS,DE,fauna,2001,2,0
BS,DE,fauna,2003,2,0
BS,DE,fauna,2004,1,0
BS,DE,fauna,2006,2,0
BS,DE,fauna,2011,12,0
BS,DE,fauna,2012,9,0
BS,DE,fauna,2013,3,0
BS,DE,fauna,2014,18,0
BS,DE,fauna,2015,1,0
BS,DE,fauna,2016,2,0
BS,DE,fauna,2017,1,0
BS,DE,fauna,2018,1,0
BS,DM,fauna,2007,1,0
BS,DO,fauna,2006,2,0
BS,DO,fauna,2007,1,0
BS,DO,fauna,2011,2,0
BS,ES,fauna,2011,2,0
BS,ES,fauna,2012,3,0
BS,FR,fauna,1994,2,0
BS,FR,fauna,2007,1,0
BS,FR,fauna,2010,2,0
BS,FR,fauna,2012,1,0
BS,FR,fauna,2015,1,0
BS,FR,fauna,2019,3,0
BS,FR,fauna,2024,1,0
BS,GB,fauna,1983,1,1
BS,GB,fauna,1993,2,0
BS,GB,fauna,1998,5,0
BS,GB,fauna,1999,5,0
BS,GB,fauna,2000,9,1
BS,GB,fauna,2001,12,0
BS,GB,fauna,2002,6,4
BS,GB,fauna,2004,6,4
BS,GB,fauna,2006,1,0
BS,GB,fauna,2007,3,0
BS,GB,fauna,2008,1,0
BS,GB,fauna,2009,3,0
BS,GB,fauna,2010,4,0
BS,GB,fauna,2011,6,0
BS,GB,fauna,2012,5,0
BS,GB,fauna,2013,2,0
BS,GB,fauna,2014,2,0
BS,GB,fauna,2015,5,0
BS,GB,fauna,2016,1,0
BS,GB,flora,1981,1,0
BS,GB,flora,2009,2,0
BS,HK,fauna,1989,2,0
BS,HK,fauna,1992,1,0
BS,HK,fauna,1996,2,0
BS,HK,fauna,2005,1,0
BS,HK,fauna,2016,1,0
BS,HK,fauna,2017,2,0
BS,HK,fauna,2018,7,0
BS,HK,fauna,2019,3,0
BS,HK,fauna,2020,4,0
BS,HK,fauna,2022,1,0
BS,HK,fauna,2023,1,0
BS,HK,fauna,2024,1,0
BS,IN,fauna,2011,3,0
BS,IN,fauna,2012,2,0
BS,IN,fauna,2015,1,0
BS,IT,fauna,2000,2,0
BS,IT,fauna,2002,3,0
BS,IT,fauna,2003,1,0
BS,IT,fauna,2004,2,0
BS,IT,fauna,2005,1,0
BS,IT,fauna,2006,8,0
BS,IT,fauna,2007,2,0
BS,IT,fauna,2008,2,0
BS,IT,fauna,2009,1,0
BS,IT,fauna,2010,3,0
BS,IT,fauna,2011,5,0
BS,IT,fauna,2013,1,0
BS,IT,fauna,2014,1,0
BS,IT,fauna,2015,1,0
BS,IT,fauna,2016,3,0
BS,IT,fauna,2017,1,0
BS,IT,fauna,2020,1,0
BS,IT,fauna,2024,1,0
BS,JM,fauna,1987,1,0
BS,JM,fauna,2010,1,0
BS,JM,fauna,2012,2,0
BS,JM,fauna,2013,1,0
BS,JM,fauna,2015,1,0
BS,JP,fauna,1994,5,0
BS,JP,fauna,1996,6,0
BS,JP,fauna,1998,5,0
BS,JP,fauna,1999,4,0
BS,JP,fauna,2000,1,0
BS,JP,fauna,2002,3,0
BS,JP,fauna,2003,1,0
BS,JP,fauna,2004,2,0
BS,JP,fauna,2006,5,0
BS,JP,fauna,2007,18,0
BS,JP,fauna,2008,24,0
BS,JP,fauna,2009,14,0
BS,JP,fauna,2010,10,0
BS,JP,fauna,2011,7,0
BS,JP,fauna,2012,8,0
BS,JP,fauna,2013,5,0
BS,JP,fauna,2014,13,0
BS,JP,fauna,2015,9,0
BS,JP,fauna,2016,16,0
BS,JP,fauna,2017,3,0
BS,JP,fauna,2018,7,0
BS,JP,fauna,2019,13,0
BS,JP,fauna,2020,5,0
BS,JP,fauna,2021,6,0
BS,JP,fauna,2022,1,0
BS,JP,fauna,2023,7,0
BS,JP,fauna,2024,6,0
BS,KR,fauna,2008,1,0
BS,KR,fauna,2009,2,0
BS,KR,fauna,2010,1,0
BS,KR,fauna,2011,2,0
BS,KR,fauna,2012,3,0
BS,KR,fauna,2013,6,0
BS,KR,fauna,2014,1,0
BS,KR,fauna,2015,1,0
BS,KR,fauna,2018,1,0
BS,KR,fauna,2023,1,0
BS,KY,fauna,1987,1,1
BS,KY,fauna,2009,4,0
BS,KY,fauna,2010,1,0
BS,KY,fauna,2011,4,0
BS,KY,fauna,2019,2,0
BS,KY,fauna,2023,1,0
BS,KY,fauna,2024,1,0
BS,LK,fauna,2011,2,0
BS,MX,fauna,1996,2,0
BS,NL,fauna,1995,1,0
BS,NZ,fauna,1994,2,2
BS,NZ,fauna,1995,8,4
BS,NZ,fauna,1996,2,2
BS,NZ,fauna,1997,8,8
BS,NZ,fauna,1998,11,10
BS,NZ,fauna,1999,15,11
BS,NZ,fauna,2000,8,7
BS,NZ,fauna,2001,14,13
BS,NZ,fauna,2002,10,8
BS,NZ,fauna,2003,8,8
BS,NZ,fauna,2004,3,1
BS,NZ,fauna,2019,1,0
BS,NZ,flora,2010,1,1
BS,PA,fauna,1995,1,0
BS,PA,fauna,2000,3,0
BS,PH,fauna,1994,1,0
BS,PH,fauna,2014,1,0
BS,PL,fauna,2004,11,11
BS,PL,fauna,2005,3,3
BS,PL,fauna,2009,2,2
BS,RU,fauna,2019,1,0
BS,SA,fauna,2015,4,0
BS,SG,fauna,2018,1,0
BS,SG,fauna,2019,2,0
BS,SI,fauna,2004,2,2
BS,SI,fauna,2005,1,1
BS,TT,fauna,2006,3,0
BS,TT,fauna,2008,3,0
BS,TT,fauna,2014,1,0
BS,TW,fauna,2011,1,0
BS,TW,fauna,2014,1,0
BS,TW,fauna,2023,2,0
BS,US,fauna,1980,4,0
BS,US,fauna,1981,3,0
BS,US,fauna,1982,4,2
BS,US,fauna,1983,5,1
BS,US,fauna,1984,4,1
BS,US,fauna,1985,8,4
BS,US,fauna,1986,11,3
BS,US,fauna,1987,6,0
BS,US,fauna,1988,12,5
BS,US,fauna,1989,3,1
BS,US,fauna,1990,5,2
BS,US,fauna,1991,19,5
BS,US,fauna,1992,15,3
BS,US,fauna,1993,112,2
BS,US,fauna,1994,15,3
BS,US,fauna,1995,107,0
BS,US,fauna,1996,141,1
BS,US,fauna,1997,39,2
BS,US,fauna,1998,53,1
BS,US,fauna,1999,104,2
BS,US,fauna,2000,206,2
BS,US,fauna,2001,167,0
BS,US,fauna,2002,249,1
BS,US,fauna,2003,85,1
BS,US,fauna,2004,114,1
BS,US,fauna,2005,227,13
BS,US,fauna,2006,162,2
BS,US,fauna,2007,154,5
BS,US,fauna,2008,767,33
BS,US,fauna,2009,470,24
BS,US,fauna,2010,387,45
BS,US,fauna,2011,421,30
BS,US,fauna,2012,300,25
BS,US,fauna,2013,282,38
BS,US,fauna,2014,267,30
BS,US,fauna,2015,235,21
BS,US,fauna,2016,209,29
BS,US,fauna,2017,149,94
BS,US,fauna,2018,136,51
BS,US,fauna,2019,342,111
BS,US,fauna,2020,87,22
BS,US,fauna,2021,62,29
BS,US,fauna,2022,49,36
BS,US,fauna,2023,107,64
BS,US,fauna,2024,107,0
BS,US,flora,1978,2,0
BS,US,flora,1979,1,0
BS,US,flora,1980,6,0
BS,US,flora,1981,5,0
BS,US,flora,1982,19,0
BS,US,flora,1984,6,2
BS,US,flora,1985,1,1
BS,US,flora,1986,1,1
BS,US,flora,1987,5,4
BS,US,flora,1990,1,1
BS,US,flora,1993,3,0
BS,US,flora,1995,1,0
BS,US,flora,1996,1,1
BS,US,flora,2000,2,0
BS,US,flora,2002,1,0
BS,US,flora,2004,1,1
BS,US,flora,2009,7,0
BS,US,flora,2010,20,0
BS,US,flora,2011,5,0
BS,US,flora,2012,6,0
BS,US,flora,2018,1,1
BS,WS,fauna,2013,1,0
BS,XX,fauna,1987,1,1
BS,XX,fauna,1998,38,0
BS,XX,fauna,2001,1,0
BS,XX,fauna,2009,3,0
BS,XX,fauna,2012,8,0
BS,XX,fauna,2013,4,0
BS,XX,fauna,2019,1,0
BS,XX,fauna,2023,1,0
BS,XX,fauna,2024,1,0
BS,YU,fauna,2001,1,0
BS,ZA,fauna,2005,5,0
BW,AR,fauna,1978,1,0
BW,AR,fauna,1986,1,0
BW,AR,fauna,2000,7,0
BW,AR,fauna,2001,1,0
BW,AR,fauna,2003,2,0
BW,AR,fauna,2006,4,0
BW,AR,fauna,2007,2,0
BW,AR,fauna,2012,6,0
BW,BO,fauna,1984,1,0
BW,BR,fauna,1985,2,0
BW,BR,fauna,1986,2,0
BW,BR,fauna,1988,1,0
BW,BR,fauna,2001,2,0
BW,BR,fauna,2007,2,0
BW,BR,fauna,2008,1,0
BW,BR,fauna,2013,1,0
BW,BR,fauna,2014,5,0
BW,JM,fauna,1990,1,0
BW,JM,fauna,1991,1,0
BW,MX,fauna,1979,6,0
BW,MX,fauna,1981,9,0
BW,MX,fauna,1985,1,0
BW,MX,fauna,1986,2,0
BW,MX,fauna,1989,3,0
BW,MX,fauna,1990,3,0
BW,MX,fauna,1993,8,0
BW,MX,fauna,1994,3,0
BW,MX,fauna,1995,2,0
BW,MX,fauna,1996,3,0
BW,MX,fauna,1997,9,0
BW,MX,fauna,1998,9,0
BW,MX,fauna,2000,13,0
BW,MX,fauna,2001,11,0
BW,MX,fauna,2002,7,0
BW,MX,fauna,2003,20,0
BW,MX,fauna,2004,9,0
BW,MX,fauna,2005,11,0
BW,MX,fauna,2006,20,0
BW,MX,fauna,2007,37,0
BW,MX,fauna,2008,12,0
BW,MX,fauna,2009,21,0
BW,MX,fauna,2010,19,0
BW,MX,fauna,2011,19,0
BW,MX,fauna,2012,26,0
BW,MX,fauna,2013,50,0
BW,MX,fauna,2014,74,0
BW,MX,fauna,2015,6,0
BW,MX,fauna,2022,28,0
BW,MX,fauna,2023,23,0
BW,MX,fauna,2024,33,0
BW,PA,fauna,1985,1,0
BW,PA,fauna,1986,3,0
BW,PY,fauna,2011,1,0
BW,SV,fauna,1999,3,0
BW,VE,fauna,1993,2,0
BZ,AE,fauna,2008,4,0
BZ,AE,fauna,2014,1,0
BZ,AE,fauna,2015,2,0
BZ,AE,fauna,2024,2,0
BZ,AO,fauna,2019,2,0
BZ,AU,fauna,2007,1,0
BZ,AU,fauna,2011,1,0
BZ,AW,fauna,2010,1,0
BZ,BB,fauna,1998,3,0
BZ,BB,fauna,1999,1,0
BZ,BB,fauna,2001,1,0
BZ,BB,fauna,2006,1,0
BZ,BB,fauna,2008,3,0
BZ,BB,fauna,2011,3,0
BZ,BB,fauna,2012,1,0
BZ,BB,fauna,2013,1,0
BZ,BB,fauna,2014,1,0
BZ,BB,fauna,2018,1,0
BZ,BB,fauna,2024,3,0
BZ,BB,flora,1990,1,0
BZ,BB,flora,1997,1,0
BZ,BE,fauna,1980,1,0
BZ,BE,flora,2003,1,0
BZ,BM,flora,1986,9,0
BZ,BR,fauna,2008,1,0
BZ,BR,fauna,2009,1,0
BZ,BR,fauna,2018,3,0
BZ,BR,fauna,2023,1,0
BZ,BR,fauna,2024,1,0
BZ,BR,flora,2004,1,0
BZ,BS,flora,1994,1,0
BZ,BZ,fauna,1989,5,0
BZ,BZ,fauna,1990,10,0
BZ,BZ,fauna,1991,13,0
BZ,BZ,fauna,1992,9,0
BZ,BZ,fauna,2004,1,0
BZ,BZ,fauna,2008,4,0
BZ,BZ,flora,1989,2,0
BZ,BZ,flora,1991,3,0
BZ,BZ,flora,1992,2,0
BZ,BZ,flora,2007,6,0
BZ,CA,fauna,2002,1,0
BZ,CA,fauna,2003,2,0
BZ,CA,fauna,2004,3,0
BZ,CA,fauna,2007,1,0
BZ,CA,fauna,2009,12,0
BZ,CA,fauna,2010,5,0
BZ,CA,fauna,2011,6,0
BZ,CA,fauna,2012,1,0
BZ,CA,fauna,2013,2,0
BZ,CA,fauna,2014,5,0
BZ,CA,fauna,2015,7,0
BZ,CA,fauna,2016,4,0
BZ,CA,fauna,2017,17,0
BZ,CA,fauna,2018,19,0
BZ,CA,fauna,2019,10,0
BZ,CA,fauna,2020,2,0
BZ,CA,fauna,2021,9,0
BZ,CA,fauna,2022,7,0
BZ,CA,fauna,2023,12,0
BZ,CA,fauna,2024,11,0
BZ,CA,flora,1989,1,0
BZ,CA,flora,1990,3,0
BZ,CA,flora,1996,14,0
BZ,CA,flora,1998,2,0
BZ,CA,flora,2003,3,0
BZ,CA,flora,2004,5,0
BZ,CA,flora,2010,1,0
BZ,CA,flora,2012,1,0
BZ,CA,flora,2016,1,0
BZ,CA,flora,2018,2,0
BZ,CA,flora,2019,1,0
BZ,CA,flora,2021,1,0
BZ,CH,fauna,2002,1,0
BZ,CH,fauna,2008,13,0
BZ,CH,fauna,2009,1,0
BZ,CH,fauna,2010,8,0
BZ,CH,fauna,2011,7,0
BZ,CH,fauna,2012,11,0
BZ,CH,fauna,2013,10,0
BZ,CH,fauna,2014,6,0
BZ,CH,fauna,2015,2,0
BZ,CN,fauna,2008,3,0
BZ,CN,fauna,2009,8,0
BZ,CN,fauna,2010,8,0
BZ,CN,fauna,2011,11,0
BZ,CN,fauna,2012,7,0
BZ,CN,fauna,2013,16,0
BZ,CN,fauna,2014,22,0
BZ,CN,fauna,2015,12,0
BZ,CN,fauna,2016,11,0
BZ,CN,fauna,2017,20,0
BZ,CN,fauna,2018,17,0
BZ,CN,fauna,2019,16,0
BZ,CN,fauna,2020,3,0
BZ,CN,fauna,2021,14,0
BZ,CN,fauna,2022,34,0
BZ,CN,fauna,2023,37,0
BZ,CN,fauna,2024,28,0
BZ,CN,flora,2003,32,0
BZ,CN,flora,2008,1,0
BZ,CN,flora,2013,50,0
BZ,CN,flora,2014,8,0
BZ,CN,flora,2018,18,0
BZ,CN,flora,2019,2,0
BZ,CN,flora,2020,1,0
BZ,CR,fauna,2008,1,0
BZ,CR,fauna,2011,1,0
BZ,CR,fauna,2015,1,0
BZ,CR,fauna,2016,1,0
BZ,CR,flora,1989,1,0
BZ,CR,flora,1990,1,0
BZ,CU,flora,2002,14,0
BZ,CZ,fauna,2006,1,0
BZ,CZ,fauna,2012,1,0
BZ,CZ,fauna,2022,1,0
BZ,CZ,flora,2012,1,0
BZ,DE,fauna,1977,4,0
BZ,DE,fauna,1978,3,0
BZ,DE,fauna,1979,4,0
BZ,DE,fauna,1980,4,0
BZ,DE,fauna,1994,2,0
BZ,DE,fauna,1997,1,0
BZ,DE,fauna,1999,1,0
BZ,DE,fauna,2000,6,0
BZ,DE,fauna,2001,1,0
BZ,DE,fauna,2005,8,0
BZ,DE,fauna,2006,2,0
BZ,DE,fauna,2010,1,0
BZ,DE,fauna,2022,2,0
BZ,DE,fauna,2024,5,0
BZ,DE,flora,1991,4,0
BZ,DE,flora,1995,36,0
BZ,DE,flora,2002,3,0
BZ,DE,flora,2003,145,0
BZ,DE,flora,2005,27,0
BZ,DE,flora,2008,1,0
BZ,DE,flora,2010,1,0
BZ,DE,flora,2011,2,0
BZ,DE,flora,2012,1,0
BZ,DE,flora,2013,4,0
BZ,DE,flora,2014,1,0
BZ,DK,fauna,2010,1,0
BZ,DK,fauna,2012,1,0
BZ,DO,flora,2012,5,0
BZ,DO,flora,2013,3,0
BZ,DO,flora,2015,15,0
BZ,DO,flora,2016,9,0
BZ,DO,flora,2017,3,0
BZ,DO,flora,2018,10,0
BZ,DO,flora,2019,13,0
BZ,DO,flora,2021,14,0
BZ,DO,flora,2022,6,0
BZ,ES,fauna,2021,1,0
BZ,ES,fauna,2024,12,0
BZ,ES,flora,2015,1,0
BZ,FR,fauna,2001,1,0
BZ,FR,fauna,2020,4,0
BZ,FR,fauna,2021,4,0
BZ,FR,flora,1990,1,0
BZ,FR,flora,2019,1,0
BZ,FR,flora,2020,1,0
BZ,FR,flora,2021,3,0
BZ,FR,flora,2022,2,0
BZ,FR,flora,2023,2,0
BZ,FR,flora,2024,3,0
BZ,GB,fauna,1981,1,0
BZ,GB,fauna,1982,1,0
BZ,GB,fauna,1986,1,0
BZ,GB,fauna,1987,5,0
BZ,GB,fauna,1988,1,0
BZ,GB,fauna,1989,2,0
BZ,GB,fauna,1990,1,0
BZ,GB,fauna,1991,1,0
BZ,GB,fauna,1993,4,0
BZ,GB,fauna,1994,1,0
BZ,GB,fauna,1995,1,0
BZ,GB,fauna,1996,3,0
BZ,GB,fauna,1997,3,1
BZ,GB,fauna,1998,3,1
BZ,GB,fauna,2000,2,0
BZ,GB,fauna,2001,4,0
BZ,GB,fauna,2003,26,0
BZ,GB,fauna,2004,30,0
BZ,GB,fauna,2005,8,0
BZ,GB,fauna,2010,2,0
BZ,GB,fauna,2011,5,0
BZ,GB,fauna,2012,2,0
BZ,GB,fauna,2013,1,0
BZ,GB,fauna,2016,3,0
BZ,GB,fauna,2017,4,0
BZ,GB,fauna,2018,3,0
BZ,GB,fauna,2019,7,0
BZ,GB,fauna,2021,2,0
BZ,GB,fauna,2022,6,0
BZ,GB,fauna,2023,5,0
BZ,GB,fauna,2024,3,0
BZ,GB,flora,1979,5,0
BZ,GB,flora,1987,52,0
BZ,GB,flora,1989,1,0
BZ,GB,flora,1995,1,0
BZ,GB,flora,1996,54,0
BZ,GB,flora,1997,2,0
BZ,GB,flora,1998,4,1
BZ,GB,flora,1999,13,1
BZ,GB,flora,2000,58,0
BZ,GB,flora,2004,28,0
BZ,GB,flora,2006,1,0
BZ,GB,flora,2009,1,0
BZ,GB,flora,2010,1,0
BZ,GB,flora,2014,2,0
BZ,GB,flora,2015,1,0
BZ,GB,flora,2016,3,0
BZ,GT,fauna,1989,1,0
BZ,GT,fauna,1991,2,0
BZ,GT,fauna,2007,12,0
BZ,GT,fauna,2008,1,0
BZ,GT,fauna,2009,19,0
BZ,GT,fauna,2011,12,0
BZ,GT,fauna,2012,2,0
BZ,GT,fauna,2014,3,0
BZ,GT,fauna,2016,2,0
BZ,GT,fauna,2017,3,0
BZ,GT,fauna,2023,10,0
BZ,GT,fauna,2024,58,0
BZ,GT,flora,2011,1,0
BZ,GT,flora,2012,2,0
BZ,GT,flora,2019,3,0
BZ,GY,fauna,2021,1,0
BZ,HK,fauna,2006,1,0
BZ,HK,fauna,2007,1,0
BZ,HK,fauna,2008,3,0
BZ,HK,fauna,2009,2,0
BZ,HK,fauna,2010,10,0
BZ,HK,fauna,2011,2,0
BZ,HK,fauna,2012,3,0
BZ,HK,fauna,2013,4,0
BZ,HK,fauna,2014,7,0
BZ,HK,fauna,2015,2,0
BZ,HK,fauna,2016,3,0
BZ,HK,fauna,2017,5,0
BZ,HK,fauna,2018,3,0
BZ,HK,fauna,2019,16,0
BZ,HK,fauna,2020,1,0
BZ,HK,fauna,2021,4,0
BZ,HK,fauna,2023,13,0
BZ,HK,fauna,2024,3,0
BZ,HK,flora,2002,12,0
BZ,HN,fauna,2004,1,0
BZ,HN,fauna,2005,1,0
BZ,HN,fauna,2007,2,0
BZ,HN,fauna,2008,1,0
BZ,HN,fauna,2012,1,0
BZ,HN,fauna,2016,1,0
BZ,HN,fauna,2018,5,0
BZ,HN,fauna,2019,1,0
BZ,HN,fauna,2022,1,0
BZ,HN,fauna,2023,3,0
BZ,HN,fauna,2024,1,0
BZ,HN,flora,2019,3,0
BZ,IE,fauna,2013,1,0
BZ,IE,fauna,2014,1,0
BZ,IE,flora,1996,1,0
BZ,IE,flora,1997,39,0
BZ,IE,flora,1998,2,0
BZ,IE,flora,1999,43,0
BZ,IE,flora,2000,106,0
BZ,IE,flora,2004,68,0
BZ,IE,flora,2005,32,0
BZ,IL,fauna,2011,1,0
BZ,IL,flora,2015,1,0
BZ,IN,fauna,2002,1,0
BZ,IS,fauna,2011,2,0
BZ,IT,fauna,2000,2,0
BZ,IT,fauna,2006,1,0
BZ,IT,fauna,2007,1,0
BZ,IT,fauna,2008,3,0
BZ,IT,fauna,2009,1,0
BZ,IT,fauna,2012,1,0
BZ,IT,fauna,2013,2,0
BZ,IT,fauna,2014,2,0
BZ,IT,fauna,2017,2,0
BZ,IT,fauna,2019,1,0
BZ,JE,fauna,2000,3,0
BZ,JM,fauna,2007,6,0
BZ,JM,fauna,2013,2,0
BZ,JM,fauna,2016,1,0
BZ,JM,fauna,2024,2,0
BZ,JM,flora,1996,3,0
BZ,JM,flora,2018,2,0
BZ,JM,flora,2019,2,0
BZ,JP,fauna,1987,1,0
BZ,JP,fauna,2004,6,0
BZ,JP,fauna,2005,40,0
BZ,JP,fauna,2006,44,0
BZ,JP,fauna,2007,39,0
BZ,JP,fauna,2008,44,0
BZ,JP,fauna,2009,20,0
BZ,JP,fauna,2010,34,0
BZ,JP,fauna,2011,17,0
BZ,JP,fauna,2012,19,0
BZ,JP,fauna,2013,20,0
BZ,JP,fauna,2014,22,0
BZ,JP,fauna,2015,21,0
BZ,JP,fauna,2016,27,0
BZ,JP,fauna,2017,32,0
BZ,JP,fauna,2018,31,0
BZ,JP,fauna,2019,24,0
BZ,JP,fauna,2020,14,0
BZ,JP,fauna,2021,19,0
BZ,JP,fauna,2022,26,0
BZ,JP,fauna,2023,14,0
BZ,JP,fauna,2024,17,0
BZ,JP,flora,1987,79,0
BZ,JP,flora,1989,3,0
BZ,JP,flora,1990,4,0
BZ,JP,flora,1992,47,0
BZ,JP,flora,1993,2,0
BZ,JP,flora,1999,53,0
BZ,JP,flora,2000,108,0
BZ,KR,fauna,2004,2,0
BZ,KR,fauna,2010,2,0
BZ,KR,fauna,2013,7,0
BZ,KR,fauna,2016,1,0
BZ,KR,flora,2018,10,0
BZ,KY,fauna,2009,1,0
BZ,KY,fauna,2012,1,0
BZ,KY,fauna,2014,1,0
BZ,KY,fauna,2017,4,0
BZ,KY,fauna,2018,4,0
BZ,KY,fauna,2019,1,0
BZ,KY,fauna,2020,1,0
BZ,KY,fauna,2024,2,0
BZ,KY,flora,2004,1,0
BZ,LI,fauna,2016,1,0
BZ,MC,fauna,2008,1,0
BZ,MO,fauna,2008,1,0
BZ,MO,fauna,2014,1,0
BZ,MO,fauna,2015,1,0
BZ,MO,fauna,2017,3,0
BZ,MO,fauna,2019,3,0
BZ,MO,fauna,2021,1,0
BZ,MO,fauna,2023,1,0
BZ,MO,fauna,2024,1,0
BZ,MX,fauna,1996,13,0
BZ,MX,fauna,1998,16,0
BZ,MX,fauna,1999,3,0
BZ,MX,fauna,2000,2,0
BZ,MX,fauna,2003,1,0
BZ,MX,fauna,2004,5,0
BZ,MX,fauna,2005,1,0
BZ,MX,fauna,2007,3,0
BZ,MX,fauna,2008,3,0
BZ,MX,fauna,2009,2,0
BZ,MX,fauna,2010,3,0
BZ,MX,fauna,2011,7,0
BZ,MX,fauna,2012,1,0
BZ,MX,fauna,2013,4,0
BZ,MX,fauna,2014,4,0
BZ,MX,fauna,2015,4,0
BZ,MX,fauna,2016,10,0
BZ,MX,fauna,2019,2,0
BZ,MX,fauna,2022,1,0
BZ,MX,fauna,2023,1,0
BZ,MX,fauna,2024,1,0
BZ,MX,flora,1996,20,0
BZ,MX,flora,1998,1,0
BZ,MX,flora,1999,2,0
BZ,MX,flora,2000,17,0
BZ,MX,flora,2002,7,0
BZ,MX,flora,2003,17,0
BZ,MX,flora,2004,26,0
BZ,MX,flora,2019,2,0
BZ,MX,flora,2020,2,0
BZ,MY,fauna,2010,1,0
BZ,MY,fauna,2017,1,0
BZ,NI,fauna,2002,4,0
BZ,NI,fauna,2014,1,0
BZ,NI,fauna,2015,1,0
BZ,NL,fauna,1987,1,1
BZ,NL,fauna,2011,1,0
BZ,NL,fauna,2016,2,0
BZ,NL,flora,1989,81,0
BZ,NL,flora,2002,25,0
BZ,NL,flora,2010,1,0
BZ,NL,flora,2014,3,0
BZ,NL,flora,2015,4,0
BZ,NL,flora,2016,3,0
BZ,NL,flora,2017,3,0
BZ,NL,flora,2019,1,0
BZ,NL,flora,2021,2,0
BZ,NL,flora,2022,6,0
BZ,NO,flora,2002,1,0
BZ,NZ,fauna,1997,1,1
BZ,NZ,fauna,1998,1,1
BZ,NZ,fauna,1999,2,2
BZ,NZ,fauna,2001,1,1
BZ,NZ,fauna,2004,1,1
BZ,PA,fauna,1992,1,0
BZ,PA,fauna,1997,2,0
BZ,PA,fauna,2002,1,0
BZ,PA,fauna,2003,2,0
BZ,PA,fauna,2004,1,0
BZ,PA,fauna,2005,2,0
BZ,PA,fauna,2008,1,0
BZ,PA,fauna,2010,2,0
BZ,PA,fauna,2012,2,0
BZ,PA,fauna,2013,3,0
BZ,PA,fauna,2014,2,0
BZ,PA,fauna,2016,1,0
BZ,PA,fauna,2017,2,0
BZ,PA,fauna,2018,1,0
BZ,PA,fauna,2019,1,0
BZ,PA,fauna,2024,1,0
BZ,PE,fauna,2019,1,0
BZ,PR,flora,1991,2,0
BZ,PR,flora,1992,1,0
BZ,SE,fauna,1990,1,0
BZ,SG,fauna,2022,1,0
BZ,SG,fauna,2024,6,0
BZ,SV,fauna,1990,1,0
BZ,SV,fauna,2008,1,0
BZ,SV,fauna,2009,8,0
BZ,SV,fauna,2010,1,0
BZ,SV,fauna,2011,2,0
BZ,SV,fauna,2013,1,0
BZ,SV,fauna,2014,1,0
BZ,SV,fauna,2015,1,0
BZ,SV,fauna,2016,1,0
BZ,SV,fauna,2018,1,0
BZ,SV,fauna,2021,1,0
BZ,SV,fauna,2022,4,0
BZ,SV,fauna,2024,3,0
BZ,SV,flora,2002,1,0
BZ,SV,flora,2003,4,0
BZ,SV,flora,2004,3,0
BZ,SV,flora,2005,2,0
BZ,TC,fauna,2008,1,0
BZ,TH,fauna,2012,2,0
BZ,TH,fauna,2013,1,0
BZ,TH,fauna,2018,1,0
BZ,TH,flora,2004,42,0
BZ,TH,flora,2015,58,0
BZ,TT,fauna,2009,1,0
BZ,TT,fauna,2016,2,1
BZ,TT,fauna,2024,1,0
BZ,TT,flora,1990,1,0
BZ,TW,fauna,1998,2,0
BZ,TW,fauna,2013,1,0
BZ,TW,fauna,2018,1,0
BZ,TW,fauna,2022,1,0
BZ,TW,fauna,2024,1,0
BZ,TW,flora,2012,5,0
BZ,US,fauna,1980,14,0
BZ,US,fauna,1981,25,0
BZ,US,fauna,1982,11,2
BZ,US,fauna,1983,22,6
BZ,US,fauna,1984,135,8
BZ,US,fauna,1985,197,9
BZ,US,fauna,1986,24,12
BZ,US,fauna,1987,29,1
BZ,US,fauna,1988,18,5
BZ,US,fauna,1989,19,9
BZ,US,fauna,1990,23,7
BZ,US,fauna,1991,18,2
BZ,US,fauna,1992,15,3
BZ,US,fauna,1993,17,4
BZ,US,fauna,1994,26,2
BZ,US,fauna,1995,15,6
BZ,US,fauna,1996,24,0
BZ,US,fauna,1997,38,0
BZ,US,fauna,1998,59,0
BZ,US,fauna,1999,59,1
BZ,US,fauna,2000,63,1
BZ,US,fauna,2001,67,3
BZ,US,fauna,2002,95,2
BZ,US,fauna,2003,120,1
BZ,US,fauna,2004,102,1
BZ,US,fauna,2005,127,1
BZ,US,fauna,2006,123,0
BZ,US,fauna,2007,102,4
BZ,US,fauna,2008,703,17
BZ,US,fauna,2009,555,22
BZ,US,fauna,2010,640,15
BZ,US,fauna,2011,476,12
BZ,US,fauna,2012,316,3
BZ,US,fauna,2013,445,8
BZ,US,fauna,2014,694,6
BZ,US,fauna,2015,703,12
BZ,US,fauna,2016,781,8
BZ,US,fauna,2017,668,12
BZ,US,fauna,2018,675,24
BZ,US,fauna,2019,640,14
BZ,US,fauna,2020,316,2
BZ,US,fauna,2021,763,4
BZ,US,fauna,2022,766,14
BZ,US,fauna,2023,753,17
BZ,US,fauna,2024,1162,34
BZ,US,flora,1977,1,0
BZ,US,flora,1978,1,0
BZ,US,flora,1979,15,0
BZ,US,flora,1980,3,0
BZ,US,flora,1981,1,0
BZ,US,flora,1982,13,0
BZ,US,flora,1983,42,0
BZ,US,flora,1984,17,2
BZ,US,flora,1985,135,6
BZ,US,flora,1986,133,17
BZ,US,flora,1987,189,4
BZ,US,flora,1988,111,2
BZ,US,flora,1989,87,9
BZ,US,flora,1990,321,1
BZ,US,flora,1991,155,6
BZ,US,flora,1992,572,9
BZ,US,flora,1993,769,4
BZ,US,flora,1994,465,8
BZ,US,flora,1995,321,4
BZ,US,flora,1996,915,4
BZ,US,flora,1997,597,0
BZ,US,flora,1998,389,20
BZ,US,flora,1999,564,19
BZ,US,flora,2000,400,0
BZ,US,flora,2001,390,0
BZ,US,flora,2002,233,8
BZ,US,flora,2003,562,3
BZ,US,flora,2004,574,2
BZ,US,flora,2005,209,2
BZ,US,flora,2006,114,1
BZ,US,flora,2007,49,1
BZ,US,flora,2008,92,0
BZ,US,flora,2009,65,0
BZ,US,flora,2010,52,1
BZ,US,flora,2011,71,1
BZ,US,flora,2012,31,2
BZ,US,flora,2013,52,1
BZ,US,flora,2014,279,0
BZ,US,flora,2015,296,1
BZ,US,flora,2016,126,0
BZ,US,flora,2017,100,0
BZ,US,flora,2018,99,4
BZ,US,flora,2019,35,0
BZ,US,flora,2020,44,0
BZ,US,flora,2021,38,0
BZ,US,flora,2022,50,0
BZ,US,flora,2023,43,0
BZ,US,flora,2024,59,0
BZ,VN,fauna,2015,5,0
BZ,VN,fauna,2016,2,0
BZ,VN,fauna,2017,1,0
BZ,XX,fauna,1980,3,0
BZ,XX,fauna,1982,2,0
BZ,XX,fauna,1983,14,0
BZ,XX,fauna,1984,5,0
BZ,XX,fauna,1985,8,0
BZ,XX,fauna,1986,23,0
BZ,XX,fauna,1990,1,0
BZ,XX,fauna,1991,1,0
BZ,XX,fauna,2007,1,0
BZ,XX,fauna,2008,14,0
BZ,XX,fauna,2009,1,0
BZ,XX,fauna,2011,1,0
BZ,XX,fauna,2019,1,0
BZ,XX,fauna,2024,4,0
BZ,XX,flora,1983,3,0
BZ,XX,flora,1984,5,0
BZ,XX,flora,1985,5,0
BZ,XX,flora,1986,11,0
BZ,XX,flora,2011,2,0
CA,AG,fauna,1980,2,0
CA,AG,flora,2008,1,0
CA,AG,flora,2009,3,0
CA,AG,flora,2010,1,0
CA,AR,fauna,1979,2,0
CA,AR,fauna,1981,2,0
CA,AR,fauna,1982,1,0
CA,AR,fauna,1986,1,0
CA,AR,fauna,1988,1,0
CA,AR,fauna,1989,5,0
CA,AR,fauna,1990,4,0
CA,AR,fauna,1991,5,0
CA,AR,fauna,1992,5,0
CA,AR,fauna,1993,4,0
CA,AR,fauna,1994,14,0
CA,AR,fauna,1995,3,0
CA,AR,fauna,1996,2,0
CA,AR,fauna,1997,5,0
CA,AR,fauna,1998,3,0
CA,AR,fauna,1999,2,0
CA,AR,fauna,2000,11,0
CA,AR,fauna,2001,10,0
CA,AR,fauna,2003,7,0
CA,AR,fauna,2004,9,0
CA,AR,fauna,2005,3,0
CA,AR,fauna,2006,8,0
CA,AR,fauna,2007,10,0
CA,AR,fauna,2008,19,0
CA,AR,fauna,2009,21,0
CA,AR,fauna,2010,17,0
CA,AR,fauna,2011,5,0
CA,AR,fauna,2012,7,0
CA,AR,fauna,2013,31,0
CA,AR,fauna,2014,13,0
CA,AR,fauna,2015,7,0
CA,AR,fauna,2016,6,0
CA,AR,fauna,2017,1,0
CA,AR,fauna,2018,3,0
CA,AR,fauna,2019,6,0
CA,AR,fauna,2020,27,0
CA,AR,fauna,2022,3,0
CA,AR,fauna,2023,3,0
CA,AR,fauna,2024,17,0
CA,AR,flora,1999,10,0
CA,AR,flora,2007,1,0
CA,AR,flora,2008,1,0
CA,AR,flora,2009,1,0
CA,AR,flora,2010,2,0
CA,AR,flora,2012,1,0
CA,AR,flora,2016,1,0
CA,AR,flora,2017,9,0
CA,AR,flora,2018,5,0
CA,AR,flora,2019,7,0
CA,AR,flora,2020,8,0
CA,AR,flora,2021,11,0
CA,AR,flora,2022,1,0
CA,AR,flora,2023,3,0
CA,AR,flora,2024,4,0
CA,BB,fauna,1980,1,0
CA,BB,fauna,1981,2,0
CA,BB,fauna,1986,3,0
CA,BB,fauna,1987,1,0
CA,BB,fauna,1988,3,0
CA,BB,fauna,1989,7,0
CA,BB,fauna,1990,5,0
CA,BB,fauna,1991,4,0
CA,BB,fauna,1992,2,0
CA,BB,fauna,1993,1,0
CA,BB,fauna,1994,3,0
CA,BB,fauna,1997,1,0
CA,BB,fauna,2000,2,0
CA,BB,fauna,2001,2,0
CA,BB,fauna,2002,1,0
CA,BB,fauna,2007,9,0
CA,BB,fauna,2009,6,0
CA,BB,fauna,2010,7,0
CA,BB,fauna,2019,1,0
CA,BB,fauna,2023,3,0
CA,BB,flora,1987,1,0
CA,BB,flora,1988,5,0
CA,BB,flora,1989,4,0
CA,BB,flora,1990,3,0
CA,BB,flora,1991,10,0
CA,BB,flora,1992,11,0
CA,BB,flora,1993,16,0
CA,BB,flora,1994,8,0
CA,BB,flora,1995,4,0
CA,BB,flora,1997,2,0
CA,BB,flora,1999,2,0
CA,BB,flora,2022,1,0
CA,BB,flora,2023,2,0
CA,BB,flora,2024,1,0
CA,BO,fauna,2007,2,0
CA,BO,fauna,2021,2,0
CA,BO,fauna,2023,8,0
CA,BO,flora,2021,2,0
CA,BR,fauna,1977,1,0
CA,BR,fauna,1978,2,0
CA,BR,fauna,1980,1,0
CA,BR,fauna,1981,3,0
CA,BR,fauna,1982,4,0
CA,BR,fauna,1983,5,0
CA,BR,fauna,1984,5,0
CA,BR,fauna,1985,3,0
CA,BR,fauna,1986,9,0
CA,BR,fauna,1987,1,0
CA,BR,fauna,1988,14,0
CA,BR,fauna,1989,1,0
CA,BR,fauna,1990,5,0
CA,BR,fauna,1991,5,0
CA,BR,fauna,1992,3,0
CA,BR,fauna,1995,8,0
CA,BR,fauna,1996,7,0
CA,BR,fauna,1997,18,0
CA,BR,fauna,1998,2,0
CA,BR,fauna,1999,8,0
CA,BR,fauna,2000,2,0
CA,BR,fauna,2002,8,0
CA,BR,fauna,2003,12,0
CA,BR,fauna,2004,9,0
CA,BR,fauna,2005,1,0
CA,BR,fauna,2006,23,0
CA,BR,fauna,2007,33,0
CA,BR,fauna,2008,97,0
CA,BR,fauna,2009,2,0
CA,BR,fauna,2010,17,0
CA,BR,fauna,2011,2,0
CA,BR,fauna,2012,3,0
CA,BR,fauna,2013,4,0
CA,BR,fauna,2014,10,0
CA,BR,fauna,2015,13,0
CA,BR,fauna,2016,7,0
CA,BR,fauna,2017,3,0
CA,BR,fauna,2018,5,0
CA,BR,fauna,2019,3,0
CA,BR,fauna,2021,1,0
CA,BR,fauna,2022,1,0
CA,BR,fauna,2023,1,0
CA,BR,fauna,2024,4,0
CA,BR,flora,1989,2,0
CA,BR,flora,1997,1,0
CA,BR,flora,1999,8,0
CA,BR,flora,2004,2,0
CA,BR,flora,2005,2,0
CA,BR,flora,2006,2,0
CA,BR,flora,2007,2,0
CA,BR,flora,2008,163,0
CA,BR,flora,2010,11,0
CA,BR,flora,2012,15,0
CA,BR,flora,2013,2,0
CA,BR,flora,2014,1,0
CA,BR,flora,2015,3,0
CA,BR,flora,2016,1,0
CA,BR,flora,2017,23,0
CA,BR,flora,2018,3,0
CA,BR,flora,2019,1,0
CA,BR,flora,2021,1,0
CA,BR,flora,2022,4,0
CA,BR,flora,2023,6,0
CA,BR,flora,2024,20,0
CA,BS,fauna,1979,3,0
CA,BS,fauna,1980,6,0
CA,BS,fauna,1981,6,0
CA,BS,fauna,1982,6,0
CA,BS,fauna,1983,4,0
CA,BS,fauna,1984,4,0
CA,BS,fauna,1985,7,0
CA,BS,fauna,1986,5,0
CA,BS,fauna,1987,21,0
CA,BS,fauna,1988,10,0
CA,BS,fauna,1989,12,0
CA,BS,fauna,1990,20,0
CA,BS,fauna,1991,19,0
CA,BS,fauna,1992,16,0
CA,BS,fauna,1993,16,0
CA,BS,fauna,1994,4,0
CA,BS,fauna,1995,2,0
CA,BS,fauna,1996,2,0
CA,BS,fauna,1998,2,0
CA,BS,fauna,1999,4,0
CA,BS,fauna,2000,1,0
CA,BS,fauna,2001,6,0
CA,BS,fauna,2002,5,0
CA,BS,fauna,2003,2,0
CA,BS,fauna,2004,1,0
CA,BS,fauna,2007,2,0
CA,BS,fauna,2008,1,0
CA,BS,fauna,2009,5,0
CA,BS,fauna,2011,8,0
CA,BS,fauna,2012,2,0
CA,BS,fauna,2013,3,0
CA,BS,fauna,2014,1,0
CA,BS,fauna,2015,3,0
CA,BS,fauna,2016,4,0
CA,BS,fauna,2019,1,0
CA,BS,flora,1986,1,0
CA,BS,flora,1997,6,0
CA,BS,flora,2005,2,0
CA,BS,flora,2006,1,0
CA,BS,flora,2008,1,0
CA,BS,flora,2012,1,0
CA,BS,flora,2022,3,0
CA,BS,flora,2023,1,0
CA,BZ,fauna,1991,2,0
CA,BZ,fauna,1998,1,0
CA,BZ,fauna,2002,2,0
CA,BZ,fauna,2003,1,0
CA,BZ,fauna,2009,3,0
CA,BZ,fauna,2018,1,0
CA,BZ,flora,1986,2,0
CA,BZ,flora,2008,81,0
CA,BZ,flora,2010,1,0
CA,BZ,flora,2013,1,0
CA,CL,fauna,1979,1,0
CA,CL,fauna,1982,2,0
CA,CL,fauna,1985,2,0
CA,CL,fauna,1986,1,0
CA,CL,fauna,1987,1,0
CA,CL,fauna,1988,3,0
CA,CL,fauna,1989,4,0
CA,CL,fauna,1990,2,0
CA,CL,fauna,1994,1,0
CA,CL,fauna,1995,4,0
CA,CL,fauna,1996,5,0
CA,CL,fauna,1997,1,0
CA,CL,fauna,1999,3,0
CA,CL,fauna,2000,1,0
CA,CL,fauna,2001,10,0
CA,CL,fauna,2002,1,0
CA,CL,fauna,2005,1,0
CA,CL,fauna,2006,5,0
CA,CL,fauna,2007,7,0
CA,CL,fauna,2008,1,0
CA,CL,fauna,2010,4,0
CA,CL,fauna,2011,2,0
CA,CL,fauna,2012,9,0
CA,CL,fauna,2013,38,0
CA,CL,fauna,2014,4,0
CA,CL,fauna,2015,1,0
CA,CL,fauna,2021,2,0
CA,CL,fauna,2022,15,0
CA,CL,fauna,2024,2,0
CA,CL,flora,1994,31,0
CA,CL,flora,2001,1,0
CA,CL,flora,2005,1,0
CA,CL,flora,2008,4,0
CA,CL,flora,2010,1,0
CA,CL,flora,2011,1,0
CA,CL,flora,2012,1,0
CA,CL,flora,2013,1,0
CA,CL,flora,2014,4,0
CA,CL,flora,2016,1,0
CA,CL,flora,2017,26,0
CA,CL,flora,2019,3,0
CA,CL,flora,2022,3,0
CA,CL,flora,2023,9,0
CA,CL,flora,2024,7,0
CA,CO,fauna,1983,6,0
CA,CO,fauna,1990,3,0
CA,CO,fauna,1998,1,0
CA,CO,fauna,2005,1,0
CA,CO,fauna,2006,1,0
CA,CO,fauna,2008,2,0
CA,CO,fauna,2010,2,0
CA,CO,fauna,2016,1,0
CA,CO,fauna,2021,1,0
CA,CO,fauna,2024,13,0
CA,CO,flora,1993,11,0
CA,CO,flora,1997,23,0
CA,CO,flora,1999,50,0
CA,CO,flora,2017,2,0
CA,CO,flora,2018,3,0
CA,CO,flora,2019,5,0
CA,CO,flora,2021,1,0
CA,CO,flora,2022,1,0
CA,CO,flora,2023,3,0
CA,CO,flora,2024,2,0
CA,CR,fauna,1991,1,0
CA,CR,fauna,1996,1,0
CA,CR,fauna,1997,2,0
CA,CR,fauna,1998,3,0
CA,CR,fauna,2000,4,0
CA,CR,fauna,2003,3,0
CA,CR,fauna,2004,6,0
CA,CR,fauna,2006,2,0
CA,CR,fauna,2007,8,0
CA,CR,fauna,2009,1,0
CA,CR,fauna,2010,1,0
CA,CR,fauna,2011,8,0
CA,CR,fauna,2012,2,0
CA,CR,fauna,2014,6,0
CA,CR,fauna,2015,2,0
CA,CR,fauna,2019,1,0
CA,CR,fauna,2020,2,0
CA,CR,flora,1983,1,0
CA,CR,flora,1999,7,0
CA,CR,flora,2004,1,0
CA,CR,flora,2006,1,0
CA,CR,flora,2008,1,0
CA,CR,flora,2011,1,0
CA,CR,flora,2014,2,0
CA,CR,flora,2017,2,0
CA,CR,flora,2018,4,0
CA,CR,flora,2019,1,0
CA,CR,flora,2021,2,0
CA,CR,flora,2022,3,0
CA,CR,flora,2023,2,0
CA,CR,flora,2024,7,0
CA,CU,fauna,1980,1,0
CA,CU,fauna,1983,15,0
CA,CU,fauna,1984,3,0
CA,CU,fauna,1985,3,0
CA,CU,fauna,1992,2,0
CA,CU,fauna,1996,4,0
CA,CU,fauna,2003,1,0
CA,CU,fauna,2004,4,0
CA,CU,fauna,2016,4,0
CA,CU,fauna,2017,1,0
CA,CU,fauna,2018,4,0
CA,CU,flora,2018,6,0
CA,DM,fauna,1995,1,0
CA,DM,fauna,2017,2,0
CA,DM,flora,1994,1,0
CA,DM,flora,2022,1,0
CA,DO,fauna,1980,4,0
CA,DO,fauna,1981,5,0
CA,DO,fauna,1982,1,0
CA,DO,fauna,1983,1,0
CA,DO,fauna,1986,1,0
CA,DO,fauna,1987,1,0
CA,DO,fauna,1995,4,0
CA,DO,fauna,1997,1,0
CA,DO,fauna,2014,2,0
CA,DO,flora,1999,3,0
CA,DO,flora,2008,82,0
CA,DO,flora,2012,2,0
CA,DO,flora,2015,1,0
CA,DO,flora,2023,2,0
CA,DO,flora,2024,1,0
CA,EC,fauna,1989,1,0
CA,EC,fauna,1990,1,0
CA,EC,fauna,1991,1,0
CA,EC,fauna,2006,2,0
CA,EC,fauna,2014,1,0
CA,EC,fauna,2015,5,0
CA,EC,fauna,2016,2,0
CA,EC,fauna,2018,1,0
CA,EC,fauna,2024,1,0
CA,EC,flora,1999,10,0
CA,EC,flora,2006,2,0
CA,EC,flora,2012,2,0
CA,EC,flora,2017,1,0
CA,EC,flora,2019,1,0
CA,EC,flora,2023,1,0
CA,EC,flora,2024,4,0
CA,GD,flora,2009,2,0
CA,GD,flora,2010,1,0
CA,GT,fauna,1980,1,0
CA,GT,fauna,1982,2,0
CA,GT,fauna,1990,1,0
CA,GT,fauna,1996,1,0
CA,GT,fauna,1997,1,0
CA,GT,fauna,1998,1,0
CA,GT,fauna,2003,1,0
CA,GT,fauna,2004,3,0
CA,GT,fauna,2005,4,0
CA,GT,fauna,2006,4,0
CA,GT,fauna,2009,9,0
CA,GT,fauna,2010,9,0
CA,GT,flora,1999,22,0
CA,GT,flora,2002,1,0
CA,GT,flora,2003,1,0
CA,GT,flora,2006,1,0
CA,GT,flora,2007,7,0
CA,GT,flora,2008,6,0
CA,GT,flora,2022,1,0
CA,GT,flora,2024,2,0
CA,GY,fauna,1998,1,0
CA,GY,fauna,2023,1,0
CA,GY,flora,1985,1,0
CA,GY,flora,2004,1,0
CA,GY,flora,2012,1,0
CA,GY,flora,2017,1,0
CA,GY,flora,2024,2,0
CA,HN,fauna,2001,5,0
CA,HN,fauna,2004,1,0
CA,HN,fauna,2019,1,0
CA,HN,fauna,2021,1,0
CA,HN,fauna,2022,1,0
CA,HN,flora,2006,1,0
CA,HN,flora,2008,81,0
CA,HN,flora,2011,1,0
CA,HN,flora,2023,2,0
CA,HN,flora,2024,2,0
CA,HT,fauna,1980,4,0
CA,HT,fauna,1981,3,0
CA,HT,fauna,1982,2,0
CA,HT,fauna,2017,2,0
CA,HT,flora,2014,1,0
CA,HT,flora,2023,1,0
CA,JM,fauna,1981,2,0
CA,JM,fauna,1982,2,0
CA,JM,fauna,1983,1,0
CA,JM,fauna,1985,1,0
CA,JM,fauna,1987,3,0
CA,JM,fauna,1993,2,0
CA,JM,fauna,1995,1,0
CA,JM,fauna,1997,5,0
CA,JM,fauna,1999,1,0
CA,JM,fauna,2000,1,0
CA,JM,fauna,2005,3,0
CA,JM,fauna,2009,1,0
CA,JM,fauna,2010,1,0
CA,JM,fauna,2024,1,0
CA,JM,flora,1983,1,0
CA,JM,flora,1987,2,0
CA,JM,flora,1991,2,0
CA,JM,flora,1996,1,0
CA,JM,flora,2003,1,0
CA,JM,flora,2005,1,0
CA,JM,flora,2007,1,0
CA,JM,flora,2008,72,0
CA,JM,flora,2010,1,0
CA,JM,flora,2011,4,0
CA,JM,flora,2012,1,0
CA,JM,flora,2014,1,0
CA,JM,flora,2015,1,0
CA,JM,flora,2016,1,0
CA,JM,flora,2018,5,0
CA,JM,flora,2019,3,0
CA,JM,flora,2020,1,0
CA,JM,flora,2022,2,0
CA,JM,flora,2023,1,0
CA,JM,flora,2024,2,0
CA,KN,fauna,1998,2,0
CA,KN,flora,1998,3,0
CA,LC,fauna,1983,1,0
CA,LC,fauna,2004,1,0
CA,LC,flora,1997,33,0
CA,LC,flora,1999,2,0
CA,LC,flora,2008,1,0
CA,LC,flora,2009,2,0
CA,LC,flora,2012,1,0
CA,LC,flora,2024,1,0
CA,MX,fauna,1977,1,0
CA,MX,fauna,1978,4,0
CA,MX,fauna,1979,7,0
CA,MX,fauna,1980,3,0
CA,MX,fauna,1981,7,0
CA,MX,fauna,1982,7,0
CA,MX,fauna,1983,4,0
CA,MX,fauna,1984,1,0
CA,MX,fauna,1985,7,0
CA,MX,fauna,1986,9,0
CA,MX,fauna,1987,12,0
CA,MX,fauna,1988,13,0
CA,MX,fauna,1989,28,0
CA,MX,fauna,1990,31,0
CA,MX,fauna,1991,35,0
CA,MX,fauna,1992,64,0
CA,MX,fauna,1993,115,0
CA,MX,fauna,1994,82,0
CA,MX,fauna,1995,90,0
CA,MX,fauna,1996,89,0
CA,MX,fauna,1997,111,0
CA,MX,fauna,1998,80,1
CA,MX,fauna,1999,167,0
CA,MX,fauna,2000,81,0
CA,MX,fauna,2001,134,0
CA,MX,fauna,2002,72,0
CA,MX,fauna,2003,102,0
CA,MX,fauna,2004,162,0
CA,MX,fauna,2005,154,0
CA,MX,fauna,2006,163,0
CA,MX,fauna,2007,67,0
CA,MX,fauna,2008,116,0
CA,MX,fauna,2009,170,0
CA,MX,fauna,2010,292,0
CA,MX,fauna,2011,206,0
CA,MX,fauna,2012,104,0
CA,MX,fauna,2013,146,0
CA,MX,fauna,2014,125,0
CA,MX,fauna,2015,159,0
CA,MX,fauna,2016,110,0
CA,MX,fauna,2017,260,0
CA,MX,fauna,2018,70,0
CA,MX,fauna,2019,114,0
CA,MX,fauna,2020,56,0
CA,MX,fauna,2021,50,0
CA,MX,fauna,2022,49,0
CA,MX,fauna,2023,70,0
CA,MX,fauna,2024,145,0
CA,MX,flora,1983,1,0
CA,MX,flora,1997,2,0
CA,MX,flora,1999,2,0
CA,MX,flora,2002,1,0
CA,MX,flora,2003,2,2
CA,MX,flora,2004,1,0
CA,MX,flora,2006,1,0
CA,MX,flora,2008,82,0
CA,MX,flora,2011,3,0
CA,MX,flora,2012,1,0
CA,MX,flora,2015,2,0
CA,MX,flora,2016,4,0
CA,MX,flora,2017,29,0
CA,MX,flora,2018,14,0
CA,MX,flora,2019,12,0
CA,MX,flora,2020,4,0
CA,MX,flora,2021,5,0
CA,MX,flora,2022,7,0
CA,MX,flora,2023,9,0
CA,MX,flora,2024,28,0
CA,NI,fauna,1992,1,0
CA,NI,fauna,2005,1,0
CA,NI,fauna,2012,1,0
CA,NI,flora,2023,2,0
CA,PA,fauna,1979,4,0
CA,PA,fauna,1980,9,0
CA,PA,fauna,1981,6,0
CA,PA,fauna,1982,5,0
CA,PA,fauna,1983,1,0
CA,PA,fauna,1987,16,0
CA,PA,fauna,1988,2,0
CA,PA,fauna,1989,4,0
CA,PA,fauna,1990,3,0
CA,PA,fauna,1991,1,0
CA,PA,fauna,1999,1,0
CA,PA,fauna,2003,3,0
CA,PA,fauna,2006,4,0
CA,PA,fauna,2009,1,0
CA,PA,fauna,2010,5,0
CA,PA,fauna,2011,1,0
CA,PA,fauna,2012,4,0
CA,PA,fauna,2013,13,0
CA,PA,fauna,2014,8,0
CA,PA,fauna,2015,19,0
CA,PA,fauna,2017,16,0
CA,PA,fauna,2018,9,0
CA,PA,fauna,2019,10,0
CA,PA,fauna,2021,6,0
CA,PA,fauna,2022,1,0
CA,PA,fauna,2024,1,0
CA,PA,fauna,2025,2,0
CA,PA,flora,1999,3,0
CA,PA,flora,2005,1,0
CA,PA,flora,2007,2,0
CA,PA,flora,2008,209,0
CA,PA,flora,2010,5,0
CA,PA,flora,2011,2,0
CA,PA,flora,2013,3,0
CA,PA,flora,2014,35,0
CA,PA,flora,2017,27,0
CA,PA,flora,2018,39,0
CA,PA,flora,2019,10,0
CA,PA,flora,2021,6,0
CA,PA,flora,2022,12,0
CA,PA,flora,2023,15,0
CA,PA,flora,2024,16,0
CA,PE,fauna,1980,1,0
CA,PE,fauna,1991,6,0
CA,PE,fauna,1998,2,0
CA,PE,fauna,2000,1,0
CA,PE,fauna,2002,1,0
CA,PE,fauna,2003,3,0
CA,PE,fauna,2006,2,0
CA,PE,fauna,2013,3,0
CA,PE,fauna,2020,2,0
CA,PE,flora,1999,1,0
CA,PE,flora,2002,3,0
CA,PE,flora,2005,1,0
CA,PE,flora,2006,1,0
CA,PE,flora,2007,1,0
CA,PE,flora,2008,80,0
CA,PE,flora,2009,1,0
CA,PE,flora,2012,2,0
CA,PE,flora,2013,2,0
CA,PE,flora,2014,1,0
CA,PE,flora,2017,8,0
CA,PE,flora,2018,1,0
CA,PE,flora,2019,1,0
CA,PE,flora,2021,6,0
CA,PE,flora,2022,4,0
CA,PE,flora,2023,6,0
CA,PE,flora,2024,11,0
CA,PY,fauna,2006,1,0
CA,PY,fauna,2008,3,0
CA,PY,fauna,2011,1,0
CA,PY,flora,1999,11,0
CA,PY,flora,2002,1,0
CA,PY,flora,2017,3,0
CA,PY,flora,2019,2,0
CA,SR,fauna,1993,2,0
CA,SR,flora,2022,1,0
CA,SR,flora,2023,1,0
CA,SR,flora,2024,1,0
CA,SV,fauna,1981,2,0
CA,SV,fauna,1995,2,0
CA,SV,fauna,1998,1,0
CA,SV,fauna,2004,3,0
CA,SV,fauna,2005,1,0
CA,SV,fauna,2006,9,0
CA,TT,fauna,1977,1,0
CA,TT,fauna,1978,2,0
CA,TT,fauna,1979,3,0
CA,TT,fauna,1980,1,0
CA,TT,fauna,1981,4,0
CA,TT,fauna,1983,1,0
CA,TT,fauna,1988,1,0
CA,TT,fauna,1989,1,0
CA,TT,fauna,1990,2,0
CA,TT,fauna,1991,1,0
CA,TT,fauna,1992,2,0
CA,TT,fauna,1996,1,0
CA,TT,fauna,1997,6,0
CA,TT,fauna,1998,5,0
CA,TT,fauna,1999,2,0
CA,TT,fauna,2000,1,0
CA,TT,fauna,2003,1,0
CA,TT,fauna,2004,6,0
CA,TT,fauna,2008,2,0
CA,TT,fauna,2010,2,0
CA,TT,fauna,2011,2,0
CA,TT,fauna,2012,1,0
CA,TT,fauna,2013,4,0
CA,TT,fauna,2014,7,0
CA,TT,fauna,2015,27,7
CA,TT,fauna,2016,3,2
CA,TT,fauna,2017,3,0
CA,TT,fauna,2019,1,0
CA,TT,fauna,2020,1,0
CA,TT,fauna,2021,2,0
CA,TT,fauna,2022,4,0
CA,TT,fauna,2023,10,0
CA,TT,fauna,2024,2,0
CA,TT,flora,1980,1,0
CA,TT,flora,1981,1,0
CA,TT,flora,1987,1,0
CA,TT,flora,1996,2,0
CA,TT,flora,1997,12,0
CA,TT,flora,1998,1,0
CA,TT,flora,1999,10,0
CA,TT,flora,2002,1,0
CA,TT,flora,2004,1,0
CA,TT,flora,2008,4,0
CA,TT,flora,2009,15,0
CA,TT,flora,2010,1,0
CA,TT,flora,2011,2,0
CA,TT,flora,2018,1,0
CA,TT,flora,2019,1,0
CA,TT,flora,2023,2,0
CA,TT,flora,2024,2,0
CA,UY,fauna,1988,1,0
CA,UY,fauna,1997,1,0
CA,UY,fauna,2000,4,0
CA,UY,fauna,2002,3,0
CA,UY,fauna,2003,2,0
CA,UY,fauna,2004,7,0
CA,UY,fauna,2006,2,0
CA,UY,fauna,2007,7,0
CA,UY,fauna,2008,5,0
CA,UY,fauna,2009,1,0
CA,UY,fauna,2014,3,0
CA,UY,fauna,2015,2,0
CA,UY,fauna,2022,1,0
CA,UY,flora,2017,3,0
CA,UY,flora,2019,1,0
CA,VC,flora,2008,1,0
CA,VC,flora,2009,1,0
CA,VC,flora,2021,1,0
CA,VE,fauna,1979,3,0
CA,VE,fauna,1981,3,0
CA,VE,fauna,1988,2,0
CA,VE,fauna,1990,3,0
CA,VE,fauna,1991,1,0
CA,VE,fauna,1992,6,0
CA,VE,fauna,1993,1,0
CA,VE,fauna,1994,14,0
CA,VE,fauna,1995,1,0
CA,VE,fauna,1996,2,0
CA,VE,fauna,1998,2,0
CA,VE,fauna,2003,1,0
CA,VE,fauna,2006,2,0
CA,VE,flora,1991,3,0
CA,VE,flora,1999,13,0
CA,VE,flora,2003,2,0
CA,VE,flora,2006,1,0
CA,VE,flora,2007,1,0
CA,VE,flora,2009,1,0
CA,VE,flora,2012,1,0
CA,VE,flora,2015,6,0
CA,VE,flora,2019,3,0
CA,VE,flora,2023,1,0
CA,VE,flora,2024,5,0
CD,AR,fauna,1988,1,0
CD,AR,fauna,1989,2,0
CD,BR,fauna,1985,1,0
CD,BR,fauna,1995,1,0
CD,BR,fauna,1996,1,0
CD,CO,fauna,1993,1,0
CD,CU,fauna,1989,1,0
CD,CU,fauna,1991,2,0
CD,DO,flora,2023,1,0
CD,DO,flora,2024,35,0
CD,DO,flora,2025,16,0
CD,HN,fauna,2005,1,0
CD,HN,fauna,2006,1,0
CD,MX,fauna,2005,2,0
CD,PE,fauna,2011,1,0
CF,AR,fauna,1999,2,0
CF,CO,fauna,2006,2,0
CF,HN,fauna,2013,2,0
CF,JM,fauna,2005,1,0
CF,JM,fauna,2006,4,0
CF,MX,fauna,2001,12,0
CF,MX,fauna,2002,4,0
CF,MX,fauna,2003,1,0
CF,MX,fauna,2004,2,0
CF,MX,fauna,2005,14,0
CF,MX,fauna,2006,11,0
CF,MX,fauna,2007,3,0
CF,MX,fauna,2008,6,0
CF,MX,fauna,2010,2,0
CF,MX,fauna,2011,2,0
CF,MX,fauna,2012,18,0
CF,MX,fauna,2014,5,0
CF,MX,fauna,2015,5,0
CF,MX,fauna,2016,2,0
CF,MX,fauna,2017,1,0
CF,MX,fauna,2018,1,0
CF,MX,fauna,2019,1,0
CG,CR,fauna,1984,1,0
CG,CU,fauna,1985,1,0
CG,DO,flora,2023,10,0
CG,DO,flora,2024,16,0
CG,DO,flora,2025,6,0
CG,MX,fauna,2002,1,0
CG,MX,fauna,2005,2,0
CG,MX,fauna,2022,1,0
CG,MX,fauna,2023,1,0
CG,PA,flora,2003,1,0
CG,PE,fauna,1987,1,0
CG,SR,fauna,2022,2,0
CH,AG,fauna,1988,1,0
CH,AG,fauna,1989,1,0
CH,AG,fauna,2000,1,0
CH,AG,fauna,2001,2,0
CH,AG,fauna,2002,5,0
CH,AG,fauna,2003,2,0
CH,AG,fauna,2004,4,0
CH,AG,fauna,2005,7,0
CH,AG,fauna,2006,26,0
CH,AG,fauna,2007,43,0
CH,AG,fauna,2008,25,0
CH,AG,fauna,2009,6,0
CH,AG,fauna,2010,12,0
CH,AG,fauna,2011,11,0
CH,AG,fauna,2012,11,0
CH,AG,fauna,2013,16,0
CH,AG,fauna,2014,21,0
CH,AG,fauna,2015,21,0
CH,AG,fauna,2016,15,0
CH,AG,fauna,2017,14,0
CH,AG,fauna,2018,12,0
CH,AG,fauna,2019,13,0
CH,AG,fauna,2020,1,0
CH,AG,fauna,2021,11,0
CH,AG,fauna,2022,8,0
CH,AG,fauna,2023,5,0
CH,AG,flora,2009,1,0
CH,AR,fauna,1981,1,0
CH,AR,fauna,1983,2,0
CH,AR,fauna,1984,2,0
CH,AR,fauna,1988,3,0
CH,AR,fauna,1989,5,0
CH,AR,fauna,1990,8,0
CH,AR,fauna,1991,2,0
CH,AR,fauna,1993,2,0
CH,AR,fauna,1994,1,0
CH,AR,fauna,1998,1,0
CH,AR,fauna,2000,22,0
CH,AR,fauna,2001,21,0
CH,AR,fauna,2002,15,0
CH,AR,fauna,2003,34,0
CH,AR,fauna,2004,23,0
CH,AR,fauna,2005,48,0
CH,AR,fauna,2006,401,0
CH,AR,fauna,2007,447,0
CH,AR,fauna,2008,398,0
CH,AR,fauna,2009,429,0
CH,AR,fauna,2010,439,0
CH,AR,fauna,2011,474,0
CH,AR,fauna,2012,417,0
CH,AR,fauna,2013,388,0
CH,AR,fauna,2014,308,0
CH,AR,fauna,2015,321,0
CH,AR,fauna,2016,313,0
CH,AR,fauna,2017,214,0
CH,AR,fauna,2018,189,0
CH,AR,fauna,2019,146,0
CH,AR,fauna,2020,93,0
CH,AR,fauna,2021,158,0
CH,AR,fauna,2022,146,0
CH,AR,fauna,2023,162,0
CH,AR,flora,2008,2,0
CH,AR,flora,2009,4,0
CH,AR,flora,2010,4,0
CH,AR,flora,2012,4,0
CH,AR,flora,2013,7,0
CH,AR,flora,2014,4,0
CH,AR,flora,2015,7,0
CH,AR,flora,2016,4,0
CH,AR,flora,2017,9,0
CH,AR,flora,2018,8,0
CH,AR,flora,2019,4,0
CH,AR,flora,2020,7,0
CH,AR,flora,2021,5,0
CH,AR,flora,2022,10,0
CH,AR,flora,2023,3,0
CH,BB,fauna,1985,1,0
CH,BB,fauna,1986,3,0
CH,BB,fauna,1987,3,0
CH,BB,fauna,1988,4,0
CH,BB,fauna,1989,4,0
CH,BB,fauna,1990,7,0
CH,BB,fauna,1991,7,0
CH,BB,fauna,1998,1,0
CH,BB,fauna,1999,2,0
CH,BB,fauna,2000,3,0
CH,BB,fauna,2001,3,0
CH,BB,fauna,2002,8,0
CH,BB,fauna,2003,8,0
CH,BB,fauna,2004,11,0
CH,BB,fauna,2005,12,0
CH,BB,fauna,2006,71,0
CH,BB,fauna,2007,90,0
CH,BB,fauna,2008,121,0
CH,BB,fauna,2009,16,0
CH,BB,fauna,2010,48,0
CH,BB,fauna,2011,45,0
CH,BB,fauna,2012,29,0
CH,BB,fauna,2013,30,0
CH,BB,fauna,2014,40,0
CH,BB,fauna,2015,43,0
CH,BB,fauna,2016,41,0
CH,BB,fauna,2017,24,0
CH,BB,fauna,2018,23,0
CH,BB,fauna,2019,21,0
CH,BB,fauna,2020,3,0
CH,BB,fauna,2021,24,0
CH,BB,fauna,2022,49,0
CH,BB,fauna,2023,36,0
CH,BB,flora,1997,2,0
CH,BB,flora,2008,2,0
CH,BB,flora,2009,7,0
CH,BB,flora,2010,4,0
CH,BO,fauna,2000,3,0
CH,BO,fauna,2001,6,0
CH,BO,fauna,2002,5,0
CH,BO,fauna,2003,1,0
CH,BO,fauna,2004,1,0
CH,BO,fauna,2005,5,0
CH,BO,fauna,2006,20,0
CH,BO,fauna,2007,13,0
CH,BO,fauna,2008,11,0
CH,BO,fauna,2009,8,0
CH,BO,fauna,2010,13,0
CH,BO,fauna,2011,11,0
CH,BO,fauna,2012,18,0
CH,BO,fauna,2013,14,0
CH,BO,fauna,2014,15,0
CH,BO,fauna,2015,10,0
CH,BO,fauna,2016,13,0
CH,BO,fauna,2017,9,0
CH,BO,fauna,2018,11,0
CH,BO,fauna,2019,9,0
CH,BO,fauna,2020,4,0
CH,BO,fauna,2021,16,0
CH,BO,fauna,2022,13,0
CH,BO,fauna,2023,17,0
CH,BR,fauna,1978,1,0
CH,BR,fauna,1980,2,0
CH,BR,fauna,1981,1,0
CH,BR,fauna,1984,2,0
CH,BR,fauna,1985,4,0
CH,BR,fauna,1986,2,0
CH,BR,fauna,1987,3,0
CH,BR,fauna,1988,1,0
CH,BR,fauna,1989,2,0
CH,BR,fauna,1990,18,0
CH,BR,fauna,1991,5,0
CH,BR,fauna,1992,12,0
CH,BR,fauna,1993,11,0
CH,BR,fauna,1994,27,0
CH,BR,fauna,1995,3,0
CH,BR,fauna,1996,2,0
CH,BR,fauna,1997,8,0
CH,BR,fauna,1998,8,0
CH,BR,fauna,1999,2,0
CH,BR,fauna,2000,82,0
CH,BR,fauna,2001,49,0
CH,BR,fauna,2002,43,0
CH,BR,fauna,2003,54,0
CH,BR,fauna,2004,144,0
CH,BR,fauna,2005,203,0
CH,BR,fauna,2006,535,0
CH,BR,fauna,2007,605,0
CH,BR,fauna,2008,658,0
CH,BR,fauna,2009,669,0
CH,BR,fauna,2010,786,0
CH,BR,fauna,2011,1026,0
CH,BR,fauna,2012,902,0
CH,BR,fauna,2013,1185,0
CH,BR,fauna,2014,943,0
CH,BR,fauna,2015,775,0
CH,BR,fauna,2016,923,0
CH,BR,fauna,2017,762,0
CH,BR,fauna,2018,707,0
CH,BR,fauna,2019,316,0
CH,BR,fauna,2020,607,0
CH,BR,fauna,2021,300,0
CH,BR,fauna,2022,668,0
CH,BR,fauna,2023,432,0
CH,BR,fauna,2024,349,0
CH,BR,flora,1990,1,0
CH,BR,flora,2008,1,0
CH,BR,flora,2009,13,0
CH,BR,flora,2010,3,0
CH,BR,flora,2012,7,0
CH,BR,flora,2013,5,0
CH,BR,flora,2014,5,0
CH,BR,flora,2015,1,0
CH,BR,flora,2016,4,0
CH,BR,flora,2017,5,0
CH,BR,flora,2018,8,0
CH,BR,flora,2019,10,0
CH,BR,flora,2020,8,0
CH,BR,flora,2021,8,0
CH,BR,flora,2022,9,0
CH,BR,flora,2023,11,0
CH,BR,flora,2024,2,0
CH,BS,fauna,1979,1,0
CH,BS,fauna,1981,4,0
CH,BS,fauna,1982,3,0
CH,BS,fauna,1983,4,0
CH,BS,fauna,1984,3,0
CH,BS,fauna,1985,3,0
CH,BS,fauna,1986,10,0
CH,BS,fauna,1987,32,0
CH,BS,fauna,1988,35,0
CH,BS,fauna,1989,17,0
CH,BS,fauna,1990,22,0
CH,BS,fauna,1991,18,0
CH,BS,fauna,1997,1,0
CH,BS,fauna,2000,27,0
CH,BS,fauna,2001,23,0
CH,BS,fauna,2002,16,0
CH,BS,fauna,2003,15,0
CH,BS,fauna,2004,21,0
CH,BS,fauna,2005,13,0
CH,BS,fauna,2006,115,0
CH,BS,fauna,2007,151,0
CH,BS,fauna,2008,133,0
CH,BS,fauna,2009,71,0
CH,BS,fauna,2010,113,0
CH,BS,fauna,2011,90,0
CH,BS,fauna,2012,112,0
CH,BS,fauna,2013,155,0
CH,BS,fauna,2014,103,0
CH,BS,fauna,2015,107,0
CH,BS,fauna,2016,87,0
CH,BS,fauna,2017,67,0
CH,BS,fauna,2018,86,0
CH,BS,fauna,2019,96,0
CH,BS,fauna,2020,33,0
CH,BS,fauna,2021,73,0
CH,BS,fauna,2022,155,0
CH,BS,fauna,2023,161,0
CH,BS,flora,2008,4,0
CH,BS,flora,2009,11,0
CH,BS,flora,2010,3,0
CH,BZ,fauna,2002,1,0
CH,BZ,fauna,2003,1,0
CH,BZ,fauna,2004,3,0
CH,BZ,fauna,2005,8,0
CH,BZ,fauna,2006,42,0
CH,BZ,fauna,2007,43,0
CH,BZ,fauna,2008,42,0
CH,BZ,fauna,2009,10,0
CH,BZ,fauna,2010,24,0
CH,BZ,fauna,2011,20,0
CH,BZ,fauna,2012,15,0
CH,BZ,fauna,2013,12,0
CH,BZ,fauna,2014,10,0
CH,BZ,fauna,2015,9,0
CH,BZ,fauna,2016,8,0
CH,BZ,fauna,2017,26,0
CH,BZ,fauna,2018,3,0
CH,BZ,fauna,2019,7,0
CH,BZ,fauna,2020,1,0
CH,BZ,fauna,2021,1,0
CH,BZ,fauna,2022,3,0
CH,BZ,flora,2008,4,0
CH,CL,fauna,1979,1,0
CH,CL,fauna,1983,2,0
CH,CL,fauna,1984,4,0
CH,CL,fauna,1985,4,0
CH,CL,fauna,1986,3,0
CH,CL,fauna,1987,1,0
CH,CL,fauna,1988,4,0
CH,CL,fauna,1989,3,0
CH,CL,fauna,1990,2,0
CH,CL,fauna,1999,1,0
CH,CL,fauna,2000,18,0
CH,CL,fauna,2001,19,0
CH,CL,fauna,2002,16,0
CH,CL,fauna,2003,19,0
CH,CL,fauna,2004,14,0
CH,CL,fauna,2005,35,0
CH,CL,fauna,2006,146,0
CH,CL,fauna,2007,155,0
CH,CL,fauna,2008,171,0
CH,CL,fauna,2009,190,0
CH,CL,fauna,2010,162,0
CH,CL,fauna,2011,184,0
CH,CL,fauna,2012,249,0
CH,CL,fauna,2013,311,0
CH,CL,fauna,2014,265,0
CH,CL,fauna,2015,285,0
CH,CL,fauna,2016,233,0
CH,CL,fauna,2017,226,0
CH,CL,fauna,2018,233,0
CH,CL,fauna,2019,159,0
CH,CL,fauna,2020,96,0
CH,CL,fauna,2021,140,0
CH,CL,fauna,2022,249,0
CH,CL,fauna,2023,280,0
CH,CL,fauna,2024,135,0
CH,CL,flora,2008,1,0
CH,CL,flora,2009,7,0
CH,CL,flora,2015,1,0
CH,CL,flora,2016,1,0
CH,CL,flora,2017,12,0
CH,CL,flora,2018,17,0
CH,CL,flora,2019,15,0
CH,CL,flora,2020,4,0
CH,CL,flora,2021,10,0
CH,CL,flora,2022,4,0
CH,CO,fauna,1976,1,0
CH,CO,fauna,1983,1,0
CH,CO,fauna,1984,5,0
CH,CO,fauna,1985,2,0
CH,CO,fauna,1986,3,0
CH,CO,fauna,1987,7,0
CH,CO,fauna,1988,10,0
CH,CO,fauna,1989,8,0
CH,CO,fauna,1990,10,0
CH,CO,fauna,1991,5,0
CH,CO,fauna,1999,1,0
CH,CO,fauna,2000,10,0
CH,CO,fauna,2001,13,0
CH,CO,fauna,2002,10,0
CH,CO,fauna,2003,14,0
CH,CO,fauna,2004,17,0
CH,CO,fauna,2005,13,0
CH,CO,fauna,2006,99,0
CH,CO,fauna,2007,109,0
CH,CO,fauna,2008,102,0
CH,CO,fauna,2009,122,0
CH,CO,fauna,2010,103,0
CH,CO,fauna,2011,148,0
CH,CO,fauna,2012,168,0
CH,CO,fauna,2013,174,0
CH,CO,fauna,2014,162,0
CH,CO,fauna,2015,137,0
CH,CO,fauna,2016,137,0
CH,CO,fauna,2017,130,0
CH,CO,fauna,2018,157,0
CH,CO,fauna,2019,133,0
CH,CO,fauna,2020,89,0
CH,CO,fauna,2021,164,0
CH,CO,fauna,2022,272,0
CH,CO,fauna,2023,265,0
CH,CO,flora,2010,1,0
CH,CO,flora,2012,4,0
CH,CO,flora,2013,9,0
CH,CO,flora,2014,7,0
CH,CO,flora,2015,11,0
CH,CO,flora,2016,23,0
CH,CO,flora,2017,19,0
CH,CO,flora,2018,18,0
CH,CO,flora,2019,11,0
CH,CO,flora,2020,11,0
CH,CO,flora,2021,11,0
CH,CO,flora,2022,4,0
CH,CO,flora,2023,3,0
CH,CR,fauna,1990,5,0
CH,CR,fauna,1991,2,0
CH,CR,fauna,1992,2,0
CH,CR,fauna,1993,6,0
CH,CR,fauna,1998,1,0
CH,CR,fauna,2000,2,0
CH,CR,fauna,2001,7,0
CH,CR,fauna,2002,6,0
CH,CR,fauna,2003,15,0
CH,CR,fauna,2004,8,0
CH,CR,fauna,2005,9,0
CH,CR,fauna,2006,54,0
CH,CR,fauna,2007,51,0
CH,CR,fauna,2008,74,0
CH,CR,fauna,2009,98,0
CH,CR,fauna,2010,52,0
CH,CR,fauna,2011,73,0
CH,CR,fauna,2012,55,0
CH,CR,fauna,2013,66,0
CH,CR,fauna,2014,79,0
CH,CR,fauna,2015,113,0
CH,CR,fauna,2016,137,0
CH,CR,fauna,2017,125,0
CH,CR,fauna,2018,146,0
CH,CR,fauna,2019,89,0
CH,CR,fauna,2020,64,0
CH,CR,fauna,2021,81,0
CH,CR,fauna,2022,77,0
CH,CR,fauna,2023,65,0
CH,CR,flora,2009,1,0
CH,CR,flora,2017,3,0
CH,CR,flora,2018,15,0
CH,CR,flora,2019,9,0
CH,CU,fauna,1986,1,0
CH,CU,fauna,1999,3,0
CH,CU,fauna,2000,2,0
CH,CU,fauna,2001,2,0
CH,CU,fauna,2003,2,0
CH,CU,fauna,2004,1,0
CH,CU,fauna,2006,1,0
CH,CU,fauna,2007,2,0
CH,CU,fauna,2008,4,0
CH,CU,fauna,2009,3,0
CH,CU,fauna,2010,6,0
CH,CU,fauna,2011,4,0
CH,CU,fauna,2012,6,0
CH,CU,fauna,2013,3,0
CH,CU,fauna,2014,5,0
CH,CU,fauna,2015,3,0
CH,CU,fauna,2016,2,0
CH,CU,fauna,2017,12,0
CH,CU,fauna,2018,9,0
CH,CU,fauna,2019,2,0
CH,CU,fauna,2020,1,0
CH,CU,fauna,2022,1,0
CH,CU,fauna,2023,4,0
CH,CU,flora,1997,2,0
CH,CU,flora,2018,1,0
CH,DM,fauna,2002,1,0
CH,DM,fauna,2004,9,0
CH,DM,fauna,2005,2,0
CH,DM,fauna,2006,8,0
CH,DM,fauna,2007,3,0
CH,DM,fauna,2008,5,0
CH,DM,fauna,2009,2,0
CH,DM,fauna,2010,2,0
CH,DM,fauna,2012,1,0
CH,DM,fauna,2013,3,0
CH,DM,fauna,2014,1,0
CH,DM,fauna,2015,1,0
CH,DM,fauna,2016,9,0
CH,DM,fauna,2017,7,0
CH,DM,fauna,2018,9,0
CH,DM,fauna,2019,1,0
CH,DO,fauna,1976,1,0
CH,DO,fauna,1986,2,0
CH,DO,fauna,1987,1,0
CH,DO,fauna,1991,1,0
CH,DO,fauna,1993,3,0
CH,DO,fauna,1995,1,0
CH,DO,fauna,1996,1,0
CH,DO,fauna,1997,1,0
CH,DO,fauna,2000,1,0
CH,DO,fauna,2001,11,0
CH,DO,fauna,2002,10,0
CH,DO,fauna,2003,6,0
CH,DO,fauna,2004,8,0
CH,DO,fauna,2005,8,0
CH,DO,fauna,2006,22,0
CH,DO,fauna,2007,57,0
CH,DO,fauna,2008,35,0
CH,DO,fauna,2009,22,0
CH,DO,fauna,2010,29,0
CH,DO,fauna,2011,25,0
CH,DO,fauna,2012,21,0
CH,DO,fauna,2013,20,0
CH,DO,fauna,2014,17,0
CH,DO,fauna,2015,25,0
CH,DO,fauna,2016,21,0
CH,DO,fauna,2017,23,0
CH,DO,fauna,2018,27,0
CH,DO,fauna,2019,30,0
CH,DO,fauna,2020,19,0
CH,DO,fauna,2021,83,0
CH,DO,fauna,2022,108,0
CH,DO,fauna,2023,85,0
CH,DO,fauna,2024,2,0
CH,DO,flora,2009,4,0
CH,DO,flora,2010,3,0
CH,EC,fauna,1984,1,0
CH,EC,fauna,1986,1,0
CH,EC,fauna,1987,1,0
CH,EC,fauna,1988,1,0
CH,EC,fauna,1990,1,0
CH,EC,fauna,1991,4,0
CH,EC,fauna,2000,3,0
CH,EC,fauna,2001,4,0
CH,EC,fauna,2002,8,0
CH,EC,fauna,2003,7,0
CH,EC,fauna,2004,7,0
CH,EC,fauna,2005,8,0
CH,EC,fauna,2006,18,0
CH,EC,fauna,2007,36,0
CH,EC,fauna,2008,43,0
CH,EC,fauna,2009,32,0
CH,EC,fauna,2010,20,0
CH,EC,fauna,2011,32,0
CH,EC,fauna,2012,32,0
CH,EC,fauna,2013,54,0
CH,EC,fauna,2014,28,0
CH,EC,fauna,2015,23,0
CH,EC,fauna,2016,13,0
CH,EC,fauna,2017,18,0
CH,EC,fauna,2018,29,0
CH,EC,fauna,2019,28,0
CH,EC,fauna,2020,25,0
CH,EC,fauna,2021,64,0
CH,EC,fauna,2022,82,0
CH,EC,fauna,2023,108,0
CH,EC,flora,2005,2,0
CH,EC,flora,2009,1,0
CH,GD,fauna,2002,1,0
CH,GD,fauna,2004,1,0
CH,GD,fauna,2005,4,0
CH,GD,fauna,2006,10,0
CH,GD,fauna,2009,1,0
CH,GD,fauna,2010,2,0
CH,GD,fauna,2011,3,0
CH,GD,fauna,2013,3,0
CH,GD,fauna,2014,1,0
CH,GD,fauna,2015,3,0
CH,GD,fauna,2016,2,0
CH,GD,fauna,2017,2,0
CH,GD,fauna,2018,1,0
CH,GD,fauna,2019,2,0
CH,GD,fauna,2021,1,0
CH,GD,fauna,2022,1,0
CH,GT,fauna,1986,1,0
CH,GT,fauna,1989,1,0
CH,GT,fauna,1990,1,0
CH,GT,fauna,1991,2,0
CH,GT,fauna,1998,1,0
CH,GT,fauna,2000,8,0
CH,GT,fauna,2001,13,0
CH,GT,fauna,2002,12,0
CH,GT,fauna,2003,11,0
CH,GT,fauna,2004,8,0
CH,GT,fauna,2005,10,0
CH,GT,fauna,2006,62,0
CH,GT,fauna,2007,52,0
CH,GT,fauna,2008,67,0
CH,GT,fauna,2009,45,0
CH,GT,fauna,2010,49,0
CH,GT,fauna,2011,38,0
CH,GT,fauna,2012,52,0
CH,GT,fauna,2013,77,0
CH,GT,fauna,2014,48,0
CH,GT,fauna,2015,63,0
CH,GT,fauna,2016,36,0
CH,GT,fauna,2017,35,0
CH,GT,fauna,2018,33,0
CH,GT,fauna,2019,32,0
CH,GT,fauna,2020,37,0
CH,GT,fauna,2021,51,0
CH,GT,fauna,2022,57,0
CH,GT,fauna,2023,83,0
CH,GT,flora,2008,3,0
CH,GT,flora,2009,12,0
CH,GT,flora,2010,2,0
CH,GT,flora,2021,1,0
CH,GY,fauna,2003,2,0
CH,GY,fauna,2014,1,0
CH,HN,fauna,1987,1,0
CH,HN,fauna,2000,2,0
CH,HN,fauna,2001,1,0
CH,HN,fauna,2002,1,0
CH,HN,fauna,2003,1,0
CH,HN,fauna,2004,1,0
CH,HN,fauna,2006,2,0
CH,HN,fauna,2007,3,0
CH,HN,fauna,2008,5,0
CH,HN,fauna,2009,7,0
CH,HN,fauna,2010,21,0
CH,HN,fauna,2011,11,0
CH,HN,fauna,2012,12,0
CH,HN,fauna,2013,4,0
CH,HN,fauna,2014,4,0
CH,HN,fauna,2015,6,0
CH,HN,fauna,2016,4,0
CH,HN,fauna,2017,3,0
CH,HN,fauna,2019,1,0
CH,HN,fauna,2020,1,0
CH,HN,flora,2009,4,0
CH,HT,fauna,1982,1,0
CH,HT,fauna,1985,1,0
CH,HT,fauna,1986,3,0
CH,HT,fauna,1989,2,0
CH,HT,fauna,2000,7,0
CH,HT,fauna,2001,1,0
CH,HT,fauna,2002,3,0
CH,HT,fauna,2003,1,0
CH,HT,fauna,2004,2,0
CH,HT,fauna,2005,2,0
CH,HT,fauna,2006,3,0
CH,HT,fauna,2007,7,0
CH,HT,fauna,2008,5,0
CH,HT,fauna,2009,8,0
CH,HT,fauna,2010,7,0
CH,HT,fauna,2011,8,0
CH,HT,fauna,2012,11,0
CH,HT,fauna,2013,4,0
CH,HT,fauna,2014,2,0
CH,HT,fauna,2015,2,0
CH,HT,fauna,2017,2,0
CH,HT,fauna,2018,5,0
CH,HT,fauna,2019,1,0
CH,HT,fauna,2020,2,0
CH,HT,fauna,2021,6,0
CH,HT,fauna,2022,16,0
CH,HT,fauna,2023,26,0
CH,JM,fauna,1983,2,0
CH,JM,fauna,1985,7,0
CH,JM,fauna,1986,6,0
CH,JM,fauna,1987,6,0
CH,JM,fauna,1988,4,0
CH,JM,fauna,1990,1,0
CH,JM,fauna,1991,12,0
CH,JM,fauna,2000,12,0
CH,JM,fauna,2001,15,0
CH,JM,fauna,2002,16,0
CH,JM,fauna,2003,20,0
CH,JM,fauna,2004,19,0
CH,JM,fauna,2005,16,0
CH,JM,fauna,2006,139,0
CH,JM,fauna,2007,117,0
CH,JM,fauna,2008,98,0
CH,JM,fauna,2009,66,0
CH,JM,fauna,2010,60,0
CH,JM,fauna,2011,80,0
CH,JM,fauna,2012,85,0
CH,JM,fauna,2013,92,0
CH,JM,fauna,2014,81,0
CH,JM,fauna,2015,63,0
CH,JM,fauna,2016,76,0
CH,JM,fauna,2017,65,0
CH,JM,fauna,2018,54,0
CH,JM,fauna,2019,46,0
CH,JM,fauna,2020,28,0
CH,JM,fauna,2021,71,0
CH,JM,fauna,2022,97,0
CH,JM,fauna,2023,98,0
CH,JM,flora,2009,1,0
CH,KN,fauna,2004,3,0
CH,KN,fauna,2005,2,0
CH,KN,fauna,2006,7,0
CH,KN,fauna,2007,11,0
CH,KN,fauna,2008,6,0
CH,KN,fauna,2009,6,0
CH,KN,fauna,2010,14,0
CH,KN,fauna,2011,19,0
CH,KN,fauna,2012,13,0
CH,KN,fauna,2013,23,0
CH,KN,fauna,2014,26,0
CH,KN,fauna,2015,31,0
CH,KN,fauna,2016,28,0
CH,KN,fauna,2017,20,0
CH,KN,fauna,2018,39,0
CH,KN,fauna,2019,44,0
CH,KN,fauna,2020,6,0
CH,KN,fauna,2021,11,0
CH,KN,fauna,2022,34,0
CH,KN,fauna,2023,24,0
CH,LC,fauna,1983,4,0
CH,LC,fauna,1994,1,0
CH,LC,fauna,2000,2,0
CH,LC,fauna,2001,3,0
CH,LC,fauna,2002,2,0
CH,LC,fauna,2003,2,0
CH,LC,fauna,2004,4,0
CH,LC,fauna,2005,3,0
CH,LC,fauna,2006,10,0
CH,LC,fauna,2007,19,0
CH,LC,fauna,2008,28,0
CH,LC,fauna,2009,11,0
CH,LC,fauna,2010,26,0
CH,LC,fauna,2011,11,0
CH,LC,fauna,2012,19,0
CH,LC,fauna,2013,16,0
CH,LC,fauna,2014,24,0
CH,LC,fauna,2015,37,0
CH,LC,fauna,2016,18,0
CH,LC,fauna,2017,19,0
CH,LC,fauna,2018,19,0
CH,LC,fauna,2019,15,0
CH,LC,fauna,2020,1,0
CH,LC,fauna,2021,16,0
CH,LC,fauna,2022,15,0
CH,LC,fauna,2023,20,0
CH,MX,fauna,1977,1,0
CH,MX,fauna,1978,1,0
CH,MX,fauna,1980,4,0
CH,MX,fauna,1981,1,0
CH,MX,fauna,1982,2,0
CH,MX,fauna,1983,1,0
CH,MX,fauna,1984,4,0
CH,MX,fauna,1985,5,0
CH,MX,fauna,1986,4,0
CH,MX,fauna,1987,3,0
CH,MX,fauna,1988,7,0
CH,MX,fauna,1989,7,0
CH,MX,fauna,1990,15,0
CH,MX,fauna,1991,22,0
CH,MX,fauna,1992,2,0
CH,MX,fauna,1994,1,0
CH,MX,fauna,1995,3,0
CH,MX,fauna,1996,23,0
CH,MX,fauna,1997,10,0
CH,MX,fauna,1998,9,0
CH,MX,fauna,1999,17,0
CH,MX,fauna,2000,339,0
CH,MX,fauna,2001,449,0
CH,MX,fauna,2002,55,0
CH,MX,fauna,2003,677,0
CH,MX,fauna,2004,697,1
CH,MX,fauna,2005,890,0
CH,MX,fauna,2006,2305,0
CH,MX,fauna,2007,2271,0
CH,MX,fauna,2008,2286,0
CH,MX,fauna,2009,1735,0
CH,MX,fauna,2010,1977,0
CH,MX,fauna,2011,2043,0
CH,MX,fauna,2012,2788,0
CH,MX,fauna,2013,2844,0
CH,MX,fauna,2014,2624,0
CH,MX,fauna,2015,2954,0
CH,MX,fauna,2016,2684,0
CH,MX,fauna,2017,3145,0
CH,MX,fauna,2018,2715,0
CH,MX,fauna,2019,2841,0
CH,MX,fauna,2020,1748,0
CH,MX,fauna,2021,2276,0
CH,MX,fauna,2022,2505,0
CH,MX,fauna,2023,2775,0
CH,MX,fauna,2024,1426,0
CH,MX,flora,1998,1,0
CH,MX,flora,2008,7,0
CH,MX,flora,2009,35,0
CH,MX,flora,2010,7,0
CH,MX,flora,2011,6,0
CH,MX,flora,2012,26,0
CH,MX,flora,2013,31,0
CH,MX,flora,2014,20,0
CH,MX,flora,2015,6,0
CH,MX,flora,2016,11,0
CH,MX,flora,2017,46,0
CH,MX,flora,2018,60,0
CH,MX,flora,2019,48,0
CH,MX,flora,2020,30,0
CH,MX,flora,2021,12,0
CH,MX,flora,2022,6,0
CH,MX,flora,2023,3,0
CH,MX,flora,2024,2,0
CH,NI,fauna,2000,1,0
CH,NI,fauna,2001,1,0
CH,NI,fauna,2002,3,0
CH,NI,fauna,2003,2,0
CH,NI,fauna,2004,3,0
CH,NI,fauna,2005,1,0
CH,NI,fauna,2006,1,0
CH,NI,fauna,2007,2,0
CH,NI,fauna,2009,1,0
CH,NI,fauna,2013,1,0
CH,NI,fauna,2014,1,0
CH,NI,fauna,2015,1,0
CH,NI,flora,2009,6,0
CH,PA,fauna,1980,1,0
CH,PA,fauna,1982,3,0
CH,PA,fauna,1983,2,0
CH,PA,fauna,1984,5,0
CH,PA,fauna,1985,5,0
CH,PA,fauna,1986,6,0
CH,PA,fauna,1987,9,0
CH,PA,fauna,1988,12,0
CH,PA,fauna,1989,6,0
CH,PA,fauna,1990,3,0
CH,PA,fauna,1991,21,0
CH,PA,fauna,1993,3,0
CH,PA,fauna,1998,4,0
CH,PA,fauna,2000,18,0
CH,PA,fauna,2001,11,0
CH,PA,fauna,2002,17,0
CH,PA,fauna,2003,14,0
CH,PA,fauna,2004,14,0
CH,PA,fauna,2005,19,0
CH,PA,fauna,2006,167,0
CH,PA,fauna,2007,368,0
CH,PA,fauna,2008,276,0
CH,PA,fauna,2009,159,0
CH,PA,fauna,2010,219,0
CH,PA,fauna,2011,336,0
CH,PA,fauna,2012,434,0
CH,PA,fauna,2013,492,0
CH,PA,fauna,2014,450,0
CH,PA,fauna,2015,377,0
CH,PA,fauna,2016,196,0
CH,PA,fauna,2017,191,0
CH,PA,fauna,2018,199,0
CH,PA,fauna,2019,151,0
CH,PA,fauna,2020,65,0
CH,PA,fauna,2021,92,0
CH,PA,fauna,2022,117,0
CH,PA,fauna,2023,151,0
CH,PA,fauna,2024,28,0
CH,PA,fauna,2025,14,0
CH,PA,flora,2008,12,0
CH,PA,flora,2009,29,0
CH,PA,flora,2010,12,0
CH,PA,flora,2017,1,0
CH,PE,fauna,1984,1,0
CH,PE,fauna,1985,2,0
CH,PE,fauna,1986,4,0
CH,PE,fauna,1987,2,0
CH,PE,fauna,1988,1,0
CH,PE,fauna,1990,3,0
CH,PE,fauna,2000,9,0
CH,PE,fauna,2001,4,0
CH,PE,fauna,2002,6,0
CH,PE,fauna,2003,7,0
CH,PE,fauna,2004,5,0
CH,PE,fauna,2005,9,0
CH,PE,fauna,2006,59,0
CH,PE,fauna,2007,92,0
CH,PE,fauna,2008,66,0
CH,PE,fauna,2009,79,0
CH,PE,fauna,2010,112,0
CH,PE,fauna,2011,93,0
CH,PE,fauna,2012,111,0
CH,PE,fauna,2013,130,0
CH,PE,fauna,2014,118,0
CH,PE,fauna,2015,115,0
CH,PE,fauna,2016,122,0
CH,PE,fauna,2017,115,0
CH,PE,fauna,2018,99,0
CH,PE,fauna,2019,84,0
CH,PE,fauna,2020,48,0
CH,PE,fauna,2021,58,0
CH,PE,fauna,2022,55,0
CH,PE,fauna,2023,61,0
CH,PE,flora,2008,1,0
CH,PE,flora,2009,2,0
CH,PE,flora,2017,3,0
CH,PE,flora,2018,3,0
CH,PE,flora,2019,2,0
CH,PY,fauna,1976,4,0
CH,PY,fauna,1980,1,0
CH,PY,fauna,1982,1,0
CH,PY,fauna,1983,4,0
CH,PY,fauna,1984,2,0
CH,PY,fauna,1985,3,0
CH,PY,fauna,1986,4,0
CH,PY,fauna,1987,2,0
CH,PY,fauna,1988,3,0
CH,PY,fauna,1989,2,0
CH,PY,fauna,1990,2,0
CH,PY,fauna,1991,4,0
CH,PY,fauna,1992,3,0
CH,PY,fauna,1998,2,0
CH,PY,fauna,2000,7,0
CH,PY,fauna,2001,11,0
CH,PY,fauna,2002,11,0
CH,PY,fauna,2003,4,0
CH,PY,fauna,2004,2,0
CH,PY,fauna,2005,3,0
CH,PY,fauna,2006,8,0
CH,PY,fauna,2007,23,0
CH,PY,fauna,2008,8,0
CH,PY,fauna,2009,13,0
CH,PY,fauna,2010,30,0
CH,PY,fauna,2011,51,0
CH,PY,fauna,2012,50,0
CH,PY,fauna,2013,54,0
CH,PY,fauna,2014,44,0
CH,PY,fauna,2015,33,0
CH,PY,fauna,2016,19,0
CH,PY,fauna,2017,12,0
CH,PY,fauna,2018,20,0
CH,PY,fauna,2019,10,0
CH,PY,fauna,2020,8,0
CH,PY,fauna,2021,12,0
CH,PY,fauna,2022,17,0
CH,PY,fauna,2023,24,0
CH,PY,flora,2017,1,0
CH,PY,flora,2018,1,0
CH,SR,fauna,1990,1,0
CH,SR,fauna,2003,1,0
CH,SR,fauna,2004,2,0
CH,SR,fauna,2005,3,0
CH,SR,fauna,2006,4,0
CH,SR,fauna,2007,1,0
CH,SR,fauna,2008,1,0
CH,SR,fauna,2009,8,0
CH,SR,fauna,2010,3,0
CH,SR,fauna,2011,11,0
CH,SR,fauna,2012,1,0
CH,SR,fauna,2013,4,0
CH,SR,fauna,2014,3,0
CH,SR,fauna,2015,1,0
CH,SR,fauna,2016,4,0
CH,SR,fauna,2017,2,0
CH,SR,fauna,2018,2,0
CH,SR,fauna,2021,2,0
CH,SR,fauna,2022,1,0
CH,SV,fauna,1987,3,0
CH,SV,fauna,2003,2,0
CH,SV,fauna,2004,3,0
CH,SV,fauna,2005,5,0
CH,SV,fauna,2006,3,0
CH,SV,fauna,2007,1,0
CH,SV,fauna,2008,1,0
CH,SV,fauna,2009,2,0
CH,SV,fauna,2010,4,0
CH,SV,fauna,2011,6,0
CH,SV,fauna,2012,4,0
CH,SV,fauna,2013,4,0
CH,SV,fauna,2014,2,0
CH,SV,fauna,2015,6,0
CH,SV,fauna,2016,3,0
CH,SV,fauna,2017,4,0
CH,SV,fauna,2019,4,0
CH,SV,fauna,2021,4,0
CH,SV,fauna,2022,2,0
CH,SV,fauna,2023,3,0
CH,SV,flora,2008,2,0
CH,SV,flora,2009,9,0
CH,SV,flora,2010,4,0
CH,TT,fauna,1987,1,0
CH,TT,fauna,1988,3,0
CH,TT,fauna,2000,1,0
CH,TT,fauna,2001,2,0
CH,TT,fauna,2002,1,0
CH,TT,fauna,2003,1,0
CH,TT,fauna,2004,3,0
CH,TT,fauna,2005,1,0
CH,TT,fauna,2006,2,0
CH,TT,fauna,2007,1,0
CH,TT,fauna,2011,1,0
CH,TT,fauna,2013,1,0
CH,TT,fauna,2014,1,0
CH,TT,fauna,2015,1,0
CH,TT,fauna,2022,1,0
CH,TT,fauna,2023,1,0
CH,TT,flora,2008,1,0
CH,TT,flora,2009,5,0
CH,TT,flora,2010,3,0
CH,UY,fauna,1981,1,0
CH,UY,fauna,1987,2,0
CH,UY,fauna,1989,3,0
CH,UY,fauna,1990,1,0
CH,UY,fauna,2000,21,0
CH,UY,fauna,2001,6,0
CH,UY,fauna,2002,11,0
CH,UY,fauna,2003,8,0
CH,UY,fauna,2004,4,0
CH,UY,fauna,2005,9,0
CH,UY,fauna,2006,52,0
CH,UY,fauna,2007,42,0
CH,UY,fauna,2008,58,0
CH,UY,fauna,2009,38,0
CH,UY,fauna,2010,95,0
CH,UY,fauna,2011,161,0
CH,UY,fauna,2012,93,0
CH,UY,fauna,2013,187,0
CH,UY,fauna,2014,147,0
CH,UY,fauna,2015,132,0
CH,UY,fauna,2016,134,0
CH,UY,fauna,2017,138,0
CH,UY,fauna,2018,157,0
CH,UY,fauna,2019,119,0
CH,UY,fauna,2020,65,0
CH,UY,fauna,2021,207,0
CH,UY,fauna,2022,242,0
CH,UY,fauna,2023,268,0
CH,UY,fauna,2024,78,0
CH,UY,flora,2008,2,0
CH,UY,flora,2009,17,0
CH,UY,flora,2018,2,0
CH,UY,flora,2019,5,0
CH,VC,fauna,2016,2,0
CH,VE,fauna,1980,1,0
CH,VE,fauna,1981,4,0
CH,VE,fauna,1982,2,0
CH,VE,fauna,1983,7,0
CH,VE,fauna,1984,7,0
CH,VE,fauna,1985,6,0
CH,VE,fauna,1986,9,0
CH,VE,fauna,1987,8,0
CH,VE,fauna,1988,5,0
CH,VE,fauna,1989,6,0
CH,VE,fauna,1990,11,0
CH,VE,fauna,1991,6,0
CH,VE,fauna,1993,1,0
CH,VE,fauna,1996,1,0
CH,VE,fauna,1999,1,0
CH,VE,fauna,2000,15,0
CH,VE,fauna,2001,9,0
CH,VE,fauna,2002,13,0
CH,VE,fauna,2003,11,0
CH,VE,fauna,2004,10,0
CH,VE,fauna,2005,21,0
CH,VE,fauna,2006,222,0
CH,VE,fauna,2007,199,0
CH,VE,fauna,2008,192,0
CH,VE,fauna,2009,212,0
CH,VE,fauna,2010,143,0
CH,VE,fauna,2011,203,0
CH,VE,fauna,2012,204,0
CH,VE,fauna,2013,158,0
CH,VE,fauna,2014,76,0
CH,VE,fauna,2015,98,0
CH,VE,fauna,2016,54,0
CH,VE,fauna,2017,38,0
CH,VE,fauna,2018,37,0
CH,VE,fauna,2019,33,0
CH,VE,fauna,2020,20,0
CH,VE,fauna,2021,43,0
CH,VE,fauna,2022,60,0
CH,VE,fauna,2023,78,0
CI,AR,flora,2008,8,0
CI,AR,flora,2011,2,0
CI,AR,flora,2012,2,0
CI,AR,flora,2013,3,0
CI,AR,flora,2015,2,0
CI,AR,flora,2016,1,0
CI,BB,flora,2011,2,0
CI,BB,flora,2015,1,0
CI,BB,flora,2016,2,0
CI,BB,flora,2017,1,0
CI,BB,flora,2018,2,0
CI,BB,flora,2019,2,0
CI,BB,flora,2020,2,0
CI,BB,flora,2022,1,0
CI,BB,flora,2023,3,0
CI,CL,flora,2015,3,0
CI,CL,flora,2016,1,0
CI,CL,flora,2017,2,0
CI,CL,flora,2018,1,0
CI,CL,flora,2019,2,0
CI,CL,flora,2021,2,0
CI,CL,flora,2023,1,0
CI,DO,flora,2009,1,0
CI,DO,flora,2011,30,0
CI,DO,flora,2012,18,0
CI,DO,flora,2013,148,0
CI,DO,flora,2014,75,0
CI,DO,flora,2015,103,0
CI,DO,flora,2016,122,0
CI,DO,flora,2017,89,0
CI,DO,flora,2018,111,0
CI,DO,flora,2019,104,0
CI,DO,flora,2020,40,0
CI,DO,flora,2021,77,0
CI,DO,flora,2022,150,0
CI,DO,flora,2023,30,0
CI,DO,flora,2024,13,0
CI,HT,flora,2014,1,0
CI,HT,flora,2022,1,0
CI,JM,flora,2011,1,0
CI,JM,flora,2014,1,0
CI,JM,flora,2015,4,0
CI,JM,flora,2017,1,0
CI,JM,flora,2018,2,0
CI,JM,flora,2020,1,0
CI,JM,flora,2023,1,0
CI,MX,fauna,2003,1,0
CI,MX,fauna,2004,4,0
CI,MX,fauna,2005,3,0
CI,MX,flora,2011,4,0
CI,MX,flora,2012,41,0
CI,MX,flora,2013,53,0
CI,MX,flora,2014,68,0
CI,MX,flora,2015,98,0
CI,MX,flora,2016,68,0
CI,MX,flora,2017,60,0
CI,MX,flora,2018,76,0
CI,MX,flora,2019,113,0
CI,MX,flora,2020,56,0
CI,MX,flora,2021,15,0
CI,MX,flora,2022,46,0
CI,MX,flora,2023,45,0
CI,PA,fauna,1990,1,0
CI,PE,flora,2018,2,0
CI,PE,flora,2023,1,0
CI,TT,flora,2014,1,0
CI,UY,flora,2015,1,0
CI,UY,flora,2016,2,0
CI,UY,flora,2017,2,0
CI,UY,flora,2019,1,0
CI,UY,flora,2021,2,0
CI,UY,flora,2023,1,0
CI,VE,fauna,2007,2,0
CL,AE,fauna,2015,1,0
CL,AE,fauna,2018,1,0
CL,AE,fauna,2020,8,0
CL,AE,fauna,2023,13,0
CL,AL,flora,2006,1,0
CL,AM,fauna,2010,1,0
CL,AR,fauna,1983,1,0
CL,AR,fauna,1988,1,0
CL,AR,fauna,1989,1,0
CL,AR,fauna,1991,1,0
CL,AR,fauna,1992,17,0
CL,AR,fauna,1994,18,0
CL,AR,fauna,1996,1,0
CL,AR,fauna,1997,1,0
CL,AR,fauna,1999,1,0
CL,AR,fauna,2000,1,1
CL,AR,fauna,2001,6,0
CL,AR,fauna,2002,8,0
CL,AR,fauna,2003,5,2
CL,AR,fauna,2004,5,0
CL,AR,fauna,2005,4,0
CL,AR,fauna,2006,12,1
CL,AR,fauna,2007,12,3
CL,AR,fauna,2008,5,0
CL,AR,fauna,2009,15,0
CL,AR,fauna,2012,6,0
CL,AR,fauna,2013,2,0
CL,AR,fauna,2015,4,0
CL,AR,fauna,2017,1,0
CL,AR,fauna,2018,2,0
CL,AR,fauna,2023,3,0
CL,AR,flora,1977,2,0
CL,AR,flora,1982,20,0
CL,AR,flora,1983,49,0
CL,AR,flora,1986,63,0
CL,AR,flora,1988,52,0
CL,AR,flora,1989,51,0
CL,AR,flora,1990,73,0
CL,AR,flora,1991,99,0
CL,AR,flora,1992,106,0
CL,AR,flora,1993,31,0
CL,AR,flora,1994,15,0
CL,AR,flora,1995,9,0
CL,AR,flora,1996,2,0
CL,AR,flora,1997,4,0
CL,AR,flora,1999,1,0
CL,AR,flora,2000,7,0
CL,AT,flora,1990,3,0
CL,AT,flora,1993,1,0
CL,AT,flora,1994,4,0
CL,AT,flora,1995,9,0
CL,AT,flora,1996,11,0
CL,AT,flora,1997,4,0
CL,AT,flora,1998,2,0
CL,AT,flora,1999,8,0
CL,AT,flora,2000,5,0
CL,AT,flora,2001,3,0
CL,AT,flora,2002,17,0
CL,AT,flora,2003,4,0
CL,AT,flora,2004,2,0
CL,AT,flora,2005,3,0
CL,AT,flora,2006,2,1
CL,AT,flora,2007,2,0
CL,AT,flora,2008,2,1
CL,AT,flora,2009,1,0
CL,AT,flora,2010,1,0
CL,AT,flora,2011,1,0
CL,AT,flora,2012,1,0
CL,AT,flora,2013,1,0
CL,AT,flora,2014,1,0
CL,AT,flora,2015,2,0
CL,AT,flora,2016,1,0
CL,AT,flora,2021,1,0
CL,AU,fauna,2010,1,0
CL,AU,fauna,2012,1,0
CL,AU,fauna,2018,5,0
CL,AU,fauna,2022,4,0
CL,AU,fauna,2023,2,0
CL,AU,fauna,2024,4,0
CL,AU,flora,1983,3,0
CL,AU,flora,1986,3,0
CL,AU,flora,1988,10,0
CL,AU,flora,1989,8,0
CL,AU,flora,1990,5,0
CL,AU,flora,1992,1,0
CL,AU,flora,1994,2,0
CL,AU,flora,1995,10,0
CL,AU,flora,1996,9,0
CL,AU,flora,1997,15,0
CL,AU,flora,1998,5,0
CL,AU,flora,1999,5,0
CL,AU,flora,2000,4,0
CL,AU,flora,2001,2,0
CL,AU,flora,2002,5,0
CL,AU,flora,2003,4,0
CL,AU,flora,2004,8,0
CL,AU,flora,2006,4,0
CL,AU,flora,2007,4,0
CL,AU,flora,2008,6,0
CL,AU,flora,2009,5,0
CL,AU,flora,2010,2,0
CL,AU,flora,2011,1,0
CL,AU,flora,2022,26,0
CL,BE,fauna,1982,2,0
CL,BE,fauna,1984,1,0
CL,BE,fauna,1985,2,0
CL,BE,fauna,1987,5,0
CL,BE,fauna,1989,2,0
CL,BE,fauna,2005,1,0
CL,BE,fauna,2006,1,0
CL,BE,fauna,2007,1,0
CL,BE,fauna,2022,4,0
CL,BE,flora,1977,2,0
CL,BE,flora,1982,2,0
CL,BE,flora,1983,2,0
CL,BE,flora,1989,2,0
CL,BE,flora,1990,2,0
CL,BE,flora,1991,132,0
CL,BE,flora,1995,5,0
CL,BE,flora,1996,16,0
CL,BE,flora,1997,10,0
CL,BE,flora,1998,10,1
CL,BE,flora,1999,7,0
CL,BE,flora,2000,10,0
CL,BE,flora,2001,4,0
CL,BE,flora,2002,2,0
CL,BE,flora,2003,2,0
CL,BE,flora,2004,1,0
CL,BE,flora,2005,2,0
CL,BE,flora,2006,3,0
CL,BE,flora,2007,2,0
CL,BE,flora,2008,3,0
CL,BE,flora,2009,2,0
CL,BE,flora,2010,4,0
CL,BE,flora,2011,3,0
CL,BE,flora,2013,3,0
CL,BE,flora,2015,4,0
CL,BE,flora,2016,3,0
CL,BE,flora,2017,3,0
CL,BE,flora,2018,2,0
CL,BE,flora,2019,1,0
CL,BE,flora,2021,1,0
CL,BE,flora,2022,2,0
CL,BE,flora,2024,8,0
CL,BG,flora,1999,1,0
CL,BG,flora,2023,2,0
CL,BO,fauna,1997,2,2
CL,BO,flora,1995,5,0
CL,BO,flora,1996,1,0
CL,BO,flora,2002,2,0
CL,BO,flora,2008,1,0
CL,BR,fauna,1993,2,0
CL,BR,fauna,1995,2,0
CL,BR,fauna,1996,6,0
CL,BR,fauna,2000,2,0
CL,BR,fauna,2007,1,0
CL,BR,fauna,2008,1,0
CL,BR,fauna,2010,2,0
CL,BR,fauna,2013,1,0
CL,BR,fauna,2017,1,0
CL,BR,fauna,2022,3,0
CL,BR,fauna,2023,6,0
CL,BR,fauna,2024,4,0
CL,BR,flora,1994,1,0
CL,BR,flora,1996,1,0
CL,CA,fauna,1979,1,0
CL,CA,fauna,1980,1,0
CL,CA,fauna,1981,1,0
CL,CA,fauna,1982,2,0
CL,CA,fauna,1983,2,0
CL,CA,fauna,1994,3,0
CL,CA,fauna,1999,1,0
CL,CA,fauna,2002,4,0
CL,CA,fauna,2006,4,0
CL,CA,fauna,2008,2,0
CL,CA,fauna,2010,4,0
CL,CA,fauna,2014,1,0
CL,CA,fauna,2017,1,0
CL,CA,fauna,2019,2,0
CL,CA,flora,1993,5,0
CL,CA,flora,1994,28,0
CL,CA,flora,1995,14,0
CL,CA,flora,1996,9,0
CL,CA,flora,1997,5,0
CL,CA,flora,1998,2,0
CL,CA,flora,1999,6,0
CL,CA,flora,2000,7,0
CL,CA,flora,2001,6,0
CL,CA,flora,2002,12,0
CL,CA,flora,2003,5,0
CL,CA,flora,2004,15,0
CL,CA,flora,2005,10,0
CL,CA,flora,2006,5,0
CL,CA,flora,2007,5,0
CL,CA,flora,2008,5,0
CL,CA,flora,2009,7,0
CL,CA,flora,2010,5,0
CL,CA,flora,2011,7,0
CL,CA,flora,2012,6,0
CL,CA,flora,2013,1,0
CL,CA,flora,2015,1,0
CL,CA,flora,2016,1,0
CL,CA,flora,2018,1,0
CL,CH,fauna,1980,1,0
CL,CH,fauna,1984,1,0
CL,CH,fauna,1987,3,0
CL,CH,fauna,1989,2,0
CL,CH,fauna,1990,1,0
CL,CH,fauna,2001,1,0
CL,CH,fauna,2004,2,0
CL,CH,fauna,2005,8,0
CL,CH,fauna,2009,2,0
CL,CH,fauna,2012,2,0
CL,CH,fauna,2016,15,0
CL,CH,fauna,2017,35,0
CL,CH,fauna,2018,25,0
CL,CH,fauna,2020,5,0
CL,CH,fauna,2022,2,0
CL,CH,fauna,2023,6,0
CL,CH,fauna,2024,9,0
CL,CH,flora,1987,9,0
CL,CH,flora,1992,1,0
CL,CH,flora,1994,4,0
CL,CH,flora,1995,11,0
CL,CH,flora,1996,9,0
CL,CH,flora,1997,25,0
CL,CH,flora,1998,2,0
CL,CH,flora,1999,4,0
CL,CH,flora,2000,1,0
CL,CH,flora,2001,6,0
CL,CH,flora,2002,6,0
CL,CH,flora,2003,1,0
CL,CH,flora,2004,4,0
CL,CH,flora,2005,2,0
CL,CH,flora,2006,1,0
CL,CH,flora,2018,1,0
CL,CL,flora,1996,1,0
CL,CN,fauna,1983,1,0
CL,CN,fauna,2007,1,0
CL,CN,fauna,2008,2,0
CL,CN,fauna,2012,2,0
CL,CN,fauna,2015,3,0
CL,CN,fauna,2016,2,0
CL,CN,flora,1996,1,0
CL,CN,flora,2007,1,0
CL,CN,flora,2008,1,0
CL,CN,flora,2009,1,0
CL,CN,flora,2010,5,0
CL,CN,flora,2011,1,0
CL,CN,flora,2014,1,0
CL,CN,flora,2022,3,0
CL,CN,flora,2023,3,0
CL,CN,flora,2024,4,0
CL,CO,fauna,1994,1,0
CL,CO,fauna,2001,4,0
CL,CO,fauna,2002,1,0
CL,CO,fauna,2010,3,0
CL,CO,fauna,2011,1,0
CL,CO,fauna,2012,1,0
CL,CO,fauna,2015,3,0
CL,CO,fauna,2022,2,0
CL,CO,fauna,2024,1,0
CL,CO,flora,1994,2,0
CL,CO,flora,1999,1,0
CL,CR,flora,2002,1,0
CL,CU,fauna,1993,2,0
CL,CU,fauna,1997,3,0
CL,CU,fauna,1999,1,0
CL,CY,flora,2001,1,0
CL,CZ,fauna,2005,2,0
CL,CZ,fauna,2007,4,2
CL,CZ,fauna,2011,3,0
CL,CZ,fauna,2016,2,0
CL,CZ,flora,2016,4,0
CL,CZ,flora,2017,2,0
CL,CZ,flora,2020,2,0
CL,CZ,flora,2022,1,0
CL,CZ,flora,2023,1,0
CL,DD,flora,1990,9,0
CL,DE,fauna,1979,3,0
CL,DE,fauna,1981,1,0
CL,DE,fauna,1982,5,0
CL,DE,fauna,1983,13,0
CL,DE,fauna,1984,4,0
CL,DE,fauna,1985,1,0
CL,DE,fauna,1986,2,0
CL,DE,fauna,1987,9,0
CL,DE,fauna,1988,1,0
CL,DE,fauna,1989,1,0
CL,DE,fauna,1993,1,0
CL,DE,fauna,1995,1,0
CL,DE,fauna,1998,2,0
CL,DE,fauna,1999,6,0
CL,DE,fauna,2001,10,0
CL,DE,fauna,2003,2,0
CL,DE,fauna,2004,7,0
CL,DE,fauna,2005,6,0
CL,DE,fauna,2006,4,0
CL,DE,fauna,2010,2,0
CL,DE,fauna,2011,1,0
CL,DE,fauna,2012,3,0
CL,DE,fauna,2013,3,0
CL,DE,fauna,2014,3,0
CL,DE,fauna,2015,8,0
CL,DE,fauna,2016,5,0
CL,DE,fauna,2017,6,0
CL,DE,fauna,2018,1,0
CL,DE,fauna,2019,5,0
CL,DE,fauna,2020,3,0
CL,DE,fauna,2021,6,0
CL,DE,fauna,2023,5,0
CL,DE,flora,1977,2,0
CL,DE,flora,1983,20,0
CL,DE,flora,1984,67,0
CL,DE,flora,1986,10,0
CL,DE,flora,1988,21,0
CL,DE,flora,1992,23,0
CL,DE,flora,1993,27,0
CL,DE,flora,1994,46,0
CL,DE,flora,1995,167,0
CL,DE,flora,1996,174,0
CL,DE,flora,1997,132,0
CL,DE,flora,1998,60,0
CL,DE,flora,1999,74,0
CL,DE,flora,2000,60,0
CL,DE,flora,2001,54,0
CL,DE,flora,2002,59,0
CL,DE,flora,2003,38,0
CL,DE,flora,2004,38,0
CL,DE,flora,2005,28,0
CL,DE,flora,2006,41,0
CL,DE,flora,2007,24,0
CL,DE,flora,2008,20,0
CL,DE,flora,2009,26,0
CL,DE,flora,2010,12,0
CL,DE,flora,2011,15,0
CL,DE,flora,2012,8,0
CL,DE,flora,2013,4,0
CL,DE,flora,2014,7,0
CL,DE,flora,2015,9,0
CL,DE,flora,2016,2,0
CL,DE,flora,2017,4,0
CL,DE,flora,2018,5,0
CL,DE,flora,2019,2,0
CL,DE,flora,2020,4,0
CL,DE,flora,2021,5,0
CL,DE,flora,2022,14,0
CL,DE,flora,2023,3,0
CL,DE,flora,2024,3,0
CL,DK,fauna,1986,3,0
CL,DK,fauna,1988,6,0
CL,DK,fauna,1999,2,0
CL,DK,flora,1995,8,0
CL,DK,flora,1996,2,0
CL,DK,flora,1997,3,0
CL,DK,flora,1998,1,0
CL,DK,flora,1999,4,0
CL,DK,flora,2000,4,0
CL,DK,flora,2001,1,0
CL,DK,flora,2002,5,0
CL,DK,flora,2003,4,0
CL,DK,flora,2005,9,0
CL,DK,flora,2006,6,0
CL,DK,flora,2007,1,0
CL,DK,flora,2009,5,0
CL,DO,flora,1991,1,0
CL,DO,flora,2010,3,0
CL,EC,fauna,1988,2,0
CL,EC,fauna,2001,2,0
CL,EC,fauna,2020,4,0
CL,EC,flora,1994,1,0
CL,ES,fauna,1979,1,0
CL,ES,fauna,1987,11,0
CL,ES,fauna,1988,2,0
CL,ES,fauna,1989,5,0
CL,ES,fauna,1992,4,0
CL,ES,fauna,1994,3,0
CL,ES,fauna,2002,1,1
CL,ES,fauna,2005,2,0
CL,ES,fauna,2010,8,0
CL,ES,fauna,2011,9,0
CL,ES,fauna,2013,3,0
CL,ES,fauna,2014,3,0
CL,ES,fauna,2015,6,0
CL,ES,fauna,2016,2,0
CL,ES,fauna,2018,2,0
CL,ES,fauna,2019,4,0
CL,ES,fauna,2022,9,0
CL,ES,fauna,2023,2,0
CL,ES,fauna,2024,2,0
CL,ES,flora,1986,2,0
CL,ES,flora,1988,1,0
CL,ES,flora,1989,1,0
CL,ES,flora,1990,7,0
CL,ES,flora,1991,9,0
CL,ES,flora,1992,7,0
CL,ES,flora,1993,2,0
CL,ES,flora,1994,13,0
CL,ES,flora,1995,9,0
CL,ES,flora,1996,6,0
CL,ES,flora,1997,14,0
CL,ES,flora,1998,5,0
CL,ES,flora,1999,10,0
CL,ES,flora,2000,7,0
CL,ES,flora,2001,9,0
CL,ES,flora,2002,16,0
CL,ES,flora,2003,8,0
CL,ES,flora,2004,28,0
CL,ES,flora,2005,10,0
CL,ES,flora,2006,7,0
CL,ES,flora,2007,3,0
CL,ES,flora,2008,8,0
CL,ES,flora,2009,3,0
CL,ES,flora,2010,2,0
CL,ES,flora,2011,3,0
CL,ES,flora,2016,2,0
CL,ES,flora,2023,8,0
CL,ES,flora,2024,14,0
CL,FI,flora,1996,1,0
CL,FI,flora,1999,3,0
CL,FI,flora,2001,2,0
CL,FI,flora,2002,6,0
CL,FI,flora,2003,3,0
CL,FI,flora,2004,4,0
CL,FI,flora,2005,5,0
CL,FI,flora,2007,6,0
CL,FI,flora,2008,2,0
CL,FI,flora,2011,3,0
CL,FR,fauna,1996,2,0
CL,FR,fauna,1997,2,0
CL,FR,fauna,1998,1,0
CL,FR,fauna,1999,1,0
CL,FR,fauna,2001,1,0
CL,FR,fauna,2003,4,0
CL,FR,fauna,2005,4,0
CL,FR,fauna,2009,7,0
CL,FR,fauna,2012,2,0
CL,FR,fauna,2014,4,0
CL,FR,fauna,2015,7,0
CL,FR,fauna,2016,12,2
CL,FR,fauna,2017,6,0
CL,FR,fauna,2019,1,0
CL,FR,fauna,2020,2,0
CL,FR,fauna,2023,1,0
CL,FR,fauna,2024,3,0
CL,FR,flora,1977,1,0
CL,FR,flora,1989,1,0
CL,FR,flora,1990,2,0
CL,FR,flora,1991,1,0
CL,FR,flora,1992,2,0
CL,FR,flora,1993,4,0
CL,FR,flora,1994,20,0
CL,FR,flora,1995,24,0
CL,FR,flora,1996,22,0
CL,FR,flora,1997,24,0
CL,FR,flora,1998,11,0
CL,FR,flora,1999,21,0
CL,FR,flora,2000,13,0
CL,FR,flora,2001,17,0
CL,FR,flora,2002,17,0
CL,FR,flora,2003,15,0
CL,FR,flora,2004,4,0
CL,FR,flora,2005,11,0
CL,FR,flora,2006,13,0
CL,FR,flora,2007,6,0
CL,FR,flora,2008,12,0
CL,FR,flora,2009,2,0
CL,FR,flora,2010,24,0
CL,FR,flora,2011,7,0
CL,FR,flora,2012,5,0
CL,FR,flora,2013,1,0
CL,FR,flora,2014,2,0
CL,FR,flora,2015,4,0
CL,FR,flora,2016,1,0
CL,FR,flora,2018,2,0
CL,FR,flora,2022,4,0
CL,FR,flora,2023,4,0
CL,FR,flora,2024,2,0
CL,GB,fauna,1978,1,0
CL,GB,fauna,1979,1,0
CL,GB,fauna,1981,1,0
CL,GB,fauna,1982,1,0
CL,GB,fauna,1983,1,0
CL,GB,fauna,1984,1,0
CL,GB,fauna,1985,4,0
CL,GB,fauna,1986,1,0
CL,GB,fauna,1987,1,0
CL,GB,fauna,1994,2,2
CL,GB,fauna,1995,3,0
CL,GB,fauna,1997,2,1
CL,GB,fauna,1999,2,1
CL,GB,fauna,2002,6,0
CL,GB,fauna,2003,10,0
CL,GB,fauna,2004,10,0
CL,GB,fauna,2006,8,0
CL,GB,fauna,2007,9,0
CL,GB,fauna,2008,116,1
CL,GB,fauna,2010,1,0
CL,GB,fauna,2011,1,0
CL,GB,fauna,2018,2,0
CL,GB,fauna,2019,2,0
CL,GB,flora,1978,1,0
CL,GB,flora,1982,75,0
CL,GB,flora,1983,185,0
CL,GB,flora,1984,9,0
CL,GB,flora,1988,1,0
CL,GB,flora,1990,3,0
CL,GB,flora,1992,27,0
CL,GB,flora,1993,5,0
CL,GB,flora,1994,22,0
CL,GB,flora,1995,32,0
CL,GB,flora,1996,45,0
CL,GB,flora,1997,32,0
CL,GB,flora,1998,3,1
CL,GB,flora,1999,11,0
CL,GB,flora,2000,14,0
CL,GB,flora,2001,12,1
CL,GB,flora,2002,13,0
CL,GB,flora,2003,15,0
CL,GB,flora,2004,8,0
CL,GB,flora,2005,4,0
CL,GB,flora,2006,5,0
CL,GB,flora,2007,3,0
CL,GB,flora,2008,4,1
CL,GB,flora,2009,11,0
CL,GB,flora,2010,3,0
CL,GB,flora,2011,1,0
CL,GB,flora,2012,4,0
CL,GB,flora,2013,12,0
CL,GB,flora,2015,2,0
CL,GB,flora,2016,2,0
CL,GB,flora,2018,2,0
CL,GB,flora,2021,2,0
CL,GB,flora,2023,1,0
CL,GB,flora,2024,3,0
CL,GR,fauna,1990,1,0
CL,GR,flora,1995,2,0
CL,GR,flora,1997,5,0
CL,GR,flora,1999,6,0
CL,GR,flora,2000,1,0
CL,GR,flora,2002,3,0
CL,GR,flora,2003,4,0
CL,GT,fauna,2014,7,0
CL,GT,fauna,2015,9,0
CL,GU,flora,2005,1,0
CL,HK,fauna,1988,1,0
CL,HK,fauna,2016,9,0
CL,HK,fauna,2017,11,0
CL,HK,fauna,2018,28,0
CL,HK,fauna,2019,3,0
CL,HK,fauna,2020,18,0
CL,HK,fauna,2021,2,0
CL,HK,fauna,2022,2,0
CL,HK,fauna,2023,1,0
CL,HK,fauna,2024,8,0
CL,HK,flora,1995,1,0
CL,HK,flora,1997,4,0
CL,HK,flora,2008,1,0
CL,HK,flora,2013,1,0
CL,HK,flora,2023,5,0
CL,HK,flora,2024,1,0
CL,IE,flora,1995,1,0
CL,IL,fauna,2024,1,0
CL,IL,flora,1996,3,0
CL,IL,flora,1997,2,0
CL,IL,flora,2018,1,0
CL,IN,flora,1992,1,0
CL,IN,flora,2024,1,0
CL,IT,fauna,1982,1,0
CL,IT,fauna,1983,2,0
CL,IT,fauna,1985,1,0
CL,IT,fauna,1990,1,0
CL,IT,fauna,1995,2,0
CL,IT,fauna,2003,3,0
CL,IT,fauna,2005,1,0
CL,IT,fauna,2007,1,0
CL,IT,fauna,2008,3,0
CL,IT,fauna,2011,4,0
CL,IT,fauna,2012,1,0
CL,IT,fauna,2013,1,0
CL,IT,fauna,2017,2,0
CL,IT,fauna,2023,4,0
CL,IT,fauna,2024,3,0
CL,IT,flora,1980,1,0
CL,IT,flora,1984,1,0
CL,IT,flora,1987,85,0
CL,IT,flora,1988,1,0
CL,IT,flora,1989,28,0
CL,IT,flora,1990,1,0
CL,IT,flora,1991,2,0
CL,IT,flora,1994,4,0
CL,IT,flora,1995,10,0
CL,IT,flora,1996,9,0
CL,IT,flora,1997,8,0
CL,IT,flora,1999,11,0
CL,IT,flora,2000,19,0
CL,IT,flora,2001,13,0
CL,IT,flora,2002,12,0
CL,IT,flora,2003,20,0
CL,IT,flora,2004,18,0
CL,IT,flora,2005,15,0
CL,IT,flora,2006,5,0
CL,IT,flora,2007,9,0
CL,IT,flora,2022,1,0
CL,IT,flora,2023,5,0
CL,IT,flora,2024,1,0
CL,JP,fauna,1984,3,0
CL,JP,fauna,1985,1,0
CL,JP,fauna,1987,3,0
CL,JP,fauna,1988,1,0
CL,JP,fauna,1992,3,0
CL,JP,fauna,1997,1,0
CL,JP,fauna,2003,1,0
CL,JP,fauna,2009,2,0
CL,JP,fauna,2013,1,0
CL,JP,fauna,2015,2,0
CL,JP,fauna,2016,6,0
CL,JP,fauna,2017,3,0
CL,JP,flora,1977,4,0
CL,JP,flora,1981,1,0
CL,JP,flora,1982,2,0
CL,JP,flora,1983,1,0
CL,JP,flora,1985,2,0
CL,JP,flora,1988,2,0
CL,JP,flora,1989,6,0
CL,JP,flora,1990,8,0
CL,JP,flora,1991,2,0
CL,JP,flora,1992,1,0
CL,JP,flora,1993,5,0
CL,JP,flora,1994,33,0
CL,JP,flora,1995,25,0
CL,JP,flora,1996,8,0
CL,JP,flora,1997,8,0
CL,JP,flora,1998,6,0
CL,JP,flora,1999,19,0
CL,JP,flora,2000,20,0
CL,JP,flora,2001,11,0
CL,JP,flora,2002,13,0
CL,JP,flora,2003,16,0
CL,JP,flora,2004,11,0
CL,JP,flora,2005,9,0
CL,JP,flora,2006,8,0
CL,JP,flora,2007,3,0
CL,JP,flora,2008,4,0
CL,JP,flora,2009,2,0
CL,JP,flora,2010,6,0
CL,JP,flora,2011,2,0
CL,JP,flora,2012,8,0
CL,JP,flora,2013,1,0
CL,JP,flora,2014,2,0
CL,JP,flora,2016,1,0
CL,JP,flora,2023,8,0
CL,KP,flora,2018,2,0
CL,KR,fauna,2018,2,0
CL,KR,flora,2003,2,0
CL,KR,flora,2004,3,0
CL,KR,flora,2005,1,0
CL,KR,flora,2006,3,0
CL,KR,flora,2007,4,0
CL,KR,flora,2008,1,0
CL,KR,flora,2009,1,0
CL,KR,flora,2010,2,0
CL,KR,flora,2011,1,0
CL,KR,flora,2013,1,0
CL,KR,flora,2015,2,0
CL,KR,flora,2023,2,0
CL,KR,flora,2024,2,0
CL,LB,fauna,2016,1,0
CL,LB,fauna,2017,1,0
CL,LU,fauna,2018,3,0
CL,LV,flora,2003,7,0
CL,LV,flora,2004,17,0
CL,MO,fauna,2020,1,0
CL,MT,flora,2001,2,0
CL,MX,fauna,1994,2,0
CL,MX,fauna,1995,1,0
CL,MX,fauna,1996,10,0
CL,MX,fauna,1998,1,0
CL,MX,fauna,2004,1,0
CL,MX,fauna,2007,1,0
CL,MX,fauna,2008,1,0
CL,MX,fauna,2010,14,0
CL,MX,fauna,2015,9,0
CL,MX,fauna,2023,8,0
CL,MX,fauna,2024,17,0
CL,MX,flora,1996,1,0
CL,MX,flora,2012,8,0
CL,MY,fauna,2024,1,0
CL,MY,flora,1994,1,0
CL,MY,flora,2005,1,0
CL,MY,flora,2008,3,0
CL,MY,flora,2010,2,0
CL,NL,fauna,1985,1,0
CL,NL,fauna,1987,14,0
CL,NL,fauna,1988,13,0
CL,NL,fauna,1991,1,0
CL,NL,fauna,1995,2,0
CL,NL,fauna,1998,1,1
CL,NL,fauna,1999,2,0
CL,NL,fauna,2004,2,0
CL,NL,fauna,2005,6,0
CL,NL,fauna,2006,1,0
CL,NL,fauna,2010,2,0
CL,NL,fauna,2011,5,0
CL,NL,fauna,2012,4,0
CL,NL,fauna,2013,4,0
CL,NL,fauna,2014,6,0
CL,NL,fauna,2015,2,0
CL,NL,fauna,2016,4,0
CL,NL,fauna,2017,15,0
CL,NL,fauna,2018,7,0
CL,NL,fauna,2023,2,0
CL,NL,fauna,2024,4,0
CL,NL,flora,1977,2,0
CL,NL,flora,1982,2,0
CL,NL,flora,1985,3,0
CL,NL,flora,1988,1,0
CL,NL,flora,1994,3,0
CL,NL,flora,1995,10,0
CL,NL,flora,1996,8,0
CL,NL,flora,1997,9,2
CL,NL,flora,1998,5,2
CL,NL,flora,1999,12,0
CL,NL,flora,2000,3,0
CL,NL,flora,2001,4,0
CL,NL,flora,2002,10,0
CL,NL,flora,2003,27,0
CL,NL,flora,2004,29,0
CL,NL,flora,2005,13,0
CL,NL,flora,2006,14,0
CL,NL,flora,2007,5,0
CL,NL,flora,2008,10,0
CL,NL,flora,2009,15,0
CL,NL,flora,2010,11,0
CL,NL,flora,2011,5,0
CL,NL,flora,2012,12,0
CL,NL,flora,2013,8,0
CL,NL,flora,2014,6,0
CL,NL,flora,2015,9,0
CL,NL,flora,2016,6,0
CL,NL,flora,2017,7,0
CL,NL,flora,2018,14,0
CL,NL,flora,2019,6,0
CL,NL,flora,2020,9,0
CL,NL,flora,2021,3,0
CL,NL,flora,2022,3,0
CL,NL,flora,2023,9,0
CL,NL,flora,2024,17,0
CL,NO,flora,1995,2,0
CL,NO,flora,1996,1,0
CL,NO,flora,2000,1,0
CL,NO,flora,2011,1,0
CL,NZ,fauna,1990,2,1
CL,NZ,fauna,1992,2,2
CL,NZ,fauna,1995,4,4
CL,NZ,fauna,1997,7,7
CL,NZ,fauna,1998,5,1
CL,NZ,fauna,1999,1,1
CL,NZ,fauna,2000,1,1
CL,NZ,fauna,2001,4,3
CL,NZ,fauna,2002,5,1
CL,NZ,fauna,2003,1,1
CL,NZ,fauna,2004,2,2
CL,NZ,fauna,2005,1,1
CL,NZ,fauna,2007,3,2
CL,NZ,fauna,2008,7,7
CL,NZ,fauna,2009,2,2
CL,NZ,fauna,2010,2,2
CL,NZ,fauna,2024,2,0
CL,NZ,flora,1983,29,0
CL,NZ,flora,1986,4,0
CL,NZ,flora,1988,3,0
CL,NZ,flora,1989,1,0
CL,NZ,flora,1990,4,0
CL,NZ,flora,1995,3,1
CL,NZ,flora,1996,11,8
CL,NZ,flora,1997,24,22
CL,NZ,flora,1998,25,25
CL,NZ,flora,1999,21,17
CL,NZ,flora,2000,17,16
CL,NZ,flora,2001,35,34
CL,NZ,flora,2002,15,14
CL,NZ,flora,2003,3,1
CL,NZ,flora,2004,7,1
CL,NZ,flora,2005,1,1
CL,NZ,flora,2006,2,0
CL,NZ,flora,2007,2,0
CL,NZ,flora,2008,3,1
CL,NZ,flora,2009,7,2
CL,NZ,flora,2010,3,2
CL,NZ,flora,2011,3,0
CL,NZ,flora,2017,1,0
CL,PA,fauna,2004,9,0
CL,PA,fauna,2009,1,0
CL,PA,fauna,2017,2,0
CL,PA,fauna,2021,1,0
CL,PE,fauna,1995,3,0
CL,PE,fauna,1997,3,1
CL,PE,fauna,2001,11,10
CL,PE,fauna,2002,1,1
CL,PE,fauna,2005,19,17
CL,PE,fauna,2006,5,4
CL,PE,fauna,2011,3,0
CL,PE,fauna,2012,1,0
CL,PE,fauna,2013,2,0
CL,PE,fauna,2022,1,0
CL,PE,fauna,2023,5,0
CL,PE,fauna,2024,6,0
CL,PE,flora,1977,1,0
CL,PE,flora,1978,1,0
CL,PE,flora,1980,1,0
CL,PE,flora,1995,2,0
CL,PF,flora,1986,10,0
CL,PF,flora,1988,9,0
CL,PF,flora,1989,12,0
CL,PF,flora,1990,7,0
CL,PF,flora,1991,5,0
CL,PF,flora,1992,5,0
CL,PF,flora,1993,2,0
CL,PF,flora,1994,1,0
CL,PF,flora,1995,1,0
CL,PF,flora,2000,5,0
CL,PF,flora,2001,1,0
CL,PH,fauna,2009,2,0
CL,PH,fauna,2021,1,0
CL,PH,fauna,2022,1,0
CL,PL,fauna,1987,1,0
CL,PL,fauna,1991,1,0
CL,PL,fauna,2008,1,1
CL,PL,fauna,2018,1,0
CL,PR,flora,1986,3,0
CL,PR,flora,1997,4,0
CL,PR,flora,2004,1,0
CL,PR,flora,2008,1,0
CL,PT,fauna,1996,1,0
CL,PT,flora,1994,1,0
CL,PT,flora,1995,3,0
CL,PT,flora,1996,3,0
CL,PT,flora,1999,1,0
CL,PY,flora,1998,1,0
CL,RU,fauna,1992,2,0
CL,SA,fauna,1996,1,0
CL,SE,fauna,1987,3,0
CL,SE,fauna,2005,1,0
CL,SE,fauna,2024,1,0
CL,SE,flora,1993,2,0
CL,SE,flora,1994,1,0
CL,SE,flora,1995,16,0
CL,SE,flora,1996,4,0
CL,SE,flora,1997,8,0
CL,SE,flora,1999,2,0
CL,SE,flora,2000,1,0
CL,SE,flora,2001,1,0
CL,SE,flora,2002,2,0
CL,SE,flora,2003,2,0
CL,SE,flora,2022,1,0
CL,SE,flora,2023,1,0
CL,SG,fauna,2000,2,0
CL,SG,fauna,2017,2,0
CL,SG,fauna,2018,5,0
CL,SG,fauna,2020,4,0
CL,SG,flora,1996,1,0
CL,SI,fauna,2004,1,1
CL,SI,flora,1994,1,0
CL,SI,flora,2002,1,0
CL,SI,flora,2009,2,0
CL,SU,fauna,1991,1,0
CL,SU,flora,1992,1,0
CL,SV,fauna,2000,4,0
CL,SV,flora,2023,1,0
CL,TH,flora,1994,1,0
CL,TR,fauna,2007,1,0
CL,TW,flora,1988,1,0
CL,TW,flora,1990,2,0
CL,TW,flora,1996,13,0
CL,TW,flora,1997,20,0
CL,TW,flora,1998,11,0
CL,TW,flora,1999,10,0
CL,TW,flora,2000,6,0
CL,TW,flora,2003,1,0
CL,TW,flora,2004,4,0
CL,TW,flora,2012,2,0
CL,TW,flora,2013,1,0
CL,TW,flora,2014,1,0
CL,TW,flora,2015,1,0
CL,TW,flora,2018,1,0
CL,TW,flora,2020,1,0
CL,TW,flora,2022,1,0
CL,TW,flora,2024,1,0
CL,US,fauna,1977,1,0
CL,US,fauna,1979,3,0
CL,US,fauna,1980,1,0
CL,US,fauna,1981,1,0
CL,US,fauna,1982,8,1
CL,US,fauna,1983,10,0
CL,US,fauna,1984,8,1
CL,US,fauna,1985,21,1
CL,US,fauna,1986,6,1
CL,US,fauna,1987,8,1
CL,US,fauna,1988,17,1
CL,US,fauna,1989,65,6
CL,US,fauna,1990,24,0
CL,US,fauna,1991,12,0
CL,US,fauna,1992,18,0
CL,US,fauna,1993,37,0
CL,US,fauna,1994,20,1
CL,US,fauna,1995,4,1
CL,US,fauna,1996,2,1
CL,US,fauna,1997,6,0
CL,US,fauna,1998,3,2
CL,US,fauna,1999,16,0
CL,US,fauna,2000,17,0
CL,US,fauna,2001,21,0
CL,US,fauna,2002,9,0
CL,US,fauna,2003,19,0
CL,US,fauna,2004,20,1
CL,US,fauna,2005,17,2
CL,US,fauna,2006,8,3
CL,US,fauna,2007,6,0
CL,US,fauna,2008,15,0
CL,US,fauna,2009,11,2
CL,US,fauna,2010,4,2
CL,US,fauna,2011,6,1
CL,US,fauna,2012,25,5
CL,US,fauna,2013,16,3
CL,US,fauna,2014,19,0
CL,US,fauna,2015,15,4
CL,US,fauna,2016,2,0
CL,US,fauna,2017,14,0
CL,US,fauna,2018,10,2
CL,US,fauna,2019,18,1
CL,US,fauna,2020,8,2
CL,US,fauna,2021,11,3
CL,US,fauna,2022,32,6
CL,US,fauna,2023,49,4
CL,US,fauna,2024,88,0
CL,US,flora,1978,1,0
CL,US,flora,1979,9,0
CL,US,flora,1980,2,0
CL,US,flora,1982,569,0
CL,US,flora,1983,1002,0
CL,US,flora,1984,49,0
CL,US,flora,1985,49,0
CL,US,flora,1986,49,1
CL,US,flora,1987,25,1
CL,US,flora,1988,49,1
CL,US,flora,1989,54,1
CL,US,flora,1990,45,2
CL,US,flora,1991,45,2
CL,US,flora,1992,25,3
CL,US,flora,1993,78,4
CL,US,flora,1994,273,1
CL,US,flora,1995,292,1
CL,US,flora,1996,334,0
CL,US,flora,1997,157,0
CL,US,flora,1998,75,0
CL,US,flora,1999,181,1
CL,US,flora,2000,133,0
CL,US,flora,2001,72,0
CL,US,flora,2002,184,6
CL,US,flora,2003,232,1
CL,US,flora,2004,281,0
CL,US,flora,2005,166,0
CL,US,flora,2006,141,0
CL,US,flora,2007,126,0
CL,US,flora,2008,104,0
CL,US,flora,2009,67,0
CL,US,flora,2010,54,0
CL,US,flora,2011,28,0
CL,US,flora,2012,29,0
CL,US,flora,2013,26,0
CL,US,flora,2014,15,0
CL,US,flora,2015,21,0
CL,US,flora,2016,24,0
CL,US,flora,2017,8,0
CL,US,flora,2018,24,0
CL,US,flora,2019,9,0
CL,US,flora,2020,4,0
CL,US,flora,2021,1,0
CL,US,flora,2022,7,0
CL,US,flora,2023,26,0
CL,US,flora,2024,12,0
CL,UY,fauna,2003,1,0
CL,UY,fauna,2007,3,0
CL,UY,fauna,2008,2,0
CL,UY,fauna,2009,1,0
CL,UY,fauna,2018,1,0
CL,UY,fauna,2023,2,0
CL,UY,fauna,2024,2,0
CL,UY,flora,1977,1,0
CL,UY,flora,1989,1,0
CL,UY,flora,1990,4,0
CL,UY,flora,1991,3,0
CL,UY,flora,1994,1,0
CL,UY,flora,1995,1,0
CL,UY,flora,2010,1,0
CL,VE,fauna,2001,2,0
CL,VE,flora,1977,1,0
CL,VE,flora,1991,1,0
CL,VE,flora,1996,1,0
CL,XX,fauna,1993,4,0
CL,XX,fauna,1996,4,0
CL,XX,fauna,2003,1,0
CL,XX,fauna,2005,1,0
CL,XX,fauna,2009,9,0
CL,XX,fauna,2010,22,0
CL,XX,fauna,2011,13,0
CL,XX,fauna,2012,18,0
CL,XX,fauna,2013,20,0
CL,XX,fauna,2014,22,0
CL,XX,fauna,2015,21,0
CL,XX,fauna,2024,1,0
CL,XX,flora,1995,1,0
CL,XX,flora,1996,1,0
CL,XX,flora,2000,1,0
CL,XX,flora,2013,2,0
CL,YU,flora,1988,1,0
CL,ZA,fauna,1988,3,0
CL,ZA,fauna,1993,2,0
CL,ZA,fauna,1995,1,0
CL,ZA,fauna,1998,1,0
CL,ZA,fauna,1999,2,0
CL,ZA,fauna,2002,1,0
CL,ZA,fauna,2009,2,2
CL,ZA,fauna,2020,1,0
CL,ZA,flora,1990,1,0
CL,ZA,flora,1995,1,0
CL,ZC,fauna,1987,1,0
CL,ZM,fauna,2000,1,1
CL,ZM,fauna,2003,1,0
CM,AR,fauna,1997,7,0
CM,AR,fauna,2009,3,0
CM,AR,fauna,2012,1,0
CM,AR,fauna,2013,1,0
CM,AR,fauna,2014,1,0
CM,AR,fauna,2015,1,0
CM,AR,fauna,2017,9,0
CM,AR,fauna,2018,1,0
CM,AR,fauna,2019,2,0
CM,BR,fauna,2000,1,0
CM,BR,fauna,2003,2,0
CM,BR,fauna,2006,6,0
CM,CO,fauna,1987,1,0
CM,DO,flora,2014,1,0
CM,DO,flora,2023,3,0
CM,GT,fauna,1997,2,0
CM,GT,fauna,1999,1,0
CM,HT,fauna,1985,1,0
CM,HT,fauna,1992,1,0
CM,JM,fauna,2007,1,0
CM,MX,fauna,1986,1,0
CM,MX,fauna,1993,7,0
CM,MX,fauna,1994,1,0
CM,MX,fauna,1995,3,0
CM,MX,fauna,1996,4,0
CM,MX,fauna,1997,13,0
CM,MX,fauna,1998,3,0
CM,MX,fauna,1999,1,0
CM,MX,fauna,2000,17,0
CM,MX,fauna,2001,4,0
CM,MX,fauna,2002,24,0
CM,MX,fauna,2003,4,0
CM,MX,fauna,2004,18,0
CM,MX,fauna,2005,24,0
CM,MX,fauna,2006,48,0
CM,MX,fauna,2007,26,0
CM,MX,fauna,2008,3,0
CM,MX,fauna,2009,32,0
CM,MX,fauna,2010,39,0
CM,MX,fauna,2011,17,0
CM,MX,fauna,2012,35,0
CM,MX,fauna,2013,32,0
CM,MX,fauna,2014,32,0
CM,MX,fauna,2015,14,0
CM,MX,fauna,2016,1,0
CM,MX,fauna,2017,17,0
CM,MX,fauna,2018,10,0
CM,MX,fauna,2019,17,0
CM,MX,fauna,2020,2,0
CM,MX,fauna,2023,3,0
CM,MX,fauna,2024,34,0
CM,MX,flora,2024,1,0
CM,PA,fauna,1986,1,0
CM,PA,fauna,1988,1,0
CM,PA,fauna,2014,1,0
CM,PA,fauna,2023,1,0
CM,PA,fauna,2024,1,0
CM,PE,fauna,2004,1,0
CM,PE,fauna,2019,1,0
CM,SV,fauna,2005,4,0
CN,AR,fauna,1984,1,0
CN,AR,fauna,1987,1,0
CN,AR,fauna,2015,1,0
CN,AR,fauna,2016,3,0
CN,AR,fauna,2017,1,0
CN,AR,flora,2009,1,0
CN,AR,flora,2017,123,0
CN,AR,flora,2018,13,0
CN,AR,flora,2021,9,0
CN,AR,flora,2022,13,0
CN,AR,flora,2023,15,0
CN,AR,flora,2024,37,0
CN,BB,fauna,1995,2,0
CN,BB,fauna,2019,1,0
CN,BB,fauna,2021,2,0
CN,BB,fauna,2022,3,0
CN,BB,fauna,2023,5,0
CN,BB,fauna,2024,3,0
CN,BO,fauna,2006,1,0
CN,BR,fauna,1988,2,0
CN,BR,fauna,1990,3,0
CN,BR,fauna,2000,1,0
CN,BR,fauna,2002,4,0
CN,BR,fauna,2003,2,0
CN,BR,fauna,2004,83,0
CN,BR,fauna,2009,1,0
CN,BR,fauna,2014,2,0
CN,BR,fauna,2015,1,0
CN,BR,fauna,2016,1,0
CN,BR,fauna,2024,29,0
CN,BR,flora,1998,1,0
CN,BR,flora,2000,1,0
CN,BR,flora,2002,9,0
CN,BR,flora,2003,8,0
CN,BR,flora,2004,9,0
CN,BR,flora,2005,13,0
CN,BR,flora,2006,3,0
CN,BR,flora,2017,102,0
CN,BR,flora,2018,33,0
CN,BR,flora,2020,3,0
CN,BR,flora,2021,8,0
CN,BR,flora,2022,12,0
CN,BR,flora,2023,10,0
CN,BR,flora,2024,13,0
CN,BS,flora,2002,4,0
CN,BZ,flora,2000,1,0
CN,BZ,flora,2007,2,0
CN,BZ,flora,2022,9,0
CN,CL,fauna,1984,1,0
CN,CL,fauna,2004,1,0
CN,CL,fauna,2016,3,0
CN,CL,flora,2002,6,0
CN,CL,flora,2003,3,0
CN,CL,flora,2004,9,0
CN,CL,flora,2005,14,0
CN,CL,flora,2006,2,0
CN,CL,flora,2008,7,0
CN,CL,flora,2009,35,0
CN,CL,flora,2010,17,0
CN,CL,flora,2011,36,0
CN,CL,flora,2012,17,0
CN,CL,flora,2013,6,0
CN,CL,flora,2014,4,0
CN,CL,flora,2015,10,0
CN,CL,flora,2016,3,0
CN,CL,flora,2017,106,0
CN,CL,flora,2018,36,0
CN,CL,flora,2023,4,0
CN,CL,flora,2024,4,0
CN,CO,fauna,2014,1,0
CN,CO,fauna,2015,2,0
CN,CO,flora,2002,5,0
CN,CO,flora,2003,6,0
CN,CO,flora,2004,5,0
CN,CO,flora,2005,12,0
CN,CO,flora,2017,13,0
CN,CO,flora,2018,5,0
CN,CO,flora,2021,1,0
CN,CO,flora,2023,4,0
CN,CO,flora,2024,6,0
CN,CR,fauna,2012,3,0
CN,CR,flora,1991,1,0
CN,CR,flora,2005,11,0
CN,CR,flora,2006,3,0
CN,CR,flora,2008,7,0
CN,CR,flora,2009,7,0
CN,CR,flora,2010,1,0
CN,CR,flora,2011,1,0
CN,CR,flora,2017,4,0
CN,CR,flora,2018,3,0
CN,CR,flora,2021,1,0
CN,CR,flora,2024,1,0
CN,CU,fauna,1991,2,0
CN,CU,fauna,1992,2,0
CN,CU,fauna,2009,1,0
CN,CU,flora,1992,1,0
CN,CU,flora,2024,1,0
CN,DO,flora,2011,1,0
CN,DO,flora,2012,3,0
CN,DO,flora,2013,6,0
CN,DO,flora,2014,4,0
CN,DO,flora,2015,3,0
CN,DO,flora,2016,3,0
CN,DO,flora,2017,7,0
CN,DO,flora,2018,4,0
CN,DO,flora,2022,2,0
CN,DO,flora,2023,7,0
CN,DO,flora,2024,3,0
CN,EC,fauna,1986,1,0
CN,EC,flora,2017,21,0
CN,EC,flora,2018,7,0
CN,EC,flora,2024,1,0
CN,GD,flora,2009,2,0
CN,GD,flora,2012,4,0
CN,GT,flora,2005,1,0
CN,GT,flora,2007,1,0
CN,GT,flora,2017,7,0
CN,GT,flora,2018,1,0
CN,HN,fauna,1990,1,0
CN,HN,flora,2006,1,0
CN,JM,fauna,2013,1,0
CN,KN,fauna,1986,1,0
CN,KN,fauna,1994,1,0
CN,MX,fauna,1981,3,0
CN,MX,fauna,1982,1,0
CN,MX,fauna,1984,1,0
CN,MX,fauna,1988,1,0
CN,MX,fauna,1989,2,0
CN,MX,fauna,1991,1,0
CN,MX,fauna,1992,2,0
CN,MX,fauna,1993,2,0
CN,MX,fauna,1994,8,0
CN,MX,fauna,1996,2,0
CN,MX,fauna,1997,7,0
CN,MX,fauna,1998,9,0
CN,MX,fauna,1999,16,0
CN,MX,fauna,2000,8,0
CN,MX,fauna,2001,17,0
CN,MX,fauna,2002,14,0
CN,MX,fauna,2005,27,0
CN,MX,fauna,2006,9,0
CN,MX,fauna,2009,1,0
CN,MX,fauna,2012,3,0
CN,MX,fauna,2013,27,0
CN,MX,fauna,2014,10,0
CN,MX,fauna,2015,11,0
CN,MX,fauna,2016,11,0
CN,MX,fauna,2019,2,0
CN,MX,fauna,2021,1,0
CN,MX,fauna,2022,5,0
CN,MX,fauna,2023,9,0
CN,MX,fauna,2024,15,0
CN,MX,flora,2002,3,0
CN,MX,flora,2003,2,0
CN,MX,flora,2004,3,0
CN,MX,flora,2005,8,0
CN,MX,flora,2012,1,0
CN,MX,flora,2017,116,0
CN,MX,flora,2018,36,0
CN,MX,flora,2020,1,0
CN,MX,flora,2021,22,0
CN,MX,flora,2022,43,0
CN,MX,flora,2023,41,0
CN,MX,flora,2024,38,0
CN,NI,fauna,1996,1,0
CN,NI,flora,2017,4,0
CN,NI,flora,2018,2,0
CN,NI,flora,2022,1,0
CN,PA,fauna,1986,2,0
CN,PA,fauna,1992,2,0
CN,PA,fauna,2015,1,0
CN,PA,flora,1992,1,0
CN,PA,flora,2012,13,0
CN,PA,flora,2013,2,0
CN,PA,flora,2014,3,0
CN,PA,flora,2015,2,0
CN,PA,flora,2016,3,0
CN,PA,flora,2017,22,0
CN,PA,flora,2018,20,0
CN,PA,flora,2019,7,0
CN,PA,flora,2021,1,0
CN,PA,flora,2022,1,0
CN,PA,flora,2023,1,0
CN,PE,fauna,2016,1,0
CN,PE,fauna,2018,1,0
CN,PE,flora,2017,23,0
CN,PE,flora,2018,6,0
CN,PE,flora,2019,2,0
CN,PY,flora,2017,2,0
CN,PY,flora,2021,2,0
CN,PY,flora,2022,1,0
CN,PY,flora,2023,3,0
CN,PY,flora,2024,1,0
CN,TT,flora,2016,1,0
CN,UY,fauna,2015,1,0
CN,UY,fauna,2023,5,0
CN,UY,flora,2017,29,0
CN,UY,flora,2018,5,0
CN,UY,flora,2023,3,0
CN,UY,flora,2024,3,0
CN,VE,fauna,1986,2,0
CN,VE,fauna,1989,1,0
CN,VE,flora,2010,4,0
CN,VE,flora,2011,10,0
CN,VE,flora,2012,7,0
CN,VE,flora,2013,2,0
CN,VE,flora,2014,1,0
CO,AE,fauna,2004,2,0
CO,AE,fauna,2007,4,0
CO,AE,fauna,2008,11,0
CO,AE,fauna,2009,22,0
CO,AE,fauna,2010,12,0
CO,AE,fauna,2011,23,0
CO,AE,fauna,2012,25,0
CO,AE,fauna,2013,20,0
CO,AE,fauna,2014,19,0
CO,AE,fauna,2015,22,0
CO,AE,fauna,2016,22,0
CO,AE,fauna,2017,16,0
CO,AE,fauna,2018,11,0
CO,AE,fauna,2019,68,0
CO,AE,fauna,2020,17,0
CO,AE,fauna,2022,8,0
CO,AE,fauna,2024,1,0
CO,AN,fauna,1984,1,0
CO,AN,fauna,1995,1,0
CO,AN,fauna,1999,2,0
CO,AN,fauna,2000,3,0
CO,AN,fauna,2001,1,0
CO,AN,fauna,2002,1,0
CO,AN,fauna,2009,3,0
CO,AN,flora,2008,43,0
CO,AR,fauna,1998,2,0
CO,AR,fauna,2005,4,0
CO,AR,fauna,2013,18,0
CO,AR,fauna,2014,2,0
CO,AR,fauna,2020,9,0
CO,AR,fauna,2021,9,0
CO,AR,fauna,2022,17,0
CO,AR,fauna,2023,1,0
CO,AR,flora,1987,3,0
CO,AR,flora,2005,7,0
CO,AT,fauna,1998,1,0
CO,AT,fauna,1999,2,0
CO,AT,fauna,2003,1,0
CO,AT,fauna,2004,2,0
CO,AT,fauna,2005,3,0
CO,AT,fauna,2006,5,0
CO,AT,fauna,2007,19,0
CO,AT,fauna,2008,7,0
CO,AT,fauna,2010,1,0
CO,AT,fauna,2011,4,0
CO,AT,fauna,2012,4,0
CO,AT,fauna,2017,2,0
CO,AT,fauna,2018,6,0
CO,AT,fauna,2019,11,0
CO,AT,fauna,2020,4,0
CO,AT,fauna,2021,2,0
CO,AT,fauna,2022,5,0
CO,AT,fauna,2023,8,0
CO,AT,fauna,2024,11,0
CO,AT,flora,1987,1,0
CO,AT,flora,1988,4,0
CO,AU,fauna,1982,1,0
CO,AU,fauna,1995,1,0
CO,AU,fauna,1998,26,0
CO,AU,fauna,1999,18,0
CO,AU,fauna,2000,84,0
CO,AU,fauna,2005,6,0
CO,AU,fauna,2006,10,0
CO,AU,fauna,2008,11,0
CO,AU,fauna,2009,4,0
CO,AU,fauna,2010,20,0
CO,AU,fauna,2013,3,0
CO,AU,fauna,2014,2,0
CO,AU,fauna,2017,3,0
CO,AU,fauna,2018,2,0
CO,AU,fauna,2020,1,0
CO,AU,fauna,2021,3,0
CO,AU,fauna,2022,5,0
CO,AU,flora,1987,204,0
CO,AU,flora,1988,397,0
CO,AU,flora,1989,228,0
CO,AU,flora,1990,398,0
CO,AU,flora,1991,80,0
CO,AU,flora,1996,33,0
CO,AU,flora,1997,294,0
CO,AU,flora,1998,65,0
CO,AU,flora,1999,82,0
CO,AU,flora,2000,37,0
CO,AU,flora,2001,182,0
CO,AU,flora,2002,81,0
CO,AU,flora,2016,69,0
CO,AU,flora,2017,1,0
CO,AU,flora,2018,458,0
CO,AW,fauna,1996,1,0
CO,AW,fauna,2008,1,0
CO,AW,flora,2023,48,0
CO,AW,flora,2024,178,0
CO,AZ,fauna,2011,3,0
CO,BB,fauna,2023,2,0
CO,BB,fauna,2024,2,0
CO,BE,fauna,1989,1,0
CO,BE,fauna,1991,1,0
CO,BE,fauna,1994,1,0
CO,BE,fauna,1999,1,0
CO,BE,fauna,2000,2,0
CO,BE,fauna,2002,2,0
CO,BE,fauna,2003,2,0
CO,BE,fauna,2004,1,0
CO,BE,fauna,2005,5,0
CO,BE,fauna,2006,2,0
CO,BE,fauna,2007,4,0
CO,BE,fauna,2009,2,0
CO,BE,flora,1986,3,0
CO,BE,flora,1987,3,0
CO,BE,flora,1988,6,0
CO,BE,flora,1989,7,0
CO,BE,flora,1990,180,0
CO,BE,flora,1991,54,0
CO,BE,flora,1992,58,0
CO,BE,flora,1997,37,0
CO,BE,flora,1998,27,0
CO,BE,flora,2007,26,0
CO,BE,flora,2008,28,0
CO,BE,flora,2015,207,0
CO,BE,flora,2024,2,0
CO,BG,fauna,2018,1,0
CO,BH,fauna,2006,3,0
CO,BH,fauna,2007,10,0
CO,BH,fauna,2008,10,0
CO,BH,fauna,2009,2,0
CO,BH,fauna,2010,3,0
CO,BH,fauna,2011,2,0
CO,BH,fauna,2012,6,0
CO,BH,fauna,2013,2,0
CO,BH,fauna,2014,2,0
CO,BH,fauna,2016,2,0
CO,BH,fauna,2017,5,0
CO,BO,fauna,2012,1,0
CO,BO,fauna,2013,1,0
CO,BO,flora,1990,4,0
CO,BR,fauna,1997,6,0
CO,BR,fauna,1998,1,0
CO,BR,fauna,2002,1,0
CO,BR,fauna,2010,5,0
CO,BR,fauna,2011,5,0
CO,BR,fauna,2012,2,0
CO,BR,fauna,2014,2,0
CO,BR,fauna,2017,1,0
CO,BR,fauna,2018,1,0
CO,BR,fauna,2019,1,0
CO,BR,fauna,2021,4,0
CO,BR,fauna,2024,1,0
CO,BR,flora,1988,6,0
CO,BR,flora,1989,10,0
CO,BR,flora,1990,29,0
CO,BR,flora,1996,1,0
CO,BR,flora,1997,50,0
CO,BR,flora,1998,6,0
CO,BS,fauna,1995,1,0
CO,BZ,fauna,2005,1,0
CO,CA,fauna,1978,1,0
CO,CA,fauna,1982,1,0
CO,CA,fauna,1983,1,0
CO,CA,fauna,1989,1,0
CO,CA,fauna,1990,4,0
CO,CA,fauna,1991,3,0
CO,CA,fauna,1992,3,0
CO,CA,fauna,1995,1,0
CO,CA,fauna,1997,1,0
CO,CA,fauna,1998,2,0
CO,CA,fauna,1999,1,0
CO,CA,fauna,2000,2,0
CO,CA,fauna,2001,2,0
CO,CA,fauna,2002,11,0
CO,CA,fauna,2003,12,0
CO,CA,fauna,2004,11,0
CO,CA,fauna,2005,19,0
CO,CA,fauna,2006,33,0
CO,CA,fauna,2007,30,0
CO,CA,fauna,2008,55,0
CO,CA,fauna,2009,48,0
CO,CA,fauna,2010,26,0
CO,CA,fauna,2011,42,0
CO,CA,fauna,2012,40,0
CO,CA,fauna,2013,35,0
CO,CA,fauna,2014,13,0
CO,CA,fauna,2015,21,0
CO,CA,fauna,2016,31,0
CO,CA,fauna,2017,37,0
CO,CA,fauna,2018,8,0
CO,CA,fauna,2019,21,0
CO,CA,fauna,2020,5,0
CO,CA,fauna,2021,1,0
CO,CA,fauna,2022,7,0
CO,CA,fauna,2023,9,0
CO,CA,fauna,2025,1,0
CO,CA,flora,1986,5,0
CO,CA,flora,1988,3,0
CO,CA,flora,1989,5,0
CO,CA,flora,1990,9,0
CO,CA,flora,1997,195,0
CO,CA,flora,1999,1048,0
CO,CA,flora,2006,68,0
CO,CA,flora,2008,271,0
CO,CA,flora,2009,136,0
CO,CA,flora,2011,149,0
CO,CA,flora,2012,149,0
CO,CA,flora,2015,174,0
CO,CA,flora,2017,220,0
CO,CA,flora,2019,210,0
CO,CA,flora,2021,32,0
CO,CA,flora,2022,120,0
CO,CA,flora,2023,113,0
CO,CH,fauna,1976,3,0
CO,CH,fauna,1977,7,0
CO,CH,fauna,1978,5,0
CO,CH,fauna,1990,3,0
CO,CH,fauna,1991,5,0
CO,CH,fauna,1992,4,0
CO,CH,fauna,1993,11,0
CO,CH,fauna,1994,7,0
CO,CH,fauna,1995,21,0
CO,CH,fauna,1996,9,0
CO,CH,fauna,1997,1,0
CO,CH,fauna,1998,1,0
CO,CH,fauna,1999,2,0
CO,CH,fauna,2000,2,0
CO,CH,fauna,2001,1,0
CO,CH,fauna,2002,3,0
CO,CH,fauna,2003,6,0
CO,CH,fauna,2004,13,0
CO,CH,fauna,2005,9,0
CO,CH,fauna,2006,10,0
CO,CH,fauna,2007,6,0
CO,CH,fauna,2008,13,0
CO,CH,fauna,2009,14,0
CO,CH,fauna,2010,30,0
CO,CH,fauna,2011,13,0
CO,CH,fauna,2012,17,0
CO,CH,fauna,2013,6,0
CO,CH,fauna,2015,2,0
CO,CH,fauna,2016,6,0
CO,CH,fauna,2018,4,0
CO,CH,fauna,2020,5,0
CO,CH,flora,1989,5,0
CO,CH,flora,1990,166,0
CO,CH,flora,1998,48,0
CO,CH,flora,1999,8,0
CO,CH,flora,2000,219,0
CO,CH,flora,2001,176,0
CO,CH,flora,2002,134,0
CO,CH,flora,2003,402,0
CO,CH,flora,2004,268,0
CO,CH,flora,2005,113,0
CO,CH,flora,2006,63,0
CO,CH,flora,2007,935,0
CO,CH,flora,2008,310,0
CO,CH,flora,2009,79,0
CO,CH,flora,2010,254,0
CO,CH,flora,2012,131,0
CO,CH,flora,2013,144,0
CO,CH,flora,2016,856,0
CO,CH,flora,2019,758,0
CO,CH,flora,2021,148,0
CO,CL,fauna,2010,2,0
CO,CL,fauna,2017,4,0
CO,CL,fauna,2018,4,0
CO,CL,fauna,2019,9,0
CO,CL,fauna,2020,3,0
CO,CL,fauna,2021,3,0
CO,CL,fauna,2022,5,0
CO,CL,fauna,2023,3,0
CO,CL,flora,2007,20,0
CO,CN,fauna,1993,4,0
CO,CN,fauna,1994,4,0
CO,CN,fauna,1996,1,0
CO,CN,fauna,1997,6,0
CO,CN,fauna,1998,6,0
CO,CN,fauna,2004,3,0
CO,CN,fauna,2005,5,0
CO,CN,fauna,2006,18,0
CO,CN,fauna,2007,26,0
CO,CN,fauna,2008,5,0
CO,CN,fauna,2009,7,0
CO,CN,fauna,2010,10,0
CO,CN,fauna,2011,37,0
CO,CN,fauna,2012,22,0
CO,CN,fauna,2013,29,0
CO,CN,fauna,2014,52,0
CO,CN,fauna,2015,23,0
CO,CN,fauna,2016,9,0
CO,CN,fauna,2017,15,0
CO,CN,fauna,2018,13,0
CO,CN,fauna,2019,11,0
CO,CN,fauna,2020,8,0
CO,CN,fauna,2021,2,0
CO,CN,fauna,2023,3,0
CO,CN,fauna,2024,1,0
CO,CN,flora,1997,61,0
CO,CN,flora,2006,97,0
CO,CN,flora,2007,3,0
CO,CN,flora,2008,103,0
CO,CN,flora,2009,79,0
CO,CN,flora,2013,379,0
CO,CO,fauna,2004,1,0
CO,CO,fauna,2010,1,0
CO,CR,fauna,1999,2,0
CO,CR,fauna,2008,10,0
CO,CR,fauna,2014,2,0
CO,CR,fauna,2018,7,0
CO,CR,fauna,2019,3,0
CO,CR,fauna,2021,3,0
CO,CR,fauna,2022,4,0
CO,CR,fauna,2023,7,0
CO,CR,fauna,2024,8,0
CO,CR,fauna,2025,2,0
CO,CR,flora,1986,1,0
CO,CR,flora,1990,46,0
CO,CR,flora,1991,10,0
CO,CR,flora,1997,7,0
CO,CR,flora,1998,28,0
CO,CR,flora,2000,3,0
CO,CR,flora,2001,43,0
CO,CR,flora,2005,40,0
CO,CR,flora,2009,16,0
CO,CR,flora,2010,2,0
CO,CU,fauna,2005,1,0
CO,CU,flora,2017,1,0
CO,CW,flora,2016,171,0
CO,CW,flora,2017,100,0
CO,CW,flora,2021,111,0
CO,CY,fauna,2019,3,0
CO,CZ,fauna,2017,2,0
CO,CZ,fauna,2020,23,0
CO,CZ,fauna,2021,1,0
CO,CZ,flora,2021,113,0
CO,DD,fauna,1990,1,0
CO,DE,fauna,1976,3,0
CO,DE,fauna,1977,8,0
CO,DE,fauna,1978,19,0
CO,DE,fauna,1979,7,0
CO,DE,fauna,1980,14,0
CO,DE,fauna,1981,2,0
CO,DE,fauna,1982,1,0
CO,DE,fauna,1983,1,0
CO,DE,fauna,1984,3,0
CO,DE,fauna,1988,3,0
CO,DE,fauna,1990,2,0
CO,DE,fauna,1991,14,0
CO,DE,fauna,1992,36,0
CO,DE,fauna,1993,45,0
CO,DE,fauna,1994,15,0
CO,DE,fauna,1995,9,0
CO,DE,fauna,1996,4,0
CO,DE,fauna,1997,7,0
CO,DE,fauna,1998,63,0
CO,DE,fauna,1999,75,0
CO,DE,fauna,2000,57,0
CO,DE,fauna,2001,55,0
CO,DE,fauna,2002,11,0
CO,DE,fauna,2003,59,0
CO,DE,fauna,2004,50,0
CO,DE,fauna,2005,45,0
CO,DE,fauna,2006,67,0
CO,DE,fauna,2007,82,0
CO,DE,fauna,2008,70,0
CO,DE,fauna,2009,32,0
CO,DE,fauna,2010,36,0
CO,DE,fauna,2011,34,0
CO,DE,fauna,2012,45,0
CO,DE,fauna,2013,49,0
CO,DE,fauna,2014,26,0
CO,DE,fauna,2015,5,0
CO,DE,fauna,2016,1,0
CO,DE,fauna,2017,18,0
CO,DE,fauna,2018,17,0
CO,DE,fauna,2019,42,0
CO,DE,fauna,2020,12,0
CO,DE,fauna,2021,11,0
CO,DE,fauna,2022,18,0
CO,DE,fauna,2023,82,0
CO,DE,fauna,2024,88,0
CO,DE,fauna,2025,7,0
CO,DE,flora,1978,1,0
CO,DE,flora,1979,1,0
CO,DE,flora,1986,53,0
CO,DE,flora,1987,7,0
CO,DE,flora,1988,3,0
CO,DE,flora,1989,714,0
CO,DE,flora,1990,1316,0
CO,DE,flora,1991,494,0
CO,DE,flora,1992,619,0
CO,DE,flora,1993,382,0
CO,DE,flora,1994,669,0
CO,DE,flora,1995,801,0
CO,DE,flora,1996,532,0
CO,DE,flora,1997,1045,0
CO,DE,flora,1998,1499,0
CO,DE,flora,1999,1652,0
CO,DE,flora,2000,490,0
CO,DE,flora,2001,1618,0
CO,DE,flora,2002,1596,0
CO,DE,flora,2003,750,0
CO,DE,flora,2004,897,0
CO,DE,flora,2005,2097,0
CO,DE,flora,2006,2631,0
CO,DE,flora,2007,1859,0
CO,DE,flora,2008,2933,0
CO,DE,flora,2009,1925,0
CO,DE,flora,2010,3992,0
CO,DE,flora,2011,1553,0
CO,DE,flora,2012,2067,0
CO,DE,flora,2013,1730,0
CO,DE,flora,2014,2545,0
CO,DE,flora,2015,2271,0
CO,DE,flora,2016,1260,0
CO,DE,flora,2017,1371,0
CO,DE,flora,2018,1885,0
CO,DE,flora,2019,2064,0
CO,DE,flora,2020,2783,0
CO,DE,flora,2021,4238,0
CO,DE,flora,2022,3737,0
CO,DE,flora,2023,3540,0
CO,DE,flora,2024,1764,0
CO,DK,fauna,1978,1,0
CO,DK,fauna,1993,1,0
CO,DK,fauna,1995,1,0
CO,DK,fauna,1996,5,0
CO,DK,fauna,1998,4,0
CO,DK,fauna,1999,1,0
CO,DK,fauna,2014,4,0
CO,DK,fauna,2017,4,0
CO,DK,fauna,2018,13,0
CO,DK,fauna,2019,16,0
CO,DK,fauna,2020,5,0
CO,DK,fauna,2021,15,0
CO,DK,fauna,2022,4,0
CO,DK,fauna,2024,2,0
CO,DK,flora,1998,130,0
CO,DK,flora,2001,10,0
CO,DO,fauna,1989,2,0
CO,DO,fauna,2002,4,0
CO,DO,fauna,2003,1,0
CO,DO,fauna,2004,1,0
CO,DO,fauna,2005,1,0
CO,DO,fauna,2006,2,0
CO,DO,fauna,2018,2,0
CO,DO,fauna,2024,2,0
CO,DO,flora,2002,2,0
CO,EC,fauna,1994,8,0
CO,EC,fauna,1996,1,0
CO,EC,fauna,1997,2,0
CO,EC,fauna,1998,1,0
CO,EC,fauna,1999,6,0
CO,EC,fauna,2000,1,0
CO,EC,fauna,2002,3,0
CO,EC,fauna,2006,1,0
CO,EC,fauna,2010,4,0
CO,EC,fauna,2011,10,0
CO,EC,fauna,2012,21,0
CO,EC,fauna,2013,7,0
CO,EC,fauna,2014,4,0
CO,EC,fauna,2021,1,0
CO,EC,flora,1986,26,0
CO,EC,flora,1987,8,0
CO,EC,flora,1988,6,0
CO,EC,flora,1989,12,0
CO,EC,flora,1990,10,0
CO,EC,flora,1994,2,0
CO,EC,flora,1998,1,0
CO,EC,flora,2000,37,0
CO,EC,flora,2001,10,0
CO,EC,flora,2002,1,0
CO,EC,flora,2003,21,0
CO,EC,flora,2005,19,0
CO,EC,flora,2006,211,0
CO,EC,flora,2007,170,0
CO,EC,flora,2008,74,0
CO,EC,flora,2009,111,0
CO,EC,flora,2013,6,6
CO,EC,flora,2015,40,0
CO,EE,fauna,2009,2,0
CO,EE,fauna,2014,1,0
CO,EG,fauna,1990,1,0
CO,EG,fauna,2007,5,0
CO,EG,fauna,2008,1,0
CO,EG,fauna,2010,2,0
CO,ES,fauna,1991,5,0
CO,ES,fauna,1992,32,0
CO,ES,fauna,1993,34,3
CO,ES,fauna,1994,27,3
CO,ES,fauna,1995,34,7
CO,ES,fauna,1996,58,30
CO,ES,fauna,1997,26,3
CO,ES,fauna,1998,13,0
CO,ES,fauna,1999,14,1
CO,ES,fauna,2000,19,0
CO,ES,fauna,2001,24,0
CO,ES,fauna,2002,11,3
CO,ES,fauna,2003,10,0
CO,ES,fauna,2004,7,0
CO,ES,fauna,2005,11,1
CO,ES,fauna,2006,42,0
CO,ES,fauna,2007,40,0
CO,ES,fauna,2008,29,0
CO,ES,fauna,2009,17,2
CO,ES,fauna,2010,13,0
CO,ES,fauna,2011,15,0
CO,ES,fauna,2012,97,0
CO,ES,fauna,2013,115,0
CO,ES,fauna,2014,56,0
CO,ES,fauna,2015,43,0
CO,ES,fauna,2016,75,0
CO,ES,fauna,2017,54,0
CO,ES,fauna,2018,51,0
CO,ES,fauna,2019,98,0
CO,ES,fauna,2020,5,0
CO,ES,fauna,2021,13,0
CO,ES,fauna,2022,7,0
CO,ES,fauna,2023,5,0
CO,ES,fauna,2024,15,0
CO,ES,flora,1998,2,0
CO,ES,flora,2000,1,0
CO,ES,flora,2001,2,0
CO,ES,flora,2002,2,2
CO,ES,flora,2003,2,0
CO,ES,flora,2018,1,0
CO,ES,flora,2019,1,0
CO,FI,fauna,1997,1,0
CO,FI,fauna,2004,1,0
CO,FI,fauna,2005,2,0
CO,FR,fauna,1984,3,0
CO,FR,fauna,1985,1,0
CO,FR,fauna,1988,12,0
CO,FR,fauna,1989,2,0
CO,FR,fauna,1990,23,0
CO,FR,fauna,1991,57,0
CO,FR,fauna,1992,252,0
CO,FR,fauna,1993,195,0
CO,FR,fauna,1994,174,0
CO,FR,fauna,1995,301,0
CO,FR,fauna,1996,55,0
CO,FR,fauna,1997,23,0
CO,FR,fauna,1998,74,0
CO,FR,fauna,1999,50,0
CO,FR,fauna,2000,54,0
CO,FR,fauna,2001,47,0
CO,FR,fauna,2002,26,0
CO,FR,fauna,2003,20,0
CO,FR,fauna,2004,20,0
CO,FR,fauna,2005,11,0
CO,FR,fauna,2006,52,0
CO,FR,fauna,2007,71,0
CO,FR,fauna,2008,76,0
CO,FR,fauna,2009,27,0
CO,FR,fauna,2010,42,0
CO,FR,fauna,2011,28,0
CO,FR,fauna,2012,31,0
CO,FR,fauna,2013,22,0
CO,FR,fauna,2014,15,0
CO,FR,fauna,2015,6,0
CO,FR,fauna,2016,33,0
CO,FR,fauna,2017,17,0
CO,FR,fauna,2018,21,0
CO,FR,fauna,2019,4,0
CO,FR,fauna,2020,6,0
CO,FR,fauna,2021,2,0
CO,FR,fauna,2022,4,0
CO,FR,fauna,2023,2,0
CO,FR,fauna,2024,28,0
CO,FR,flora,1987,7,0
CO,FR,flora,1990,4,0
CO,FR,flora,1991,6,0
CO,FR,flora,1994,1,0
CO,FR,flora,1995,5,0
CO,FR,flora,1997,168,0
CO,FR,flora,1998,20,0
CO,FR,flora,2001,21,0
CO,FR,flora,2002,2,0
CO,FR,flora,2003,4,0
CO,FR,flora,2005,398,0
CO,FR,flora,2007,2,0
CO,FR,flora,2009,182,0
CO,FR,flora,2011,570,0
CO,FR,flora,2012,286,0
CO,FR,flora,2013,33,0
CO,FR,flora,2014,8,0
CO,GB,fauna,1977,2,0
CO,GB,fauna,1978,1,0
CO,GB,fauna,1979,2,0
CO,GB,fauna,1981,1,0
CO,GB,fauna,1984,1,0
CO,GB,fauna,1985,3,0
CO,GB,fauna,1986,2,0
CO,GB,fauna,1988,1,0
CO,GB,fauna,1994,1,1
CO,GB,fauna,1995,1,0
CO,GB,fauna,1997,1,1
CO,GB,fauna,1998,1,1
CO,GB,fauna,1999,6,6
CO,GB,fauna,2001,2,2
CO,GB,fauna,2002,11,4
CO,GB,fauna,2003,1,1
CO,GB,fauna,2004,15,0
CO,GB,fauna,2005,4,0
CO,GB,fauna,2006,30,0
CO,GB,fauna,2007,44,12
CO,GB,fauna,2008,40,0
CO,GB,fauna,2009,79,0
CO,GB,fauna,2010,66,0
CO,GB,fauna,2011,64,0
CO,GB,fauna,2012,136,0
CO,GB,fauna,2013,70,0
CO,GB,fauna,2014,51,0
CO,GB,fauna,2015,43,0
CO,GB,fauna,2016,42,0
CO,GB,fauna,2017,25,0
CO,GB,fauna,2018,136,0
CO,GB,fauna,2019,102,0
CO,GB,fauna,2020,39,0
CO,GB,fauna,2021,1,0
CO,GB,fauna,2022,22,0
CO,GB,fauna,2023,7,0
CO,GB,fauna,2024,11,0
CO,GB,flora,1977,16,0
CO,GB,flora,1978,5,0
CO,GB,flora,1979,29,0
CO,GB,flora,1980,17,0
CO,GB,flora,1981,121,0
CO,GB,flora,1983,1,0
CO,GB,flora,1986,9,0
CO,GB,flora,1987,18,0
CO,GB,flora,1989,56,0
CO,GB,flora,1990,20,0
CO,GB,flora,1997,314,0
CO,GB,flora,1999,60,0
CO,GB,flora,2000,370,0
CO,GB,flora,2001,32,0
CO,GB,flora,2002,275,0
CO,GB,flora,2003,275,0
CO,GB,flora,2005,203,0
CO,GB,flora,2012,6,0
CO,GB,flora,2022,16,0
CO,GB,flora,2023,70,0
CO,GP,flora,1988,1,0
CO,GR,fauna,2004,1,0
CO,GR,fauna,2005,9,0
CO,GR,fauna,2006,14,0
CO,GR,fauna,2007,6,0
CO,GR,fauna,2008,9,0
CO,GR,fauna,2009,7,0
CO,GR,fauna,2011,3,0
CO,GR,fauna,2012,8,0
CO,GR,fauna,2013,3,0
CO,GR,fauna,2014,4,0
CO,GR,fauna,2016,7,0
CO,GR,fauna,2022,1,0
CO,GT,fauna,1996,3,0
CO,GT,fauna,2004,2,0
CO,GT,fauna,2012,1,0
CO,GT,fauna,2014,1,0
CO,GT,fauna,2020,2,0
CO,GT,fauna,2022,6,0
CO,GT,fauna,2023,5,0
CO,GT,flora,2007,25,0
CO,GT,flora,2008,42,0
CO,GT,flora,2010,21,0
CO,GY,fauna,1996,1,0
CO,HK,fauna,1990,1,0
CO,HK,fauna,1993,4,0
CO,HK,fauna,1995,3,0
CO,HK,fauna,1996,7,0
CO,HK,fauna,1997,2,0
CO,HK,fauna,1998,1,0
CO,HK,fauna,2003,1,0
CO,HK,fauna,2004,6,0
CO,HK,fauna,2005,2,0
CO,HK,fauna,2006,30,0
CO,HK,fauna,2007,46,0
CO,HK,fauna,2008,45,0
CO,HK,fauna,2009,23,0
CO,HK,fauna,2010,18,0
CO,HK,fauna,2011,55,0
CO,HK,fauna,2012,90,0
CO,HK,fauna,2013,100,0
CO,HK,fauna,2014,130,0
CO,HK,fauna,2015,80,0
CO,HK,fauna,2016,43,0
CO,HK,fauna,2017,35,0
CO,HK,fauna,2018,34,0
CO,HK,fauna,2019,30,0
CO,HK,fauna,2020,6,0
CO,HK,fauna,2021,12,0
CO,HK,fauna,2022,4,0
CO,HK,fauna,2023,3,0
CO,HK,fauna,2024,11,0
CO,HK,flora,1999,101,0
CO,HK,flora,2006,3,0
CO,HK,flora,2022,8,0
CO,HN,fauna,1997,1,0
CO,HN,fauna,2018,1,0
CO,HN,fauna,2019,2,0
CO,HN,flora,1986,3,0
CO,ID,fauna,2013,2,0
CO,ID,fauna,2015,1,0
CO,ID,fauna,2016,2,0
CO,ID,fauna,2017,2,0
CO,ID,fauna,2018,2,0
CO,ID,fauna,2020,2,0
CO,ID,fauna,2021,16,0
CO,ID,fauna,2022,8,0
CO,ID,fauna,2023,12,0
CO,ID,fauna,2024,4,0
CO,ID,flora,2006,55,0
CO,IE,fauna,2008,1,0
CO,IE,fauna,2017,3,0
CO,IL,fauna,2012,1,0
CO,IL,fauna,2013,9,0
CO,IL,fauna,2016,5,0
CO,IL,fauna,2017,2,0
CO,IL,fauna,2020,1,0
CO,IN,fauna,2003,2,0
CO,IT,fauna,1980,6,0
CO,IT,fauna,1981,8,0
CO,IT,fauna,1982,6,0
CO,IT,fauna,1983,9,0
CO,IT,fauna,1984,10,0
CO,IT,fauna,1985,1,0
CO,IT,fauna,1987,1,0
CO,IT,fauna,1988,18,0
CO,IT,fauna,1989,4,0
CO,IT,fauna,1990,60,0
CO,IT,fauna,1991,43,0
CO,IT,fauna,1992,54,0
CO,IT,fauna,1993,117,0
CO,IT,fauna,1994,148,0
CO,IT,fauna,1995,530,0
CO,IT,fauna,1996,195,0
CO,IT,fauna,1997,144,0
CO,IT,fauna,1998,226,0
CO,IT,fauna,1999,83,0
CO,IT,fauna,2000,156,0
CO,IT,fauna,2001,115,0
CO,IT,fauna,2002,50,0
CO,IT,fauna,2003,38,0
CO,IT,fauna,2004,67,0
CO,IT,fauna,2005,76,0
CO,IT,fauna,2006,121,0
CO,IT,fauna,2007,111,0
CO,IT,fauna,2008,196,0
CO,IT,fauna,2009,120,0
CO,IT,fauna,2010,135,0
CO,IT,fauna,2011,144,0
CO,IT,fauna,2012,172,0
CO,IT,fauna,2013,203,0
CO,IT,fauna,2014,157,0
CO,IT,fauna,2015,110,0
CO,IT,fauna,2016,69,0
CO,IT,fauna,2017,164,0
CO,IT,fauna,2018,56,0
CO,IT,fauna,2019,7,0
CO,IT,fauna,2020,2,0
CO,IT,fauna,2021,7,0
CO,IT,fauna,2022,9,0
CO,IT,fauna,2023,2,0
CO,IT,fauna,2024,6,0
CO,IT,flora,1988,1,0
CO,IT,flora,1989,4,0
CO,IT,flora,1990,194,0
CO,IT,flora,1996,1,0
CO,IT,flora,1998,81,0
CO,IT,flora,2016,98,0
CO,IT,flora,2017,153,0
CO,IT,flora,2018,136,0
CO,IT,flora,2019,165,0
CO,IT,flora,2020,37,0
CO,IT,flora,2021,173,0
CO,JM,flora,2006,23,0
CO,JO,fauna,2020,1,0
CO,JP,fauna,1981,7,0
CO,JP,fauna,1982,15,0
CO,JP,fauna,1983,16,0
CO,JP,fauna,1984,9,0
CO,JP,fauna,1990,11,0
CO,JP,fauna,1991,1,0
CO,JP,fauna,1992,17,0
CO,JP,fauna,1993,60,0
CO,JP,fauna,1994,154,0
CO,JP,fauna,1995,149,0
CO,JP,fauna,1996,107,0
CO,JP,fauna,1997,121,0
CO,JP,fauna,1998,92,0
CO,JP,fauna,1999,115,0
CO,JP,fauna,2000,119,0
CO,JP,fauna,2001,37,0
CO,JP,fauna,2002,83,0
CO,JP,fauna,2003,84,0
CO,JP,fauna,2004,141,0
CO,JP,fauna,2005,146,0
CO,JP,fauna,2006,160,0
CO,JP,fauna,2007,76,0
CO,JP,fauna,2008,110,0
CO,JP,fauna,2009,107,0
CO,JP,fauna,2010,95,0
CO,JP,fauna,2011,101,0
CO,JP,fauna,2012,110,0
CO,JP,fauna,2013,82,0
CO,JP,fauna,2014,80,0
CO,JP,fauna,2015,17,0
CO,JP,fauna,2016,16,0
CO,JP,fauna,2017,43,0
CO,JP,fauna,2018,32,0
CO,JP,fauna,2019,25,0
CO,JP,fauna,2020,42,0
CO,JP,fauna,2021,20,0
CO,JP,fauna,2022,8,0
CO,JP,fauna,2023,17,0
CO,JP,fauna,2024,28,0
CO,JP,fauna,2025,3,0
CO,JP,flora,1980,1,0
CO,JP,flora,1981,1,0
CO,JP,flora,1982,2,0
CO,JP,flora,1983,2,0
CO,JP,flora,1984,5,0
CO,JP,flora,1986,50,0
CO,JP,flora,1987,58,0
CO,JP,flora,1988,78,0
CO,JP,flora,1989,120,0
CO,JP,flora,1990,146,0
CO,JP,flora,1991,187,0
CO,JP,flora,1992,166,0
CO,JP,flora,1993,201,0
CO,JP,flora,1994,309,0
CO,JP,flora,1995,424,0
CO,JP,flora,1996,194,0
CO,JP,flora,1997,2172,0
CO,JP,flora,1998,568,0
CO,JP,flora,1999,578,0
CO,JP,flora,2000,423,0
CO,JP,flora,2001,312,0
CO,JP,flora,2002,203,0
CO,JP,flora,2003,174,0
CO,JP,flora,2004,77,0
CO,JP,flora,2005,184,0
CO,JP,flora,2006,117,0
CO,JP,flora,2007,84,0
CO,JP,flora,2008,54,0
CO,JP,flora,2009,57,0
CO,JP,flora,2010,14,0
CO,JP,flora,2011,31,0
CO,JP,flora,2012,84,0
CO,JP,flora,2013,17,0
CO,JP,flora,2014,71,0
CO,JP,flora,2015,53,0
CO,JP,flora,2016,102,0
CO,JP,flora,2017,103,0
CO,JP,flora,2018,71,0
CO,JP,flora,2019,36,0
CO,JP,flora,2020,76,0
CO,JP,flora,2021,111,0
CO,JP,flora,2022,181,0
CO,JP,flora,2023,102,0
CO,JP,flora,2024,14,0
CO,KE,flora,2007,113,0
CO,KP,fauna,2010,97,0
CO,KP,fauna,2016,42,0
CO,KP,fauna,2017,7,0
CO,KR,fauna,1992,1,0
CO,KR,fauna,1993,2,0
CO,KR,fauna,1994,3,0
CO,KR,fauna,1995,2,0
CO,KR,fauna,1997,2,0
CO,KR,fauna,1998,2,0
CO,KR,fauna,1999,1,0
CO,KR,fauna,2000,1,0
CO,KR,fauna,2002,1,0
CO,KR,fauna,2004,2,0
CO,KR,fauna,2005,10,0
CO,KR,fauna,2006,46,0
CO,KR,fauna,2007,69,0
CO,KR,fauna,2008,62,0
CO,KR,fauna,2009,149,0
CO,KR,fauna,2010,69,0
CO,KR,fauna,2011,111,0
CO,KR,fauna,2012,167,0
CO,KR,fauna,2013,151,0
CO,KR,fauna,2014,237,0
CO,KR,fauna,2015,105,0
CO,KR,fauna,2016,45,0
CO,KR,fauna,2017,52,0
CO,KR,fauna,2018,413,0
CO,KR,fauna,2019,147,0
CO,KR,fauna,2020,101,0
CO,KR,fauna,2021,58,0
CO,KR,fauna,2022,26,0
CO,KR,fauna,2023,6,0
CO,KR,fauna,2024,13,0
CO,KR,flora,2011,11,0
CO,KR,flora,2012,8,0
CO,KW,fauna,2007,2,0
CO,KW,fauna,2008,4,0
CO,KW,fauna,2009,1,0
CO,KW,fauna,2010,1,0
CO,KW,fauna,2012,3,0
CO,KW,fauna,2013,11,0
CO,KW,fauna,2014,4,0
CO,KW,fauna,2016,4,0
CO,KW,fauna,2017,5,0
CO,KW,fauna,2018,5,0
CO,KW,fauna,2019,14,0
CO,KW,fauna,2020,4,0
CO,KW,fauna,2023,3,0
CO,KZ,fauna,2008,7,0
CO,KZ,fauna,2009,14,0
CO,KZ,fauna,2010,6,0
CO,KZ,fauna,2011,5,0
CO,KZ,fauna,2012,6,0
CO,KZ,fauna,2013,1,0
CO,KZ,fauna,2014,1,0
CO,KZ,fauna,2015,1,0
CO,KZ,fauna,2017,1,0
CO,KZ,fauna,2018,2,0
CO,LB,fauna,2007,1,0
CO,LB,fauna,2008,5,0
CO,LB,fauna,2009,27,0
CO,LB,fauna,2010,8,0
CO,LB,fauna,2011,4,0
CO,LB,fauna,2012,15,0
CO,LB,fauna,2013,7,0
CO,LB,fauna,2014,1,0
CO,LB,fauna,2015,3,0
CO,LB,fauna,2016,2,0
CO,LB,fauna,2017,10,0
CO,LB,fauna,2018,7,0
CO,LB,fauna,2019,5,0
CO,LT,fauna,2009,7,7
CO,LU,fauna,1995,1,0
CO,LU,fauna,1996,1,0
CO,LU,fauna,2001,1,0
CO,LU,fauna,2010,2,0
CO,LV,fauna,2009,1,0
CO,MA,fauna,1994,3,0
CO,MC,fauna,2006,2,0
CO,MC,fauna,2007,5,0
CO,MC,fauna,2008,13,0
CO,MC,fauna,2009,3,0
CO,MC,fauna,2010,6,0
CO,MC,fauna,2011,9,0
CO,MC,fauna,2012,2,0
CO,MC,fauna,2015,1,0
CO,MC,fauna,2017,1,0
CO,ME,fauna,2011,2,0
CO,ME,fauna,2012,1,0
CO,MG,fauna,1995,1,0
CO,MG,fauna,2009,61,0
CO,MG,fauna,2010,80,0
CO,MG,fauna,2011,99,0
CO,MG,fauna,2012,71,0
CO,MO,fauna,2004,6,0
CO,MQ,fauna,1996,1,0
CO,MQ,fauna,1997,7,0
CO,MV,flora,2019,1,0
CO,MX,fauna,1990,1,0
CO,MX,fauna,1991,1,0
CO,MX,fauna,1993,3,0
CO,MX,fauna,1995,25,0
CO,MX,fauna,1996,45,0
CO,MX,fauna,1997,51,0
CO,MX,fauna,1998,122,0
CO,MX,fauna,1999,282,0
CO,MX,fauna,2000,278,0
CO,MX,fauna,2001,245,0
CO,MX,fauna,2002,302,0
CO,MX,fauna,2003,265,0
CO,MX,fauna,2004,282,0
CO,MX,fauna,2005,356,0
CO,MX,fauna,2006,376,0
CO,MX,fauna,2007,319,0
CO,MX,fauna,2008,255,0
CO,MX,fauna,2009,315,0
CO,MX,fauna,2010,414,0
CO,MX,fauna,2011,379,0
CO,MX,fauna,2012,336,0
CO,MX,fauna,2013,401,0
CO,MX,fauna,2014,427,0
CO,MX,fauna,2015,374,0
CO,MX,fauna,2016,270,0
CO,MX,fauna,2017,296,0
CO,MX,fauna,2018,284,0
CO,MX,fauna,2019,313,0
CO,MX,fauna,2020,273,0
CO,MX,fauna,2021,423,0
CO,MX,fauna,2022,535,0
CO,MX,fauna,2023,409,0
CO,MX,fauna,2024,491,0
CO,MX,fauna,2025,59,0
CO,MX,flora,1987,24,0
CO,MX,flora,2000,2,0
CO,MX,flora,2001,4,0
CO,MX,flora,2002,2,0
CO,MX,flora,2003,3,0
CO,MX,flora,2016,12,0
CO,MX,flora,2019,17,0
CO,MX,flora,2020,16,0
CO,MX,flora,2021,7,0
CO,MX,flora,2022,24,0
CO,MX,flora,2023,32,0
CO,MX,flora,2024,32,0
CO,MY,fauna,1990,1,0
CO,MY,fauna,1994,3,0
CO,MY,fauna,1996,8,0
CO,MY,fauna,1997,1,0
CO,MY,fauna,1998,1,0
CO,MY,fauna,1999,1,0
CO,MY,fauna,2001,2,0
CO,MY,fauna,2003,1,0
CO,MY,fauna,2004,1,0
CO,MY,fauna,2008,16,0
CO,MY,fauna,2011,1,0
CO,MY,fauna,2012,3,0
CO,MY,fauna,2013,5,0
CO,MY,fauna,2015,2,0
CO,MY,fauna,2016,3,0
CO,MY,fauna,2017,3,0
CO,MY,fauna,2018,2,0
CO,MY,fauna,2019,4,0
CO,MY,fauna,2020,5,0
CO,MY,fauna,2021,3,0
CO,MY,fauna,2022,5,0
CO,MY,fauna,2023,2,0
CO,MY,fauna,2024,1,0
CO,NE,fauna,2015,2,0
CO,NI,fauna,1994,1,0
CO,NL,fauna,1984,1,1
CO,NL,fauna,1986,2,2
CO,NL,fauna,1987,3,0
CO,NL,fauna,1988,1,0
CO,NL,fauna,1989,2,1
CO,NL,fauna,1990,1,0
CO,NL,fauna,1991,6,0
CO,NL,fauna,1993,1,0
CO,NL,fauna,1997,1,0
CO,NL,fauna,1998,2,1
CO,NL,fauna,2001,2,0
CO,NL,fauna,2002,1,0
CO,NL,fauna,2009,2,0
CO,NL,fauna,2010,5,0
CO,NL,fauna,2011,1,0
CO,NL,fauna,2013,4,0
CO,NL,fauna,2014,4,0
CO,NL,fauna,2017,6,0
CO,NL,fauna,2018,6,0
CO,NL,fauna,2019,4,0
CO,NL,fauna,2020,11,0
CO,NL,fauna,2022,6,0
CO,NL,flora,1984,3,0
CO,NL,flora,1988,3,0
CO,NL,flora,1997,112,0
CO,NL,flora,1998,101,0
CO,NL,flora,1999,105,0
CO,NL,flora,2003,49,0
CO,NO,fauna,2003,4,2
CO,NO,fauna,2017,6,0
CO,NO,fauna,2018,3,0
CO,NO,fauna,2019,3,0
CO,NO,fauna,2021,3,0
CO,NO,flora,1992,22,0
CO,NO,flora,1996,50,0
CO,NO,flora,2008,327,0
CO,NZ,fauna,1991,1,1
CO,NZ,fauna,1994,2,2
CO,NZ,fauna,1995,1,0
CO,NZ,fauna,1996,1,0
CO,NZ,fauna,1997,1,1
CO,NZ,fauna,1998,1,1
CO,NZ,fauna,2004,7,0
CO,NZ,flora,1988,2,0
CO,PA,fauna,1980,2,0
CO,PA,fauna,1983,1,0
CO,PA,fauna,1990,3,0
CO,PA,fauna,1991,20,0
CO,PA,fauna,1992,53,1
CO,PA,fauna,1993,97,0
CO,PA,fauna,1994,100,0
CO,PA,fauna,1995,99,0
CO,PA,fauna,1996,136,0
CO,PA,fauna,1997,42,0
CO,PA,fauna,1998,61,0
CO,PA,fauna,1999,16,0
CO,PA,fauna,2000,51,0
CO,PA,fauna,2001,28,0
CO,PA,fauna,2002,27,0
CO,PA,fauna,2003,3,0
CO,PA,fauna,2004,2,0
CO,PA,fauna,2005,7,0
CO,PA,fauna,2006,8,0
CO,PA,fauna,2007,4,0
CO,PA,fauna,2008,4,0
CO,PA,fauna,2009,2,0
CO,PA,fauna,2010,13,0
CO,PA,fauna,2011,18,0
CO,PA,fauna,2013,3,0
CO,PA,fauna,2014,1,0
CO,PA,fauna,2019,2,0
CO,PA,flora,1986,11,0
CO,PA,flora,1987,6,0
CO,PA,flora,1989,17,0
CO,PA,flora,1991,3,0
CO,PA,flora,1996,1,0
CO,PA,flora,1997,2,0
CO,PA,flora,2000,199,0
CO,PA,flora,2010,78,0
CO,PA,flora,2024,104,0
CO,PE,fauna,1984,1,0
CO,PE,fauna,1996,1,0
CO,PE,fauna,2000,1,0
CO,PE,flora,1997,38,0
CO,PE,flora,1998,26,0
CO,PE,flora,2003,5,0
CO,PE,flora,2006,33,0
CO,PH,fauna,2017,3,0
CO,PH,fauna,2019,2,0
CO,PK,fauna,2004,1,0
CO,PL,fauna,2013,5,0
CO,PL,fauna,2014,4,0
CO,PL,fauna,2017,6,0
CO,PL,fauna,2018,6,0
CO,PL,fauna,2020,5,0
CO,PL,fauna,2022,3,0
CO,PL,fauna,2023,2,0
CO,PL,fauna,2024,2,0
CO,PR,fauna,1991,3,0
CO,PR,fauna,1992,5,0
CO,PR,fauna,1995,2,0
CO,PR,fauna,1998,2,0
CO,PR,fauna,1999,5,0
CO,PR,fauna,2001,6,0
CO,PR,fauna,2002,3,0
CO,PR,fauna,2003,1,0
CO,PR,fauna,2005,1,0
CO,PR,fauna,2006,1,0
CO,PR,fauna,2007,1,0
CO,PR,fauna,2008,1,0
CO,PR,fauna,2011,3,0
CO,PR,fauna,2020,1,0
CO,PR,flora,1987,2,0
CO,PR,flora,1988,3,0
CO,PT,fauna,1991,3,0
CO,PT,fauna,1992,1,0
CO,PT,fauna,1996,3,0
CO,PT,fauna,2006,1,0
CO,PT,fauna,2007,2,0
CO,PT,fauna,2019,4,0
CO,PT,fauna,2024,2,0
CO,QA,fauna,2007,3,0
CO,QA,fauna,2008,1,0
CO,QA,fauna,2009,2,0
CO,QA,fauna,2010,3,0
CO,QA,fauna,2011,2,0
CO,QA,fauna,2012,8,0
CO,QA,fauna,2013,3,0
CO,QA,fauna,2014,3,0
CO,QA,fauna,2015,10,0
CO,QA,fauna,2016,4,0
CO,QA,fauna,2017,11,0
CO,QA,fauna,2018,20,0
CO,QA,fauna,2019,23,0
CO,QA,fauna,2020,3,0
CO,QA,fauna,2021,9,0
CO,QA,fauna,2022,2,0
CO,RU,fauna,2003,1,0
CO,RU,fauna,2004,2,0
CO,RU,fauna,2005,3,0
CO,RU,fauna,2006,8,0
CO,RU,fauna,2007,11,0
CO,RU,fauna,2008,12,0
CO,RU,fauna,2009,6,0
CO,RU,fauna,2010,10,0
CO,RU,fauna,2011,14,0
CO,RU,fauna,2012,18,0
CO,RU,fauna,2013,9,0
CO,RU,fauna,2014,3,0
CO,RU,fauna,2017,8,0
CO,RU,fauna,2018,3,0
CO,RU,flora,2014,49,0
CO,RU,flora,2020,32,0
CO,SA,fauna,2005,2,0
CO,SA,fauna,2007,3,0
CO,SA,fauna,2008,8,0
CO,SA,fauna,2009,9,0
CO,SA,fauna,2010,4,0
CO,SA,fauna,2011,3,0
CO,SA,fauna,2012,4,0
CO,SA,fauna,2014,1,0
CO,SA,fauna,2022,1,0
CO,SA,fauna,2023,1,0
CO,SD,fauna,2013,7,0
CO,SE,fauna,1981,1,0
CO,SE,fauna,1985,1,0
CO,SE,fauna,1986,1,0
CO,SE,fauna,1992,4,0
CO,SE,fauna,1993,1,0
CO,SE,fauna,1995,3,0
CO,SE,fauna,1996,10,0
CO,SE,fauna,2004,1,0
CO,SE,fauna,2017,1,0
CO,SE,fauna,2018,1,0
CO,SE,flora,1995,15,0
CO,SE,flora,2005,29,0
CO,SE,flora,2006,24,0
CO,SG,fauna,1990,8,0
CO,SG,fauna,1991,11,0
CO,SG,fauna,1992,13,0
CO,SG,fauna,1993,276,0
CO,SG,fauna,1994,463,0
CO,SG,fauna,1995,561,0
CO,SG,fauna,1996,489,0
CO,SG,fauna,1997,357,0
CO,SG,fauna,1998,513,0
CO,SG,fauna,1999,483,0
CO,SG,fauna,2000,448,0
CO,SG,fauna,2001,423,0
CO,SG,fauna,2002,275,0
CO,SG,fauna,2003,337,0
CO,SG,fauna,2004,482,0
CO,SG,fauna,2005,471,0
CO,SG,fauna,2006,689,0
CO,SG,fauna,2007,490,0
CO,SG,fauna,2008,358,0
CO,SG,fauna,2009,208,0
CO,SG,fauna,2010,196,0
CO,SG,fauna,2011,219,0
CO,SG,fauna,2012,247,0
CO,SG,fauna,2013,257,0
CO,SG,fauna,2014,271,0
CO,SG,fauna,2015,118,0
CO,SG,fauna,2016,116,0
CO,SG,fauna,2017,47,0
CO,SG,fauna,2018,12,0
CO,SG,fauna,2019,5,0
CO,SG,fauna,2020,1,0
CO,SG,fauna,2021,4,0
CO,SG,fauna,2023,2,0
CO,SG,fauna,2024,4,0
CO,SG,flora,2011,39,0
CO,SG,flora,2012,39,0
CO,SI,flora,2023,1,0
CO,SK,fauna,2017,5,0
CO,SK,fauna,2018,6,0
CO,SM,fauna,2010,1,0
CO,SV,fauna,2019,1,0
CO,SV,flora,1989,3,0
CO,SV,flora,1990,4,0
CO,TH,fauna,1992,1,0
CO,TH,fauna,1993,32,0
CO,TH,fauna,1994,38,0
CO,TH,fauna,1995,102,0
CO,TH,fauna,1996,222,0
CO,TH,fauna,1997,376,0
CO,TH,fauna,1998,341,0
CO,TH,fauna,1999,240,0
CO,TH,fauna,2000,224,0
CO,TH,fauna,2001,135,0
CO,TH,fauna,2002,116,0
CO,TH,fauna,2003,60,0
CO,TH,fauna,2004,67,0
CO,TH,fauna,2005,39,0
CO,TH,fauna,2006,117,0
CO,TH,fauna,2007,81,0
CO,TH,fauna,2008,94,0
CO,TH,fauna,2009,46,0
CO,TH,fauna,2010,154,2
CO,TH,fauna,2011,284,0
CO,TH,fauna,2012,4091,0
CO,TH,fauna,2013,354,0
CO,TH,fauna,2014,192,0
CO,TH,fauna,2015,155,0
CO,TH,fauna,2016,43,0
CO,TH,fauna,2017,55,0
CO,TH,fauna,2018,37,0
CO,TH,fauna,2019,10,0
CO,TH,fauna,2020,19,0
CO,TH,fauna,2021,1,0
CO,TH,fauna,2022,2,0
CO,TH,fauna,2023,6,0
CO,TH,fauna,2024,4,0
CO,TH,flora,2002,7,0
CO,TH,flora,2005,10,0
CO,TH,flora,2006,5,0
CO,TH,flora,2013,1,0
CO,TH,flora,2016,3,0
CO,TH,flora,2017,6,0
CO,TH,flora,2018,2,0
CO,TH,flora,2020,3,0
CO,TH,flora,2024,1,0
CO,TR,fauna,2006,9,0
CO,TR,fauna,2007,5,0
CO,TR,fauna,2008,2,0
CO,TR,fauna,2009,16,0
CO,TR,fauna,2010,12,0
CO,TR,fauna,2011,16,0
CO,TR,fauna,2012,22,0
CO,TR,fauna,2013,7,0
CO,TR,fauna,2014,10,0
CO,TR,fauna,2015,14,0
CO,TR,fauna,2016,7,0
CO,TR,fauna,2017,5,0
CO,TR,fauna,2018,14,0
CO,TR,fauna,2020,2,0
CO,TR,fauna,2021,5,0
CO,TR,fauna,2022,4,0
CO,TT,fauna,2018,1,0
CO,TT,fauna,2022,4,0
CO,TT,fauna,2023,4,0
CO,TT,fauna,2024,3,0
CO,TW,fauna,1990,1,0
CO,TW,fauna,1993,2,0
CO,TW,fauna,1994,1,0
CO,TW,fauna,1996,3,0
CO,TW,fauna,2003,1,0
CO,TW,fauna,2004,1,0
CO,TW,fauna,2005,3,0
CO,TW,fauna,2006,3,0
CO,TW,fauna,2007,21,0
CO,TW,fauna,2008,2,0
CO,TW,fauna,2009,4,0
CO,TW,fauna,2010,9,0
CO,TW,fauna,2011,3,0
CO,TW,fauna,2012,4,0
CO,TW,fauna,2013,5,0
CO,TW,fauna,2014,4,0
CO,TW,fauna,2015,3,0
CO,TW,fauna,2016,2,0
CO,TW,fauna,2017,6,0
CO,TW,fauna,2018,2,0
CO,TW,fauna,2019,1,0
CO,TW,fauna,2020,1,0
CO,TW,fauna,2022,2,0
CO,TW,fauna,2023,3,0
CO,TW,flora,1997,27,0
CO,TW,flora,1998,92,0
CO,TW,flora,1999,27,0
CO,TW,flora,2000,24,0
CO,TW,flora,2001,13,0
CO,TW,flora,2002,66,0
CO,TW,flora,2003,2,0
CO,TW,flora,2005,34,0
CO,TW,flora,2014,269,0
CO,UA,fauna,2007,1,0
CO,UA,fauna,2008,6,0
CO,UA,fauna,2009,4,0
CO,UA,fauna,2010,2,0
CO,UA,fauna,2011,3,0
CO,UA,fauna,2012,14,0
CO,UA,fauna,2013,7,0
CO,US,fauna,1978,3,0
CO,US,fauna,1979,1,0
CO,US,fauna,1980,22,0
CO,US,fauna,1981,142,0
CO,US,fauna,1982,56,16
CO,US,fauna,1983,47,15
CO,US,fauna,1984,43,4
CO,US,fauna,1985,40,15
CO,US,fauna,1986,25,12
CO,US,fauna,1987,28,18
CO,US,fauna,1988,56,27
CO,US,fauna,1989,37,19
CO,US,fauna,1990,227,31
CO,US,fauna,1991,295,34
CO,US,fauna,1992,553,12
CO,US,fauna,1993,829,28
CO,US,fauna,1994,947,7
CO,US,fauna,1995,1249,6
CO,US,fauna,1996,1073,9
CO,US,fauna,1997,826,11
CO,US,fauna,1998,684,3
CO,US,fauna,1999,592,1
CO,US,fauna,2000,800,5
CO,US,fauna,2001,790,9
CO,US,fauna,2002,751,2
CO,US,fauna,2003,784,6
CO,US,fauna,2004,1027,4
CO,US,fauna,2005,1434,4
CO,US,fauna,2006,2225,10
CO,US,fauna,2007,1804,9
CO,US,fauna,2008,1196,12
CO,US,fauna,2009,1661,4
CO,US,fauna,2010,1896,38
CO,US,fauna,2011,2043,17
CO,US,fauna,2012,1202,31
CO,US,fauna,2013,1149,50
CO,US,fauna,2014,762,16
CO,US,fauna,2015,796,10
CO,US,fauna,2016,639,6
CO,US,fauna,2017,655,31
CO,US,fauna,2018,659,6
CO,US,fauna,2019,868,23
CO,US,fauna,2020,391,6
CO,US,fauna,2021,303,31
CO,US,fauna,2022,428,44
CO,US,fauna,2023,238,31
CO,US,fauna,2024,276,0
CO,US,fauna,2025,8,0
CO,US,flora,1978,5,0
CO,US,flora,1979,18,0
CO,US,flora,1980,31,0
CO,US,flora,1981,49,0
CO,US,flora,1982,25,0
CO,US,flora,1983,62,0
CO,US,flora,1984,73,13
CO,US,flora,1985,74,11
CO,US,flora,1986,266,8
CO,US,flora,1987,418,8
CO,US,flora,1988,271,11
CO,US,flora,1989,136,3
CO,US,flora,1990,496,4
CO,US,flora,1991,436,2
CO,US,flora,1992,513,6
CO,US,flora,1993,636,2
CO,US,flora,1994,483,5
CO,US,flora,1995,181,1
CO,US,flora,1996,30,1
CO,US,flora,1997,1293,0
CO,US,flora,1998,1180,4
CO,US,flora,1999,2001,4
CO,US,flora,2000,1982,2
CO,US,flora,2001,1910,2
CO,US,flora,2002,2897,3
CO,US,flora,2003,2357,1
CO,US,flora,2004,24,2
CO,US,flora,2005,1671,2
CO,US,flora,2006,1747,8
CO,US,flora,2007,2404,0
CO,US,flora,2008,1562,0
CO,US,flora,2009,682,2
CO,US,flora,2010,2750,0
CO,US,flora,2011,1378,0
CO,US,flora,2012,1387,0
CO,US,flora,2013,1283,0
CO,US,flora,2014,1372,0
CO,US,flora,2015,1177,0
CO,US,flora,2016,2065,0
CO,US,flora,2017,1569,1
CO,US,flora,2018,1608,0
CO,US,flora,2019,2019,0
CO,US,flora,2020,742,0
CO,US,flora,2021,1765,0
CO,US,flora,2022,2156,0
CO,US,flora,2023,2123,0
CO,US,flora,2024,2217,0
CO,UY,fauna,1990,1,0
CO,VE,fauna,1984,1,0
CO,VE,fauna,1987,4,0
CO,VE,fauna,1990,4,0
CO,VE,fauna,1991,11,0
CO,VE,fauna,1993,10,0
CO,VE,fauna,1994,10,0
CO,VE,fauna,1996,6,0
CO,VE,fauna,1997,12,0
CO,VE,fauna,1998,2,0
CO,VE,fauna,1999,6,0
CO,VE,fauna,2000,13,0
CO,VE,fauna,2001,1,0
CO,VE,fauna,2002,1,0
CO,VE,fauna,2003,5,0
CO,VE,fauna,2005,3,0
CO,VE,fauna,2006,3,0
CO,VE,fauna,2007,2,0
CO,VE,fauna,2008,1,0
CO,VE,fauna,2009,3,0
CO,VE,flora,1997,7,0
CO,VE,flora,1998,50,0
CO,VE,flora,1999,2,0
CO,VE,flora,2000,24,0
CO,VE,flora,2001,20,0
CO,VE,flora,2002,47,0
CO,VE,flora,2005,48,0
CO,VE,flora,2007,34,0
CO,VI,fauna,1991,4,0
CO,VI,fauna,1992,1,0
CO,VN,fauna,1997,1,0
CO,VN,fauna,1998,1,0
CO,VN,fauna,2000,2,0
CO,VN,fauna,2001,2,0
CO,VN,fauna,2002,1,0
CO,VN,fauna,2003,5,0
CO,VN,fauna,2004,4,0
CO,VN,fauna,2005,2,0
CO,VN,fauna,2008,2,0
CO,VN,fauna,2009,1,0
CO,VN,fauna,2011,1,0
CO,VN,fauna,2012,5,0
CO,VN,fauna,2017,52,0
CO,VN,fauna,2018,56,0
CO,VN,fauna,2019,62,0
CO,VN,fauna,2020,34,0
CO,VN,fauna,2021,61,0
CO,VN,fauna,2022,37,0
CO,VN,fauna,2023,11,0
CO,VN,fauna,2024,7,0
CO,VN,flora,2006,1,0
CO,XV,fauna,2012,6,0
CO,XX,fauna,1991,1,0
CO,XX,fauna,1993,1,0
CO,XX,fauna,1995,1,0
CO,XX,fauna,2007,1,0
CO,XX,fauna,2008,1,0
CO,XX,fauna,2010,5,0
CO,XX,fauna,2011,1,0
CO,XX,fauna,2016,9,0
CO,XX,fauna,2017,3,0
CO,XX,fauna,2018,4,0
CO,XX,fauna,2022,5,0
CO,XX,fauna,2024,1,0
CO,XX,flora,1989,2,0
CO,XX,flora,2010,4,0
CO,ZA,fauna,1989,1,0
CO,ZA,fauna,1990,2,0
CO,ZA,fauna,2012,2,0
CO,ZA,fauna,2013,1,0
CO,ZA,fauna,2014,6,0
CO,ZA,fauna,2015,4,0
CO,ZA,fauna,2016,8,2
CO,ZA,fauna,2017,3,0
CO,ZA,fauna,2018,2,0
CO,ZA,fauna,2019,2,0
CO,ZA,fauna,2021,2,0
CO,ZA,fauna,2022,1,0
CO,ZA,fauna,2023,2,0
CO,ZA,fauna,2024,2,0
CO,ZA,flora,1988,26,0
CO,ZA,flora,1999,120,0
CO,ZA,flora,2008,134,0
CO,ZA,flora,2017,271,0
CO,ZW,flora,1998,91,0
CO,ZW,flora,2002,4,0
CR,AE,fauna,2005,3,0
CR,AE,flora,2009,1,0
CR,AE,flora,2010,2,0
CR,AG,flora,2004,4,0
CR,AG,flora,2005,10,0
CR,AG,flora,2006,8,0
CR,AL,flora,2010,1,0
CR,AN,flora,1988,4,0
CR,AN,flora,1989,1,0
CR,AN,flora,1999,5,0
CR,AN,flora,2008,3,0
CR,AR,flora,2003,5,0
CR,AR,flora,2008,1,0
CR,AT,fauna,2004,2,0
CR,AT,fauna,2005,3,0
CR,AT,fauna,2006,2,0
CR,AT,fauna,2007,6,0
CR,AT,fauna,2008,4,0
CR,AT,fauna,2009,2,0
CR,AT,fauna,2010,4,0
CR,AT,fauna,2012,3,0
CR,AT,fauna,2013,3,0
CR,AT,flora,1990,7,0
CR,AT,flora,2000,2,0
CR,AT,flora,2003,17,1
CR,AT,flora,2005,32,0
CR,AU,fauna,2007,1,0
CR,AU,fauna,2013,3,0
CR,AU,flora,1988,45,0
CR,AU,flora,2000,1,0
CR,BB,flora,2017,1,0
CR,BE,fauna,1988,4,0
CR,BE,fauna,2017,2,0
CR,BE,flora,1989,1,1
CR,BE,flora,1999,2,0
CR,BE,flora,2000,16,0
CR,BE,flora,2001,58,0
CR,BE,flora,2004,2,0
CR,BE,flora,2007,33,0
CR,BE,flora,2009,3,0
CR,BE,flora,2010,1,0
CR,BE,flora,2011,2,0
CR,BE,flora,2013,7,0
CR,BE,flora,2017,12,0
CR,BE,flora,2018,13,0
CR,BE,flora,2019,5,0
CR,BE,flora,2020,2,0
CR,BM,fauna,1975,1,0
CR,BM,fauna,1976,1,0
CR,BM,fauna,1977,1,0
CR,BM,flora,1999,24,0
CR,BO,fauna,1996,1,0
CR,BO,fauna,1998,1,0
CR,BO,flora,2001,2,0
CR,BO,flora,2003,4,0
CR,BO,flora,2005,1,0
CR,BQ,flora,2019,1,0
CR,BR,fauna,2009,1,0
CR,BR,flora,1988,47,0
CR,BS,flora,1999,4,0
CR,BS,flora,2001,9,0
CR,BZ,fauna,2000,4,0
CR,CA,fauna,1983,1,0
CR,CA,fauna,1989,1,0
CR,CA,fauna,1990,1,0
CR,CA,fauna,1992,1,0
CR,CA,fauna,1996,3,0
CR,CA,fauna,1997,1,0
CR,CA,fauna,1998,2,0
CR,CA,fauna,1999,1,0
CR,CA,fauna,2000,1,0
CR,CA,fauna,2007,1,0
CR,CA,fauna,2014,3,0
CR,CA,fauna,2020,9,0
CR,CA,fauna,2022,163,0
CR,CA,fauna,2023,6,0
CR,CA,flora,1982,11,0
CR,CA,flora,1984,17,0
CR,CA,flora,1986,59,0
CR,CA,flora,1987,59,0
CR,CA,flora,1988,3,0
CR,CA,flora,1989,25,0
CR,CA,flora,1990,28,0
CR,CA,flora,1991,47,0
CR,CA,flora,1992,8,0
CR,CA,flora,2000,1,0
CR,CA,flora,2001,12,0
CR,CA,flora,2002,18,0
CR,CA,flora,2003,95,0
CR,CA,flora,2004,119,0
CR,CA,flora,2005,120,0
CR,CA,flora,2006,222,0
CR,CA,flora,2007,212,0
CR,CA,flora,2008,150,0
CR,CA,flora,2009,191,0
CR,CA,flora,2010,241,0
CR,CA,flora,2011,167,0
CR,CA,flora,2012,137,0
CR,CA,flora,2013,96,0
CR,CA,flora,2014,182,0
CR,CA,flora,2015,144,0
CR,CA,flora,2016,4,0
CR,CA,flora,2017,9,0
CR,CA,flora,2018,1,0
CR,CA,flora,2019,28,0
CR,CA,flora,2020,4,0
CR,CA,flora,2021,6,0
CR,CA,flora,2022,3,0
CR,CD,flora,1999,2,0
CR,CH,fauna,1982,2,0
CR,CH,fauna,1989,3,0
CR,CH,fauna,1999,2,0
CR,CH,fauna,2000,2,0
CR,CH,fauna,2003,1,0
CR,CH,fauna,2007,12,0
CR,CH,fauna,2015,1,0
CR,CH,fauna,2022,4,0
CR,CH,fauna,2023,8,0
CR,CH,flora,1986,21,0
CR,CH,flora,1987,1,0
CR,CH,flora,1989,1,0
CR,CH,flora,1999,5,0
CR,CH,flora,2001,3,0
CR,CH,flora,2002,1,0
CR,CH,flora,2003,1,0
CR,CH,flora,2004,9,0
CR,CH,flora,2005,8,0
CR,CH,flora,2006,5,0
CR,CH,flora,2007,4,0
CR,CH,flora,2008,3,0
CR,CH,flora,2009,5,0
CR,CH,flora,2010,16,0
CR,CH,flora,2011,19,0
CR,CH,flora,2012,16,0
CR,CH,flora,2013,22,0
CR,CH,flora,2014,3,0
CR,CH,flora,2015,8,0
CR,CH,flora,2017,2,0
CR,CL,fauna,2009,1,0
CR,CL,fauna,2018,1,0
CR,CL,flora,1999,3,0
CR,CL,flora,2000,1,0
CR,CL,flora,2001,14,0
CR,CL,flora,2006,1,0
CR,CL,flora,2007,3,0
CR,CL,flora,2008,3,0
CR,CL,flora,2009,2,0
CR,CL,flora,2011,1,0
CR,CL,flora,2012,4,0
CR,CL,flora,2013,4,0
CR,CL,flora,2014,14,0
CR,CL,flora,2015,4,0
CR,CL,flora,2016,3,0
CR,CL,flora,2017,1,0
CR,CL,flora,2018,14,0
CR,CL,flora,2019,14,0
CR,CL,flora,2020,14,0
CR,CL,flora,2021,16,0
CR,CL,flora,2022,20,0
CR,CN,fauna,2018,1,0
CR,CN,flora,1978,1,0
CR,CN,flora,2001,6,0
CR,CN,flora,2013,12,0
CR,CN,flora,2014,101,0
CR,CN,flora,2015,70,0
CR,CN,flora,2016,10,0
CR,CN,flora,2017,85,0
CR,CN,flora,2018,22,0
CR,CN,flora,2019,39,0
CR,CN,flora,2020,27,0
CR,CN,flora,2021,9,0
CR,CN,flora,2022,17,0
CR,CN,flora,2023,13,0
CR,CN,flora,2024,21,0
CR,CO,fauna,1988,1,0
CR,CO,fauna,2001,2,0
CR,CO,fauna,2005,2,0
CR,CO,fauna,2010,2,0
CR,CO,fauna,2011,1,0
CR,CO,fauna,2014,2,0
CR,CO,fauna,2022,1,0
CR,CO,flora,1986,138,0
CR,CO,flora,1990,17,0
CR,CO,flora,1991,12,0
CR,CO,flora,1998,2,0
CR,CO,flora,1999,2,0
CR,CO,flora,2001,34,0
CR,CO,flora,2002,1,0
CR,CO,flora,2003,5,0
CR,CO,flora,2004,8,0
CR,CO,flora,2005,11,0
CR,CO,flora,2006,2,0
CR,CO,flora,2007,4,0
CR,CO,flora,2009,2,0
CR,CO,flora,2010,2,0
CR,CO,flora,2011,5,0
CR,CO,flora,2012,3,0
CR,CO,flora,2013,10,0
CR,CO,flora,2014,3,0
CR,CO,flora,2015,3,0
CR,CO,flora,2016,4,0
CR,CO,flora,2017,14,0
CR,CO,flora,2018,11,0
CR,CO,flora,2019,9,0
CR,CO,flora,2020,23,0
CR,CO,flora,2021,13,0
CR,CO,flora,2022,32,0
CR,CR,flora,1999,2,0
CR,CU,fauna,1986,1,0
CR,CZ,fauna,1994,1,0
CR,CZ,fauna,1995,1,0
CR,CZ,fauna,1996,1,0
CR,CZ,fauna,1997,1,0
CR,CZ,flora,1999,1,0
CR,CZ,flora,2001,9,0
CR,CZ,flora,2006,7,0
CR,CZ,flora,2007,1,0
CR,CZ,flora,2009,4,0
CR,CZ,flora,2010,6,0
CR,DE,fauna,1976,2,0
CR,DE,fauna,1982,1,0
CR,DE,fauna,1984,2,0
CR,DE,fauna,1988,51,0
CR,DE,fauna,1989,7,0
CR,DE,fauna,1993,3,0
CR,DE,fauna,1994,2,0
CR,DE,fauna,1996,2,0
CR,DE,fauna,1997,6,0
CR,DE,fauna,1998,13,0
CR,DE,fauna,1999,9,0
CR,DE,fauna,2000,10,0
CR,DE,fauna,2001,2,0
CR,DE,fauna,2002,15,0
CR,DE,fauna,2003,12,0
CR,DE,fauna,2004,7,0
CR,DE,fauna,2005,6,0
CR,DE,fauna,2006,40,0
CR,DE,fauna,2007,2,0
CR,DE,fauna,2008,16,0
CR,DE,fauna,2009,6,0
CR,DE,fauna,2010,2,0
CR,DE,fauna,2011,5,0
CR,DE,fauna,2012,1,0
CR,DE,fauna,2014,34,0
CR,DE,fauna,2017,4,0
CR,DE,fauna,2018,2,0
CR,DE,fauna,2019,2,0
CR,DE,fauna,2020,1,0
CR,DE,fauna,2021,20,0
CR,DE,fauna,2022,33,0
CR,DE,flora,1978,1,0
CR,DE,flora,1979,1,0
CR,DE,flora,1983,33,0
CR,DE,flora,1984,37,0
CR,DE,flora,1985,14,0
CR,DE,flora,1986,12,0
CR,DE,flora,1987,9,0
CR,DE,flora,1988,227,0
CR,DE,flora,1989,34,0
CR,DE,flora,1990,4,0
CR,DE,flora,1991,39,0
CR,DE,flora,1992,21,0
CR,DE,flora,1993,1,0
CR,DE,flora,1994,6,0
CR,DE,flora,1995,8,0
CR,DE,flora,1996,7,0
CR,DE,flora,1997,6,0
CR,DE,flora,1998,11,0
CR,DE,flora,1999,17,0
CR,DE,flora,2000,20,0
CR,DE,flora,2001,15,0
CR,DE,flora,2002,11,0
CR,DE,flora,2003,60,0
CR,DE,flora,2004,62,0
CR,DE,flora,2005,127,0
CR,DE,flora,2006,104,0
CR,DE,flora,2007,100,0
CR,DE,flora,2008,61,0
CR,DE,flora,2009,76,0
CR,DE,flora,2010,45,0
CR,DE,flora,2011,171,0
CR,DE,flora,2012,79,0
CR,DE,flora,2013,40,0
CR,DE,flora,2014,117,0
CR,DE,flora,2015,18,0
CR,DE,flora,2016,4,0
CR,DE,flora,2017,24,0
CR,DE,flora,2018,23,0
CR,DE,flora,2019,11,0
CR,DE,flora,2020,36,0
CR,DE,flora,2021,21,0
CR,DE,flora,2022,6,0
CR,DK,fauna,1998,3,0
CR,DK,fauna,2003,3,0
CR,DK,fauna,2007,1,0
CR,DK,fauna,2008,3,0
CR,DK,fauna,2009,3,0
CR,DK,fauna,2013,1,0
CR,DK,fauna,2022,21,0
CR,DK,flora,1988,72,0
CR,DK,flora,1997,3,0
CR,DK,flora,2000,1,0
CR,DK,flora,2002,5,0
CR,DK,flora,2003,6,0
CR,DK,flora,2005,3,0
CR,DK,flora,2006,9,0
CR,DK,flora,2007,13,0
CR,DK,flora,2008,24,0
CR,DK,flora,2009,30,0
CR,DK,flora,2010,19,0
CR,DK,flora,2011,5,0
CR,DK,flora,2012,1,0
CR,DK,flora,2014,2,0
CR,DK,flora,2015,2,0
CR,DO,fauna,1997,1,0
CR,DO,fauna,1998,1,0
CR,DO,flora,1987,11,0
CR,DO,flora,1999,1,0
CR,DO,flora,2003,1,0
CR,DO,flora,2013,3,0
CR,DO,flora,2015,21,0
CR,DO,flora,2016,16,0
CR,DO,flora,2017,22,0
CR,DO,flora,2018,7,0
CR,DO,flora,2019,19,0
CR,DO,flora,2020,3,0
CR,DO,flora,2021,1,0
CR,DO,flora,2022,10,0
CR,DO,flora,2023,4,0
CR,DO,flora,2024,2,0
CR,EC,fauna,2017,1,0
CR,EC,flora,1986,147,0
CR,EC,flora,1987,1,0
CR,EC,flora,2001,3,0
CR,EC,flora,2009,100,0
CR,EC,flora,2012,9,0
CR,EG,fauna,1989,1,0
CR,ES,fauna,1983,1,0
CR,ES,fauna,1984,5,0
CR,ES,fauna,1987,1,0
CR,ES,fauna,1989,1,0
CR,ES,fauna,1997,8,3
CR,ES,fauna,1998,1,0
CR,ES,fauna,2001,4,0
CR,ES,fauna,2003,1,1
CR,ES,fauna,2005,1,0
CR,ES,fauna,2008,3,0
CR,ES,fauna,2012,4,0
CR,ES,fauna,2013,5,0
CR,ES,fauna,2014,9,0
CR,ES,fauna,2015,2,0
CR,ES,fauna,2017,1,0
CR,ES,fauna,2018,1,0
CR,ES,fauna,2019,2,0
CR,ES,fauna,2021,5,0
CR,ES,flora,1988,2,0
CR,ES,flora,1992,4,0
CR,ES,flora,1996,24,0
CR,ES,flora,1997,11,0
CR,ES,flora,1998,15,0
CR,ES,flora,1999,25,0
CR,ES,flora,2000,24,0
CR,ES,flora,2001,46,0
CR,ES,flora,2002,48,0
CR,ES,flora,2003,85,0
CR,ES,flora,2004,113,0
CR,ES,flora,2005,117,0
CR,ES,flora,2006,129,0
CR,ES,flora,2007,173,0
CR,ES,flora,2008,167,0
CR,ES,flora,2009,86,0
CR,ES,flora,2010,73,0
CR,ES,flora,2011,26,0
CR,ES,flora,2012,22,0
CR,ES,flora,2013,7,0
CR,ES,flora,2014,10,0
CR,ES,flora,2015,2,0
CR,ES,flora,2016,8,0
CR,ES,flora,2017,1,0
CR,ES,flora,2018,20,0
CR,ES,flora,2019,2,0
CR,ES,flora,2020,2,0
CR,ES,flora,2021,78,0
CR,ES,flora,2022,19,0
CR,FR,fauna,1982,1,0
CR,FR,fauna,1998,4,0
CR,FR,fauna,1999,6,0
CR,FR,fauna,2000,3,0
CR,FR,fauna,2004,2,0
CR,FR,fauna,2018,4,0
CR,FR,fauna,2019,4,0
CR,FR,fauna,2021,1,0
CR,FR,fauna,2022,4,0
CR,FR,flora,1984,1,0
CR,FR,flora,1986,11,0
CR,FR,flora,1991,31,0
CR,FR,flora,1999,46,0
CR,FR,flora,2000,8,0
CR,FR,flora,2001,40,0
CR,FR,flora,2002,16,0
CR,FR,flora,2003,25,0
CR,FR,flora,2004,8,0
CR,FR,flora,2005,3,0
CR,FR,flora,2006,11,0
CR,FR,flora,2007,4,0
CR,FR,flora,2008,5,0
CR,FR,flora,2009,8,0
CR,FR,flora,2010,4,0
CR,FR,flora,2023,10,0
CR,FR,flora,2024,1,0
CR,GA,flora,2013,1,0
CR,GB,fauna,1984,2,0
CR,GB,fauna,1988,9,0
CR,GB,fauna,2001,1,1
CR,GB,fauna,2004,5,1
CR,GB,fauna,2015,4,0
CR,GB,fauna,2022,12,0
CR,GB,flora,1978,12,0
CR,GB,flora,1979,2,0
CR,GB,flora,1981,12,0
CR,GB,flora,1986,3,0
CR,GB,flora,1987,12,0
CR,GB,flora,1988,19,0
CR,GB,flora,1989,4,0
CR,GB,flora,1991,37,0
CR,GB,flora,1999,8,0
CR,GB,flora,2000,2,1
CR,GB,flora,2001,6,1
CR,GB,flora,2003,1,0
CR,GB,flora,2005,1,0
CR,GB,flora,2006,1,0
CR,GB,flora,2007,5,0
CR,GB,flora,2008,3,1
CR,GB,flora,2009,10,0
CR,GB,flora,2010,2,0
CR,GB,flora,2012,3,0
CR,GB,flora,2013,10,0
CR,GB,flora,2014,4,0
CR,GB,flora,2018,3,0
CR,GB,flora,2020,1,0
CR,GB,flora,2021,5,0
CR,GB,flora,2022,8,0
CR,GE,flora,2008,57,0
CR,GE,flora,2009,34,0
CR,GE,flora,2010,52,0
CR,GE,flora,2011,35,0
CR,GE,flora,2013,30,0
CR,GP,flora,2006,12,0
CR,GP,flora,2019,1,0
CR,GR,flora,1999,5,0
CR,GR,flora,2000,2,0
CR,GR,flora,2001,5,0
CR,GR,flora,2002,2,0
CR,GR,flora,2003,1,0
CR,GR,flora,2004,2,0
CR,GR,flora,2008,1,0
CR,GT,fauna,1997,5,0
CR,GT,fauna,2019,4,0
CR,GT,fauna,2021,2,0
CR,GT,fauna,2022,1,0
CR,GT,fauna,2023,1,0
CR,GT,fauna,2024,1,0
CR,GT,fauna,2025,3,0
CR,GT,flora,1986,3,0
CR,GT,flora,1988,8,0
CR,GT,flora,2001,19,0
CR,GT,flora,2003,14,0
CR,GT,flora,2004,67,0
CR,GT,flora,2005,14,0
CR,GT,flora,2006,18,0
CR,GT,flora,2007,27,0
CR,GT,flora,2008,17,0
CR,GT,flora,2009,1,0
CR,GT,flora,2010,2,0
CR,GT,flora,2011,8,0
CR,GT,flora,2012,7,0
CR,GT,flora,2013,17,0
CR,GT,flora,2014,13,0
CR,GT,flora,2015,24,0
CR,GT,flora,2016,23,0
CR,GT,flora,2017,34,0
CR,GT,flora,2019,8,0
CR,GT,flora,2020,7,0
CR,GT,flora,2021,10,0
CR,GT,flora,2022,14,0
CR,GT,flora,2023,8,0
CR,GU,flora,2009,3,0
CR,HK,fauna,2014,2,0
CR,HK,fauna,2015,6,0
CR,HK,fauna,2017,2,0
CR,HK,fauna,2018,16,0
CR,HK,fauna,2019,64,0
CR,HK,fauna,2020,56,0
CR,HK,fauna,2021,34,0
CR,HK,fauna,2022,52,0
CR,HK,fauna,2023,57,0
CR,HK,fauna,2024,91,0
CR,HK,fauna,2025,44,0
CR,HK,flora,2013,1,0
CR,HK,flora,2014,6,0
CR,HN,fauna,1984,1,0
CR,HN,fauna,1997,1,0
CR,HN,fauna,1998,2,0
CR,HN,fauna,1999,1,0
CR,HN,fauna,2017,2,0
CR,HN,flora,2001,14,0
CR,HN,flora,2002,1,0
CR,HN,flora,2010,3,0
CR,HN,flora,2016,1,0
CR,HN,flora,2017,8,0
CR,HN,flora,2018,8,0
CR,HN,flora,2019,8,0
CR,HN,flora,2020,1,0
CR,HN,flora,2021,3,0
CR,HN,flora,2022,7,0
CR,HR,flora,2003,1,0
CR,HU,fauna,2001,1,1
CR,HU,fauna,2005,3,3
CR,HU,flora,2005,1,0
CR,HU,flora,2010,4,0
CR,ID,flora,2000,1,0
CR,IN,flora,2017,1,0
CR,IT,fauna,1988,3,1
CR,IT,fauna,1990,2,0
CR,IT,fauna,1991,1,0
CR,IT,fauna,1997,1,0
CR,IT,fauna,1999,1,0
CR,IT,fauna,2004,2,0
CR,IT,fauna,2005,2,0
CR,IT,fauna,2012,3,0
CR,IT,fauna,2015,21,0
CR,IT,fauna,2017,6,0
CR,IT,flora,1988,47,0
CR,IT,flora,1989,132,0
CR,IT,flora,1991,8,0
CR,IT,flora,1992,18,0
CR,IT,flora,1994,1,0
CR,IT,flora,1995,1,0
CR,IT,flora,1996,4,0
CR,IT,flora,1997,26,0
CR,IT,flora,1998,1,0
CR,IT,flora,1999,1,0
CR,IT,flora,2000,3,0
CR,IT,flora,2001,44,0
CR,IT,flora,2002,14,0
CR,IT,flora,2003,9,0
CR,IT,flora,2004,9,0
CR,IT,flora,2005,12,0
CR,IT,flora,2006,8,0
CR,IT,flora,2007,8,0
CR,IT,flora,2008,9,0
CR,IT,flora,2009,5,0
CR,IT,flora,2010,4,0
CR,IT,flora,2012,2,0
CR,IT,flora,2013,2,0
CR,IT,flora,2015,2,0
CR,JM,flora,2012,2,0
CR,JM,flora,2013,3,0
CR,JM,flora,2014,9,0
CR,JM,flora,2015,9,0
CR,JM,flora,2016,3,0
CR,JM,flora,2017,12,0
CR,JM,flora,2018,8,0
CR,JM,flora,2019,5,0
CR,JM,flora,2020,11,0
CR,JM,flora,2021,12,0
CR,JM,flora,2022,12,0
CR,JP,fauna,1987,1,0
CR,JP,fauna,2004,11,0
CR,JP,fauna,2005,6,0
CR,JP,fauna,2014,4,0
CR,JP,fauna,2015,4,0
CR,JP,fauna,2019,1,0
CR,JP,flora,1989,36,0
CR,JP,flora,1990,1,0
CR,JP,flora,1991,11,0
CR,JP,flora,1992,75,0
CR,JP,flora,1993,99,0
CR,JP,flora,1994,18,0
CR,JP,flora,1999,9,0
CR,JP,flora,2001,47,0
CR,JP,flora,2002,7,0
CR,JP,flora,2003,49,0
CR,JP,flora,2004,48,0
CR,JP,flora,2005,5,0
CR,JP,flora,2006,3,0
CR,JP,flora,2007,8,0
CR,JP,flora,2008,8,0
CR,JP,flora,2010,4,0
CR,JP,flora,2011,21,0
CR,JP,flora,2012,7,0
CR,JP,flora,2013,12,0
CR,JP,flora,2014,1,0
CR,JP,flora,2015,7,0
CR,JP,flora,2016,1,0
CR,JP,flora,2017,6,0
CR,JP,flora,2018,7,0
CR,JP,flora,2019,8,0
CR,JP,flora,2020,1,0
CR,JP,flora,2021,10,0
CR,JP,flora,2023,2,0
CR,JP,flora,2024,3,0
CR,KN,flora,2022,4,0
CR,KP,flora,2011,1,0
CR,KR,flora,2011,3,0
CR,KR,flora,2012,1,0
CR,KY,flora,1989,1,0
CR,KY,flora,2002,12,0
CR,KY,flora,2005,2,0
CR,LB,flora,2007,1,0
CR,LB,flora,2009,1,0
CR,LC,flora,2003,1,0
CR,LC,flora,2005,1,0
CR,LU,flora,1989,13,0
CR,MA,fauna,2003,6,0
CR,MA,flora,2011,1,0
CR,MA,flora,2012,2,0
CR,MT,flora,2007,2,0
CR,MU,fauna,2012,1,0
CR,MU,fauna,2013,1,0
CR,MX,fauna,1996,2,0
CR,MX,fauna,1997,4,0
CR,MX,fauna,1998,2,0
CR,MX,fauna,2000,4,0
CR,MX,fauna,2002,2,0
CR,MX,fauna,2003,2,0
CR,MX,fauna,2004,2,0
CR,MX,fauna,2005,8,0
CR,MX,fauna,2012,1,0
CR,MX,fauna,2014,1,0
CR,MX,fauna,2017,8,0
CR,MX,fauna,2018,3,0
CR,MX,fauna,2019,37,0
CR,MX,fauna,2020,28,0
CR,MX,fauna,2021,54,0
CR,MX,fauna,2022,22,0
CR,MX,fauna,2023,37,0
CR,MX,fauna,2024,64,0
CR,MX,fauna,2025,22,0
CR,MX,flora,1986,131,0
CR,MX,flora,1987,13,0
CR,MX,flora,1988,24,0
CR,MX,flora,1989,1,0
CR,MX,flora,1992,2,0
CR,MX,flora,1996,2,0
CR,MX,flora,2001,3,0
CR,MX,flora,2003,6,0
CR,MX,flora,2004,18,0
CR,MX,flora,2005,11,0
CR,MX,flora,2006,14,0
CR,MX,flora,2007,31,0
CR,MX,flora,2008,1,0
CR,MX,flora,2009,1,0
CR,MX,flora,2010,2,0
CR,MX,flora,2013,3,0
CR,MX,flora,2014,4,0
CR,MX,flora,2015,7,0
CR,MX,flora,2016,1,0
CR,MX,flora,2017,10,0
CR,MX,flora,2018,20,0
CR,MX,flora,2019,45,0
CR,MX,flora,2020,7,0
CR,MX,flora,2021,13,0
CR,MX,flora,2022,13,0
CR,NC,flora,2004,1,0
CR,NE,fauna,2000,1,0
CR,NE,flora,2003,4,0
CR,NI,fauna,1981,2,0
CR,NI,fauna,1982,3,0
CR,NI,fauna,1983,2,0
CR,NI,fauna,1985,5,0
CR,NI,fauna,1994,2,0
CR,NI,fauna,1996,2,0
CR,NI,fauna,1997,3,0
CR,NI,fauna,2002,4,0
CR,NI,fauna,2004,2,0
CR,NI,fauna,2017,1,0
CR,NI,flora,1992,39,0
CR,NI,flora,2003,10,0
CR,NI,flora,2004,3,0
CR,NI,flora,2005,15,0
CR,NI,flora,2006,15,0
CR,NI,flora,2007,9,0
CR,NI,flora,2008,2,0
CR,NI,flora,2011,1,0
CR,NI,flora,2017,6,0
CR,NI,flora,2018,10,0
CR,NI,flora,2019,6,0
CR,NI,flora,2020,10,0
CR,NI,flora,2021,20,0
CR,NI,flora,2022,26,0
CR,NL,fauna,1976,3,0
CR,NL,fauna,1987,15,0
CR,NL,fauna,1988,38,0
CR,NL,fauna,1989,10,0
CR,NL,fauna,1992,1,0
CR,NL,fauna,1993,1,0
CR,NL,fauna,1997,2,2
CR,NL,fauna,2000,7,0
CR,NL,fauna,2005,1,0
CR,NL,fauna,2014,1,0
CR,NL,flora,1984,119,0
CR,NL,flora,1985,73,0
CR,NL,flora,1986,396,0
CR,NL,flora,1987,217,0
CR,NL,flora,1988,252,0
CR,NL,flora,1989,2,0
CR,NL,flora,1990,20,0
CR,NL,flora,1991,16,0
CR,NL,flora,1992,35,0
CR,NL,flora,1994,34,0
CR,NL,flora,1997,1,1
CR,NL,flora,1998,183,0
CR,NL,flora,1999,697,0
CR,NL,flora,2000,356,0
CR,NL,flora,2001,486,0
CR,NL,flora,2002,367,0
CR,NL,flora,2003,391,1
CR,NL,flora,2004,458,0
CR,NL,flora,2005,452,0
CR,NL,flora,2006,532,0
CR,NL,flora,2007,477,0
CR,NL,flora,2008,738,0
CR,NL,flora,2009,742,0
CR,NL,flora,2010,1074,0
CR,NL,flora,2011,872,0
CR,NL,flora,2012,606,0
CR,NL,flora,2013,554,0
CR,NL,flora,2014,476,0
CR,NL,flora,2015,382,0
CR,NL,flora,2016,140,0
CR,NL,flora,2017,343,0
CR,NL,flora,2018,504,0
CR,NL,flora,2019,470,0
CR,NL,flora,2020,211,0
CR,NL,flora,2021,275,0
CR,NL,flora,2022,130,0
CR,NL,flora,2023,45,0
CR,NL,flora,2024,70,0
CR,NO,fauna,1995,1,1
CR,NO,fauna,2003,1,1
CR,NO,flora,1991,31,0
CR,NO,flora,2014,1,0
CR,NT,flora,2005,1,0
CR,NT,flora,2010,3,0
CR,NZ,fauna,1993,1,1
CR,NZ,fauna,1998,2,2
CR,NZ,fauna,1999,2,2
CR,NZ,fauna,2000,1,1
CR,NZ,fauna,2001,3,3
CR,NZ,fauna,2003,5,1
CR,NZ,fauna,2004,2,2
CR,NZ,fauna,2008,2,2
CR,NZ,flora,1999,2,0
CR,NZ,flora,2000,4,0
CR,NZ,flora,2001,1,0
CR,NZ,flora,2003,1,0
CR,NZ,flora,2005,3,0
CR,PA,fauna,1994,3,0
CR,PA,fauna,1995,12,0
CR,PA,fauna,1996,3,0
CR,PA,fauna,1998,1,0
CR,PA,fauna,1999,7,0
CR,PA,fauna,2000,13,0
CR,PA,fauna,2001,8,0
CR,PA,fauna,2002,3,0
CR,PA,fauna,2003,6,0
CR,PA,fauna,2004,7,0
CR,PA,fauna,2005,17,0
CR,PA,fauna,2009,1,0
CR,PA,fauna,2010,1,0
CR,PA,fauna,2014,2,0
CR,PA,fauna,2018,3,0
CR,PA,fauna,2019,5,0
CR,PA,fauna,2021,3,0
CR,PA,fauna,2022,1,0
CR,PA,flora,1983,3,0
CR,PA,flora,1986,30,0
CR,PA,flora,1990,1,0
CR,PA,flora,2001,8,0
CR,PA,flora,2002,2,0
CR,PA,flora,2003,4,0
CR,PA,flora,2005,1,0
CR,PA,flora,2006,11,0
CR,PA,flora,2007,34,0
CR,PA,flora,2008,10,0
CR,PA,flora,2009,10,0
CR,PA,flora,2010,6,0
CR,PA,flora,2011,3,0
CR,PA,flora,2012,3,0
CR,PA,flora,2013,1,0
CR,PA,flora,2014,6,0
CR,PA,flora,2015,10,0
CR,PA,flora,2016,12,0
CR,PA,flora,2017,36,0
CR,PA,flora,2018,26,0
CR,PA,flora,2019,22,0
CR,PA,flora,2020,17,0
CR,PA,flora,2021,13,0
CR,PA,flora,2022,30,0
CR,PA,flora,2023,9,0
CR,PA,flora,2024,10,0
CR,PA,flora,2025,10,0
CR,PE,fauna,1986,3,0
CR,PE,fauna,2016,4,0
CR,PE,fauna,2017,1,0
CR,PE,flora,1990,12,0
CR,PE,flora,2005,1,0
CR,PL,fauna,2009,1,1
CR,PL,flora,1999,48,0
CR,PL,flora,2000,17,0
CR,PL,flora,2001,72,0
CR,PL,flora,2002,8,0
CR,PL,flora,2003,66,0
CR,PL,flora,2004,63,0
CR,PL,flora,2005,74,0
CR,PL,flora,2006,90,0
CR,PL,flora,2007,79,0
CR,PL,flora,2008,58,0
CR,PL,flora,2009,59,0
CR,PL,flora,2010,40,1
CR,PL,flora,2011,29,0
CR,PL,flora,2012,5,0
CR,PL,flora,2013,2,0
CR,PR,flora,1986,2,0
CR,PR,flora,1988,1,0
CR,PR,flora,1989,12,0
CR,PR,flora,1992,6,0
CR,PR,flora,1999,2,0
CR,PR,flora,2004,10,0
CR,PR,flora,2005,27,0
CR,PR,flora,2006,4,0
CR,PR,flora,2007,3,0
CR,PR,flora,2010,23,0
CR,PR,flora,2016,1,0
CR,PR,flora,2017,2,0
CR,PR,flora,2020,1,0
CR,PT,fauna,2012,4,0
CR,PT,fauna,2022,2,0
CR,PT,flora,2004,7,0
CR,PT,flora,2007,10,0
CR,PT,flora,2008,13,0
CR,PT,flora,2009,1,0
CR,PT,flora,2010,5,0
CR,PT,flora,2011,5,0
CR,PT,flora,2012,13,0
CR,PY,fauna,1998,1,0
CR,PY,flora,2007,1,0
CR,PY,flora,2008,2,0
CR,QA,flora,2012,1,0
CR,QA,flora,2013,2,0
CR,QA,flora,2014,4,0
CR,QA,flora,2017,2,0
CR,QA,flora,2020,1,0
CR,RE,flora,1999,1,0
CR,RS,flora,2006,1,0
CR,RU,fauna,1998,1,0
CR,RU,flora,2006,3,0
CR,RU,flora,2009,3,0
CR,RU,flora,2010,2,0
CR,SA,flora,2003,20,0
CR,SA,flora,2004,15,0
CR,SA,flora,2005,3,0
CR,SA,flora,2006,27,0
CR,SA,flora,2007,21,0
CR,SA,flora,2008,5,0
CR,SA,flora,2014,2,0
CR,SA,flora,2015,2,0
CR,SA,flora,2017,1,0
CR,SA,flora,2018,1,0
CR,SA,flora,2019,1,0
CR,SA,flora,2020,2,0
CR,SA,flora,2021,2,0
CR,SA,flora,2022,1,0
CR,SE,fauna,1997,1,0
CR,SE,fauna,1999,1,1
CR,SE,fauna,2015,1,0
CR,SE,flora,1994,1,0
CR,SE,flora,1999,2,0
CR,SE,flora,2021,1,0
CR,SG,flora,2003,1,0
CR,SG,flora,2018,1,0
CR,SG,flora,2019,3,0
CR,SG,flora,2020,3,0
CR,SG,flora,2021,83,0
CR,SK,flora,1999,2,0
CR,SL,flora,2004,13,0
CR,SU,fauna,1988,1,0
CR,SU,fauna,2004,1,0
CR,SV,fauna,1983,1,0
CR,SV,fauna,1996,1,0
CR,SV,fauna,1997,1,0
CR,SV,fauna,2002,4,0
CR,SV,fauna,2017,2,0
CR,SV,fauna,2022,2,0
CR,SV,flora,2001,22,0
CR,SV,flora,2002,2,0
CR,SV,flora,2003,1,0
CR,SV,flora,2004,10,0
CR,SV,flora,2005,19,0
CR,SV,flora,2006,9,0
CR,SV,flora,2007,9,0
CR,SV,flora,2008,10,0
CR,SV,flora,2010,1,0
CR,SV,flora,2011,1,0
CR,SV,flora,2012,3,0
CR,SV,flora,2015,22,0
CR,SV,flora,2016,10,0
CR,SV,flora,2017,29,0
CR,SV,flora,2018,23,0
CR,SV,flora,2019,23,0
CR,SV,flora,2020,22,0
CR,SV,flora,2021,36,0
CR,SV,flora,2022,38,0
CR,SV,flora,2023,32,0
CR,TG,flora,2011,1,0
CR,TH,flora,1993,4,0
CR,TH,flora,2007,4,0
CR,TK,flora,2012,2,0
CR,TN,flora,2008,1,0
CR,TR,flora,1999,1,0
CR,TR,flora,2003,1,0
CR,TR,flora,2013,3,0
CR,TR,flora,2014,3,0
CR,TR,flora,2015,1,0
CR,TR,flora,2021,40,0
CR,TT,flora,2001,1,0
CR,TW,fauna,2019,10,0
CR,TW,fauna,2020,8,0
CR,TW,fauna,2021,2,0
CR,TW,fauna,2022,5,0
CR,TW,fauna,2023,3,0
CR,TW,fauna,2024,4,0
CR,TW,fauna,2025,4,0
CR,TW,flora,2001,1,0
CR,TW,flora,2006,1,0
CR,TW,flora,2008,1,0
CR,TW,flora,2009,1,0
CR,TW,flora,2019,12,0
CR,UA,flora,2003,1,0
CR,UA,flora,2014,1,0
CR,UA,flora,2020,1,0
CR,UA,flora,2021,2,0
CR,US,fauna,1976,6,0
CR,US,fauna,1977,1,0
CR,US,fauna,1978,4,0
CR,US,fauna,1979,1,0
CR,US,fauna,1980,8,0
CR,US,fauna,1981,20,0
CR,US,fauna,1982,25,6
CR,US,fauna,1983,14,2
CR,US,fauna,1984,26,5
CR,US,fauna,1985,13,5
CR,US,fauna,1986,24,4
CR,US,fauna,1987,15,3
CR,US,fauna,1988,40,1
CR,US,fauna,1989,58,5
CR,US,fauna,1990,26,10
CR,US,fauna,1991,44,14
CR,US,fauna,1992,33,8
CR,US,fauna,1993,63,13
CR,US,fauna,1994,47,22
CR,US,fauna,1995,29,7
CR,US,fauna,1996,52,3
CR,US,fauna,1997,105,1
CR,US,fauna,1998,106,9
CR,US,fauna,1999,70,6
CR,US,fauna,2000,51,3
CR,US,fauna,2001,31,3
CR,US,fauna,2002,79,4
CR,US,fauna,2003,101,1
CR,US,fauna,2004,54,3
CR,US,fauna,2005,89,8
CR,US,fauna,2006,80,15
CR,US,fauna,2007,80,4
CR,US,fauna,2008,78,9
CR,US,fauna,2009,84,5
CR,US,fauna,2010,125,6
CR,US,fauna,2011,48,10
CR,US,fauna,2012,115,6
CR,US,fauna,2013,44,6
CR,US,fauna,2014,123,5
CR,US,fauna,2015,62,4
CR,US,fauna,2016,33,10
CR,US,fauna,2017,66,10
CR,US,fauna,2018,67,3
CR,US,fauna,2019,54,13
CR,US,fauna,2020,10,1
CR,US,fauna,2021,52,4
CR,US,fauna,2022,43,4
CR,US,fauna,2023,11,6
CR,US,fauna,2024,5,0
CR,US,flora,1978,46,0
CR,US,flora,1979,89,0
CR,US,flora,1980,39,0
CR,US,flora,1981,80,0
CR,US,flora,1982,138,0
CR,US,flora,1983,355,0
CR,US,flora,1984,1095,13
CR,US,flora,1985,297,6
CR,US,flora,1986,820,12
CR,US,flora,1987,421,19
CR,US,flora,1988,445,25
CR,US,flora,1989,1022,10
CR,US,flora,1990,510,14
CR,US,flora,1991,468,24
CR,US,flora,1992,482,19
CR,US,flora,1993,356,13
CR,US,flora,1994,107,14
CR,US,flora,1995,147,14
CR,US,flora,1996,115,7
CR,US,flora,1997,295,3
CR,US,flora,1998,144,1
CR,US,flora,1999,364,2
CR,US,flora,2000,264,5
CR,US,flora,2001,981,3
CR,US,flora,2002,705,4
CR,US,flora,2003,980,2
CR,US,flora,2004,1136,3
CR,US,flora,2005,774,1
CR,US,flora,2006,793,1
CR,US,flora,2007,1224,1
CR,US,flora,2008,715,0
CR,US,flora,2009,769,7
CR,US,flora,2010,786,3
CR,US,flora,2011,867,1
CR,US,flora,2012,820,1
CR,US,flora,2013,627,0
CR,US,flora,2014,396,0
CR,US,flora,2015,315,1
CR,US,flora,2016,114,0
CR,US,flora,2017,372,0
CR,US,flora,2018,267,0
CR,US,flora,2019,335,0
CR,US,flora,2020,148,0
CR,US,flora,2021,137,0
CR,US,flora,2022,148,0
CR,US,flora,2023,76,0
CR,US,flora,2024,73,0
CR,UY,flora,1984,19,0
CR,VE,fauna,2000,1,0
CR,VE,flora,1989,60,0
CR,VE,flora,1990,16,0
CR,VE,flora,2001,16,0
CR,VE,flora,2002,4,0
CR,VE,flora,2003,11,0
CR,VE,flora,2004,15,0
CR,VE,flora,2005,4,0
CR,VE,flora,2006,3,0
CR,VE,flora,2007,8,0
CR,VE,flora,2008,5,0
CR,VE,flora,2009,4,0
CR,VE,flora,2010,4,0
CR,VE,flora,2011,4,0
CR,VE,flora,2022,14,0
CR,VI,flora,2019,1,0
CR,XX,fauna,1988,1,0
CR,XX,fauna,1993,4,0
CR,XX,fauna,1994,3,0
CR,XX,fauna,2018,1,0
CR,XX,fauna,2024,1,0
CR,XX,flora,2000,1,0
CR,XX,flora,2002,45,0
CR,XX,flora,2003,1,0
CR,XX,flora,2004,2,0
CR,XX,flora,2008,4,0
CR,XX,flora,2010,4,0
CR,XX,flora,2012,5,0
CR,XX,flora,2013,2,0
CR,XX,flora,2017,4,0
CR,XX,flora,2018,1,0
CR,XX,flora,2022,8,0
CR,ZA,flora,2003,2,0
CR,ZA,flora,2004,49,0
CR,ZA,flora,2005,2,0
CR,ZA,flora,2006,13,0
CR,ZA,flora,2007,4,0
CR,ZA,flora,2008,3,0
CR,ZA,flora,2010,11,0
CR,ZA,flora,2011,2,0
CR,ZA,flora,2015,1,0
CS,MX,fauna,2003,10,0
CS,MX,fauna,2004,4,0
CU,AE,fauna,2005,1,0
CU,AE,fauna,2006,2,0
CU,AE,fauna,2010,1,0
CU,AE,fauna,2013,2,0
CU,AG,fauna,2004,2,0
CU,AI,fauna,2000,1,0
CU,AM,fauna,1995,2,0
CU,AN,fauna,1997,1,0
CU,AN,fauna,1999,2,0
CU,AN,fauna,2002,18,0
CU,AN,fauna,2003,24,0
CU,AN,fauna,2004,6,0
CU,AN,fauna,2005,4,0
CU,AN,fauna,2006,11,0
CU,AN,fauna,2007,11,0
CU,AN,fauna,2008,6,0
CU,AR,fauna,1995,2,0
CU,AR,fauna,1996,1,0
CU,AR,fauna,1997,1,0
CU,AR,fauna,1998,2,0
CU,AR,fauna,1999,1,0
CU,AR,fauna,2000,2,0
CU,AR,fauna,2001,10,0
CU,AR,fauna,2002,3,0
CU,AR,fauna,2003,2,0
CU,AR,fauna,2006,4,0
CU,AR,fauna,2007,3,0
CU,AR,fauna,2008,3,0
CU,AR,fauna,2011,1,0
CU,AR,fauna,2012,1,0
CU,AR,fauna,2013,3,0
CU,AR,fauna,2016,2,0
CU,AT,fauna,2001,1,1
CU,AT,fauna,2002,4,4
CU,AT,fauna,2003,1,1
CU,AT,fauna,2004,1,0
CU,AT,fauna,2006,2,2
CU,AT,fauna,2008,1,1
CU,AT,fauna,2009,1,1
CU,AT,fauna,2010,1,1
CU,AU,fauna,2002,1,0
CU,AU,fauna,2013,3,0
CU,AU,fauna,2021,2,0
CU,AU,flora,1997,1,0
CU,BB,fauna,1994,1,0
CU,BB,fauna,1995,1,0
CU,BB,fauna,1997,2,0
CU,BB,fauna,2003,1,0
CU,BB,fauna,2004,1,0
CU,BD,fauna,1995,1,0
CU,BE,fauna,1987,2,0
CU,BE,fauna,1995,1,0
CU,BE,fauna,1997,1,0
CU,BE,fauna,1998,1,0
CU,BE,fauna,1999,2,0
CU,BG,fauna,1995,1,0
CU,BG,fauna,2015,1,0
CU,BO,fauna,1999,4,0
CU,BR,fauna,1993,1,0
CU,BR,fauna,1994,2,0
CU,BR,fauna,1996,1,0
CU,BR,fauna,1997,2,0
CU,BR,fauna,1998,3,0
CU,BR,fauna,2000,1,0
CU,BR,fauna,2001,1,0
CU,BR,fauna,2002,4,0
CU,BR,fauna,2004,1,0
CU,BR,fauna,2012,1,0
CU,BR,fauna,2013,6,0
CU,BS,fauna,2003,1,0
CU,BS,fauna,2016,1,0
CU,BY,fauna,2001,1,0
CU,CA,fauna,1978,1,0
CU,CA,fauna,1986,1,0
CU,CA,fauna,1992,1,0
CU,CA,fauna,1996,4,0
CU,CA,fauna,1997,2,0
CU,CA,fauna,1998,6,0
CU,CA,fauna,1999,3,0
CU,CA,fauna,2000,6,0
CU,CA,fauna,2001,2,0
CU,CA,fauna,2002,5,0
CU,CA,fauna,2003,9,0
CU,CA,fauna,2004,9,0
CU,CA,fauna,2005,7,0
CU,CA,fauna,2006,4,0
CU,CA,fauna,2008,2,0
CU,CA,fauna,2009,1,0
CU,CA,fauna,2010,7,0
CU,CA,fauna,2011,8,0
CU,CA,fauna,2012,7,0
CU,CA,fauna,2013,7,0
CU,CA,fauna,2014,26,0
CU,CA,fauna,2015,6,0
CU,CA,fauna,2016,5,0
CU,CA,fauna,2017,3,0
CU,CA,fauna,2018,4,0
CU,CA,fauna,2019,2,0
CU,CA,fauna,2020,4,0
CU,CA,fauna,2021,3,0
CU,CA,fauna,2022,3,0
CU,CA,fauna,2023,1,0
CU,CA,fauna,2024,2,0
CU,CA,flora,2001,1,0
CU,CA,flora,2003,3,0
CU,CA,flora,2005,1,0
CU,CD,flora,2018,11,0
CU,CH,fauna,1986,1,0
CU,CH,fauna,1987,1,0
CU,CH,fauna,1990,1,0
CU,CH,fauna,1991,1,0
CU,CH,fauna,1999,19,0
CU,CH,fauna,2001,1,0
CU,CH,fauna,2012,1,0
CU,CH,fauna,2019,1,0
CU,CL,fauna,1991,1,0
CU,CL,fauna,1993,4,0
CU,CL,fauna,1995,7,0
CU,CL,fauna,1996,13,0
CU,CL,fauna,1997,14,0
CU,CL,fauna,1998,11,0
CU,CL,fauna,1999,3,0
CU,CL,fauna,2000,2,0
CU,CL,fauna,2001,8,0
CU,CL,fauna,2002,1,0
CU,CL,fauna,2005,1,0
CU,CL,fauna,2006,1,0
CU,CL,fauna,2011,4,0
CU,CL,fauna,2012,3,0
CU,CL,fauna,2013,3,0
CU,CL,fauna,2014,3,0
CU,CL,fauna,2015,1,0
CU,CN,fauna,1996,1,0
CU,CN,fauna,1997,1,0
CU,CN,fauna,1998,2,0
CU,CN,fauna,1999,7,0
CU,CN,fauna,2000,12,0
CU,CN,fauna,2001,16,0
CU,CN,fauna,2003,5,0
CU,CN,fauna,2004,6,0
CU,CN,fauna,2005,4,0
CU,CN,fauna,2006,1,0
CU,CN,fauna,2008,3,0
CU,CN,fauna,2009,20,0
CU,CN,fauna,2010,9,0
CU,CN,fauna,2011,15,0
CU,CN,fauna,2012,20,0
CU,CN,fauna,2013,6,0
CU,CN,fauna,2014,3,0
CU,CN,fauna,2015,1,0
CU,CN,fauna,2016,1,0
CU,CN,fauna,2017,4,0
CU,CN,fauna,2018,1,0
CU,CN,fauna,2023,2,0
CU,CN,fauna,2024,1,0
CU,CO,fauna,1994,2,0
CU,CO,fauna,1995,1,0
CU,CO,fauna,1996,1,0
CU,CO,fauna,1997,1,0
CU,CO,fauna,1998,3,0
CU,CO,fauna,1999,2,0
CU,CO,fauna,2000,2,0
CU,CO,fauna,2001,7,0
CU,CO,fauna,2003,3,0
CU,CO,fauna,2007,6,0
CU,CO,fauna,2008,3,0
CU,CO,fauna,2009,4,0
CU,CO,fauna,2011,3,0
CU,CO,fauna,2013,9,0
CU,CO,fauna,2014,3,0
CU,CR,fauna,1996,4,0
CU,CR,fauna,1997,5,0
CU,CR,fauna,1998,15,0
CU,CR,fauna,1999,5,0
CU,CR,fauna,2001,10,0
CU,CR,fauna,2002,21,0
CU,CR,fauna,2003,16,0
CU,CR,fauna,2004,11,0
CU,CR,fauna,2005,15,0
CU,CW,fauna,2016,8,0
CU,CW,fauna,2017,44,0
CU,CW,fauna,2018,24,0
CU,CW,fauna,2019,12,0
CU,CY,fauna,1995,1,0
CU,CZ,fauna,1997,4,0
CU,CZ,fauna,1998,2,0
CU,CZ,fauna,1999,4,0
CU,CZ,fauna,2002,1,0
CU,CZ,fauna,2004,8,0
CU,CZ,fauna,2007,2,2
CU,CZ,fauna,2009,4,2
CU,CZ,fauna,2010,3,3
CU,CZ,fauna,2011,3,3
CU,DD,fauna,1983,1,0
CU,DD,fauna,1989,1,1
CU,DE,fauna,1980,3,0
CU,DE,fauna,1982,1,0
CU,DE,fauna,1987,1,0
CU,DE,fauna,1994,2,0
CU,DE,fauna,1995,1,0
CU,DE,fauna,1996,1,0
CU,DE,fauna,1997,6,0
CU,DE,fauna,1999,7,0
CU,DE,fauna,2000,5,0
CU,DE,fauna,2002,11,0
CU,DE,fauna,2003,8,0
CU,DE,fauna,2004,3,0
CU,DE,fauna,2005,2,0
CU,DE,fauna,2006,1,0
CU,DE,fauna,2010,2,0
CU,DE,fauna,2011,2,0
CU,DE,fauna,2012,7,0
CU,DE,fauna,2013,14,0
CU,DE,fauna,2014,10,0
CU,DE,fauna,2015,5,0
CU,DE,fauna,2024,4,0
CU,DE,flora,1998,45,0
CU,DE,flora,1999,23,0
CU,DE,flora,2000,2,0
CU,DE,flora,2010,3,0
CU,DE,flora,2011,1,0
CU,DE,flora,2012,4,0
CU,DE,flora,2016,44,0
CU,DK,fauna,1989,1,0
CU,DK,fauna,2004,1,0
CU,DK,fauna,2007,2,0
CU,DK,fauna,2010,2,0
CU,DO,fauna,1989,1,0
CU,DO,fauna,1992,5,0
CU,DO,fauna,1996,2,0
CU,DO,fauna,1999,3,0
CU,DO,fauna,2001,1,0
CU,DO,fauna,2002,3,0
CU,DO,fauna,2003,1,0
CU,DO,fauna,2004,11,0
CU,DO,fauna,2005,4,0
CU,DO,fauna,2007,2,0
CU,DO,fauna,2008,1,0
CU,DO,fauna,2009,4,0
CU,DO,fauna,2010,1,0
CU,DO,fauna,2011,4,0
CU,DO,fauna,2012,3,0
CU,DO,fauna,2014,1,0
CU,DO,fauna,2019,1,0
CU,DO,flora,1994,2,0
CU,DO,flora,2000,1,0
CU,DO,flora,2001,1,0
CU,EC,fauna,1995,1,0
CU,EC,fauna,1998,2,0
CU,EC,fauna,2006,1,0
CU,EC,fauna,2007,1,0
CU,ES,fauna,1988,2,0
CU,ES,fauna,1989,1,0
CU,ES,fauna,1990,13,0
CU,ES,fauna,1991,34,0
CU,ES,fauna,1992,46,5
CU,ES,fauna,1993,55,0
CU,ES,fauna,1994,62,17
CU,ES,fauna,1995,135,48
CU,ES,fauna,1996,139,23
CU,ES,fauna,1997,111,10
CU,ES,fauna,1998,125,3
CU,ES,fauna,1999,166,20
CU,ES,fauna,2000,83,30
CU,ES,fauna,2001,55,22
CU,ES,fauna,2002,68,19
CU,ES,fauna,2003,53,13
CU,ES,fauna,2004,81,15
CU,ES,fauna,2005,39,10
CU,ES,fauna,2006,4,0
CU,ES,fauna,2007,1,0
CU,ES,fauna,2008,2,0
CU,ES,fauna,2009,6,6
CU,ES,fauna,2010,9,0
CU,ES,fauna,2011,7,0
CU,ES,fauna,2012,14,0
CU,ES,fauna,2013,5,0
CU,ES,fauna,2015,25,0
CU,ES,fauna,2016,3,0
CU,ES,fauna,2019,1,0
CU,ES,fauna,2021,2,0
CU,ES,flora,1988,3,0
CU,ES,flora,1991,12,0
CU,ES,flora,1992,3,0
CU,ES,flora,1995,4,0
CU,ES,flora,1996,3,0
CU,ES,flora,1997,230,0
CU,ES,flora,1999,2,1
CU,ES,flora,2000,6,0
CU,ES,flora,2001,15,0
CU,ES,flora,2002,3,0
CU,ES,flora,2003,3,0
CU,ES,flora,2004,8,0
CU,FR,fauna,1983,1,0
CU,FR,fauna,1984,2,0
CU,FR,fauna,1985,2,0
CU,FR,fauna,1986,2,0
CU,FR,fauna,1987,2,0
CU,FR,fauna,1988,2,0
CU,FR,fauna,1995,2,0
CU,FR,fauna,1996,1,0
CU,FR,fauna,1997,4,0
CU,FR,fauna,1998,2,0
CU,FR,fauna,1999,7,0
CU,FR,fauna,2000,4,0
CU,FR,fauna,2001,1,0
CU,FR,fauna,2008,1,0
CU,FR,fauna,2009,1,0
CU,FR,fauna,2011,1,0
CU,FR,fauna,2013,1,0
CU,FR,fauna,2014,3,0
CU,FR,fauna,2015,1,0
CU,FR,fauna,2023,2,0
CU,GB,fauna,1979,2,0
CU,GB,fauna,1980,3,0
CU,GB,fauna,1981,2,0
CU,GB,fauna,1982,1,0
CU,GB,fauna,1983,1,0
CU,GB,fauna,1984,1,0
CU,GB,fauna,1994,1,1
CU,GB,fauna,1997,1,1
CU,GB,fauna,1998,1,0
CU,GB,fauna,1999,2,2
CU,GB,fauna,2000,3,3
CU,GB,fauna,2001,2,1
CU,GB,fauna,2002,8,0
CU,GB,fauna,2003,1,1
CU,GB,fauna,2004,2,1
CU,GB,fauna,2005,2,0
CU,GB,fauna,2006,1,0
CU,GB,fauna,2007,5,4
CU,GB,fauna,2008,6,1
CU,GB,fauna,2009,38,0
CU,GB,fauna,2011,2,0
CU,GB,fauna,2012,6,0
CU,GB,fauna,2013,1,0
CU,GB,fauna,2015,5,0
CU,GB,fauna,2021,1,0
CU,GB,fauna,2022,1,0
CU,GB,fauna,2024,1,0
CU,GB,flora,1997,4,0
CU,GE,fauna,2003,1,0
CU,GE,fauna,2010,1,0
CU,GH,flora,1996,5,0
CU,GP,fauna,1998,1,0
CU,GP,fauna,1999,2,0
CU,GP,fauna,2001,1,0
CU,GP,fauna,2003,6,0
CU,GP,fauna,2007,1,0
CU,GP,fauna,2008,2,0
CU,GT,fauna,1998,5,0
CU,GT,fauna,1999,19,0
CU,GT,fauna,2000,50,0
CU,GT,fauna,2001,25,0
CU,GT,fauna,2002,29,0
CU,GT,fauna,2003,59,0
CU,GT,fauna,2004,29,0
CU,GT,fauna,2005,29,0
CU,GT,fauna,2006,51,0
CU,GT,fauna,2007,88,0
CU,GT,fauna,2008,69,0
CU,GT,fauna,2009,53,0
CU,GT,fauna,2010,48,0
CU,GT,fauna,2011,47,0
CU,GT,fauna,2012,39,0
CU,GT,fauna,2013,53,0
CU,GT,fauna,2014,79,0
CU,GT,fauna,2015,99,0
CU,GT,fauna,2016,96,0
CU,GT,fauna,2017,102,0
CU,GT,fauna,2018,99,0
CU,GT,fauna,2019,108,0
CU,GT,fauna,2020,48,0
CU,GT,fauna,2021,9,0
CU,GT,fauna,2022,31,0
CU,GT,fauna,2023,12,0
CU,GT,fauna,2024,4,0
CU,GT,flora,1997,1,0
CU,GT,flora,2000,1,0
CU,GT,flora,2001,1,0
CU,HK,fauna,1999,1,0
CU,HK,fauna,2023,1,0
CU,HN,fauna,1998,3,0
CU,HN,fauna,1999,11,0
CU,HN,fauna,2000,37,0
CU,HN,fauna,2001,33,0
CU,HN,fauna,2002,24,0
CU,HN,fauna,2003,28,0
CU,HN,fauna,2004,27,0
CU,HN,fauna,2005,24,0
CU,HN,fauna,2006,8,0
CU,HN,fauna,2007,36,0
CU,HN,fauna,2008,39,0
CU,HN,fauna,2009,24,0
CU,HN,fauna,2010,30,0
CU,HT,fauna,2000,1,0
CU,HT,fauna,2001,1,0
CU,HU,fauna,1993,1,0
CU,HU,fauna,1995,1,0
CU,HU,fauna,2006,1,1
CU,ID,fauna,2013,6,0
CU,IL,fauna,1999,1,0
CU,IL,fauna,2000,3,0
CU,IL,fauna,2011,1,0
CU,IL,fauna,2012,1,0
CU,IL,fauna,2013,1,0
CU,IL,fauna,2014,7,0
CU,IL,fauna,2016,5,0
CU,IL,fauna,2017,2,0
CU,IR,fauna,2000,1,0
CU,IT,fauna,1985,1,1
CU,IT,fauna,1986,3,0
CU,IT,fauna,1987,3,1
CU,IT,fauna,1988,4,1
CU,IT,fauna,1989,1,0
CU,IT,fauna,1991,1,0
CU,IT,fauna,1994,1,0
CU,IT,fauna,1995,1,0
CU,IT,fauna,1996,3,0
CU,IT,fauna,1997,4,0
CU,IT,fauna,1998,1,0
CU,IT,fauna,1999,7,0
CU,IT,fauna,2000,5,0
CU,IT,fauna,2001,5,0
CU,IT,fauna,2002,6,0
CU,IT,fauna,2003,4,0
CU,IT,fauna,2004,3,0
CU,IT,fauna,2019,2,0
CU,IT,flora,1999,1,0
CU,IT,flora,2000,1,0
CU,IT,flora,2001,1,0
CU,IT,flora,2002,3,0
CU,IT,flora,2003,2,0
CU,IT,flora,2004,30,0
CU,JM,fauna,2004,4,0
CU,JM,fauna,2005,1,0
CU,JM,fauna,2006,1,0
CU,JM,fauna,2007,2,0
CU,JM,fauna,2009,3,0
CU,JM,fauna,2012,2,0
CU,JM,fauna,2015,1,0
CU,JM,fauna,2016,2,0
CU,JM,fauna,2017,12,0
CU,JP,fauna,1982,5,0
CU,JP,fauna,1983,1,0
CU,JP,fauna,1984,2,0
CU,JP,fauna,1985,2,0
CU,JP,fauna,1987,1,0
CU,JP,fauna,1988,1,0
CU,JP,fauna,1991,9,0
CU,JP,fauna,1992,10,0
CU,JP,fauna,1994,3,0
CU,JP,fauna,1995,8,0
CU,JP,fauna,1996,6,0
CU,JP,fauna,1997,16,0
CU,JP,fauna,1999,4,0
CU,JP,fauna,2002,5,0
CU,JP,fauna,2004,2,0
CU,JP,fauna,2006,2,0
CU,JP,fauna,2007,2,0
CU,JP,fauna,2011,2,0
CU,JP,fauna,2012,1,0
CU,JP,flora,2000,8,0
CU,KP,fauna,2000,1,0
CU,KP,fauna,2016,3,0
CU,KP,fauna,2017,1,0
CU,KR,fauna,2001,2,0
CU,KR,fauna,2002,1,0
CU,KR,fauna,2003,2,0
CU,KR,fauna,2004,2,0
CU,KR,fauna,2015,4,0
CU,KR,fauna,2016,1,0
CU,KR,fauna,2018,1,0
CU,KR,fauna,2019,1,0
CU,KR,fauna,2020,1,0
CU,KY,fauna,2003,2,0
CU,KY,fauna,2009,2,0
CU,KY,fauna,2010,1,0
CU,KY,fauna,2011,2,0
CU,KZ,fauna,2006,1,0
CU,KZ,fauna,2010,1,0
CU,LK,fauna,2005,1,0
CU,LK,fauna,2007,1,0
CU,LU,fauna,1989,2,2
CU,LU,fauna,1992,3,3
CU,MA,fauna,2013,4,0
CU,MQ,fauna,2003,1,0
CU,MT,fauna,2003,2,0
CU,MX,fauna,1992,1,0
CU,MX,fauna,1993,7,0
CU,MX,fauna,1994,10,0
CU,MX,fauna,1995,12,0
CU,MX,fauna,1996,25,0
CU,MX,fauna,1997,24,0
CU,MX,fauna,1998,65,0
CU,MX,fauna,1999,37,0
CU,MX,fauna,2000,44,0
CU,MX,fauna,2001,60,0
CU,MX,fauna,2002,34,0
CU,MX,fauna,2003,81,0
CU,MX,fauna,2004,65,0
CU,MX,fauna,2005,44,0
CU,MX,fauna,2006,96,0
CU,MX,fauna,2007,177,0
CU,MX,fauna,2008,109,0
CU,MX,fauna,2009,173,0
CU,MX,fauna,2010,129,0
CU,MX,fauna,2011,161,0
CU,MX,fauna,2012,119,0
CU,MX,fauna,2013,172,0
CU,MX,fauna,2014,99,0
CU,MX,fauna,2015,116,0
CU,MX,fauna,2016,142,0
CU,MX,fauna,2017,91,0
CU,MX,fauna,2018,127,0
CU,MX,fauna,2019,111,0
CU,MX,fauna,2020,73,0
CU,MX,fauna,2021,68,0
CU,MX,fauna,2022,140,0
CU,MX,fauna,2023,140,0
CU,MX,fauna,2024,145,0
CU,MX,flora,2005,1,0
CU,MX,flora,2018,14,0
CU,MY,fauna,2001,1,0
CU,MY,fauna,2004,3,0
CU,MY,fauna,2013,3,0
CU,NI,fauna,1987,4,0
CU,NI,fauna,1988,2,0
CU,NI,fauna,1991,3,0
CU,NI,fauna,1992,1,0
CU,NI,fauna,1994,5,0
CU,NI,fauna,1996,1,0
CU,NI,fauna,2001,2,0
CU,NI,fauna,2008,1,0
CU,NL,fauna,1985,1,0
CU,NL,fauna,1987,9,0
CU,NL,fauna,1988,1,0
CU,NL,fauna,1995,2,0
CU,NL,fauna,1996,3,0
CU,NL,fauna,1997,1,1
CU,NL,fauna,1998,1,1
CU,NL,fauna,1999,6,0
CU,NL,fauna,2001,1,0
CU,NL,fauna,2002,4,0
CU,NL,fauna,2003,1,0
CU,NL,fauna,2005,2,0
CU,NL,fauna,2011,2,0
CU,NL,fauna,2012,13,0
CU,NL,fauna,2013,21,0
CU,NL,fauna,2014,3,0
CU,NL,fauna,2018,6,0
CU,NL,fauna,2019,18,0
CU,NL,fauna,2020,14,0
CU,NL,fauna,2021,6,0
CU,NL,fauna,2022,3,0
CU,NL,flora,1996,3,0
CU,NO,fauna,2001,1,1
CU,NO,fauna,2004,1,0
CU,NO,fauna,2012,1,0
CU,NZ,fauna,1997,1,1
CU,NZ,fauna,2000,1,1
CU,NZ,fauna,2002,3,1
CU,NZ,fauna,2004,1,1
CU,PA,fauna,1994,3,0
CU,PA,fauna,1996,1,0
CU,PA,fauna,1998,17,0
CU,PA,fauna,1999,47,0
CU,PA,fauna,2000,18,0
CU,PA,fauna,2001,45,0
CU,PA,fauna,2002,42,0
CU,PA,fauna,2003,62,0
CU,PA,fauna,2004,41,0
CU,PA,fauna,2005,20,0
CU,PA,fauna,2006,3,0
CU,PA,fauna,2007,36,0
CU,PA,fauna,2008,30,0
CU,PA,fauna,2009,24,0
CU,PA,fauna,2010,10,0
CU,PA,fauna,2011,28,0
CU,PA,fauna,2012,36,0
CU,PA,fauna,2013,35,0
CU,PA,fauna,2014,28,0
CU,PA,fauna,2015,110,0
CU,PA,fauna,2016,73,0
CU,PA,fauna,2017,38,0
CU,PA,fauna,2018,44,0
CU,PA,fauna,2019,39,0
CU,PA,fauna,2020,16,0
CU,PA,fauna,2021,12,0
CU,PA,fauna,2022,93,0
CU,PA,fauna,2023,55,0
CU,PA,fauna,2024,80,0
CU,PA,fauna,2025,30,0
CU,PA,flora,2012,1,0
CU,PE,fauna,2000,2,0
CU,PE,fauna,2001,1,0
CU,PE,fauna,2002,2,0
CU,PE,fauna,2003,6,0
CU,PE,fauna,2006,3,0
CU,PH,fauna,1999,1,0
CU,PH,fauna,2000,3,0
CU,PH,fauna,2010,2,0
CU,PH,fauna,2017,4,0
CU,PK,fauna,2018,1,0
CU,PL,fauna,1997,1,0
CU,PL,fauna,2006,1,0
CU,PL,fauna,2009,1,1
CU,PL,fauna,2011,1,0
CU,PR,fauna,1996,2,0
CU,PR,flora,1997,57,0
CU,PR,flora,1998,4,0
CU,PR,flora,1999,40,0
CU,PT,fauna,1993,2,0
CU,PT,fauna,1994,1,0
CU,PT,fauna,1996,1,0
CU,PT,fauna,1997,1,0
CU,PT,fauna,1998,12,0
CU,PT,fauna,1999,5,0
CU,PT,fauna,2000,1,0
CU,PT,fauna,2002,3,0
CU,PT,fauna,2003,1,1
CU,PT,fauna,2005,1,1
CU,PT,fauna,2008,4,0
CU,PT,fauna,2011,1,0
CU,PT,fauna,2012,1,0
CU,PT,fauna,2013,1,0
CU,PT,flora,1999,1,0
CU,QA,fauna,2012,1,0
CU,QA,fauna,2013,2,0
CU,RE,flora,2000,12,0
CU,RS,fauna,2010,2,0
CU,RS,fauna,2011,2,0
CU,RU,fauna,1992,3,0
CU,RU,fauna,1993,2,0
CU,RU,fauna,1995,3,0
CU,RU,fauna,1996,2,0
CU,RU,fauna,1997,1,0
CU,RU,fauna,1998,3,0
CU,RU,fauna,1999,11,0
CU,RU,fauna,2000,1,0
CU,RU,fauna,2001,1,0
CU,RU,fauna,2003,1,0
CU,RU,fauna,2013,2,0
CU,RU,fauna,2014,5,0
CU,RU,fauna,2015,1,0
CU,RU,fauna,2018,3,0
CU,SA,fauna,2013,4,0
CU,SA,fauna,2020,1,0
CU,SA,fauna,2023,2,0
CU,SE,fauna,1985,1,0
CU,SE,fauna,1986,1,0
CU,SE,fauna,2003,2,0
CU,SG,fauna,1999,2,0
CU,SG,fauna,2012,2,0
CU,SI,fauna,2003,1,1
CU,SI,fauna,2004,1,1
CU,SK,fauna,1994,1,0
CU,SK,fauna,1998,2,0
CU,SK,fauna,2004,18,0
CU,SK,fauna,2005,1,0
CU,SR,fauna,2011,2,0
CU,SU,fauna,1984,1,0
CU,SU,fauna,1987,2,0
CU,SV,fauna,1999,1,0
CU,SV,fauna,2003,4,0
CU,SV,fauna,2004,3,0
CU,TH,fauna,2011,2,0
CU,TH,fauna,2012,1,0
CU,TH,fauna,2013,2,0
CU,TH,fauna,2014,1,0
CU,TH,flora,2022,19,0
CU,TH,flora,2023,44,0
CU,TN,fauna,1999,1,0
CU,TR,fauna,2016,1,0
CU,TT,fauna,1998,2,0
CU,TT,fauna,2003,1,0
CU,UA,fauna,1994,2,0
CU,UA,fauna,2001,1,0
CU,UA,fauna,2013,2,0
CU,US,fauna,1980,4,0
CU,US,fauna,1981,3,0
CU,US,fauna,1982,1,1
CU,US,fauna,1984,5,3
CU,US,fauna,1986,1,0
CU,US,fauna,1987,5,3
CU,US,fauna,1988,1,1
CU,US,fauna,1989,1,1
CU,US,fauna,1991,4,4
CU,US,fauna,1992,8,7
CU,US,fauna,1993,16,13
CU,US,fauna,1994,20,12
CU,US,fauna,1995,18,8
CU,US,fauna,1996,5,2
CU,US,fauna,1997,2,1
CU,US,fauna,1998,4,3
CU,US,fauna,1999,4,2
CU,US,fauna,2000,6,4
CU,US,fauna,2001,11,2
CU,US,fauna,2002,3,0
CU,US,fauna,2003,4,1
CU,US,fauna,2004,3,3
CU,US,fauna,2005,1,1
CU,US,fauna,2007,1,1
CU,US,fauna,2008,2,2
CU,US,fauna,2009,5,2
CU,US,fauna,2010,7,3
CU,US,fauna,2011,5,0
CU,US,fauna,2012,9,3
CU,US,fauna,2013,8,0
CU,US,fauna,2014,17,2
CU,US,fauna,2015,10,0
CU,US,fauna,2016,13,2
CU,US,fauna,2017,37,23
CU,US,fauna,2018,40,22
CU,US,fauna,2019,75,50
CU,US,fauna,2020,12,2
CU,US,fauna,2021,1,1
CU,US,fauna,2022,49,41
CU,US,fauna,2023,83,76
CU,US,fauna,2024,2,0
CU,US,flora,1984,2,2
CU,US,flora,1985,1,1
CU,US,flora,1986,2,2
CU,US,flora,1988,17,0
CU,US,flora,1991,14,0
CU,US,flora,1992,16,4
CU,US,flora,1993,1,1
CU,US,flora,1994,1,1
CU,US,flora,1997,22,0
CU,US,flora,1999,1,1
CU,US,flora,2000,2,2
CU,US,flora,2001,2,2
CU,US,flora,2002,1,1
CU,US,flora,2003,4,4
CU,US,flora,2004,42,1
CU,US,flora,2006,3,3
CU,US,flora,2013,8,0
CU,US,flora,2014,37,0
CU,US,flora,2015,25,0
CU,US,flora,2017,18,0
CU,US,flora,2018,39,1
CU,UY,fauna,1998,1,0
CU,VA,fauna,2016,1,0
CU,VE,fauna,1988,3,0
CU,VE,fauna,1992,6,0
CU,VE,fauna,1993,7,0
CU,VE,fauna,1994,12,1
CU,VE,fauna,1995,11,0
CU,VE,fauna,1996,7,0
CU,VE,fauna,1997,8,0
CU,VE,fauna,1998,17,0
CU,VE,fauna,1999,17,0
CU,VE,fauna,2000,2,0
CU,VE,fauna,2001,15,0
CU,VE,fauna,2002,12,0
CU,VE,fauna,2004,12,0
CU,VE,fauna,2006,2,0
CU,VE,fauna,2007,6,0
CU,VE,fauna,2008,2,0
CU,VE,fauna,2009,2,0
CU,VE,fauna,2010,1,0
CU,VE,fauna,2011,7,0
CU,VE,fauna,2012,4,0
CU,VE,fauna,2013,3,0
CU,VE,fauna,2016,2,0
CU,VE,flora,1993,1,0
CU,VE,flora,2001,3,0
CU,VG,fauna,2003,1,0
CU,VG,fauna,2005,1,0
CU,VG,fauna,2006,1,0
CU,VG,fauna,2007,2,0
CU,VG,fauna,2008,2,0
CU,VG,fauna,2013,2,0
CU,VG,fauna,2014,5,0
CU,VG,fauna,2015,4,0
CU,VG,fauna,2016,2,0
CU,VI,flora,1991,9,0
CU,VN,fauna,1997,1,0
CU,VN,fauna,2015,1,0
CU,XV,fauna,1992,1,0
CU,XV,fauna,2004,1,0
CU,XX,fauna,2014,50,0
CU,YU,fauna,1991,1,0
CU,ZA,fauna,1989,1,0
CU,ZA,flora,2000,1,0
CV,BR,fauna,2015,4,0
CW,CL,fauna,2019,7,0
CW,CO,fauna,2019,1,0
CW,DO,fauna,2014,1,0
CW,PA,fauna,2022,20,0
CW,PA,fauna,2024,36,0
CW,PA,fauna,2025,23,0
CY,MX,fauna,2010,6,0
CZ,AR,fauna,1997,1,0
CZ,AR,fauna,2002,4,0
CZ,AR,fauna,2007,3,0
CZ,AR,fauna,2008,6,0
CZ,AR,fauna,2023,2,0
CZ,BR,fauna,1994,2,0
CZ,BR,fauna,1995,1,0
CZ,BR,fauna,1996,3,0
CZ,BR,fauna,2007,2,0
CZ,BR,fauna,2008,1,0
CZ,BR,fauna,2010,1,0
CZ,BR,fauna,2014,1,0
CZ,BR,fauna,2015,2,1
CZ,BR,fauna,2018,5,0
CZ,BR,flora,2011,5,0
CZ,BR,flora,2018,1,0
CZ,BR,flora,2019,3,0
CZ,BR,flora,2020,2,0
CZ,BR,flora,2021,6,0
CZ,BR,flora,2023,4,0
CZ,CL,fauna,1996,9,0
CZ,CL,fauna,2001,3,0
CZ,CL,fauna,2002,2,0
CZ,CL,fauna,2004,15,1
CZ,CL,fauna,2005,3,0
CZ,CL,fauna,2006,2,0
CZ,CL,fauna,2008,4,0
CZ,CL,fauna,2010,1,0
CZ,CL,fauna,2011,6,0
CZ,CL,fauna,2012,6,0
CZ,CL,fauna,2020,2,0
CZ,CL,flora,2018,1,0
CZ,CL,flora,2019,2,0
CZ,CL,flora,2021,1,0
CZ,CL,flora,2022,6,0
CZ,CL,flora,2023,3,0
CZ,CO,flora,2020,1,0
CZ,CO,flora,2023,1,0
CZ,CR,fauna,1994,1,0
CZ,CR,fauna,1996,2,0
CZ,CR,flora,2024,1,0
CZ,GT,fauna,2021,3,0
CZ,MX,fauna,1997,2,0
CZ,MX,fauna,1998,4,0
CZ,MX,fauna,2000,2,0
CZ,MX,fauna,2001,9,0
CZ,MX,fauna,2002,3,0
CZ,MX,fauna,2003,50,0
CZ,MX,fauna,2004,66,0
CZ,MX,fauna,2005,50,0
CZ,MX,fauna,2006,34,0
CZ,MX,fauna,2007,6,0
CZ,MX,fauna,2008,2,0
CZ,MX,fauna,2009,6,0
CZ,MX,fauna,2012,4,0
CZ,MX,fauna,2017,5,0
CZ,MX,fauna,2018,4,0
CZ,MX,fauna,2021,2,0
CZ,MX,fauna,2022,1,0
CZ,MX,flora,2000,26,13
CZ,MX,flora,2019,6,0
CZ,MX,flora,2020,7,0
CZ,MX,flora,2021,3,0
CZ,MX,flora,2023,3,0
CZ,MX,flora,2024,2,0
CZ,PA,fauna,2013,1,0
CZ,PA,fauna,2020,2,0
CZ,PA,fauna,2023,3,0
CZ,PA,fauna,2025,1,0
CZ,PA,flora,2022,2,0
CZ,PE,fauna,1998,3,0
CZ,PE,fauna,1999,6,0
CZ,PE,fauna,2000,6,0
CZ,PE,fauna,2024,5,0
CZ,PE,flora,1994,2,0
CZ,PE,flora,2019,3,0
CZ,PE,flora,2020,3,0
CZ,PE,flora,2021,3,0
CZ,PE,flora,2022,1,0
CZ,PE,flora,2024,1,0
CZ,PY,flora,2022,1,0
CZ,SV,flora,2019,1,0
CZ,SV,flora,2020,3,0
CZ,SV,flora,2021,4,0
CZ,SV,flora,2022,1,0
CZ,SV,flora,2023,6,0
CZ,UY,flora,2023,1,0
CZ,VE,fauna,1995,3,0
CZ,VE,fauna,2021,18,0
CZ,VE,fauna,2022,66,0
CZ,VE,fauna,2023,6,0
CZ,VE,fauna,2024,11,0
DD,CU,fauna,1983,2,0
DD,CU,fauna,1984,2,0
DD,CU,fauna,1989,1,0
DD,UY,fauna,1983,1,0
DD,VE,fauna,1983,1,0
DE,AG,fauna,1995,1,0
DE,AG,fauna,2001,1,0
DE,AG,fauna,2003,1,0
DE,AG,fauna,2005,2,0
DE,AG,fauna,2006,3,0
DE,AG,fauna,2007,3,0
DE,AG,fauna,2009,1,0
DE,AG,fauna,2010,2,0
DE,AG,fauna,2011,1,0
DE,AG,fauna,2014,1,0
DE,AG,fauna,2015,1,0
DE,AG,fauna,2016,1,0
DE,AG,fauna,2017,1,0
DE,AG,fauna,2018,1,0
DE,AG,fauna,2019,4,0
DE,AG,fauna,2023,4,0
DE,AR,fauna,1978,4,0
DE,AR,fauna,1979,3,0
DE,AR,fauna,1980,5,0
DE,AR,fauna,1981,9,0
DE,AR,fauna,1982,4,0
DE,AR,fauna,1983,1,0
DE,AR,fauna,1984,3,0
DE,AR,fauna,1985,2,0
DE,AR,fauna,1986,13,0
DE,AR,fauna,1987,5,0
DE,AR,fauna,1988,1,0
DE,AR,fauna,1989,3,0
DE,AR,fauna,1990,5,0
DE,AR,fauna,1991,5,0
DE,AR,fauna,1992,4,0
DE,AR,fauna,1993,15,0
DE,AR,fauna,1994,4,0
DE,AR,fauna,1996,3,0
DE,AR,fauna,1998,24,0
DE,AR,fauna,1999,5,0
DE,AR,fauna,2000,4,0
DE,AR,fauna,2001,8,0
DE,AR,fauna,2003,91,0
DE,AR,fauna,2004,31,0
DE,AR,fauna,2005,48,0
DE,AR,fauna,2006,63,0
DE,AR,fauna,2007,73,0
DE,AR,fauna,2008,110,0
DE,AR,fauna,2009,102,0
DE,AR,fauna,2010,84,0
DE,AR,fauna,2011,109,0
DE,AR,fauna,2012,58,0
DE,AR,fauna,2013,84,0
DE,AR,fauna,2014,104,0
DE,AR,fauna,2015,92,0
DE,AR,fauna,2016,69,0
DE,AR,fauna,2017,90,0
DE,AR,fauna,2018,71,0
DE,AR,fauna,2019,76,0
DE,AR,fauna,2020,23,0
DE,AR,fauna,2021,51,0
DE,AR,fauna,2022,60,0
DE,AR,fauna,2023,56,0
DE,AR,fauna,2024,53,0
DE,AR,flora,1986,1,0
DE,AR,flora,1992,31,0
DE,AR,flora,1993,30,0
DE,AR,flora,1994,35,0
DE,AR,flora,1995,38,0
DE,AR,flora,1996,71,0
DE,AR,flora,1997,3,0
DE,AR,flora,1998,11,0
DE,AR,flora,1999,12,0
DE,AR,flora,2000,11,0
DE,AR,flora,2001,5,0
DE,AR,flora,2002,3,0
DE,AR,flora,2003,5,0
DE,AR,flora,2004,4,0
DE,AR,flora,2005,2,0
DE,AR,flora,2006,1,0
DE,AR,flora,2007,3,0
DE,AR,flora,2008,4,0
DE,AR,flora,2009,10,0
DE,AR,flora,2010,12,0
DE,AR,flora,2011,7,0
DE,AR,flora,2012,6,0
DE,AR,flora,2013,1,0
DE,AR,flora,2014,4,0
DE,AR,flora,2015,20,0
DE,AR,flora,2016,8,0
DE,AR,flora,2017,20,0
DE,AR,flora,2018,4,0
DE,AR,flora,2019,3,0
DE,AR,flora,2020,9,0
DE,AR,flora,2021,20,0
DE,AR,flora,2022,8,0
DE,AR,flora,2023,8,0
DE,AR,flora,2024,7,0
DE,BB,fauna,1998,1,0
DE,BB,fauna,2002,1,0
DE,BB,fauna,2003,5,0
DE,BB,fauna,2005,3,0
DE,BB,fauna,2006,5,0
DE,BB,fauna,2007,3,0
DE,BB,fauna,2008,2,0
DE,BB,fauna,2009,6,0
DE,BB,fauna,2010,10,0
DE,BB,fauna,2011,7,0
DE,BB,fauna,2012,5,0
DE,BB,fauna,2013,6,0
DE,BB,fauna,2014,13,0
DE,BB,fauna,2015,5,0
DE,BB,fauna,2016,10,0
DE,BB,fauna,2017,10,0
DE,BB,fauna,2018,5,0
DE,BB,fauna,2019,10,0
DE,BB,fauna,2020,6,0
DE,BB,fauna,2021,3,0
DE,BB,fauna,2022,8,0
DE,BB,fauna,2023,8,0
DE,BB,fauna,2024,6,0
DE,BO,fauna,1980,1,0
DE,BO,fauna,1998,1,0
DE,BO,fauna,1999,1,0
DE,BO,fauna,2000,2,0
DE,BO,fauna,2002,1,0
DE,BO,fauna,2008,2,0
DE,BO,fauna,2009,8,0
DE,BO,fauna,2010,4,0
DE,BO,fauna,2012,3,0
DE,BO,fauna,2013,9,0
DE,BO,fauna,2014,3,0
DE,BO,fauna,2015,2,0
DE,BO,fauna,2016,3,0
DE,BO,fauna,2017,5,0
DE,BO,fauna,2018,8,0
DE,BO,fauna,2019,2,0
DE,BO,fauna,2020,15,0
DE,BO,fauna,2021,10,0
DE,BO,fauna,2022,5,0
DE,BO,fauna,2023,7,0
DE,BO,fauna,2024,6,0
DE,BO,flora,2012,2,0
DE,BO,flora,2019,4,0
DE,BO,flora,2020,1,0
DE,BO,flora,2021,3,0
DE,BO,flora,2022,3,0
DE,BO,flora,2023,1,0
DE,BO,flora,2024,1,0
DE,BR,fauna,1977,1,0
DE,BR,fauna,1980,1,0
DE,BR,fauna,1981,2,0
DE,BR,fauna,1982,3,0
DE,BR,fauna,1983,2,0
DE,BR,fauna,1985,4,0
DE,BR,fauna,1987,12,0
DE,BR,fauna,1988,2,0
DE,BR,fauna,1989,19,0
DE,BR,fauna,1990,13,0
DE,BR,fauna,1991,12,0
DE,BR,fauna,1992,17,0
DE,BR,fauna,1993,5,0
DE,BR,fauna,1994,4,0
DE,BR,fauna,1995,8,0
DE,BR,fauna,1996,7,0
DE,BR,fauna,1997,33,0
DE,BR,fauna,1998,57,0
DE,BR,fauna,1999,17,0
DE,BR,fauna,2000,15,0
DE,BR,fauna,2001,8,0
DE,BR,fauna,2002,10,0
DE,BR,fauna,2003,27,0
DE,BR,fauna,2004,26,0
DE,BR,fauna,2005,33,0
DE,BR,fauna,2006,56,0
DE,BR,fauna,2007,47,0
DE,BR,fauna,2008,59,0
DE,BR,fauna,2009,49,0
DE,BR,fauna,2010,45,0
DE,BR,fauna,2011,148,0
DE,BR,fauna,2012,226,0
DE,BR,fauna,2013,231,0
DE,BR,fauna,2014,297,0
DE,BR,fauna,2015,110,0
DE,BR,fauna,2016,134,0
DE,BR,fauna,2017,84,0
DE,BR,fauna,2018,147,0
DE,BR,fauna,2019,62,1
DE,BR,fauna,2020,187,0
DE,BR,fauna,2021,74,0
DE,BR,fauna,2022,176,0
DE,BR,fauna,2023,128,0
DE,BR,fauna,2024,215,0
DE,BR,flora,1986,10,0
DE,BR,flora,1987,7,0
DE,BR,flora,1991,4,0
DE,BR,flora,1992,14,0
DE,BR,flora,1993,7,0
DE,BR,flora,1994,15,0
DE,BR,flora,1995,24,0
DE,BR,flora,1996,16,0
DE,BR,flora,1997,8,0
DE,BR,flora,1998,2,0
DE,BR,flora,1999,9,0
DE,BR,flora,2000,4,0
DE,BR,flora,2001,2,0
DE,BR,flora,2002,8,0
DE,BR,flora,2003,2,0
DE,BR,flora,2004,1,0
DE,BR,flora,2005,3,0
DE,BR,flora,2008,1,0
DE,BR,flora,2009,18,0
DE,BR,flora,2010,15,0
DE,BR,flora,2011,15,0
DE,BR,flora,2012,15,0
DE,BR,flora,2013,12,0
DE,BR,flora,2014,16,0
DE,BR,flora,2015,17,0
DE,BR,flora,2016,4,0
DE,BR,flora,2017,15,0
DE,BR,flora,2018,33,0
DE,BR,flora,2019,33,0
DE,BR,flora,2020,22,0
DE,BR,flora,2021,13,0
DE,BR,flora,2022,15,0
DE,BR,flora,2023,30,0
DE,BR,flora,2024,37,0
DE,BS,fauna,1999,2,0
DE,BS,fauna,2004,1,0
DE,BS,fauna,2011,9,0
DE,BS,fauna,2012,11,0
DE,BS,fauna,2013,8,0
DE,BS,fauna,2014,18,0
DE,BS,fauna,2015,7,0
DE,BS,fauna,2016,2,0
DE,BS,fauna,2017,5,0
DE,BS,fauna,2018,4,0
DE,BS,fauna,2019,8,0
DE,BS,fauna,2020,7,0
DE,BS,fauna,2022,2,0
DE,BZ,fauna,1998,2,0
DE,BZ,fauna,2017,1,0
DE,BZ,flora,2000,1,0
DE,CL,fauna,1980,1,0
DE,CL,fauna,1987,1,0
DE,CL,fauna,1989,1,0
DE,CL,fauna,1993,1,0
DE,CL,fauna,1994,2,0
DE,CL,fauna,1995,8,0
DE,CL,fauna,1997,10,0
DE,CL,fauna,1998,8,0
DE,CL,fauna,1999,5,0
DE,CL,fauna,2000,11,0
DE,CL,fauna,2001,3,0
DE,CL,fauna,2002,16,0
DE,CL,fauna,2003,21,0
DE,CL,fauna,2004,22,0
DE,CL,fauna,2005,3,0
DE,CL,fauna,2006,22,0
DE,CL,fauna,2007,11,0
DE,CL,fauna,2008,51,0
DE,CL,fauna,2009,45,0
DE,CL,fauna,2010,57,0
DE,CL,fauna,2011,50,0
DE,CL,fauna,2012,58,0
DE,CL,fauna,2013,41,0
DE,CL,fauna,2014,52,0
DE,CL,fauna,2015,71,0
DE,CL,fauna,2016,39,0
DE,CL,fauna,2017,75,0
DE,CL,fauna,2018,87,0
DE,CL,fauna,2019,101,0
DE,CL,fauna,2020,53,0
DE,CL,fauna,2021,78,0
DE,CL,fauna,2022,75,0
DE,CL,fauna,2023,77,0
DE,CL,fauna,2024,44,0
DE,CL,flora,1994,2,0
DE,CL,flora,1995,58,0
DE,CL,flora,1996,4,0
DE,CL,flora,1997,15,0
DE,CL,flora,1998,9,0
DE,CL,flora,1999,15,0
DE,CL,flora,2000,17,0
DE,CL,flora,2001,7,0
DE,CL,flora,2002,7,0
DE,CL,flora,2003,10,0
DE,CL,flora,2004,4,0
DE,CL,flora,2005,3,0
DE,CL,flora,2009,1,0
DE,CL,flora,2010,2,0
DE,CL,flora,2011,4,0
DE,CL,flora,2012,2,0
DE,CL,flora,2014,2,0
DE,CL,flora,2015,1,0
DE,CL,flora,2016,6,0
DE,CL,flora,2017,12,0
DE,CL,flora,2018,6,0
DE,CL,flora,2019,3,0
DE,CL,flora,2020,5,0
DE,CL,flora,2021,10,0
DE,CL,flora,2022,6,0
DE,CL,flora,2023,5,0
DE,CO,fauna,1980,1,0
DE,CO,fauna,1983,1,0
DE,CO,fauna,1984,3,0
DE,CO,fauna,1991,1,0
DE,CO,fauna,1993,1,0
DE,CO,fauna,1997,5,0
DE,CO,fauna,1998,5,0
DE,CO,fauna,1999,4,0
DE,CO,fauna,2000,1,0
DE,CO,fauna,2001,3,0
DE,CO,fauna,2004,1,0
DE,CO,fauna,2006,2,0
DE,CO,fauna,2007,6,0
DE,CO,fauna,2008,19,0
DE,CO,fauna,2009,12,0
DE,CO,fauna,2010,19,0
DE,CO,fauna,2011,18,0
DE,CO,fauna,2012,20,0
DE,CO,fauna,2013,16,0
DE,CO,fauna,2014,24,0
DE,CO,fauna,2015,26,0
DE,CO,fauna,2016,33,0
DE,CO,fauna,2017,58,0
DE,CO,fauna,2018,94,0
DE,CO,fauna,2019,93,0
DE,CO,fauna,2020,75,0
DE,CO,fauna,2021,124,0
DE,CO,fauna,2022,133,0
DE,CO,fauna,2023,86,0
DE,CO,fauna,2024,71,0
DE,CO,flora,1986,12,0
DE,CO,flora,1987,1,0
DE,CO,flora,1992,5,0
DE,CO,flora,1999,1,0
DE,CO,flora,2001,1,0
DE,CO,flora,2008,1,0
DE,CO,flora,2009,2,0
DE,CO,flora,2013,1,0
DE,CO,flora,2018,3,0
DE,CO,flora,2019,34,0
DE,CO,flora,2020,35,0
DE,CO,flora,2021,40,0
DE,CO,flora,2022,28,0
DE,CO,flora,2023,18,0
DE,CO,flora,2024,10,0
DE,CR,fauna,1985,1,0
DE,CR,fauna,1988,1,0
DE,CR,fauna,1989,1,0
DE,CR,fauna,1993,1,0
DE,CR,fauna,1994,3,0
DE,CR,fauna,1997,1,0
DE,CR,fauna,1998,6,0
DE,CR,fauna,2000,4,0
DE,CR,fauna,2004,1,0
DE,CR,fauna,2005,2,0
DE,CR,fauna,2006,1,0
DE,CR,fauna,2007,10,0
DE,CR,fauna,2008,15,0
DE,CR,fauna,2009,16,0
DE,CR,fauna,2010,19,0
DE,CR,fauna,2011,29,0
DE,CR,fauna,2012,47,0
DE,CR,fauna,2013,30,0
DE,CR,fauna,2014,21,0
DE,CR,fauna,2015,21,0
DE,CR,fauna,2016,13,0
DE,CR,fauna,2017,18,0
DE,CR,fauna,2018,4,0
DE,CR,fauna,2020,5,0
DE,CR,fauna,2021,3,0
DE,CR,fauna,2022,1,0
DE,CR,fauna,2023,11,0
DE,CR,fauna,2024,2,0
DE,CR,flora,1987,1,0
DE,CR,flora,1994,43,0
DE,CR,flora,1995,1,0
DE,CR,flora,1996,8,0
DE,CR,flora,1997,5,0
DE,CR,flora,1998,6,0
DE,CR,flora,1999,1,0
DE,CR,flora,2001,2,0
DE,CR,flora,2004,39,0
DE,CR,flora,2007,3,0
DE,CR,flora,2008,152,0
DE,CR,flora,2010,1,0
DE,CR,flora,2011,166,0
DE,CR,flora,2012,1,0
DE,CR,flora,2013,47,0
DE,CR,flora,2016,6,0
DE,CR,flora,2017,1,0
DE,CR,flora,2018,1,0
DE,CR,flora,2019,24,0
DE,CR,flora,2020,9,0
DE,CR,flora,2021,10,0
DE,CR,flora,2022,6,0
DE,CR,flora,2023,7,0
DE,CR,flora,2024,6,0
DE,CU,fauna,1979,2,0
DE,CU,fauna,1980,5,0
DE,CU,fauna,1981,6,0
DE,CU,fauna,1983,1,0
DE,CU,fauna,1995,6,0
DE,CU,fauna,1996,2,0
DE,CU,fauna,1997,7,0
DE,CU,fauna,1998,1,0
DE,CU,fauna,1999,2,0
DE,CU,fauna,2015,4,0
DE,CU,fauna,2024,1,0
DE,DM,fauna,2016,1,0
DE,DO,fauna,1981,3,0
DE,DO,fauna,1982,14,0
DE,DO,fauna,1983,3,0
DE,DO,fauna,1987,21,0
DE,DO,fauna,1988,8,0
DE,DO,fauna,1993,1,0
DE,DO,fauna,1996,2,0
DE,DO,fauna,1997,20,0
DE,DO,fauna,2001,1,0
DE,DO,fauna,2002,1,0
DE,DO,fauna,2004,11,0
DE,DO,fauna,2006,4,0
DE,DO,fauna,2008,1,0
DE,DO,fauna,2009,13,0
DE,DO,fauna,2010,16,0
DE,DO,fauna,2011,15,0
DE,DO,fauna,2012,12,0
DE,DO,fauna,2013,9,0
DE,DO,fauna,2014,15,0
DE,DO,fauna,2015,12,0
DE,DO,fauna,2016,20,0
DE,DO,fauna,2017,22,0
DE,DO,fauna,2018,30,0
DE,DO,fauna,2019,39,0
DE,DO,fauna,2020,23,0
DE,DO,fauna,2021,8,0
DE,DO,fauna,2022,7,0
DE,DO,fauna,2024,3,0
DE,DO,flora,1994,1,0
DE,DO,flora,1995,1,0
DE,DO,flora,1998,1,0
DE,DO,flora,2002,1,0
DE,DO,flora,2011,6,0
DE,DO,flora,2021,1,0
DE,DO,flora,2022,1,0
DE,EC,fauna,1981,1,0
DE,EC,fauna,1987,1,0
DE,EC,fauna,1988,1,0
DE,EC,fauna,1993,1,0
DE,EC,fauna,1997,2,0
DE,EC,fauna,1998,2,0
DE,EC,fauna,2001,1,0
DE,EC,fauna,2002,4,0
DE,EC,fauna,2003,3,0
DE,EC,fauna,2004,1,0
DE,EC,fauna,2005,3,0
DE,EC,fauna,2007,1,0
DE,EC,fauna,2008,13,0
DE,EC,fauna,2009,7,0
DE,EC,fauna,2010,10,0
DE,EC,fauna,2011,11,0
DE,EC,fauna,2012,19,0
DE,EC,fauna,2013,32,0
DE,EC,fauna,2014,24,0
DE,EC,fauna,2015,18,0
DE,EC,fauna,2016,26,0
DE,EC,fauna,2017,32,0
DE,EC,fauna,2018,22,0
DE,EC,fauna,2019,53,0
DE,EC,fauna,2020,39,0
DE,EC,fauna,2021,54,0
DE,EC,fauna,2022,56,0
DE,EC,fauna,2023,50,0
DE,EC,fauna,2024,50,0
DE,EC,flora,2005,45,0
DE,EC,flora,2009,18,0
DE,EC,flora,2010,1,0
DE,EC,flora,2012,125,0
DE,EC,flora,2014,1,0
DE,EC,flora,2017,1,0
DE,EC,flora,2018,1,0
DE,EC,flora,2019,3,0
DE,EC,flora,2020,9,0
DE,EC,flora,2021,10,0
DE,EC,flora,2022,7,0
DE,EC,flora,2023,5,0
DE,EC,flora,2024,2,0
DE,GD,fauna,1997,1,0
DE,GD,fauna,2012,3,0
DE,GD,fauna,2013,1,0
DE,GT,fauna,1985,1,0
DE,GT,fauna,2001,1,0
DE,GT,fauna,2007,1,0
DE,GT,fauna,2008,10,0
DE,GT,fauna,2009,6,0
DE,GT,fauna,2010,4,0
DE,GT,fauna,2011,6,0
DE,GT,fauna,2012,10,0
DE,GT,fauna,2013,14,0
DE,GT,fauna,2014,13,0
DE,GT,fauna,2015,13,0
DE,GT,fauna,2016,10,0
DE,GT,fauna,2017,22,0
DE,GT,fauna,2018,18,0
DE,GT,fauna,2019,18,0
DE,GT,fauna,2020,13,0
DE,GT,fauna,2021,29,0
DE,GT,fauna,2022,27,0
DE,GT,fauna,2023,17,0
DE,GT,fauna,2024,8,0
DE,GT,flora,1995,1,0
DE,GT,flora,1998,6,0
DE,GT,flora,1999,2,0
DE,GT,flora,2000,25,0
DE,GT,flora,2001,1,0
DE,GT,flora,2002,2,0
DE,GT,flora,2003,2,0
DE,GT,flora,2004,1,0
DE,GT,flora,2005,1,0
DE,GT,flora,2010,1,0
DE,GT,flora,2012,1,0
DE,GT,flora,2013,2,0
DE,GT,flora,2014,3,0
DE,GT,flora,2015,1,0
DE,GT,flora,2016,1,0
DE,GT,flora,2017,1,0
DE,GT,flora,2018,1,0
DE,GT,flora,2019,1,0
DE,GT,flora,2020,5,0
DE,GT,flora,2021,18,0
DE,GT,flora,2022,5,0
DE,GT,flora,2023,3,0
DE,GT,flora,2024,1,0
DE,HN,fauna,1997,11,0
DE,HN,fauna,2000,1,0
DE,HN,fauna,2001,2,0
DE,HN,fauna,2009,2,0
DE,HN,fauna,2010,3,0
DE,HN,fauna,2011,5,0
DE,HN,fauna,2012,3,0
DE,HN,fauna,2013,3,0
DE,HN,fauna,2014,5,0
DE,HN,fauna,2015,9,0
DE,HN,fauna,2016,10,0
DE,HN,fauna,2017,8,0
DE,HN,fauna,2018,8,0
DE,HN,fauna,2019,4,0
DE,HN,fauna,2021,3,0
DE,HN,fauna,2022,1,0
DE,HN,fauna,2023,6,0
DE,HN,fauna,2024,10,0
DE,HN,flora,1997,1,0
DE,HN,flora,1998,1,0
DE,HN,flora,1999,1,0
DE,HN,flora,2000,1,0
DE,HN,flora,2020,1,0
DE,HT,fauna,1982,1,0
DE,HT,fauna,2004,1,0
DE,HT,fauna,2005,1,0
DE,JM,fauna,1984,2,0
DE,JM,fauna,1987,5,0
DE,JM,fauna,1992,1,0
DE,JM,fauna,1997,1,0
DE,JM,fauna,2004,5,0
DE,JM,fauna,2008,3,0
DE,JM,fauna,2009,1,0
DE,JM,fauna,2011,3,0
DE,JM,fauna,2012,2,0
DE,JM,fauna,2013,1,0
DE,JM,fauna,2017,5,0
DE,JM,fauna,2020,2,0
DE,JM,flora,1977,1,0
DE,JM,flora,1996,1,0
DE,KN,fauna,1998,3,0
DE,LC,flora,2003,2,0
DE,MX,fauna,1980,6,0
DE,MX,fauna,1981,8,0
DE,MX,fauna,1983,2,0
DE,MX,fauna,1984,1,0
DE,MX,fauna,1985,3,0
DE,MX,fauna,1986,3,0
DE,MX,fauna,1987,2,0
DE,MX,fauna,1988,3,0
DE,MX,fauna,1989,10,0
DE,MX,fauna,1991,5,0
DE,MX,fauna,1992,6,0
DE,MX,fauna,1993,7,0
DE,MX,fauna,1994,36,0
DE,MX,fauna,1995,46,0
DE,MX,fauna,1996,4,0
DE,MX,fauna,1997,6,0
DE,MX,fauna,1998,9,0
DE,MX,fauna,1999,6,0
DE,MX,fauna,2000,31,3
DE,MX,fauna,2001,14,0
DE,MX,fauna,2002,10,0
DE,MX,fauna,2003,62,0
DE,MX,fauna,2004,38,0
DE,MX,fauna,2005,36,0
DE,MX,fauna,2006,67,1
DE,MX,fauna,2007,77,0
DE,MX,fauna,2008,149,0
DE,MX,fauna,2009,155,0
DE,MX,fauna,2010,185,0
DE,MX,fauna,2011,203,0
DE,MX,fauna,2012,156,0
DE,MX,fauna,2013,164,0
DE,MX,fauna,2014,204,0
DE,MX,fauna,2015,180,0
DE,MX,fauna,2016,134,0
DE,MX,fauna,2017,178,0
DE,MX,fauna,2018,193,0
DE,MX,fauna,2019,243,0
DE,MX,fauna,2020,161,0
DE,MX,fauna,2021,214,0
DE,MX,fauna,2022,97,0
DE,MX,fauna,2023,109,0
DE,MX,fauna,2024,130,0
DE,MX,flora,1995,57,0
DE,MX,flora,1996,57,0
DE,MX,flora,1997,8,0
DE,MX,flora,1998,12,0
DE,MX,flora,1999,10,0
DE,MX,flora,2000,2,0
DE,MX,flora,2001,5,0
DE,MX,flora,2002,7,0
DE,MX,flora,2003,3,0
DE,MX,flora,2004,1,0
DE,MX,flora,2005,6,0
DE,MX,flora,2006,6,0
DE,MX,flora,2007,4,0
DE,MX,flora,2008,6,0
DE,MX,flora,2009,4,0
DE,MX,flora,2010,9,0
DE,MX,flora,2011,11,0
DE,MX,flora,2012,13,0
DE,MX,flora,2013,8,0
DE,MX,flora,2014,11,0
DE,MX,flora,2015,20,0
DE,MX,flora,2016,6,0
DE,MX,flora,2017,14,0
DE,MX,flora,2018,42,0
DE,MX,flora,2019,47,0
DE,MX,flora,2020,17,0
DE,MX,flora,2021,29,0
DE,MX,flora,2022,16,0
DE,MX,flora,2023,8,0
DE,MX,flora,2024,9,0
DE,NI,fauna,1990,1,0
DE,NI,fauna,1991,1,0
DE,NI,fauna,1995,2,0
DE,NI,fauna,2010,1,0
DE,NI,fauna,2012,2,0
DE,NI,fauna,2020,2,0
DE,NI,fauna,2021,1,0
DE,NI,fauna,2022,1,0
DE,NI,fauna,2023,1,0
DE,NI,fauna,2024,3,0
DE,NI,flora,1994,1,0
DE,NI,flora,1995,2,0
DE,NI,flora,1997,2,0
DE,NI,flora,1998,3,0
DE,NI,flora,1999,3,0
DE,NI,flora,2000,2,0
DE,NI,flora,2001,2,0
DE,NI,flora,2002,5,0
DE,NI,flora,2003,2,0
DE,NI,flora,2004,1,0
DE,NI,flora,2005,3,0
DE,NI,flora,2006,2,0
DE,NI,flora,2007,1,0
DE,NI,flora,2008,3,0
DE,NI,flora,2009,4,0
DE,NI,flora,2010,3,0
DE,NI,flora,2011,4,0
DE,NI,flora,2012,4,0
DE,NI,flora,2013,3,0
DE,NI,flora,2014,6,0
DE,NI,flora,2015,5,0
DE,NI,flora,2016,3,0
DE,NI,flora,2017,1,0
DE,NI,flora,2019,3,0
DE,NI,flora,2021,1,0
DE,NI,flora,2022,2,0
DE,NI,flora,2023,1,0
DE,PA,fauna,1985,5,0
DE,PA,fauna,1986,6,0
DE,PA,fauna,1989,1,0
DE,PA,fauna,1990,1,0
DE,PA,fauna,1991,3,0
DE,PA,fauna,1992,2,0
DE,PA,fauna,1993,1,0
DE,PA,fauna,1994,2,0
DE,PA,fauna,1996,2,0
DE,PA,fauna,1997,1,0
DE,PA,fauna,1999,1,0
DE,PA,fauna,2000,8,0
DE,PA,fauna,2001,2,0
DE,PA,fauna,2002,9,0
DE,PA,fauna,2003,9,0
DE,PA,fauna,2004,18,0
DE,PA,fauna,2005,17,0
DE,PA,fauna,2006,16,0
DE,PA,fauna,2007,40,0
DE,PA,fauna,2008,52,0
DE,PA,fauna,2009,30,0
DE,PA,fauna,2010,37,0
DE,PA,fauna,2011,41,0
DE,PA,fauna,2012,46,0
DE,PA,fauna,2013,58,0
DE,PA,fauna,2014,62,0
DE,PA,fauna,2015,57,0
DE,PA,fauna,2016,44,0
DE,PA,fauna,2017,40,0
DE,PA,fauna,2018,65,0
DE,PA,fauna,2019,68,0
DE,PA,fauna,2020,71,0
DE,PA,fauna,2021,59,0
DE,PA,fauna,2022,69,1
DE,PA,fauna,2023,81,0
DE,PA,fauna,2024,35,0
DE,PA,fauna,2025,8,0
DE,PA,flora,1993,17,0
DE,PA,flora,2002,1,0
DE,PA,flora,2016,1,0
DE,PA,flora,2017,2,0
DE,PA,flora,2020,3,0
DE,PA,flora,2021,11,0
DE,PA,flora,2022,9,0
DE,PA,flora,2023,2,0
DE,PE,fauna,1980,1,0
DE,PE,fauna,1986,8,0
DE,PE,fauna,1987,5,0
DE,PE,fauna,1988,3,0
DE,PE,fauna,1992,1,0
DE,PE,fauna,1993,1,0
DE,PE,fauna,1994,1,0
DE,PE,fauna,1995,1,0
DE,PE,fauna,1997,2,0
DE,PE,fauna,1998,3,0
DE,PE,fauna,1999,1,0
DE,PE,fauna,2000,4,0
DE,PE,fauna,2001,1,0
DE,PE,fauna,2002,1,0
DE,PE,fauna,2006,1,0
DE,PE,fauna,2007,2,0
DE,PE,fauna,2008,14,0
DE,PE,fauna,2009,24,0
DE,PE,fauna,2010,15,0
DE,PE,fauna,2011,23,0
DE,PE,fauna,2012,18,0
DE,PE,fauna,2013,38,0
DE,PE,fauna,2014,18,0
DE,PE,fauna,2015,16,0
DE,PE,fauna,2016,13,0
DE,PE,fauna,2017,17,0
DE,PE,fauna,2018,15,0
DE,PE,fauna,2019,13,0
DE,PE,fauna,2020,17,0
DE,PE,fauna,2021,30,0
DE,PE,fauna,2022,18,0
DE,PE,fauna,2023,22,0
DE,PE,fauna,2024,20,0
DE,PE,flora,1993,16,0
DE,PE,flora,1995,1,0
DE,PE,flora,1997,1,0
DE,PE,flora,2001,1,0
DE,PE,flora,2002,2,0
DE,PE,flora,2009,8,0
DE,PE,flora,2011,1,0
DE,PE,flora,2019,16,0
DE,PE,flora,2020,10,0
DE,PE,flora,2021,11,0
DE,PE,flora,2022,5,0
DE,PE,flora,2023,3,0
DE,PY,fauna,1977,1,0
DE,PY,fauna,1981,1,0
DE,PY,fauna,1984,2,0
DE,PY,fauna,1987,1,0
DE,PY,fauna,1993,2,0
DE,PY,fauna,1995,1,0
DE,PY,fauna,1996,2,0
DE,PY,fauna,1998,1,0
DE,PY,fauna,2000,3,0
DE,PY,fauna,2004,10,0
DE,PY,fauna,2005,1,0
DE,PY,fauna,2007,1,0
DE,PY,fauna,2008,1,0
DE,PY,fauna,2009,2,0
DE,PY,fauna,2010,2,0
DE,PY,fauna,2011,10,0
DE,PY,fauna,2012,8,0
DE,PY,fauna,2013,16,0
DE,PY,fauna,2014,12,0
DE,PY,fauna,2015,12,0
DE,PY,fauna,2016,18,0
DE,PY,fauna,2017,17,0
DE,PY,fauna,2018,21,0
DE,PY,fauna,2019,21,0
DE,PY,fauna,2020,31,0
DE,PY,fauna,2021,22,0
DE,PY,fauna,2022,15,0
DE,PY,fauna,2023,18,0
DE,PY,fauna,2024,16,0
DE,PY,flora,1995,2,0
DE,PY,flora,1997,1,0
DE,PY,flora,2003,4,0
DE,PY,flora,2004,1,0
DE,PY,flora,2005,3,0
DE,PY,flora,2006,1,0
DE,PY,flora,2007,3,0
DE,PY,flora,2008,1,0
DE,PY,flora,2009,1,0
DE,PY,flora,2010,2,0
DE,PY,flora,2011,2,0
DE,PY,flora,2012,3,0
DE,PY,flora,2013,2,0
DE,PY,flora,2014,1,0
DE,PY,flora,2015,2,0
DE,PY,flora,2016,1,0
DE,PY,flora,2019,1,0
DE,PY,flora,2020,1,0
DE,PY,flora,2021,3,0
DE,PY,flora,2022,3,0
DE,SR,fauna,2014,2,0
DE,SV,fauna,1998,2,0
DE,SV,fauna,2007,9,0
DE,SV,fauna,2008,17,0
DE,SV,fauna,2009,27,0
DE,SV,fauna,2010,30,0
DE,SV,fauna,2011,28,0
DE,SV,fauna,2012,26,0
DE,SV,fauna,2013,21,0
DE,SV,fauna,2014,27,0
DE,SV,fauna,2015,37,0
DE,SV,fauna,2016,31,0
DE,SV,fauna,2017,30,0
DE,SV,fauna,2018,25,0
DE,SV,fauna,2019,34,0
DE,SV,fauna,2020,24,0
DE,SV,fauna,2021,20,0
DE,SV,fauna,2022,11,0
DE,SV,fauna,2023,17,0
DE,SV,fauna,2024,14,0
DE,SV,flora,1995,1,0
DE,SV,flora,2000,1,0
DE,SV,flora,2003,1,0
DE,SV,flora,2004,1,0
DE,SV,flora,2010,1,0
DE,SV,flora,2019,1,0
DE,SV,flora,2020,1,0
DE,SV,flora,2021,3,0
DE,TT,fauna,1992,3,0
DE,TT,fauna,1993,1,0
DE,TT,fauna,1995,3,0
DE,TT,fauna,1996,1,0
DE,TT,fauna,2001,3,0
DE,TT,fauna,2004,1,0
DE,TT,fauna,2005,2,0
DE,TT,fauna,2011,1,0
DE,TT,fauna,2013,1,0
DE,TT,fauna,2014,1,0
DE,TT,fauna,2015,1,0
DE,TT,fauna,2018,2,0
DE,TT,fauna,2019,4,0
DE,TT,fauna,2021,2,0
DE,TT,fauna,2022,3,0
DE,UY,fauna,1982,6,0
DE,UY,fauna,1983,1,0
DE,UY,fauna,1985,5,0
DE,UY,fauna,1987,1,0
DE,UY,fauna,1988,2,0
DE,UY,fauna,1992,2,0
DE,UY,fauna,1995,1,0
DE,UY,fauna,1998,2,0
DE,UY,fauna,1999,5,0
DE,UY,fauna,2000,8,0
DE,UY,fauna,2001,5,0
DE,UY,fauna,2002,2,0
DE,UY,fauna,2003,7,0
DE,UY,fauna,2004,9,0
DE,UY,fauna,2005,12,0
DE,UY,fauna,2006,16,0
DE,UY,fauna,2007,18,0
DE,UY,fauna,2008,45,0
DE,UY,fauna,2009,69,0
DE,UY,fauna,2010,83,0
DE,UY,fauna,2011,80,0
DE,UY,fauna,2012,79,0
DE,UY,fauna,2013,93,0
DE,UY,fauna,2014,94,0
DE,UY,fauna,2015,89,0
DE,UY,fauna,2016,85,0
DE,UY,fauna,2017,116,0
DE,UY,fauna,2018,186,0
DE,UY,fauna,2019,161,0
DE,UY,fauna,2020,112,0
DE,UY,fauna,2021,102,0
DE,UY,fauna,2022,100,0
DE,UY,fauna,2023,77,0
DE,UY,fauna,2024,104,0
DE,UY,flora,2006,1,0
DE,UY,flora,2008,2,0
DE,UY,flora,2016,1,0
DE,UY,flora,2020,3,0
DE,UY,flora,2021,18,0
DE,UY,flora,2022,6,0
DE,UY,flora,2023,1,0
DE,VC,fauna,2011,1,0
DE,VC,fauna,2017,1,0
DE,VC,fauna,2019,1,0
DE,VE,fauna,1982,1,0
DE,VE,fauna,1985,1,0
DE,VE,fauna,1986,2,0
DE,VE,fauna,1987,4,0
DE,VE,fauna,1988,5,0
DE,VE,fauna,1989,1,0
DE,VE,fauna,1990,1,0
DE,VE,fauna,1991,8,0
DE,VE,fauna,1992,7,0
DE,VE,fauna,1993,3,0
DE,VE,fauna,1994,4,0
DE,VE,fauna,1996,1,0
DE,VE,fauna,1998,4,0
DE,VE,fauna,1999,4,0
DE,VE,fauna,2000,2,0
DE,VE,fauna,2001,4,0
DE,VE,fauna,2002,4,0
DE,VE,fauna,2003,15,0
DE,VE,fauna,2004,16,0
DE,VE,fauna,2005,11,0
DE,VE,fauna,2006,8,0
DE,VE,fauna,2007,18,0
DE,VE,fauna,2008,16,0
DE,VE,fauna,2009,25,0
DE,VE,fauna,2010,14,0
DE,VE,fauna,2011,8,0
DE,VE,fauna,2012,4,0
DE,VE,fauna,2013,10,0
DE,VE,fauna,2014,1,0
DE,VE,fauna,2015,4,0
DE,VE,fauna,2016,1,0
DE,VE,fauna,2017,3,0
DE,VE,fauna,2021,11,0
DE,VE,fauna,2022,8,0
DE,VE,fauna,2023,4,0
DE,VE,fauna,2024,4,0
DE,VE,flora,1993,184,0
DE,VE,flora,1994,27,0
DE,VE,flora,1995,35,0
DE,VE,flora,1997,1,0
DE,VE,flora,2000,1,0
DE,VE,flora,2011,2,0
DE,VE,flora,2013,1,0
DE,VE,flora,2017,1,0
DE,VE,flora,2020,4,0
DE,VE,flora,2021,1,0
DE,VE,flora,2023,2,0
DK,AR,fauna,1977,1,0
DK,AR,fauna,1985,3,0
DK,AR,fauna,1986,5,0
DK,AR,fauna,1989,3,0
DK,AR,fauna,1994,2,0
DK,AR,fauna,1998,2,0
DK,AR,fauna,1999,1,0
DK,AR,fauna,2001,5,0
DK,AR,fauna,2002,1,0
DK,AR,fauna,2019,1,0
DK,BB,fauna,1983,1,0
DK,BB,fauna,1984,4,0
DK,BB,fauna,1985,5,0
DK,BB,fauna,1986,3,0
DK,BB,fauna,1997,1,0
DK,BB,fauna,2022,1,0
DK,BR,fauna,1982,6,0
DK,BR,fauna,1987,2,0
DK,BR,fauna,1988,4,0
DK,BR,fauna,1989,1,0
DK,BR,fauna,1992,3,0
DK,BR,fauna,1993,1,0
DK,BR,fauna,1994,1,0
DK,BR,fauna,1995,4,0
DK,BR,fauna,1998,16,0
DK,BR,fauna,1999,52,0
DK,BR,fauna,2000,36,0
DK,BR,fauna,2001,7,0
DK,BR,fauna,2002,1,0
DK,BR,fauna,2003,1,0
DK,BR,fauna,2005,3,0
DK,BR,fauna,2016,6,0
DK,BR,fauna,2017,1,0
DK,BR,fauna,2018,1,0
DK,BR,fauna,2021,1,0
DK,BR,fauna,2023,1,0
DK,BR,fauna,2024,12,0
DK,BR,flora,2016,1,0
DK,BS,fauna,1983,8,0
DK,BS,fauna,1984,10,0
DK,BS,fauna,1986,3,0
DK,BS,fauna,1987,5,0
DK,BS,fauna,1999,1,0
DK,BS,fauna,2000,2,0
DK,BS,flora,2016,1,0
DK,CL,fauna,1984,1,0
DK,CL,fauna,1998,1,0
DK,CL,fauna,1999,12,0
DK,CL,fauna,2000,9,0
DK,CL,fauna,2001,6,0
DK,CL,fauna,2003,11,0
DK,CL,fauna,2004,4,0
DK,CL,fauna,2005,7,0
DK,CL,fauna,2006,1,0
DK,CL,fauna,2013,1,0
DK,CL,fauna,2016,2,0
DK,CL,fauna,2018,1,0
DK,CL,flora,2015,3,0
DK,CO,fauna,1979,1,0
DK,CO,fauna,1995,1,0
DK,CO,fauna,2001,3,0
DK,CR,flora,1996,2,0
DK,DM,fauna,2009,1,0
DK,DO,flora,2010,2,0
DK,HN,fauna,1988,8,0
DK,JM,fauna,2000,4,0
DK,JM,flora,2017,1,0
DK,KN,fauna,1984,2,0
DK,KN,fauna,1987,2,0
DK,MX,fauna,1979,2,0
DK,MX,fauna,1980,2,0
DK,MX,fauna,1982,4,0
DK,MX,fauna,1993,6,0
DK,MX,fauna,1994,1,0
DK,MX,fauna,1995,1,0
DK,MX,fauna,1999,1,0
DK,MX,fauna,2001,4,0
DK,MX,fauna,2018,1,0
DK,MX,fauna,2022,1,0
DK,MX,flora,2018,1,0
DK,NI,fauna,1997,1,0
DK,NI,fauna,2011,1,0
DK,NI,fauna,2015,1,0
DK,PA,fauna,1983,2,0
DK,PA,fauna,2000,2,0
DK,PA,fauna,2001,2,0
DK,PA,fauna,2013,6,0
DK,PA,fauna,2014,4,0
DK,PE,fauna,2019,3,0
DK,PY,fauna,1983,1,0
DK,SV,fauna,1994,1,0
DK,TT,fauna,1986,1,0
DK,VE,fauna,1981,1,0
DK,VE,fauna,2001,3,0
DK,VE,fauna,2008,2,0
DK,VE,fauna,2009,1,0
DM,AG,fauna,2012,4,0
DM,AG,fauna,2013,5,0
DM,AI,fauna,2021,2,0
DM,CA,fauna,1985,1,0
DM,CA,fauna,2008,3,0
DM,CA,fauna,2009,2,0
DM,CA,fauna,2010,2,0
DM,CA,fauna,2011,2,0
DM,CA,fauna,2012,2,0
DM,CA,fauna,2014,5,0
DM,CA,fauna,2015,3,0
DM,CA,fauna,2016,5,0
DM,CA,fauna,2017,3,0
DM,CA,fauna,2018,2,0
DM,CH,fauna,2016,1,0
DM,CH,flora,2009,2,0
DM,DE,fauna,1987,1,0
DM,DE,fauna,1994,1,0
DM,DE,fauna,1996,2,0
DM,DE,fauna,2018,2,0
DM,ES,fauna,1997,3,3
DM,FR,fauna,2015,2,0
DM,GB,fauna,1979,1,0
DM,GB,fauna,1986,1,0
DM,GB,fauna,1991,1,0
DM,GB,fauna,1993,1,0
DM,GB,fauna,2015,1,0
DM,GB,flora,1989,8,0
DM,JP,fauna,1999,1,0
DM,JP,fauna,2000,1,0
DM,JP,fauna,2012,2,0
DM,JP,fauna,2013,5,0
DM,JP,fauna,2017,1,0
DM,MQ,fauna,2012,5,0
DM,MQ,fauna,2013,5,0
DM,NZ,fauna,1999,1,1
DM,PL,fauna,2008,1,1
DM,TT,flora,2021,1,0
DM,US,fauna,1983,6,1
DM,US,fauna,1984,1,1
DM,US,fauna,1985,1,0
DM,US,fauna,1989,2,1
DM,US,fauna,1990,1,0
DM,US,fauna,1991,1,1
DM,US,fauna,1992,1,0
DM,US,fauna,1993,3,0
DM,US,fauna,1994,8,0
DM,US,fauna,1995,2,0
DM,US,fauna,1997,2,1
DM,US,fauna,1998,1,0
DM,US,fauna,2000,2,0
DM,US,fauna,2001,15,6
DM,US,fauna,2003,1,0
DM,US,fauna,2007,1,1
DM,US,fauna,2009,3,1
DM,US,fauna,2010,1,0
DM,US,fauna,2015,5,2
DM,US,fauna,2016,16,0
DM,US,fauna,2019,1,0
DM,US,fauna,2021,2,1
DM,US,fauna,2022,1,1
DM,US,flora,1981,1,0
DM,US,flora,1983,17,0
DM,US,flora,1987,2,1
DM,US,flora,1988,1,1
DM,US,flora,1995,28,0
DM,US,flora,2013,1,0
DM,VC,fauna,2000,4,0
DM,VC,fauna,2001,6,0
DM,XX,fauna,2012,1,0
DM,XX,fauna,2018,1,0
DM,XX,fauna,2021,2,0
DM,ZA,fauna,2008,1,0
DM,ZA,fauna,2020,1,0
DO,AE,fauna,2008,4,0
DO,AG,flora,2023,4,0
DO,AG,flora,2024,1,0
DO,AN,fauna,1993,1,0
DO,AN,fauna,1997,1,0
DO,AN,fauna,1998,4,0
DO,AN,fauna,2000,1,0
DO,AN,fauna,2001,1,0
DO,AN,fauna,2002,4,0
DO,AN,fauna,2004,2,0
DO,AN,flora,1999,1,0
DO,AN,flora,2000,2,0
DO,AN,flora,2001,3,0
DO,AN,flora,2002,3,0
DO,AN,flora,2004,30,0
DO,AN,flora,2006,2,0
DO,AN,flora,2007,4,0
DO,AN,flora,2008,4,0
DO,AN,flora,2009,4,0
DO,AN,flora,2010,5,0
DO,AN,flora,2011,12,0
DO,AN,flora,2012,3,0
DO,AN,flora,2013,3,0
DO,AR,flora,2006,4,0
DO,AT,fauna,1985,2,0
DO,AT,fauna,1986,4,0
DO,AT,fauna,2001,12,12
DO,AT,fauna,2002,1,1
DO,AT,fauna,2003,1,1
DO,AT,fauna,2006,1,1
DO,AT,fauna,2008,1,1
DO,AT,fauna,2009,2,2
DO,AU,fauna,1978,1,0
DO,AU,fauna,1980,1,0
DO,AW,flora,2006,6,0
DO,AW,flora,2007,4,0
DO,AW,flora,2011,1,0
DO,BE,fauna,2013,1,0
DO,BE,flora,1989,2,0
DO,BE,flora,1993,1,0
DO,BE,flora,1999,1,0
DO,BO,flora,2001,1,0
DO,BO,flora,2007,2,0
DO,BS,fauna,2012,2,0
DO,BS,fauna,2013,2,0
DO,BS,flora,2000,2,0
DO,BS,flora,2003,10,0
DO,BS,flora,2006,8,0
DO,CA,fauna,1985,1,0
DO,CA,fauna,1998,3,0
DO,CA,fauna,1999,3,0
DO,CA,fauna,2000,4,0
DO,CA,fauna,2001,5,0
DO,CA,fauna,2002,3,0
DO,CA,fauna,2004,3,0
DO,CA,fauna,2006,7,0
DO,CA,fauna,2007,2,0
DO,CA,fauna,2014,2,0
DO,CA,fauna,2015,1,0
DO,CA,fauna,2016,1,0
DO,CA,fauna,2017,5,0
DO,CA,flora,2010,6,0
DO,CA,flora,2011,3,0
DO,CA,flora,2012,4,0
DO,CA,flora,2017,24,0
DO,CA,flora,2020,4,0
DO,CH,fauna,2000,2,0
DO,CH,fauna,2003,1,0
DO,CH,fauna,2004,3,0
DO,CH,fauna,2012,1,0
DO,CH,fauna,2013,3,0
DO,CH,fauna,2015,1,0
DO,CH,flora,1987,1,0
DO,CH,flora,1989,3,0
DO,CH,flora,1990,2,0
DO,CH,flora,1992,2,0
DO,CH,flora,1993,4,0
DO,CH,flora,2008,2,0
DO,CL,flora,2011,4,0
DO,CN,fauna,1999,2,0
DO,CO,fauna,1991,1,0
DO,CO,fauna,1995,6,0
DO,CO,fauna,2002,2,0
DO,CO,flora,2006,1,0
DO,CR,fauna,2000,1,0
DO,CR,flora,1989,11,0
DO,CR,flora,2007,14,0
DO,CR,flora,2008,3,0
DO,CU,fauna,1992,2,0
DO,CU,fauna,1996,3,0
DO,CU,fauna,1997,12,0
DO,CU,fauna,1998,4,0
DO,CU,fauna,1999,1,0
DO,CU,fauna,2000,1,0
DO,CU,fauna,2001,2,0
DO,CU,fauna,2002,12,0
DO,CU,fauna,2004,5,0
DO,CU,fauna,2005,1,0
DO,CU,fauna,2006,6,0
DO,CU,fauna,2007,3,0
DO,CU,fauna,2009,1,0
DO,CU,flora,2000,1,0
DO,CU,flora,2001,1,0
DO,CZ,fauna,2007,1,1
DO,CZ,fauna,2011,1,1
DO,DE,fauna,1980,1,0
DO,DE,fauna,1981,7,7
DO,DE,fauna,1982,6,1
DO,DE,fauna,1986,4,0
DO,DE,fauna,1987,1,0
DO,DE,fauna,1988,7,0
DO,DE,fauna,1989,4,0
DO,DE,fauna,1990,10,0
DO,DE,fauna,1991,1,0
DO,DE,fauna,1994,6,0
DO,DE,fauna,1996,1,0
DO,DE,fauna,1999,1,0
DO,DE,fauna,2000,1,0
DO,DE,fauna,2001,5,0
DO,DE,fauna,2002,14,0
DO,DE,fauna,2003,11,0
DO,DE,fauna,2004,9,0
DO,DE,fauna,2005,3,0
DO,DE,fauna,2006,3,0
DO,DE,fauna,2009,1,0
DO,DE,fauna,2019,3,0
DO,DE,flora,1986,2,0
DO,DE,flora,1987,33,0
DO,DE,flora,1996,6,0
DO,DE,flora,1997,1,0
DO,DE,flora,2012,1,0
DO,DE,flora,2017,2,0
DO,DE,flora,2021,1,0
DO,DK,fauna,1989,2,0
DO,DK,fauna,1990,1,0
DO,DK,fauna,1991,2,0
DO,DK,fauna,1993,2,0
DO,DK,fauna,2013,2,0
DO,DK,flora,1988,40,0
DO,DK,flora,1997,5,0
DO,DK,flora,1999,1,0
DO,DK,flora,2010,20,0
DO,DK,flora,2011,37,0
DO,DK,flora,2012,44,0
DO,DK,flora,2013,17,0
DO,DK,flora,2014,33,0
DO,DK,flora,2015,14,0
DO,DK,flora,2016,11,0
DO,DK,flora,2017,13,0
DO,DK,flora,2018,13,0
DO,DK,flora,2019,41,0
DO,DK,flora,2020,25,0
DO,DK,flora,2022,1,0
DO,DO,fauna,2002,1,0
DO,EC,flora,2004,9,0
DO,ES,fauna,1989,4,0
DO,ES,fauna,1990,2,0
DO,ES,fauna,1992,3,2
DO,ES,fauna,1993,1,0
DO,ES,fauna,1995,2,2
DO,ES,fauna,1996,2,1
DO,ES,fauna,1997,4,2
DO,ES,fauna,1998,4,1
DO,ES,fauna,1999,8,5
DO,ES,fauna,2000,2,2
DO,ES,fauna,2001,18,16
DO,ES,fauna,2002,7,7
DO,ES,fauna,2003,6,6
DO,ES,fauna,2004,11,9
DO,ES,fauna,2005,12,5
DO,ES,fauna,2007,3,0
DO,ES,fauna,2008,4,0
DO,ES,fauna,2009,2,2
DO,ES,fauna,2012,5,0
DO,ES,fauna,2016,23,0
DO,ES,fauna,2017,2,0
DO,ES,flora,1989,2,0
DO,ES,flora,1993,5,0
DO,ES,flora,1997,1,0
DO,ES,flora,2002,1,0
DO,ES,flora,2003,1,0
DO,ES,flora,2004,1,0
DO,ES,flora,2005,5,0
DO,ES,flora,2009,2,0
DO,ES,flora,2017,8,0
DO,FI,fauna,2009,1,1
DO,FJ,flora,2007,1,0
DO,FR,fauna,1994,1,0
DO,FR,fauna,2006,5,0
DO,FR,fauna,2007,1,0
DO,FR,fauna,2013,3,0
DO,FR,fauna,2015,5,0
DO,FR,fauna,2016,2,0
DO,FR,fauna,2017,1,0
DO,FR,fauna,2018,1,0
DO,FR,fauna,2021,2,0
DO,FR,fauna,2024,2,0
DO,FR,flora,1991,1,0
DO,FR,flora,1999,1,0
DO,FR,flora,2010,1,0
DO,FR,flora,2011,6,0
DO,FR,flora,2014,3,0
DO,FR,flora,2016,3,0
DO,FR,flora,2018,1,0
DO,GB,fauna,1980,1,0
DO,GB,fauna,1981,1,0
DO,GB,fauna,1982,3,0
DO,GB,fauna,1993,1,0
DO,GB,fauna,1994,2,0
DO,GB,fauna,1998,1,1
DO,GB,fauna,2000,4,4
DO,GB,fauna,2001,4,3
DO,GB,fauna,2002,6,6
DO,GB,fauna,2004,1,1
DO,GB,fauna,2007,1,1
DO,GB,fauna,2008,3,1
DO,GB,fauna,2010,4,0
DO,GB,flora,1977,4,0
DO,GB,flora,2007,4,0
DO,GB,flora,2022,88,0
DO,GF,flora,1990,5,0
DO,GP,flora,2006,8,0
DO,GP,flora,2007,6,0
DO,GP,flora,2010,1,0
DO,GP,flora,2011,6,0
DO,GT,flora,2008,3,0
DO,GT,flora,2009,1,0
DO,HT,fauna,2001,5,0
DO,HT,flora,2000,1,0
DO,HT,flora,2002,8,0
DO,HT,flora,2004,9,0
DO,HT,flora,2008,1,0
DO,HT,flora,2012,2,0
DO,IT,fauna,1985,3,0
DO,IT,fauna,1989,1,0
DO,IT,fauna,1991,1,0
DO,IT,fauna,1997,1,0
DO,IT,fauna,1999,4,0
DO,IT,fauna,2004,3,0
DO,IT,fauna,2015,2,0
DO,IT,flora,1992,8,0
DO,IT,flora,1997,1,0
DO,IT,flora,2004,4,0
DO,IT,flora,2005,2,0
DO,IT,flora,2006,2,0
DO,JM,fauna,2000,13,0
DO,JM,fauna,2005,1,0
DO,JM,flora,2010,3,0
DO,JM,flora,2015,2,0
DO,JP,fauna,1996,1,0
DO,JP,fauna,1997,1,0
DO,JP,fauna,1998,2,0
DO,JP,fauna,2012,2,0
DO,JP,fauna,2013,10,0
DO,JP,fauna,2017,4,0
DO,LU,fauna,1999,1,1
DO,LU,fauna,2018,1,0
DO,LU,fauna,2019,1,0
DO,MQ,fauna,1999,2,0
DO,MQ,flora,1992,15,0
DO,MQ,flora,1993,10,0
DO,MQ,flora,2009,2,0
DO,MQ,flora,2011,2,0
DO,MQ,flora,2012,4,0
DO,MQ,flora,2015,1,0
DO,MQ,flora,2016,1,0
DO,MX,fauna,1995,1,0
DO,MX,fauna,1997,1,0
DO,MX,fauna,1998,2,0
DO,MX,fauna,2003,1,0
DO,MX,fauna,2006,1,0
DO,MX,fauna,2016,1,0
DO,MX,flora,2005,5,0
DO,MX,flora,2017,40,0
DO,NL,fauna,1985,2,0
DO,NL,fauna,1994,2,0
DO,NL,flora,1985,1,0
DO,NL,flora,1989,2,0
DO,NL,flora,1990,1,0
DO,NL,flora,1992,14,0
DO,NL,flora,1993,4,0
DO,NL,flora,1994,11,0
DO,NL,flora,1998,12,1
DO,NL,flora,1999,16,0
DO,NL,flora,2000,14,0
DO,NL,flora,2001,10,0
DO,NL,flora,2002,1,0
DO,NL,flora,2003,6,0
DO,NL,flora,2004,10,0
DO,NL,flora,2005,2,0
DO,NL,flora,2006,12,0
DO,NL,flora,2007,15,0
DO,NL,flora,2008,7,0
DO,NL,flora,2009,25,0
DO,NL,flora,2010,16,0
DO,NL,flora,2011,26,0
DO,NL,flora,2012,17,0
DO,NL,flora,2013,27,0
DO,NL,flora,2014,39,0
DO,NL,flora,2015,40,0
DO,NL,flora,2016,32,0
DO,NL,flora,2017,50,0
DO,NL,flora,2018,47,0
DO,NL,flora,2019,58,0
DO,NL,flora,2020,54,0
DO,NL,flora,2021,3,0
DO,NO,fauna,2002,1,1
DO,NO,fauna,2004,1,1
DO,PA,fauna,1986,4,0
DO,PA,fauna,1991,2,0
DO,PA,fauna,2002,4,0
DO,PA,flora,2001,1,0
DO,PE,fauna,1998,1,0
DO,PE,fauna,1999,1,0
DO,PL,fauna,2004,1,1
DO,PL,fauna,2005,14,14
DO,PL,fauna,2009,2,2
DO,PR,fauna,1993,2,0
DO,PR,fauna,1997,6,0
DO,PR,fauna,1998,1,0
DO,PR,fauna,1999,1,0
DO,PR,fauna,2001,5,0
DO,PR,fauna,2002,5,0
DO,PR,fauna,2004,2,0
DO,PR,fauna,2008,2,0
DO,PR,fauna,2014,1,0
DO,PR,fauna,2015,3,0
DO,PR,flora,1989,3,0
DO,PR,flora,1995,40,0
DO,PR,flora,1997,23,0
DO,PR,flora,1998,6,0
DO,PR,flora,1999,46,0
DO,PR,flora,2001,1,0
DO,PR,flora,2002,49,0
DO,PR,flora,2004,112,0
DO,PR,flora,2006,75,0
DO,PR,flora,2007,56,0
DO,PR,flora,2008,27,0
DO,PR,flora,2009,25,0
DO,PR,flora,2010,4,0
DO,PR,flora,2011,11,0
DO,PR,flora,2012,4,0
DO,PR,flora,2013,1,0
DO,PR,flora,2017,6,0
DO,PR,flora,2022,4,0
DO,PT,fauna,1997,1,1
DO,PT,fauna,1999,1,1
DO,PT,fauna,2005,1,0
DO,PT,fauna,2008,2,2
DO,PT,fauna,2010,1,1
DO,RU,flora,2023,7,0
DO,RU,flora,2024,3,0
DO,SI,fauna,2004,1,1
DO,SR,fauna,2004,2,0
DO,SV,flora,2023,18,0
DO,SZ,flora,1989,2,0
DO,TC,flora,2002,1,0
DO,TT,flora,2004,7,0
DO,TT,flora,2007,4,0
DO,TT,flora,2008,5,0
DO,TT,flora,2009,4,0
DO,TW,fauna,2009,1,0
DO,TW,flora,2010,18,0
DO,TW,flora,2023,6,0
DO,US,fauna,1978,2,0
DO,US,fauna,1979,2,0
DO,US,fauna,1980,8,0
DO,US,fauna,1981,19,0
DO,US,fauna,1982,61,52
DO,US,fauna,1983,45,30
DO,US,fauna,1984,32,27
DO,US,fauna,1985,75,57
DO,US,fauna,1986,71,66
DO,US,fauna,1987,193,89
DO,US,fauna,1988,119,20
DO,US,fauna,1989,72,17
DO,US,fauna,1990,102,68
DO,US,fauna,1991,130,45
DO,US,fauna,1992,140,12
DO,US,fauna,1993,219,17
DO,US,fauna,1994,110,7
DO,US,fauna,1995,67,9
DO,US,fauna,1996,60,12
DO,US,fauna,1997,105,12
DO,US,fauna,1998,80,2
DO,US,fauna,1999,33,1
DO,US,fauna,2000,51,3
DO,US,fauna,2001,79,2
DO,US,fauna,2002,115,5
DO,US,fauna,2003,76,36
DO,US,fauna,2004,49,22
DO,US,fauna,2005,24,19
DO,US,fauna,2006,24,19
DO,US,fauna,2007,15,6
DO,US,fauna,2008,16,14
DO,US,fauna,2009,12,8
DO,US,fauna,2010,30,14
DO,US,fauna,2011,18,16
DO,US,fauna,2012,34,11
DO,US,fauna,2013,28,15
DO,US,fauna,2014,17,12
DO,US,fauna,2015,47,21
DO,US,fauna,2016,18,4
DO,US,fauna,2017,3,2
DO,US,fauna,2018,49,10
DO,US,fauna,2019,22,12
DO,US,fauna,2020,15,9
DO,US,fauna,2021,28,13
DO,US,fauna,2022,5,4
DO,US,fauna,2023,17,8
DO,US,fauna,2024,17,0
DO,US,flora,1978,5,0
DO,US,flora,1979,6,0
DO,US,flora,1980,24,0
DO,US,flora,1981,226,0
DO,US,flora,1982,188,0
DO,US,flora,1983,219,0
DO,US,flora,1984,246,3
DO,US,flora,1985,398,4
DO,US,flora,1986,624,4
DO,US,flora,1987,557,7
DO,US,flora,1988,598,15
DO,US,flora,1989,561,6
DO,US,flora,1990,691,5
DO,US,flora,1991,508,6
DO,US,flora,1992,575,15
DO,US,flora,1993,1341,19
DO,US,flora,1994,485,0
DO,US,flora,1995,353,4
DO,US,flora,1996,437,0
DO,US,flora,1997,455,2
DO,US,flora,1998,260,4
DO,US,flora,1999,667,0
DO,US,flora,2000,599,1
DO,US,flora,2001,480,1
DO,US,flora,2002,456,1
DO,US,flora,2003,247,1
DO,US,flora,2004,669,3
DO,US,flora,2005,128,3
DO,US,flora,2006,328,2
DO,US,flora,2007,516,0
DO,US,flora,2008,431,0
DO,US,flora,2009,182,2
DO,US,flora,2010,491,1
DO,US,flora,2011,616,0
DO,US,flora,2012,368,2
DO,US,flora,2013,369,0
DO,US,flora,2014,329,0
DO,US,flora,2015,427,4
DO,US,flora,2016,695,2
DO,US,flora,2017,795,1
DO,US,flora,2018,1081,0
DO,US,flora,2019,703,0
DO,US,flora,2020,549,0
DO,US,flora,2021,1877,1
DO,US,flora,2022,2310,0
DO,US,flora,2023,1204,0
DO,US,flora,2024,909,0
DO,VE,flora,2012,1,0
DO,VG,fauna,1998,2,0
DO,VG,fauna,2000,2,0
DO,VG,fauna,2001,3,0
DO,VG,fauna,2002,1,0
DO,VG,flora,1993,1,0
DO,VG,flora,1995,21,0
DO,VG,flora,2013,6,0
DO,VI,flora,1995,6,0
DO,VN,fauna,2016,1,0
DO,XV,fauna,1999,1,0
DO,XX,fauna,1990,1,0
DO,XX,fauna,2001,1,0
DO,XX,fauna,2017,8,0
DO,XX,fauna,2018,61,0
DO,XX,fauna,2019,15,0
DO,XX,fauna,2020,1,0
DO,XX,flora,1989,1,0
DO,XX,flora,2002,4,0
DO,XX,flora,2018,15,0
DO,XX,flora,2019,3,0
DO,XX,flora,2020,1,0
DO,ZA,flora,1989,1,0
EC,AN,fauna,2005,43,0
EC,AN,flora,2001,18,0
EC,AR,fauna,1987,1,0
EC,AR,fauna,1989,2,0
EC,AR,fauna,2002,1,0
EC,AR,fauna,2008,4,0
EC,AR,fauna,2011,4,0
EC,AR,fauna,2017,4,0
EC,AR,flora,1989,3,0
EC,AR,flora,1997,16,0
EC,AR,flora,1998,77,0
EC,AR,flora,1999,79,0
EC,AR,flora,2001,13,0
EC,AR,flora,2009,22,0
EC,AR,flora,2010,157,0
EC,AR,flora,2017,51,0
EC,AR,flora,2018,5,0
EC,AT,fauna,1988,2,0
EC,AT,flora,2008,1,1
EC,AU,flora,1988,13,0
EC,AU,flora,1991,14,0
EC,AU,flora,1996,51,0
EC,AU,flora,1997,9,0
EC,AU,flora,1998,29,0
EC,AU,flora,1999,51,0
EC,AU,flora,2001,288,0
EC,AU,flora,2004,922,0
EC,AU,flora,2005,160,0
EC,AU,flora,2007,51,0
EC,AU,flora,2008,41,0
EC,AU,flora,2009,260,0
EC,AU,flora,2013,3,0
EC,AU,flora,2015,236,0
EC,AU,flora,2016,175,0
EC,AU,flora,2017,7,0
EC,AW,flora,2009,121,0
EC,AW,flora,2010,50,0
EC,AW,flora,2018,4,0
EC,BB,flora,2017,5,0
EC,BE,fauna,1981,7,0
EC,BE,fauna,1982,4,0
EC,BE,fauna,1994,10,0
EC,BE,fauna,1996,6,0
EC,BE,fauna,1997,9,0
EC,BE,flora,1989,1,1
EC,BE,flora,1995,11,0
EC,BE,flora,2000,484,0
EC,BE,flora,2004,2330,0
EC,BE,flora,2006,9,0
EC,BE,flora,2007,1263,0
EC,BE,flora,2008,15,0
EC,BE,flora,2022,5,0
EC,BM,flora,1985,19,0
EC,BO,fauna,1999,2,0
EC,BO,flora,2004,1,0
EC,BO,flora,2018,5,0
EC,BO,flora,2019,2,0
EC,BO,flora,2021,2,0
EC,BR,fauna,1988,2,0
EC,BR,fauna,2004,1,0
EC,BR,fauna,2014,3,0
EC,BR,fauna,2015,6,1
EC,BR,fauna,2017,2,0
EC,BR,flora,1988,28,0
EC,BR,flora,1991,7,0
EC,BR,flora,1996,17,0
EC,BR,flora,1997,8,0
EC,BR,flora,1998,49,0
EC,BR,flora,1999,89,0
EC,BR,flora,2001,20,0
EC,BR,flora,2004,467,0
EC,BR,flora,2005,179,0
EC,BR,flora,2007,153,0
EC,BR,flora,2009,11,0
EC,BR,flora,2010,6,0
EC,BR,flora,2011,20,0
EC,BR,flora,2012,45,0
EC,BR,flora,2014,12,0
EC,BR,flora,2015,1,0
EC,BR,flora,2016,8,0
EC,BR,flora,2017,37,0
EC,CA,fauna,1978,1,0
EC,CA,fauna,1987,2,0
EC,CA,fauna,1991,1,0
EC,CA,fauna,1997,4,0
EC,CA,fauna,2005,3,0
EC,CA,fauna,2011,1,0
EC,CA,fauna,2014,1,0
EC,CA,fauna,2015,12,0
EC,CA,fauna,2017,3,0
EC,CA,fauna,2018,9,0
EC,CA,fauna,2019,1,0
EC,CA,fauna,2021,2,0
EC,CA,fauna,2022,5,0
EC,CA,fauna,2023,5,0
EC,CA,fauna,2024,5,0
EC,CA,flora,1985,23,0
EC,CA,flora,1987,15,0
EC,CA,flora,1995,35,0
EC,CA,flora,1997,6,0
EC,CA,flora,1998,35,0
EC,CA,flora,1999,61,0
EC,CA,flora,2001,30,0
EC,CA,flora,2004,1059,0
EC,CA,flora,2005,1578,0
EC,CA,flora,2007,1157,0
EC,CA,flora,2008,2032,0
EC,CA,flora,2009,1589,0
EC,CA,flora,2010,2265,0
EC,CA,flora,2011,2068,0
EC,CA,flora,2012,1764,0
EC,CA,flora,2013,741,0
EC,CA,flora,2014,2055,0
EC,CA,flora,2015,1727,0
EC,CA,flora,2016,2608,0
EC,CA,flora,2017,68,0
EC,CA,flora,2018,39,0
EC,CA,flora,2019,25,0
EC,CA,flora,2020,35,0
EC,CA,flora,2021,113,0
EC,CA,flora,2022,227,0
EC,CA,flora,2023,235,0
EC,CA,flora,2024,185,0
EC,CH,fauna,1981,4,0
EC,CH,fauna,1982,3,0
EC,CH,fauna,1992,1,0
EC,CH,fauna,1997,6,0
EC,CH,fauna,2002,1,0
EC,CH,fauna,2008,1,0
EC,CH,fauna,2009,23,0
EC,CH,fauna,2010,1,0
EC,CH,flora,1987,1,0
EC,CH,flora,1988,1,0
EC,CH,flora,1997,3,0
EC,CH,flora,2001,236,0
EC,CH,flora,2004,335,0
EC,CH,flora,2005,334,0
EC,CH,flora,2006,890,0
EC,CH,flora,2007,1579,0
EC,CH,flora,2008,1427,0
EC,CH,flora,2009,201,0
EC,CH,flora,2010,1817,0
EC,CH,flora,2011,841,0
EC,CH,flora,2012,1908,0
EC,CH,flora,2013,1061,0
EC,CH,flora,2014,228,0
EC,CH,flora,2015,865,0
EC,CH,flora,2017,558,0
EC,CH,flora,2018,329,0
EC,CH,flora,2019,367,0
EC,CH,flora,2020,809,0
EC,CH,flora,2021,714,0
EC,CH,flora,2022,878,0
EC,CH,flora,2023,811,0
EC,CL,fauna,1983,1,0
EC,CL,fauna,2022,1,0
EC,CL,fauna,2024,1,0
EC,CL,flora,2001,9,0
EC,CL,flora,2005,6,0
EC,CL,flora,2019,1,0
EC,CN,fauna,2004,81,0
EC,CN,fauna,2007,42,0
EC,CN,fauna,2008,10,0
EC,CN,fauna,2015,11,0
EC,CN,fauna,2022,2,0
EC,CN,flora,2009,3,0
EC,CN,flora,2010,28,0
EC,CN,flora,2011,22,0
EC,CN,flora,2012,58,0
EC,CN,flora,2013,15,0
EC,CN,flora,2014,234,0
EC,CN,flora,2015,51,0
EC,CN,flora,2016,8,0
EC,CN,flora,2017,7,0
EC,CN,flora,2018,14,0
EC,CN,flora,2019,18,0
EC,CN,flora,2020,1,0
EC,CN,flora,2021,4,0
EC,CN,flora,2022,10,0
EC,CN,flora,2023,3,0
EC,CN,flora,2024,9,0
EC,CO,fauna,1983,1,0
EC,CO,fauna,1997,1,0
EC,CO,fauna,1998,7,0
EC,CO,fauna,1999,7,0
EC,CO,fauna,2001,2,0
EC,CO,fauna,2002,4,0
EC,CO,fauna,2003,9,0
EC,CO,fauna,2004,2,0
EC,CO,fauna,2005,2,0
EC,CO,fauna,2007,3,0
EC,CO,fauna,2011,2,0
EC,CO,fauna,2018,4,0
EC,CO,fauna,2020,2,2
EC,CO,fauna,2021,2,0
EC,CO,fauna,2022,4,1
EC,CO,flora,1986,67,0
EC,CO,flora,1988,186,0
EC,CO,flora,1989,26,0
EC,CO,flora,1991,149,0
EC,CO,flora,1995,1,0
EC,CO,flora,1997,1,0
EC,CO,flora,1998,78,0
EC,CO,flora,1999,46,0
EC,CO,flora,2000,33,0
EC,CO,flora,2001,70,0
EC,CO,flora,2002,2,0
EC,CO,flora,2003,38,0
EC,CO,flora,2004,116,0
EC,CO,flora,2005,31,0
EC,CO,flora,2007,19,0
EC,CO,flora,2008,229,0
EC,CO,flora,2009,249,0
EC,CO,flora,2011,116,0
EC,CO,flora,2012,279,0
EC,CO,flora,2015,59,0
EC,CO,flora,2017,16,0
EC,CR,fauna,2017,1,0
EC,CR,flora,1985,1,0
EC,CR,flora,1986,65,0
EC,CR,flora,2001,319,0
EC,CR,flora,2005,53,0
EC,CR,flora,2008,49,0
EC,CR,flora,2009,99,0
EC,CU,fauna,1987,2,0
EC,CW,flora,2017,1,0
EC,CW,flora,2018,1,0
EC,CW,flora,2019,2,0
EC,CZ,fauna,1998,5,0
EC,CZ,fauna,2010,1,0
EC,CZ,flora,1998,25,0
EC,CZ,flora,2005,210,0
EC,CZ,flora,2008,94,0
EC,CZ,flora,2013,6,0
EC,CZ,flora,2017,164,0
EC,CZ,flora,2019,137,0
EC,CZ,flora,2022,145,0
EC,DD,flora,1990,1,0
EC,DE,fauna,1978,3,0
EC,DE,fauna,1981,59,0
EC,DE,fauna,1982,48,0
EC,DE,fauna,1985,1,0
EC,DE,fauna,1988,5,0
EC,DE,fauna,1989,4,0
EC,DE,fauna,1990,3,0
EC,DE,fauna,1991,3,0
EC,DE,fauna,1992,5,0
EC,DE,fauna,1994,4,0
EC,DE,fauna,1996,10,0
EC,DE,fauna,2000,4,0
EC,DE,fauna,2009,1,0
EC,DE,fauna,2010,1,0
EC,DE,fauna,2012,1,0
EC,DE,fauna,2013,9,0
EC,DE,fauna,2014,5,0
EC,DE,fauna,2015,2,0
EC,DE,fauna,2016,6,0
EC,DE,fauna,2018,5,0
EC,DE,fauna,2020,2,0
EC,DE,fauna,2021,14,0
EC,DE,fauna,2022,20,0
EC,DE,fauna,2023,2,0
EC,DE,fauna,2024,2,0
EC,DE,flora,1988,35,0
EC,DE,flora,1991,153,0
EC,DE,flora,1992,98,0
EC,DE,flora,1993,171,0
EC,DE,flora,1994,329,0
EC,DE,flora,1995,63,0
EC,DE,flora,1996,308,0
EC,DE,flora,1997,440,0
EC,DE,flora,1998,1111,0
EC,DE,flora,1999,312,0
EC,DE,flora,2001,582,0
EC,DE,flora,2002,84,0
EC,DE,flora,2003,512,0
EC,DE,flora,2004,1389,0
EC,DE,flora,2005,1799,0
EC,DE,flora,2006,2376,0
EC,DE,flora,2007,4033,0
EC,DE,flora,2008,11253,0
EC,DE,flora,2009,12388,0
EC,DE,flora,2010,11466,0
EC,DE,flora,2011,9642,0
EC,DE,flora,2012,14346,0
EC,DE,flora,2013,8891,0
EC,DE,flora,2014,11838,0
EC,DE,flora,2015,11391,0
EC,DE,flora,2016,13252,0
EC,DE,flora,2017,6117,0
EC,DE,flora,2018,7570,0
EC,DE,flora,2019,10496,0
EC,DE,flora,2020,9752,0
EC,DE,flora,2021,10494,0
EC,DE,flora,2022,12867,0
EC,DE,flora,2023,12155,0
EC,DE,flora,2024,14677,0
EC,DK,fauna,1987,1,0
EC,DK,fauna,2004,16,0
EC,DK,fauna,2007,56,0
EC,DK,fauna,2008,4,0
EC,DK,fauna,2009,3,0
EC,DK,fauna,2014,2,0
EC,DK,fauna,2016,8,0
EC,DK,fauna,2017,12,0
EC,DK,fauna,2018,13,0
EC,DK,fauna,2019,6,0
EC,DK,fauna,2021,2,0
EC,DK,fauna,2022,1,0
EC,DK,flora,1984,1,0
EC,DK,flora,1985,2,0
EC,DK,flora,1987,2,0
EC,DK,flora,1995,1,1
EC,DK,flora,1997,1,1
EC,DK,flora,2000,11,0
EC,DK,flora,2001,67,0
EC,DK,flora,2004,416,0
EC,DO,fauna,1997,2,0
EC,DO,flora,2007,1,0
EC,DO,flora,2008,9,0
EC,DO,flora,2017,3,0
EC,EC,flora,2010,13,0
EC,ES,fauna,1986,3,0
EC,ES,fauna,1988,6,0
EC,ES,fauna,1996,2,2
EC,ES,fauna,1999,1,1
EC,ES,fauna,2000,2,2
EC,ES,fauna,2001,2,2
EC,ES,fauna,2002,4,1
EC,ES,fauna,2003,2,2
EC,ES,fauna,2004,1,1
EC,ES,fauna,2005,1,1
EC,ES,fauna,2009,1,1
EC,ES,fauna,2017,2,0
EC,ES,fauna,2019,3,0
EC,ES,fauna,2020,8,0
EC,ES,fauna,2021,15,0
EC,ES,fauna,2022,14,0
EC,ES,fauna,2023,10,0
EC,ES,fauna,2024,17,0
EC,ES,flora,1998,71,1
EC,ES,flora,1999,3,0
EC,ES,flora,2001,17,0
EC,ES,flora,2003,328,0
EC,ES,flora,2004,162,1
EC,ES,flora,2007,2,0
EC,ES,flora,2008,41,0
EC,ES,flora,2012,8,0
EC,ES,flora,2014,11,0
EC,ES,flora,2016,4,0
EC,ES,flora,2017,3,0
EC,ET,fauna,1996,1,0
EC,FI,flora,2008,64,0
EC,FI,flora,2015,412,0
EC,FR,fauna,1980,1,0
EC,FR,fauna,1981,11,0
EC,FR,fauna,1982,6,0
EC,FR,fauna,1984,6,0
EC,FR,fauna,1997,1,0
EC,FR,fauna,2010,1,0
EC,FR,flora,2001,931,0
EC,FR,flora,2002,1024,0
EC,FR,flora,2003,1100,0
EC,FR,flora,2004,2594,0
EC,FR,flora,2005,3455,0
EC,FR,flora,2006,1377,0
EC,FR,flora,2007,2075,0
EC,FR,flora,2008,2201,0
EC,FR,flora,2009,886,0
EC,FR,flora,2010,973,0
EC,FR,flora,2011,326,0
EC,FR,flora,2012,955,1
EC,FR,flora,2013,586,0
EC,FR,flora,2014,1386,0
EC,FR,flora,2015,1370,0
EC,FR,flora,2016,1348,0
EC,FR,flora,2017,435,0
EC,FR,flora,2018,839,0
EC,FR,flora,2019,5,0
EC,FR,flora,2020,2,0
EC,FR,flora,2023,267,0
EC,GB,fauna,1981,7,0
EC,GB,fauna,1982,8,0
EC,GB,fauna,1984,2,0
EC,GB,fauna,1986,2,0
EC,GB,fauna,1990,1,0
EC,GB,fauna,1991,3,0
EC,GB,fauna,1992,1,0
EC,GB,fauna,1998,1,1
EC,GB,fauna,2001,1,1
EC,GB,fauna,2002,1,1
EC,GB,fauna,2003,2,1
EC,GB,fauna,2007,2,0
EC,GB,fauna,2008,4,4
EC,GB,fauna,2011,6,0
EC,GB,fauna,2013,2,0
EC,GB,fauna,2014,3,0
EC,GB,fauna,2015,4,0
EC,GB,fauna,2018,12,0
EC,GB,fauna,2019,1,0
EC,GB,fauna,2020,1,0
EC,GB,fauna,2021,4,0
EC,GB,fauna,2024,3,0
EC,GB,flora,1978,11,0
EC,GB,flora,1981,3,0
EC,GB,flora,1982,1,0
EC,GB,flora,1987,1,0
EC,GB,flora,1997,3,0
EC,GB,flora,1998,137,0
EC,GB,flora,1999,646,4
EC,GB,flora,2000,356,1
EC,GB,flora,2001,903,0
EC,GB,flora,2002,573,1
EC,GB,flora,2003,668,1
EC,GB,flora,2004,2041,4
EC,GB,flora,2005,1868,0
EC,GB,flora,2006,28,0
EC,GB,flora,2007,2184,0
EC,GB,flora,2008,84,1
EC,GB,flora,2017,6,0
EC,GB,flora,2021,213,0
EC,GB,flora,2022,838,0
EC,GB,flora,2023,788,0
EC,GB,flora,2024,1023,0
EC,GF,fauna,2003,2,0
EC,GT,flora,1988,22,0
EC,GT,flora,1991,13,0
EC,GT,flora,1998,5,0
EC,GT,flora,1999,10,0
EC,GT,flora,2012,907,0
EC,GT,flora,2013,393,0
EC,GT,flora,2014,449,0
EC,GT,flora,2015,1255,0
EC,GT,flora,2016,1624,0
EC,GT,flora,2017,12,0
EC,GT,flora,2018,19,0
EC,GT,flora,2019,5,0
EC,GT,flora,2020,5,0
EC,GT,flora,2021,8,0
EC,GT,flora,2022,7,0
EC,GT,flora,2023,3,0
EC,HK,fauna,2005,1,0
EC,HK,fauna,2015,29,0
EC,HK,fauna,2016,1,0
EC,HK,fauna,2017,2,0
EC,HK,fauna,2019,23,0
EC,HK,fauna,2021,4,0
EC,HK,fauna,2022,9,0
EC,HK,fauna,2024,1,0
EC,HK,flora,1996,3,0
EC,HK,flora,2004,57,0
EC,HK,flora,2008,68,0
EC,HK,flora,2009,121,0
EC,HK,flora,2010,45,0
EC,HK,flora,2012,58,0
EC,HK,flora,2014,20,0
EC,HK,flora,2015,7,0
EC,HK,flora,2016,66,0
EC,HK,flora,2017,132,0
EC,HK,flora,2018,4,0
EC,HK,flora,2019,7,0
EC,HK,flora,2020,109,0
EC,HK,flora,2021,1179,0
EC,HK,flora,2022,717,0
EC,HK,flora,2023,994,0
EC,HK,flora,2024,589,0
EC,HN,fauna,1991,3,0
EC,HU,flora,2005,470,0
EC,HU,flora,2006,623,0
EC,HU,flora,2008,57,0
EC,HU,flora,2010,37,0
EC,HU,flora,2011,461,0
EC,HU,flora,2019,2,0
EC,IL,flora,1998,1,0
EC,IL,flora,2007,23,0
EC,IL,flora,2020,1,0
EC,IN,flora,2019,2,0
EC,IS,fauna,2008,2,0
EC,IT,fauna,1980,2,0
EC,IT,fauna,1981,4,0
EC,IT,fauna,1987,3,0
EC,IT,fauna,1988,1,0
EC,IT,fauna,2003,13,0
EC,IT,fauna,2004,9,0
EC,IT,fauna,2005,26,0
EC,IT,fauna,2009,2,0
EC,IT,fauna,2012,25,0
EC,IT,fauna,2014,30,0
EC,IT,fauna,2015,4,0
EC,IT,flora,1985,28,0
EC,IT,flora,1991,17,0
EC,IT,flora,1995,7,0
EC,IT,flora,1996,3,0
EC,IT,flora,1997,4,0
EC,IT,flora,1998,42,0
EC,IT,flora,1999,10,0
EC,IT,flora,2001,16,0
EC,IT,flora,2004,43,0
EC,IT,flora,2005,2,0
EC,IT,flora,2008,89,0
EC,IT,flora,2017,3,0
EC,IT,flora,2018,2,0
EC,JM,flora,2017,2,0
EC,JP,fauna,1982,3,0
EC,JP,fauna,1983,12,0
EC,JP,fauna,1984,21,0
EC,JP,fauna,1985,22,0
EC,JP,fauna,2014,4,0
EC,JP,fauna,2015,4,0
EC,JP,fauna,2016,8,0
EC,JP,fauna,2017,2,0
EC,JP,fauna,2018,4,0
EC,JP,fauna,2019,4,0
EC,JP,flora,1987,25,0
EC,JP,flora,1989,1,0
EC,JP,flora,1992,12,0
EC,JP,flora,1994,58,0
EC,JP,flora,1995,165,0
EC,JP,flora,1996,256,0
EC,JP,flora,1997,432,0
EC,JP,flora,1998,477,0
EC,JP,flora,1999,1036,0
EC,JP,flora,2000,2719,0
EC,JP,flora,2001,1860,0
EC,JP,flora,2002,408,0
EC,JP,flora,2003,561,0
EC,JP,flora,2004,2561,0
EC,JP,flora,2005,2518,0
EC,JP,flora,2006,928,0
EC,JP,flora,2007,2129,0
EC,JP,flora,2008,1728,0
EC,JP,flora,2009,1233,0
EC,JP,flora,2010,2511,0
EC,JP,flora,2011,2615,0
EC,JP,flora,2012,3600,0
EC,JP,flora,2013,4413,0
EC,JP,flora,2014,2727,0
EC,JP,flora,2015,3335,0
EC,JP,flora,2016,2936,0
EC,JP,flora,2017,1591,0
EC,JP,flora,2018,2397,0
EC,JP,flora,2019,2223,0
EC,JP,flora,2020,1996,0
EC,JP,flora,2021,1065,0
EC,JP,flora,2022,1431,0
EC,JP,flora,2023,626,0
EC,JP,flora,2024,2320,0
EC,KE,fauna,1996,1,0
EC,KE,flora,2004,17,0
EC,KE,flora,2010,68,0
EC,KR,fauna,1987,2,0
EC,KR,fauna,2001,2,0
EC,KR,fauna,2018,8,0
EC,KR,flora,2018,1,0
EC,KR,flora,2019,20,0
EC,KR,flora,2021,98,0
EC,KR,flora,2022,42,0
EC,KR,flora,2023,167,0
EC,KR,flora,2024,86,0
EC,KW,flora,2021,4,0
EC,KW,flora,2022,4,0
EC,KZ,flora,2021,9,0
EC,LU,fauna,1989,1,1
EC,LU,fauna,2014,2,0
EC,MO,flora,2018,20,0
EC,MQ,flora,2018,1,0
EC,MV,flora,2023,1,0
EC,MX,fauna,1998,2,0
EC,MX,fauna,2005,1,0
EC,MX,fauna,2006,1,0
EC,MX,fauna,2007,10,0
EC,MX,fauna,2014,1,0
EC,MX,fauna,2016,3,0
EC,MX,fauna,2017,8,0
EC,MX,fauna,2022,3,0
EC,MX,flora,1983,1,0
EC,MX,flora,1986,1,0
EC,MX,flora,1988,31,0
EC,MX,flora,1989,2,0
EC,MX,flora,1990,1,0
EC,MX,flora,1993,28,0
EC,MX,flora,2004,2,0
EC,MX,flora,2005,33,0
EC,MX,flora,2007,1,0
EC,MX,flora,2017,6,0
EC,MX,flora,2018,1,0
EC,MX,flora,2019,2,0
EC,MX,flora,2020,1,0
EC,MY,flora,2007,7,0
EC,MY,flora,2012,13,0
EC,MY,flora,2017,2,0
EC,MY,flora,2019,2,0
EC,MY,flora,2020,1,0
EC,MY,flora,2021,2,0
EC,MY,flora,2022,2,0
EC,NE,fauna,1982,1,0
EC,NI,flora,2008,9,0
EC,NI,flora,2010,2,0
EC,NI,flora,2011,4,0
EC,NL,fauna,1981,42,0
EC,NL,fauna,1982,1,0
EC,NL,fauna,1984,7,7
EC,NL,fauna,1997,1,1
EC,NL,fauna,1998,2,2
EC,NL,fauna,2000,1,0
EC,NL,fauna,2013,6,0
EC,NL,fauna,2014,3,0
EC,NL,fauna,2015,31,0
EC,NL,fauna,2017,3,0
EC,NL,fauna,2018,3,0
EC,NL,fauna,2019,6,0
EC,NL,fauna,2020,6,0
EC,NL,fauna,2021,9,0
EC,NL,fauna,2022,10,0
EC,NL,flora,1985,76,0
EC,NL,flora,1986,1,1
EC,NL,flora,1989,1,1
EC,NL,flora,1997,2,1
EC,NL,flora,1998,28,2
EC,NL,flora,2004,4,0
EC,NL,flora,2005,169,0
EC,NL,flora,2007,119,0
EC,NL,flora,2008,736,0
EC,NL,flora,2010,205,0
EC,NL,flora,2015,38,0
EC,NO,fauna,1986,1,1
EC,NO,flora,2021,2,0
EC,NO,flora,2022,6,0
EC,NR,flora,2017,1,0
EC,NZ,fauna,1992,1,1
EC,NZ,fauna,1996,2,2
EC,NZ,fauna,1997,1,1
EC,NZ,fauna,2000,1,1
EC,NZ,fauna,2004,2,2
EC,NZ,fauna,2007,1,1
EC,NZ,fauna,2009,1,1
EC,NZ,fauna,2013,1,0
EC,NZ,flora,1996,2,2
EC,NZ,flora,1997,1,1
EC,NZ,flora,1999,1,1
EC,NZ,flora,2001,1,1
EC,PA,fauna,1992,6,0
EC,PA,flora,1988,49,0
EC,PA,flora,1995,1,0
EC,PA,flora,1997,1,0
EC,PA,flora,1998,10,0
EC,PA,flora,2001,4,0
EC,PA,flora,2003,1,0
EC,PA,flora,2004,230,0
EC,PE,fauna,2000,3,0
EC,PE,fauna,2001,11,0
EC,PE,fauna,2004,1,0
EC,PE,fauna,2005,1,0
EC,PE,fauna,2007,1,0
EC,PE,fauna,2014,1,1
EC,PE,fauna,2017,19,0
EC,PE,fauna,2018,217,0
EC,PE,fauna,2019,54,0
EC,PE,fauna,2020,22,0
EC,PE,fauna,2021,371,0
EC,PE,fauna,2022,161,0
EC,PE,fauna,2023,82,0
EC,PE,fauna,2024,14,0
EC,PE,flora,1991,16,0
EC,PE,flora,1997,8,0
EC,PE,flora,1998,19,0
EC,PE,flora,1999,11,0
EC,PE,flora,2001,2,0
EC,PE,flora,2009,5,0
EC,PE,flora,2017,6,0
EC,PE,flora,2018,1,0
EC,PH,flora,2019,2,0
EC,PH,flora,2020,2,0
EC,PL,fauna,2005,2,2
EC,PL,fauna,2008,1,1
EC,PL,fauna,2021,1,0
EC,PL,flora,2001,11,0
EC,PL,flora,2003,54,0
EC,PL,flora,2004,137,0
EC,PL,flora,2005,273,0
EC,PL,flora,2006,68,0
EC,PL,flora,2007,80,0
EC,PL,flora,2008,94,0
EC,PL,flora,2017,1,0
EC,PR,fauna,1992,3,0
EC,PR,flora,2007,1,0
EC,PR,flora,2008,1,0
EC,PR,flora,2009,6,0
EC,PR,flora,2010,2,0
EC,PR,flora,2018,6,0
EC,PR,flora,2019,2,0
EC,PR,flora,2021,2,0
EC,PT,flora,2014,1,0
EC,PY,flora,2017,3,0
EC,RU,fauna,1996,4,0
EC,RU,flora,2004,187,0
EC,RU,flora,2005,96,0
EC,RU,flora,2008,157,0
EC,RU,flora,2010,259,0
EC,RU,flora,2011,243,0
EC,RU,flora,2012,134,0
EC,RU,flora,2014,284,0
EC,RU,flora,2015,40,0
EC,RU,flora,2017,5,0
EC,RU,flora,2018,11,0
EC,RU,flora,2019,7,0
EC,RU,flora,2020,2,0
EC,RU,flora,2021,1,0
EC,SE,fauna,1994,5,0
EC,SE,fauna,2013,3,0
EC,SE,flora,1989,2,0
EC,SE,flora,1993,1,0
EC,SE,flora,2001,18,0
EC,SE,flora,2002,8,0
EC,SE,flora,2003,105,0
EC,SE,flora,2005,37,0
EC,SE,flora,2009,3,0
EC,SE,flora,2012,21,0
EC,SG,flora,2001,7,0
EC,SG,flora,2004,16,0
EC,SG,flora,2007,53,0
EC,SG,flora,2008,58,0
EC,SG,flora,2009,1,0
EC,SG,flora,2010,98,0
EC,SG,flora,2011,791,0
EC,SG,flora,2012,534,0
EC,SG,flora,2013,19,0
EC,SG,flora,2014,9,0
EC,SG,flora,2015,27,0
EC,SG,flora,2016,1322,0
EC,SG,flora,2017,31,0
EC,SG,flora,2018,48,0
EC,SG,flora,2019,37,0
EC,SG,flora,2020,33,0
EC,SG,flora,2021,55,0
EC,SG,flora,2022,37,0
EC,SG,flora,2023,36,0
EC,SG,flora,2024,22,0
EC,SI,flora,2008,29,0
EC,SI,flora,2009,58,0
EC,SR,flora,2007,23,0
EC,SU,flora,2007,201,0
EC,SV,flora,1988,20,0
EC,SV,flora,2009,20,0
EC,SV,flora,2014,2,0
EC,SV,flora,2016,237,0
EC,SV,flora,2017,2,0
EC,SV,flora,2018,17,0
EC,SV,flora,2020,8,0
EC,SV,flora,2022,15,0
EC,SV,flora,2023,36,0
EC,SZ,fauna,1992,1,0
EC,SZ,flora,1990,1,0
EC,TH,flora,2006,244,0
EC,TH,flora,2007,31,0
EC,TH,flora,2008,202,0
EC,TH,flora,2009,505,0
EC,TH,flora,2010,228,0
EC,TH,flora,2013,215,0
EC,TH,flora,2014,15,0
EC,TH,flora,2015,245,0
EC,TH,flora,2016,757,0
EC,TH,flora,2017,8,0
EC,TH,flora,2018,1,0
EC,TH,flora,2019,4,0
EC,TH,flora,2020,1,0
EC,TH,flora,2021,77,0
EC,TH,flora,2022,62,0
EC,TH,flora,2023,80,0
EC,TW,flora,1998,11,0
EC,TW,flora,1999,14,0
EC,TW,flora,2001,77,0
EC,TW,flora,2004,686,0
EC,TW,flora,2005,400,0
EC,TW,flora,2011,158,0
EC,TW,flora,2012,290,0
EC,TW,flora,2013,824,0
EC,TW,flora,2014,360,0
EC,TW,flora,2015,1126,0
EC,TW,flora,2016,1146,0
EC,TW,flora,2017,22,0
EC,TW,flora,2018,26,0
EC,TW,flora,2019,29,0
EC,TW,flora,2020,18,0
EC,TW,flora,2021,33,0
EC,TW,flora,2022,24,0
EC,UA,flora,2008,201,0
EC,UA,flora,2009,71,0
EC,UA,flora,2010,169,0
EC,UA,flora,2012,12,0
EC,UA,flora,2017,1,0
EC,UA,flora,2018,2,0
EC,US,fauna,1979,5,0
EC,US,fauna,1980,4,0
EC,US,fauna,1981,34,0
EC,US,fauna,1982,65,18
EC,US,fauna,1983,19,3
EC,US,fauna,1984,25,3
EC,US,fauna,1985,33,9
EC,US,fauna,1986,12,4
EC,US,fauna,1987,16,1
EC,US,fauna,1988,22,3
EC,US,fauna,1989,49,11
EC,US,fauna,1990,60,32
EC,US,fauna,1991,33,5
EC,US,fauna,1992,43,13
EC,US,fauna,1993,6,4
EC,US,fauna,1994,126,8
EC,US,fauna,1995,100,7
EC,US,fauna,1996,54,8
EC,US,fauna,1997,112,9
EC,US,fauna,1998,17,2
EC,US,fauna,1999,40,6
EC,US,fauna,2000,24,2
EC,US,fauna,2001,9,3
EC,US,fauna,2002,33,2
EC,US,fauna,2003,95,2
EC,US,fauna,2004,41,6
EC,US,fauna,2005,45,3
EC,US,fauna,2006,15,7
EC,US,fauna,2007,92,2
EC,US,fauna,2008,55,10
EC,US,fauna,2009,25,3
EC,US,fauna,2010,57,8
EC,US,fauna,2011,45,8
EC,US,fauna,2012,38,3
EC,US,fauna,2013,47,6
EC,US,fauna,2014,48,3
EC,US,fauna,2015,64,6
EC,US,fauna,2016,50,2
EC,US,fauna,2017,73,4
EC,US,fauna,2018,63,7
EC,US,fauna,2019,132,36
EC,US,fauna,2020,58,0
EC,US,fauna,2021,57,9
EC,US,fauna,2022,83,5
EC,US,fauna,2023,56,3
EC,US,fauna,2024,120,0
EC,US,flora,1977,8,0
EC,US,flora,1978,3,0
EC,US,flora,1979,39,0
EC,US,flora,1980,52,0
EC,US,flora,1981,55,0
EC,US,flora,1982,91,0
EC,US,flora,1983,91,0
EC,US,flora,1984,371,4
EC,US,flora,1985,1077,7
EC,US,flora,1986,91,14
EC,US,flora,1987,134,3
EC,US,flora,1988,592,10
EC,US,flora,1989,66,4
EC,US,flora,1990,77,2
EC,US,flora,1991,1038,5
EC,US,flora,1992,120,8
EC,US,flora,1993,74,5
EC,US,flora,1994,247,8
EC,US,flora,1995,72,2
EC,US,flora,1996,131,4
EC,US,flora,1997,194,1
EC,US,flora,1998,759,2
EC,US,flora,1999,1109,0
EC,US,flora,2000,125,8
EC,US,flora,2001,3992,10
EC,US,flora,2002,163,3
EC,US,flora,2003,139,0
EC,US,flora,2004,7909,43
EC,US,flora,2005,7469,0
EC,US,flora,2006,55,0
EC,US,flora,2007,7044,1
EC,US,flora,2008,5253,0
EC,US,flora,2009,6028,0
EC,US,flora,2010,6302,0
EC,US,flora,2011,5377,0
EC,US,flora,2012,7043,7
EC,US,flora,2013,3739,3
EC,US,flora,2014,5623,0
EC,US,flora,2015,6286,0
EC,US,flora,2016,6724,1
EC,US,flora,2017,280,4
EC,US,flora,2018,138,0
EC,US,flora,2019,365,0
EC,US,flora,2020,164,0
EC,US,flora,2021,384,0
EC,US,flora,2022,342,0
EC,US,flora,2023,280,0
EC,US,flora,2024,648,0
EC,UY,flora,2017,7,0
EC,VE,fauna,2011,2,0
EC,VE,flora,1988,11,0
EC,VE,flora,1990,11,0
EC,VE,flora,1991,7,0
EC,VE,flora,1996,12,0
EC,VE,flora,1997,11,0
EC,VE,flora,1998,44,0
EC,VE,flora,2000,7,0
EC,VE,flora,2001,207,0
EC,VE,flora,2002,176,0
EC,VE,flora,2003,34,0
EC,VE,flora,2004,28,0
EC,VE,flora,2005,17,0
EC,VE,flora,2007,18,0
EC,VN,flora,2019,3,0
EC,VN,flora,2021,1,0
EC,VN,flora,2022,5,0
EC,XX,fauna,1990,6,0
EC,XX,fauna,1992,1,0
EC,XX,fauna,2015,1,0
EC,XX,flora,1985,7,0
EC,XX,flora,1990,8,0
EC,XX,flora,1991,29,0
EC,XX,flora,2008,11,0
EC,XX,flora,2009,1081,0
EC,ZA,fauna,2009,2,0
EC,ZA,fauna,2019,2,0
EC,ZA,flora,2005,85,0
EC,ZA,flora,2007,667,0
EC,ZA,flora,2008,75,0
EC,ZA,flora,2009,428,0
EC,ZA,flora,2010,1469,0
EC,ZA,flora,2012,508,0
EC,ZA,flora,2014,870,0
EC,ZA,flora,2015,169,0
EC,ZA,flora,2016,518,0
EC,ZA,flora,2017,10,3
EC,ZA,flora,2018,2,0
EC,ZA,flora,2019,4,0
EC,ZA,flora,2021,2,0
EC,ZA,flora,2022,3,0
EC,ZW,flora,1999,18,0
EE,AR,fauna,2012,1,0
EE,AR,fauna,2017,2,0
EE,AR,fauna,2018,2,0
EE,AR,fauna,2019,3,0
EE,AR,fauna,2020,5,0
EE,AR,fauna,2021,5,0
EE,AR,fauna,2022,1,0
EE,AR,fauna,2024,2,0
EE,AR,flora,2019,1,0
EE,AR,flora,2020,4,0
EE,AR,flora,2021,5,0
EE,AR,flora,2024,2,0
EE,BO,flora,2024,1,0
EE,BR,fauna,2005,2,0
EE,BR,flora,2023,1,0
EE,BR,flora,2024,1,0
EE,CL,fauna,2016,2,0
EE,CL,fauna,2018,2,0
EE,CL,fauna,2019,3,0
EE,CL,flora,2017,3,0
EE,CL,flora,2018,2,0
EE,CL,flora,2019,3,0
EE,CR,fauna,2021,1,0
EE,CR,fauna,2023,3,0
EE,CR,fauna,2024,3,0
EE,MX,fauna,2018,2,0
EE,MX,fauna,2019,3,0
EE,MX,fauna,2020,1,0
EE,MX,fauna,2021,2,0
EE,PY,flora,2022,1,0
EG,AR,fauna,2013,1,0
EG,BR,fauna,2022,1,0
EG,BR,fauna,2024,1,0
EG,MX,fauna,1996,10,0
EG,MX,fauna,1998,3,0
EG,MX,fauna,1999,3,0
EG,MX,fauna,2023,1,0
ES,AG,fauna,1986,1,0
ES,AR,fauna,1986,2,0
ES,AR,fauna,1987,4,0
ES,AR,fauna,1989,1,0
ES,AR,fauna,1990,1,0
ES,AR,fauna,1991,5,0
ES,AR,fauna,1992,19,0
ES,AR,fauna,1993,2,0
ES,AR,fauna,1994,13,0
ES,AR,fauna,1995,11,0
ES,AR,fauna,1996,5,0
ES,AR,fauna,1997,68,0
ES,AR,fauna,1998,86,0
ES,AR,fauna,1999,177,0
ES,AR,fauna,2000,290,0
ES,AR,fauna,2001,318,0
ES,AR,fauna,2002,78,0
ES,AR,fauna,2003,31,0
ES,AR,fauna,2004,85,0
ES,AR,fauna,2005,31,0
ES,AR,fauna,2006,2,0
ES,AR,fauna,2007,1,0
ES,AR,fauna,2009,4,0
ES,AR,fauna,2010,72,1
ES,AR,fauna,2011,5,0
ES,AR,fauna,2012,9,0
ES,AR,fauna,2013,60,0
ES,AR,fauna,2014,18,0
ES,AR,fauna,2015,7,0
ES,AR,fauna,2016,51,0
ES,AR,fauna,2017,88,0
ES,AR,fauna,2018,11,0
ES,AR,fauna,2019,54,0
ES,AR,fauna,2020,5,0
ES,AR,fauna,2021,1,0
ES,AR,fauna,2022,5,0
ES,AR,fauna,2023,10,0
ES,AR,fauna,2024,15,0
ES,AR,flora,1998,8,0
ES,AR,flora,1999,4,0
ES,AR,flora,2001,2,0
ES,AR,flora,2002,6,0
ES,AR,flora,2007,2,0
ES,AR,flora,2008,1,0
ES,AR,flora,2010,3,0
ES,AR,flora,2011,4,0
ES,AR,flora,2012,6,0
ES,AR,flora,2013,11,0
ES,AR,flora,2014,3,0
ES,AR,flora,2015,15,0
ES,AR,flora,2016,16,0
ES,AR,flora,2017,68,0
ES,AR,flora,2018,52,0
ES,AR,flora,2019,22,0
ES,AR,flora,2020,6,0
ES,AR,flora,2021,13,0
ES,AR,flora,2022,9,0
ES,AR,flora,2023,28,0
ES,AR,flora,2024,9,0
ES,BB,fauna,1986,3,0
ES,BB,fauna,1987,2,0
ES,BB,fauna,1988,1,0
ES,BB,fauna,1989,2,0
ES,BO,fauna,2002,4,0
ES,BO,fauna,2006,2,0
ES,BO,fauna,2008,1,0
ES,BO,fauna,2009,1,0
ES,BO,fauna,2022,1,0
ES,BO,flora,2017,5,0
ES,BO,flora,2018,5,0
ES,BO,flora,2019,8,0
ES,BO,flora,2022,1,0
ES,BO,flora,2024,1,0
ES,BR,fauna,1987,3,0
ES,BR,fauna,1991,1,0
ES,BR,fauna,1993,5,0
ES,BR,fauna,1994,11,0
ES,BR,fauna,1995,315,0
ES,BR,fauna,1996,340,0
ES,BR,fauna,1997,485,0
ES,BR,fauna,1998,147,0
ES,BR,fauna,1999,108,0
ES,BR,fauna,2000,31,0
ES,BR,fauna,2001,33,0
ES,BR,fauna,2002,21,0
ES,BR,fauna,2003,15,0
ES,BR,fauna,2004,107,0
ES,BR,fauna,2005,14,0
ES,BR,fauna,2006,9,0
ES,BR,fauna,2007,5,0
ES,BR,fauna,2008,14,0
ES,BR,fauna,2009,4,0
ES,BR,fauna,2010,32,0
ES,BR,fauna,2011,40,0
ES,BR,fauna,2012,43,0
ES,BR,fauna,2013,27,0
ES,BR,fauna,2014,21,0
ES,BR,fauna,2015,82,0
ES,BR,fauna,2016,35,0
ES,BR,fauna,2017,11,0
ES,BR,fauna,2018,24,0
ES,BR,fauna,2019,10,0
ES,BR,fauna,2020,15,0
ES,BR,fauna,2021,5,0
ES,BR,fauna,2022,6,0
ES,BR,fauna,2023,6,0
ES,BR,fauna,2024,147,0
ES,BR,flora,1998,30,0
ES,BR,flora,1999,4,0
ES,BR,flora,2001,2,0
ES,BR,flora,2002,1,0
ES,BR,flora,2003,1,0
ES,BR,flora,2005,2,0
ES,BR,flora,2006,1,0
ES,BR,flora,2007,1,0
ES,BR,flora,2008,1,0
ES,BR,flora,2009,2,0
ES,BR,flora,2010,3,0
ES,BR,flora,2011,7,0
ES,BR,flora,2012,4,0
ES,BR,flora,2013,5,0
ES,BR,flora,2014,8,0
ES,BR,flora,2015,7,0
ES,BR,flora,2016,5,0
ES,BR,flora,2017,24,0
ES,BR,flora,2018,13,0
ES,BR,flora,2019,22,0
ES,BR,flora,2020,4,0
ES,BR,flora,2021,8,0
ES,BR,flora,2022,7,0
ES,BR,flora,2023,14,0
ES,BR,flora,2024,6,0
ES,BS,fauna,1986,5,0
ES,BS,fauna,1988,7,0
ES,BS,fauna,1989,8,0
ES,BS,fauna,1990,3,0
ES,BS,fauna,1991,2,0
ES,BS,fauna,1993,3,0
ES,BS,fauna,1994,1,0
ES,BS,fauna,1995,1,0
ES,BS,fauna,1996,2,0
ES,BS,fauna,1997,1,0
ES,BS,fauna,1999,1,0
ES,BS,fauna,2000,2,0
ES,BS,fauna,2001,10,0
ES,BS,fauna,2002,10,0
ES,BS,fauna,2003,5,0
ES,BS,fauna,2004,6,0
ES,BS,fauna,2005,1,0
ES,BS,fauna,2006,8,0
ES,BS,fauna,2008,6,0
ES,BS,fauna,2015,7,0
ES,BS,fauna,2020,3,0
ES,BZ,fauna,2010,2,0
ES,BZ,fauna,2023,2,0
ES,CL,fauna,1990,1,0
ES,CL,fauna,1991,3,0
ES,CL,fauna,1992,6,0
ES,CL,fauna,1996,8,0
ES,CL,fauna,1997,119,0
ES,CL,fauna,1998,38,0
ES,CL,fauna,1999,118,0
ES,CL,fauna,2000,57,0
ES,CL,fauna,2001,17,0
ES,CL,fauna,2002,16,0
ES,CL,fauna,2003,29,0
ES,CL,fauna,2004,31,0
ES,CL,fauna,2005,9,0
ES,CL,fauna,2006,6,0
ES,CL,fauna,2007,44,0
ES,CL,fauna,2008,62,0
ES,CL,fauna,2009,31,0
ES,CL,fauna,2010,110,0
ES,CL,fauna,2012,50,0
ES,CL,fauna,2013,67,0
ES,CL,fauna,2014,103,0
ES,CL,fauna,2015,73,0
ES,CL,fauna,2016,77,0
ES,CL,fauna,2017,49,0
ES,CL,fauna,2018,111,0
ES,CL,fauna,2019,3,0
ES,CL,fauna,2020,32,0
ES,CL,fauna,2021,50,0
ES,CL,fauna,2022,28,0
ES,CL,fauna,2023,23,0
ES,CL,fauna,2024,37,0
ES,CL,flora,1998,23,0
ES,CL,flora,2011,2,0
ES,CL,flora,2012,8,0
ES,CL,flora,2013,3,0
ES,CL,flora,2014,10,0
ES,CL,flora,2015,7,0
ES,CL,flora,2016,12,0
ES,CL,flora,2017,22,0
ES,CL,flora,2018,60,0
ES,CL,flora,2019,19,0
ES,CL,flora,2020,26,0
ES,CL,flora,2021,4,0
ES,CL,flora,2022,16,0
ES,CL,flora,2023,5,0
ES,CL,flora,2024,15,0
ES,CO,fauna,1993,2,0
ES,CO,fauna,1995,6,0
ES,CO,fauna,1997,1,0
ES,CO,fauna,1998,4,0
ES,CO,fauna,1999,3,0
ES,CO,fauna,2001,3,0
ES,CO,fauna,2003,1,0
ES,CO,fauna,2005,1,0
ES,CO,fauna,2006,2,0
ES,CO,fauna,2007,10,0
ES,CO,fauna,2008,1,0
ES,CO,fauna,2009,3,0
ES,CO,fauna,2010,10,0
ES,CO,fauna,2011,14,0
ES,CO,fauna,2012,141,0
ES,CO,fauna,2013,102,0
ES,CO,fauna,2014,57,0
ES,CO,fauna,2015,83,0
ES,CO,fauna,2016,173,0
ES,CO,fauna,2017,163,0
ES,CO,fauna,2018,309,0
ES,CO,fauna,2019,398,0
ES,CO,fauna,2020,23,0
ES,CO,fauna,2021,1,0
ES,CO,fauna,2022,28,0
ES,CO,fauna,2024,2,0
ES,CO,flora,2003,1,0
ES,CO,flora,2011,1,0
ES,CO,flora,2012,1,0
ES,CO,flora,2013,2,0
ES,CO,flora,2014,6,0
ES,CO,flora,2015,5,0
ES,CO,flora,2016,6,0
ES,CO,flora,2017,24,0
ES,CO,flora,2018,19,0
ES,CO,flora,2019,26,0
ES,CO,flora,2020,5,0
ES,CO,flora,2021,2,0
ES,CO,flora,2022,8,0
ES,CO,flora,2023,1,0
ES,CO,flora,2024,7,0
ES,CR,fauna,1992,4,0
ES,CR,fauna,1993,2,0
ES,CR,fauna,1996,1,0
ES,CR,fauna,1997,1,0
ES,CR,fauna,1998,3,0
ES,CR,fauna,1999,2,0
ES,CR,fauna,2001,1,0
ES,CR,fauna,2005,1,0
ES,CR,fauna,2006,8,0
ES,CR,fauna,2007,2,0
ES,CR,fauna,2008,2,0
ES,CR,fauna,2010,3,0
ES,CR,fauna,2011,1,0
ES,CR,fauna,2014,3,0
ES,CR,fauna,2015,22,0
ES,CR,fauna,2016,16,0
ES,CR,fauna,2017,13,0
ES,CR,fauna,2018,10,0
ES,CR,fauna,2020,1,0
ES,CR,fauna,2024,4,0
ES,CR,flora,1995,18,0
ES,CR,flora,2012,1,0
ES,CR,flora,2015,1,0
ES,CR,flora,2017,4,0
ES,CR,flora,2018,1,0
ES,CR,flora,2019,5,0
ES,CR,flora,2021,1,0
ES,CR,flora,2022,1,0
ES,CR,flora,2024,1,0
ES,CU,fauna,1997,2,0
ES,CU,fauna,1998,6,0
ES,CU,fauna,1999,27,0
ES,CU,fauna,2000,13,0
ES,CU,fauna,2001,23,0
ES,CU,fauna,2003,4,0
ES,CU,fauna,2005,2,0
ES,CU,fauna,2009,2,0
ES,CU,fauna,2011,3,0
ES,CU,fauna,2012,11,0
ES,CU,fauna,2013,8,0
ES,CU,fauna,2014,13,0
ES,CU,fauna,2015,10,0
ES,CU,fauna,2016,17,0
ES,CU,fauna,2017,22,0
ES,CU,fauna,2018,4,0
ES,CU,fauna,2019,1,0
ES,CU,fauna,2024,2,0
ES,CU,flora,1988,1,0
ES,DM,fauna,1994,1,0
ES,DM,fauna,1997,1,0
ES,DM,fauna,2000,1,0
ES,DO,fauna,1986,6,0
ES,DO,fauna,1987,10,0
ES,DO,fauna,1988,2,0
ES,DO,fauna,1989,5,0
ES,DO,fauna,1996,28,0
ES,DO,fauna,1997,5,0
ES,DO,fauna,1999,2,0
ES,DO,fauna,2000,59,0
ES,DO,fauna,2001,67,0
ES,DO,fauna,2002,7,0
ES,DO,fauna,2003,3,0
ES,DO,fauna,2005,1,0
ES,DO,fauna,2006,2,0
ES,DO,fauna,2008,6,0
ES,DO,fauna,2009,7,0
ES,DO,fauna,2010,4,0
ES,DO,fauna,2011,23,0
ES,DO,fauna,2012,61,0
ES,DO,fauna,2013,10,0
ES,DO,fauna,2014,140,0
ES,DO,fauna,2015,55,0
ES,DO,fauna,2016,3,0
ES,DO,fauna,2017,2,0
ES,DO,fauna,2018,14,0
ES,DO,fauna,2019,2,0
ES,DO,fauna,2020,5,0
ES,DO,fauna,2021,5,0
ES,DO,fauna,2022,3,0
ES,DO,fauna,2023,2,0
ES,DO,fauna,2024,2,0
ES,DO,flora,2017,2,0
ES,DO,flora,2018,2,0
ES,DO,flora,2020,1,0
ES,DO,flora,2024,1,0
ES,EC,fauna,1994,1,0
ES,EC,fauna,1996,1,0
ES,EC,fauna,1997,2,0
ES,EC,fauna,2002,1,0
ES,EC,fauna,2010,1,0
ES,EC,fauna,2013,3,0
ES,EC,fauna,2014,2,0
ES,EC,fauna,2015,1,0
ES,EC,fauna,2017,5,0
ES,EC,fauna,2018,1,0
ES,EC,fauna,2019,3,0
ES,EC,fauna,2021,11,0
ES,EC,fauna,2024,1,0
ES,EC,flora,2013,1,0
ES,EC,flora,2015,4,0
ES,EC,flora,2016,1,0
ES,EC,flora,2017,3,0
ES,EC,flora,2018,2,0
ES,EC,flora,2019,12,0
ES,EC,flora,2020,2,0
ES,EC,flora,2022,1,0
ES,EC,flora,2023,1,0
ES,GT,fauna,1987,1,0
ES,GT,fauna,1992,1,0
ES,GT,fauna,1997,2,0
ES,GT,fauna,2010,1,0
ES,GT,fauna,2015,7,0
ES,GT,fauna,2016,14,0
ES,GT,fauna,2017,45,1
ES,GT,fauna,2018,37,0
ES,GT,fauna,2019,50,0
ES,GT,fauna,2020,1,0
ES,GT,fauna,2021,5,0
ES,GT,fauna,2022,2,0
ES,GT,flora,2003,1,0
ES,GT,flora,2016,1,0
ES,GT,flora,2017,1,0
ES,GT,flora,2018,5,0
ES,GT,flora,2019,10,0
ES,GT,flora,2020,1,0
ES,GT,flora,2021,1,0
ES,GT,flora,2023,3,0
ES,GT,flora,2024,2,0
ES,GY,fauna,1987,1,0
ES,GY,fauna,1989,1,0
ES,HN,fauna,2010,2,0
ES,HN,fauna,2015,1,0
ES,HN,fauna,2018,1,0
ES,HN,flora,2016,1,0
ES,HN,flora,2017,2,0
ES,HN,flora,2022,4,0
ES,HT,fauna,2000,1,0
ES,HT,fauna,2006,1,0
ES,HT,fauna,2007,2,0
ES,JM,fauna,1989,1,0
ES,JM,fauna,1991,4,0
ES,JM,fauna,1993,1,0
ES,JM,flora,2011,1,0
ES,JM,flora,2014,1,0
ES,MX,fauna,1986,10,0
ES,MX,fauna,1987,4,0
ES,MX,fauna,1988,13,0
ES,MX,fauna,1989,47,0
ES,MX,fauna,1990,66,0
ES,MX,fauna,1991,20,0
ES,MX,fauna,1992,24,0
ES,MX,fauna,1993,10,0
ES,MX,fauna,1994,8,0
ES,MX,fauna,1995,10,0
ES,MX,fauna,1996,31,0
ES,MX,fauna,1997,70,0
ES,MX,fauna,1998,49,0
ES,MX,fauna,1999,62,0
ES,MX,fauna,2000,24,0
ES,MX,fauna,2001,153,0
ES,MX,fauna,2002,69,0
ES,MX,fauna,2003,53,0
ES,MX,fauna,2004,108,0
ES,MX,fauna,2005,361,0
ES,MX,fauna,2006,723,0
ES,MX,fauna,2007,217,0
ES,MX,fauna,2008,127,0
ES,MX,fauna,2009,30,0
ES,MX,fauna,2010,24,0
ES,MX,fauna,2011,115,0
ES,MX,fauna,2012,79,0
ES,MX,fauna,2013,228,0
ES,MX,fauna,2014,198,0
ES,MX,fauna,2015,283,0
ES,MX,fauna,2016,1032,0
ES,MX,fauna,2017,512,0
ES,MX,fauna,2018,2620,0
ES,MX,fauna,2019,1947,0
ES,MX,fauna,2020,1901,0
ES,MX,fauna,2021,1496,0
ES,MX,fauna,2022,1375,0
ES,MX,fauna,2023,235,0
ES,MX,fauna,2024,512,0
ES,MX,flora,1995,2,0
ES,MX,flora,1998,7,0
ES,MX,flora,2005,1,0
ES,MX,flora,2011,2,0
ES,MX,flora,2012,4,0
ES,MX,flora,2013,10,0
ES,MX,flora,2014,7,0
ES,MX,flora,2015,4,0
ES,MX,flora,2016,1,0
ES,MX,flora,2017,13,0
ES,MX,flora,2018,20,0
ES,MX,flora,2019,30,0
ES,MX,flora,2020,5,0
ES,MX,flora,2021,3,0
ES,MX,flora,2022,7,0
ES,MX,flora,2023,15,0
ES,MX,flora,2024,27,0
ES,PA,fauna,1986,3,0
ES,PA,fauna,1988,3,0
ES,PA,fauna,1990,14,0
ES,PA,fauna,1991,2,0
ES,PA,fauna,1992,3,0
ES,PA,fauna,1994,2,0
ES,PA,fauna,1995,10,0
ES,PA,fauna,1997,2,0
ES,PA,fauna,1999,1,0
ES,PA,fauna,2000,1,0
ES,PA,fauna,2001,1,0
ES,PA,fauna,2002,4,0
ES,PA,fauna,2004,28,0
ES,PA,fauna,2005,109,0
ES,PA,fauna,2006,3,0
ES,PA,fauna,2007,180,0
ES,PA,fauna,2008,32,0
ES,PA,fauna,2009,5,0
ES,PA,fauna,2010,3,0
ES,PA,fauna,2011,2,0
ES,PA,fauna,2012,25,0
ES,PA,fauna,2013,3,0
ES,PA,fauna,2014,4,0
ES,PA,fauna,2015,10,0
ES,PA,fauna,2016,2,0
ES,PA,fauna,2017,2,0
ES,PA,fauna,2018,1,0
ES,PA,fauna,2019,3,0
ES,PA,fauna,2021,10,0
ES,PA,fauna,2024,2,0
ES,PA,flora,2017,5,0
ES,PA,flora,2018,3,0
ES,PA,flora,2019,3,0
ES,PE,fauna,1996,1,0
ES,PE,fauna,1998,1,0
ES,PE,fauna,2000,2,0
ES,PE,fauna,2001,1,0
ES,PE,fauna,2003,2,0
ES,PE,fauna,2004,4,0
ES,PE,fauna,2006,1,0
ES,PE,fauna,2012,1,0
ES,PE,fauna,2013,2,0
ES,PE,fauna,2014,44,0
ES,PE,fauna,2015,18,0
ES,PE,fauna,2016,8,0
ES,PE,fauna,2017,54,0
ES,PE,fauna,2018,8,0
ES,PE,fauna,2019,30,0
ES,PE,fauna,2020,5,0
ES,PE,fauna,2021,7,0
ES,PE,fauna,2022,8,0
ES,PE,fauna,2023,79,0
ES,PE,fauna,2024,78,0
ES,PE,flora,1995,3,0
ES,PE,flora,1999,1,0
ES,PE,flora,2000,3,0
ES,PE,flora,2001,6,0
ES,PE,flora,2002,3,0
ES,PE,flora,2005,1,0
ES,PE,flora,2006,2,0
ES,PE,flora,2012,2,0
ES,PE,flora,2013,2,0
ES,PE,flora,2014,1,0
ES,PE,flora,2015,4,0
ES,PE,flora,2016,5,0
ES,PE,flora,2017,4,0
ES,PE,flora,2018,7,0
ES,PE,flora,2019,19,0
ES,PE,flora,2020,1,0
ES,PE,flora,2022,2,0
ES,PE,flora,2024,3,0
ES,PY,fauna,1997,1,0
ES,PY,fauna,1998,4,0
ES,PY,fauna,2013,1,0
ES,PY,fauna,2017,1,0
ES,PY,fauna,2023,2,0
ES,PY,flora,1998,1,0
ES,PY,flora,2000,1,0
ES,PY,flora,2006,1,0
ES,PY,flora,2007,1,0
ES,PY,flora,2013,1,0
ES,PY,flora,2014,1,0
ES,PY,flora,2016,1,0
ES,PY,flora,2017,3,0
ES,PY,flora,2018,11,0
ES,PY,flora,2020,1,0
ES,PY,flora,2023,2,0
ES,SR,fauna,2004,1,0
ES,SV,fauna,1992,1,0
ES,SV,fauna,2015,1,0
ES,SV,fauna,2016,3,0
ES,SV,fauna,2021,3,0
ES,SV,fauna,2022,1,0
ES,SV,fauna,2024,2,0
ES,SV,flora,2018,3,0
ES,SV,flora,2022,12,0
ES,TT,fauna,1986,1,0
ES,TT,fauna,2015,1,0
ES,TT,fauna,2020,2,0
ES,TT,fauna,2021,7,0
ES,UY,fauna,1995,1,0
ES,UY,fauna,1997,1,0
ES,UY,fauna,1998,2,0
ES,UY,fauna,2000,1,0
ES,UY,fauna,2002,2,0
ES,UY,fauna,2004,2,0
ES,UY,fauna,2005,2,0
ES,UY,fauna,2010,2,0
ES,UY,fauna,2012,1,0
ES,UY,fauna,2013,3,0
ES,UY,fauna,2014,12,0
ES,UY,fauna,2016,1,0
ES,UY,fauna,2019,9,0
ES,UY,fauna,2022,2,0
ES,UY,fauna,2024,16,0
ES,UY,flora,2012,2,0
ES,UY,flora,2013,1,0
ES,UY,flora,2016,1,0
ES,UY,flora,2017,8,0
ES,UY,flora,2018,7,0
ES,UY,flora,2019,7,0
ES,UY,flora,2020,3,0
ES,UY,flora,2021,9,0
ES,UY,flora,2022,3,0
ES,UY,flora,2023,5,0
ES,UY,flora,2024,3,0
ES,VC,fauna,1986,1,0
ES,VC,fauna,2006,2,0
ES,VE,fauna,1985,2,0
ES,VE,fauna,1986,3,0
ES,VE,fauna,1987,3,0
ES,VE,fauna,1988,7,0
ES,VE,fauna,1989,6,0
ES,VE,fauna,1990,5,0
ES,VE,fauna,1991,11,0
ES,VE,fauna,1992,9,0
ES,VE,fauna,1993,11,0
ES,VE,fauna,1994,4,0
ES,VE,fauna,1995,10,0
ES,VE,fauna,1996,26,0
ES,VE,fauna,1997,6,0
ES,VE,fauna,1998,9,0
ES,VE,fauna,1999,13,0
ES,VE,fauna,2000,25,0
ES,VE,fauna,2001,11,0
ES,VE,fauna,2002,13,0
ES,VE,fauna,2003,28,0
ES,VE,fauna,2004,48,0
ES,VE,fauna,2005,16,0
ES,VE,fauna,2006,1,0
ES,VE,fauna,2007,3,0
ES,VE,fauna,2012,2,0
ES,VE,fauna,2015,5,0
ES,VE,fauna,2016,2,0
ES,VE,fauna,2017,1,0
ES,VE,fauna,2018,8,0
ES,VE,fauna,2019,7,0
ES,VE,fauna,2020,7,0
ES,VE,fauna,2021,24,0
ES,VE,fauna,2022,20,0
ES,VE,fauna,2023,9,0
ES,VE,fauna,2024,22,0
ES,VE,flora,1998,1,0
ES,VE,flora,2015,1,0
ES,VE,flora,2016,1,0
ES,VE,flora,2017,8,0
ES,VE,flora,2019,3,0
ET,AG,fauna,1993,1,0
ET,AR,fauna,1991,4,0
ET,AR,fauna,1992,2,0
ET,AR,fauna,2015,1,0
ET,GT,fauna,2022,1,0
ET,JM,fauna,1999,1,0
ET,JM,fauna,2005,1,0
ET,JM,fauna,2006,2,0
ET,MX,fauna,1992,12,0
ET,MX,fauna,1993,8,0
ET,MX,fauna,1997,2,0
ET,MX,fauna,2005,7,0
ET,MX,fauna,2007,2,0
ET,MX,fauna,2008,2,0
ET,MX,fauna,2010,4,0
ET,MX,fauna,2011,1,0
ET,MX,fauna,2012,2,0
ET,MX,fauna,2014,2,0
ET,MX,fauna,2015,2,0
ET,MX,fauna,2016,4,0
ET,MX,fauna,2017,2,0
ET,MX,fauna,2018,2,0
ET,MX,fauna,2019,3,0
ET,MX,fauna,2021,2,0
FI,AR,flora,2017,1,0
FI,BR,flora,2005,1,0
FI,MX,fauna,2004,1,0
FI,PA,fauna,1988,1,0
FI,PA,fauna,1989,1,0
FI,VE,fauna,2007,26,0
FJ,AR,fauna,2009,26,0
FJ,AR,fauna,2010,69,0
FJ,AR,fauna,2011,78,0
FJ,AR,fauna,2012,79,0
FJ,AR,fauna,2013,26,0
FJ,AR,fauna,2015,91,0
FJ,AR,fauna,2016,114,0
FJ,AR,fauna,2017,35,0
FJ,BR,fauna,2011,1,0
FJ,BR,fauna,2013,63,0
FJ,BR,fauna,2014,126,0
FJ,BR,fauna,2015,163,0
FJ,BR,fauna,2016,232,0
FJ,BR,fauna,2017,119,0
FJ,CR,fauna,2007,4,0
FJ,CR,flora,2006,1,0
FJ,DO,flora,2004,21,0
FJ,DO,flora,2006,57,0
FJ,DO,flora,2007,101,0
FJ,DO,flora,2008,101,0
FJ,DO,flora,2009,171,0
FJ,DO,flora,2010,293,0
FJ,DO,flora,2012,277,0
FJ,DO,flora,2013,286,0
FJ,DO,flora,2014,199,0
FJ,DO,flora,2015,201,0
FJ,DO,flora,2016,90,0
FJ,DO,flora,2018,22,0
FJ,DO,flora,2019,74,0
FJ,DO,flora,2020,21,0
FJ,DO,flora,2021,56,0
FJ,DO,flora,2022,106,0
FJ,DO,flora,2023,18,0
FJ,DO,flora,2024,32,0
FJ,GT,flora,2012,1,0
FJ,JM,fauna,2008,1,0
FJ,JM,fauna,2009,1,0
FJ,MX,fauna,2010,2,0
FJ,MX,fauna,2013,32,0
FJ,MX,fauna,2014,3,0
FJ,MX,fauna,2015,1,0
FJ,TT,fauna,2024,3707,0
FK,AR,fauna,1999,1,0
FK,CL,fauna,2005,3,0
FK,CL,fauna,2013,1,0
FK,CL,fauna,2019,1,0
FK,MX,fauna,2007,1,0
FK,MX,fauna,2009,7,0
FK,MX,fauna,2010,25,0
FK,MX,fauna,2011,1,0
FM,BR,fauna,2018,5,0
FM,BR,fauna,2020,6,0
FM,BR,fauna,2024,18,0
FR,AG,fauna,2002,3,0
FR,AG,fauna,2004,5,0
FR,AG,fauna,2014,3,0
FR,AG,fauna,2018,1,0
FR,AR,fauna,1980,1,0
FR,AR,fauna,1982,3,0
FR,AR,fauna,1984,1,0
FR,AR,fauna,1986,8,0
FR,AR,fauna,1987,4,0
FR,AR,fauna,1988,6,0
FR,AR,fauna,1989,7,0
FR,AR,fauna,1990,4,0
FR,AR,fauna,1991,10,0
FR,AR,fauna,1992,6,0
FR,AR,fauna,1993,10,0
FR,AR,fauna,1994,1,0
FR,AR,fauna,1996,2,0
FR,AR,fauna,1998,4,0
FR,AR,fauna,1999,36,4
FR,AR,fauna,2000,18,0
FR,AR,fauna,2001,20,0
FR,AR,fauna,2002,14,0
FR,AR,fauna,2003,13,0
FR,AR,fauna,2004,55,0
FR,AR,fauna,2005,53,0
FR,AR,fauna,2006,137,0
FR,AR,fauna,2007,80,0
FR,AR,fauna,2008,59,0
FR,AR,fauna,2009,67,0
FR,AR,fauna,2010,61,0
FR,AR,fauna,2011,45,0
FR,AR,fauna,2012,47,0
FR,AR,fauna,2013,70,0
FR,AR,fauna,2014,59,0
FR,AR,fauna,2015,60,0
FR,AR,fauna,2016,26,0
FR,AR,fauna,2017,42,0
FR,AR,fauna,2018,24,0
FR,AR,fauna,2019,31,0
FR,AR,fauna,2020,17,0
FR,AR,fauna,2021,39,0
FR,AR,fauna,2022,18,0
FR,AR,fauna,2023,43,0
FR,AR,fauna,2024,29,0
FR,AR,flora,1983,1,0
FR,AR,flora,1989,2,0
FR,AR,flora,1992,17,0
FR,AR,flora,1993,1,0
FR,AR,flora,1995,1,0
FR,AR,flora,1996,4,0
FR,AR,flora,1997,17,0
FR,AR,flora,1998,17,0
FR,AR,flora,1999,11,0
FR,AR,flora,2000,5,0
FR,AR,flora,2001,11,0
FR,AR,flora,2002,19,0
FR,AR,flora,2003,15,0
FR,AR,flora,2004,11,0
FR,AR,flora,2005,11,0
FR,AR,flora,2006,9,0
FR,AR,flora,2007,8,0
FR,AR,flora,2008,8,0
FR,AR,flora,2009,7,0
FR,AR,flora,2010,5,0
FR,AR,flora,2011,8,0
FR,AR,flora,2012,6,0
FR,AR,flora,2013,4,0
FR,AR,flora,2014,8,0
FR,AR,flora,2015,13,0
FR,AR,flora,2016,7,0
FR,AR,flora,2017,15,0
FR,AR,flora,2018,17,0
FR,AR,flora,2019,78,0
FR,AR,flora,2020,150,0
FR,AR,flora,2021,81,0
FR,AR,flora,2022,66,0
FR,AR,flora,2023,51,0
FR,AR,flora,2024,20,0
FR,BB,fauna,1990,4,0
FR,BB,fauna,2003,2,0
FR,BB,fauna,2004,1,0
FR,BB,fauna,2005,2,0
FR,BB,fauna,2006,2,0
FR,BB,fauna,2008,10,0
FR,BB,fauna,2009,8,0
FR,BB,fauna,2010,14,0
FR,BB,fauna,2011,33,0
FR,BB,fauna,2012,44,0
FR,BB,fauna,2013,26,0
FR,BB,fauna,2014,57,0
FR,BB,fauna,2015,24,0
FR,BB,fauna,2016,15,0
FR,BB,fauna,2017,5,0
FR,BB,fauna,2018,5,0
FR,BB,fauna,2021,1,0
FR,BB,flora,2005,1,0
FR,BO,fauna,1987,1,0
FR,BO,fauna,1998,2,0
FR,BO,fauna,1999,1,0
FR,BO,fauna,2000,3,0
FR,BO,fauna,2001,3,0
FR,BO,fauna,2008,1,0
FR,BO,fauna,2009,2,0
FR,BO,fauna,2014,1,0
FR,BO,fauna,2017,1,0
FR,BO,fauna,2018,4,0
FR,BO,fauna,2020,1,0
FR,BO,flora,2019,2,0
FR,BO,flora,2021,18,0
FR,BO,flora,2022,19,0
FR,BR,fauna,1981,1,0
FR,BR,fauna,1982,3,0
FR,BR,fauna,1983,1,0
FR,BR,fauna,1985,2,0
FR,BR,fauna,1986,4,0
FR,BR,fauna,1987,8,0
FR,BR,fauna,1988,10,0
FR,BR,fauna,1989,16,0
FR,BR,fauna,1990,14,0
FR,BR,fauna,1991,8,0
FR,BR,fauna,1992,9,0
FR,BR,fauna,1994,3,0
FR,BR,fauna,1995,9,0
FR,BR,fauna,1996,6,0
FR,BR,fauna,1997,17,0
FR,BR,fauna,1998,70,0
FR,BR,fauna,1999,161,0
FR,BR,fauna,2000,74,0
FR,BR,fauna,2001,128,0
FR,BR,fauna,2002,115,0
FR,BR,fauna,2003,227,0
FR,BR,fauna,2004,341,0
FR,BR,fauna,2005,592,0
FR,BR,fauna,2006,402,0
FR,BR,fauna,2007,236,0
FR,BR,fauna,2008,311,0
FR,BR,fauna,2009,278,0
FR,BR,fauna,2010,426,0
FR,BR,fauna,2011,548,0
FR,BR,fauna,2012,1039,0
FR,BR,fauna,2013,885,0
FR,BR,fauna,2014,1099,0
FR,BR,fauna,2015,819,0
FR,BR,fauna,2016,810,0
FR,BR,fauna,2017,894,0
FR,BR,fauna,2018,1021,0
FR,BR,fauna,2019,813,0
FR,BR,fauna,2020,738,0
FR,BR,fauna,2021,443,0
FR,BR,fauna,2022,1272,0
FR,BR,fauna,2023,877,0
FR,BR,fauna,2024,2580,0
FR,BR,flora,1982,1,0
FR,BR,flora,1983,1,0
FR,BR,flora,1986,1,0
FR,BR,flora,1987,3,0
FR,BR,flora,1989,5,0
FR,BR,flora,1991,6,0
FR,BR,flora,1992,5,0
FR,BR,flora,1996,4,0
FR,BR,flora,1997,7,0
FR,BR,flora,1998,4,0
FR,BR,flora,2000,1,0
FR,BR,flora,2002,1,0
FR,BR,flora,2003,2,0
FR,BR,flora,2004,9,0
FR,BR,flora,2005,18,0
FR,BR,flora,2006,6,0
FR,BR,flora,2007,3,0
FR,BR,flora,2008,1,0
FR,BR,flora,2009,19,0
FR,BR,flora,2010,20,0
FR,BR,flora,2011,10,0
FR,BR,flora,2012,17,0
FR,BR,flora,2013,17,0
FR,BR,flora,2014,16,0
FR,BR,flora,2015,37,0
FR,BR,flora,2016,9,0
FR,BR,flora,2017,43,0
FR,BR,flora,2018,90,0
FR,BR,flora,2019,29,0
FR,BR,flora,2020,167,0
FR,BR,flora,2021,22,0
FR,BR,flora,2022,152,0
FR,BR,flora,2023,56,0
FR,BR,flora,2024,161,0
FR,BS,fauna,1986,6,0
FR,BS,fauna,1991,1,0
FR,BS,fauna,1992,3,0
FR,BS,fauna,1998,13,0
FR,BS,fauna,1999,7,0
FR,BS,fauna,2000,6,0
FR,BS,fauna,2001,2,0
FR,BS,fauna,2002,8,0
FR,BS,fauna,2003,3,0
FR,BS,fauna,2004,7,0
FR,BS,fauna,2005,12,0
FR,BS,fauna,2006,6,0
FR,BS,fauna,2007,3,0
FR,BS,fauna,2008,6,0
FR,BS,fauna,2009,16,0
FR,BS,fauna,2010,16,0
FR,BS,fauna,2011,14,0
FR,BS,fauna,2012,7,0
FR,BS,fauna,2013,4,0
FR,BS,fauna,2014,5,0
FR,BS,fauna,2015,1,0
FR,BS,fauna,2016,4,0
FR,BS,fauna,2017,2,0
FR,BS,fauna,2018,6,0
FR,BS,fauna,2019,2,0
FR,BS,fauna,2021,1,0
FR,BS,fauna,2022,1,0
FR,BS,fauna,2023,1,0
FR,BS,fauna,2024,3,0
FR,BZ,fauna,2006,1,0
FR,BZ,fauna,2011,2,0
FR,CL,fauna,1981,3,0
FR,CL,fauna,1982,1,0
FR,CL,fauna,1983,2,0
FR,CL,fauna,1984,4,0
FR,CL,fauna,1986,2,0
FR,CL,fauna,1987,1,0
FR,CL,fauna,1988,3,0
FR,CL,fauna,1989,2,0
FR,CL,fauna,1990,3,0
FR,CL,fauna,1991,1,0
FR,CL,fauna,1992,2,0
FR,CL,fauna,1998,1,0
FR,CL,fauna,1999,12,0
FR,CL,fauna,2000,6,0
FR,CL,fauna,2001,17,0
FR,CL,fauna,2002,13,0
FR,CL,fauna,2003,14,0
FR,CL,fauna,2004,14,0
FR,CL,fauna,2005,8,0
FR,CL,fauna,2006,12,0
FR,CL,fauna,2007,23,0
FR,CL,fauna,2008,54,0
FR,CL,fauna,2009,26,0
FR,CL,fauna,2010,56,0
FR,CL,fauna,2011,40,0
FR,CL,fauna,2012,68,0
FR,CL,fauna,2013,91,0
FR,CL,fauna,2014,78,0
FR,CL,fauna,2015,86,0
FR,CL,fauna,2016,57,0
FR,CL,fauna,2017,61,0
FR,CL,fauna,2018,38,0
FR,CL,fauna,2019,23,0
FR,CL,fauna,2020,43,0
FR,CL,fauna,2021,25,0
FR,CL,fauna,2022,56,0
FR,CL,fauna,2023,51,0
FR,CL,fauna,2024,21,0
FR,CL,flora,1987,1,0
FR,CL,flora,1997,2,0
FR,CL,flora,1998,1,0
FR,CL,flora,1999,6,0
FR,CL,flora,2001,1,0
FR,CL,flora,2009,1,0
FR,CL,flora,2010,6,0
FR,CL,flora,2011,5,0
FR,CL,flora,2012,8,0
FR,CL,flora,2013,10,0
FR,CL,flora,2014,6,0
FR,CL,flora,2015,17,0
FR,CL,flora,2016,6,0
FR,CL,flora,2017,10,0
FR,CL,flora,2018,16,0
FR,CL,flora,2019,16,0
FR,CL,flora,2020,5,0
FR,CL,flora,2021,33,0
FR,CL,flora,2022,41,0
FR,CL,flora,2023,24,0
FR,CL,flora,2024,19,0
FR,CO,fauna,1981,1,0
FR,CO,fauna,1985,1,0
FR,CO,fauna,1986,2,0
FR,CO,fauna,1987,20,0
FR,CO,fauna,1988,14,0
FR,CO,fauna,1989,14,0
FR,CO,fauna,1990,8,0
FR,CO,fauna,1991,12,0
FR,CO,fauna,1992,6,0
FR,CO,fauna,1993,2,0
FR,CO,fauna,1994,6,0
FR,CO,fauna,1995,1,0
FR,CO,fauna,1996,9,0
FR,CO,fauna,1999,17,0
FR,CO,fauna,2000,7,0
FR,CO,fauna,2001,3,0
FR,CO,fauna,2002,8,0
FR,CO,fauna,2003,11,0
FR,CO,fauna,2004,21,0
FR,CO,fauna,2005,9,0
FR,CO,fauna,2006,17,0
FR,CO,fauna,2007,7,0
FR,CO,fauna,2008,7,0
FR,CO,fauna,2009,8,0
FR,CO,fauna,2010,20,0
FR,CO,fauna,2011,31,0
FR,CO,fauna,2012,7,0
FR,CO,fauna,2013,24,0
FR,CO,fauna,2014,35,0
FR,CO,fauna,2015,30,0
FR,CO,fauna,2016,23,0
FR,CO,fauna,2017,10,0
FR,CO,fauna,2018,16,0
FR,CO,fauna,2019,29,0
FR,CO,fauna,2020,22,0
FR,CO,fauna,2021,13,0
FR,CO,fauna,2022,37,0
FR,CO,fauna,2023,7,0
FR,CO,fauna,2024,11,0
FR,CO,flora,1982,1,0
FR,CO,flora,1983,1,0
FR,CO,flora,1985,1,0
FR,CO,flora,1986,1,0
FR,CO,flora,1987,1,0
FR,CO,flora,1989,2,0
FR,CO,flora,1990,1,0
FR,CO,flora,1991,9,0
FR,CO,flora,1992,10,0
FR,CO,flora,1993,2,0
FR,CO,flora,1995,2,0
FR,CO,flora,2004,2,0
FR,CO,flora,2009,6,0
FR,CO,flora,2010,24,0
FR,CO,flora,2011,20,0
FR,CO,flora,2012,19,0
FR,CO,flora,2013,29,0
FR,CO,flora,2014,30,0
FR,CO,flora,2015,22,0
FR,CO,flora,2016,22,0
FR,CO,flora,2017,13,0
FR,CO,flora,2018,17,0
FR,CO,flora,2019,45,0
FR,CO,flora,2020,18,0
FR,CO,flora,2021,39,0
FR,CO,flora,2022,70,0
FR,CO,flora,2023,46,0
FR,CO,flora,2024,12,0
FR,CR,fauna,1994,1,0
FR,CR,fauna,1997,2,0
FR,CR,fauna,1998,1,0
FR,CR,fauna,1999,1,0
FR,CR,fauna,2000,4,0
FR,CR,fauna,2001,1,0
FR,CR,fauna,2003,2,0
FR,CR,fauna,2004,2,0
FR,CR,fauna,2005,1,0
FR,CR,fauna,2007,1,0
FR,CR,fauna,2008,8,0
FR,CR,fauna,2010,1,0
FR,CR,fauna,2013,2,0
FR,CR,fauna,2014,5,0
FR,CR,fauna,2015,1,0
FR,CR,fauna,2016,1,0
FR,CR,fauna,2018,2,0
FR,CR,fauna,2019,1,0
FR,CR,fauna,2020,2,0
FR,CR,fauna,2021,1,0
FR,CR,fauna,2022,1,0
FR,CR,fauna,2024,7,0
FR,CR,flora,2016,1,0
FR,CR,flora,2017,1,0
FR,CR,flora,2018,5,0
FR,CR,flora,2019,18,0
FR,CR,flora,2020,11,0
FR,CR,flora,2021,5,0
FR,CR,flora,2022,29,0
FR,CR,flora,2023,9,0
FR,CR,flora,2024,15,0
FR,CU,fauna,1983,1,0
FR,CU,fauna,1994,1,0
FR,CU,fauna,2001,3,0
FR,CU,fauna,2003,2,0
FR,CU,fauna,2006,1,0
FR,CU,fauna,2015,1,0
FR,CU,flora,2002,1,0
FR,DM,fauna,2007,2,0
FR,DM,fauna,2017,2,0
FR,DM,fauna,2018,1,0
FR,DM,fauna,2022,1,0
FR,DO,fauna,1996,1,0
FR,DO,fauna,1998,5,0
FR,DO,fauna,1999,3,0
FR,DO,fauna,2000,1,0
FR,DO,fauna,2001,2,0
FR,DO,fauna,2002,3,0
FR,DO,fauna,2003,2,0
FR,DO,fauna,2005,22,0
FR,DO,fauna,2006,10,0
FR,DO,fauna,2007,9,0
FR,DO,fauna,2008,14,0
FR,DO,fauna,2009,15,0
FR,DO,fauna,2010,23,0
FR,DO,fauna,2011,17,0
FR,DO,fauna,2012,21,0
FR,DO,fauna,2013,24,0
FR,DO,fauna,2014,62,0
FR,DO,fauna,2015,41,0
FR,DO,fauna,2016,46,0
FR,DO,fauna,2017,59,0
FR,DO,fauna,2018,36,0
FR,DO,fauna,2019,28,0
FR,DO,fauna,2020,25,0
FR,DO,fauna,2021,49,0
FR,DO,fauna,2022,25,0
FR,DO,fauna,2023,47,0
FR,DO,fauna,2024,46,0
FR,DO,flora,2016,1,0
FR,DO,flora,2024,1,0
FR,EC,fauna,1987,1,0
FR,EC,fauna,1995,1,0
FR,EC,fauna,1998,1,0
FR,EC,fauna,2000,6,0
FR,EC,fauna,2002,1,0
FR,EC,fauna,2005,1,0
FR,EC,fauna,2007,2,0
FR,EC,fauna,2008,1,0
FR,EC,fauna,2011,1,0
FR,EC,fauna,2013,1,0
FR,EC,fauna,2014,3,0
FR,EC,fauna,2016,3,0
FR,EC,fauna,2017,3,0
FR,EC,fauna,2018,7,0
FR,EC,fauna,2019,6,0
FR,EC,fauna,2021,1,0
FR,EC,fauna,2022,3,0
FR,EC,fauna,2023,4,0
FR,EC,fauna,2024,3,0
FR,EC,flora,1982,1,0
FR,EC,flora,1986,1,0
FR,EC,flora,2005,1,0
FR,EC,flora,2007,1,0
FR,EC,flora,2009,5,0
FR,EC,flora,2010,2,0
FR,EC,flora,2011,1,0
FR,EC,flora,2012,3,0
FR,EC,flora,2013,4,0
FR,EC,flora,2014,4,0
FR,EC,flora,2016,2,0
FR,EC,flora,2017,2,0
FR,EC,flora,2018,3,0
FR,EC,flora,2019,1,0
FR,EC,flora,2020,1,0
FR,EC,flora,2021,25,0
FR,EC,flora,2022,14,0
FR,EC,flora,2023,15,0
FR,EC,flora,2024,8,0
FR,GD,fauna,2001,1,0
FR,GD,fauna,2018,6,0
FR,GD,fauna,2019,2,0
FR,GT,fauna,1984,1,0
FR,GT,fauna,1985,1,0
FR,GT,fauna,1988,2,0
FR,GT,fauna,1989,4,0
FR,GT,fauna,1990,5,0
FR,GT,fauna,1991,1,0
FR,GT,fauna,1992,2,0
FR,GT,fauna,1999,2,0
FR,GT,fauna,2000,5,0
FR,GT,fauna,2001,2,0
FR,GT,fauna,2004,3,0
FR,GT,fauna,2005,2,0
FR,GT,fauna,2006,6,0
FR,GT,fauna,2007,1,0
FR,GT,fauna,2008,2,0
FR,GT,fauna,2009,1,0
FR,GT,fauna,2011,2,0
FR,GT,fauna,2012,1,0
FR,GT,fauna,2013,29,0
FR,GT,fauna,2014,6,0
FR,GT,fauna,2015,2,0
FR,GT,fauna,2020,36,0
FR,GT,fauna,2021,5,0
FR,GT,fauna,2022,1,0
FR,GT,fauna,2023,2,0
FR,GT,fauna,2024,1,0
FR,GT,flora,2005,2,0
FR,GT,flora,2015,1,0
FR,GT,flora,2017,1,0
FR,GT,flora,2019,19,0
FR,GT,flora,2020,44,0
FR,GT,flora,2021,83,0
FR,GT,flora,2022,69,0
FR,GT,flora,2023,56,0
FR,GT,flora,2024,42,0
FR,GY,fauna,1985,1,0
FR,GY,fauna,1986,1,0
FR,GY,fauna,1987,2,0
FR,GY,fauna,1988,5,0
FR,GY,fauna,1990,1,0
FR,GY,fauna,1992,1,0
FR,GY,flora,1987,1,0
FR,HN,fauna,1987,1,0
FR,HN,fauna,1989,2,0
FR,HN,fauna,1990,1,0
FR,HN,fauna,1991,6,0
FR,HN,fauna,2000,2,0
FR,HN,fauna,2007,4,0
FR,HN,fauna,2009,1,0
FR,HN,fauna,2010,1,0
FR,HN,fauna,2013,1,0
FR,HN,flora,2019,8,0
FR,HN,flora,2022,6,0
FR,HN,flora,2024,2,0
FR,HT,fauna,1987,1,0
FR,HT,fauna,1998,2,0
FR,HT,fauna,2000,4,0
FR,HT,fauna,2001,4,0
FR,HT,fauna,2002,5,0
FR,HT,fauna,2003,1,0
FR,HT,fauna,2004,2,0
FR,HT,fauna,2007,7,0
FR,HT,fauna,2008,11,0
FR,HT,fauna,2009,11,0
FR,HT,fauna,2010,15,0
FR,HT,fauna,2011,6,0
FR,HT,fauna,2012,1,0
FR,HT,fauna,2013,1,0
FR,HT,fauna,2014,3,0
FR,HT,fauna,2015,2,0
FR,HT,fauna,2016,1,0
FR,HT,fauna,2017,1,0
FR,HT,fauna,2019,1,0
FR,HT,fauna,2020,6,0
FR,HT,fauna,2021,5,0
FR,HT,flora,1984,3,0
FR,HT,flora,1985,5,0
FR,JM,fauna,1999,1,0
FR,JM,fauna,2000,4,0
FR,JM,fauna,2001,3,0
FR,JM,fauna,2002,2,0
FR,JM,fauna,2003,1,0
FR,JM,fauna,2004,8,0
FR,JM,fauna,2005,4,0
FR,JM,fauna,2006,3,0
FR,JM,fauna,2007,4,0
FR,JM,fauna,2009,3,0
FR,JM,fauna,2010,10,0
FR,JM,fauna,2011,7,0
FR,JM,fauna,2013,3,0
FR,JM,fauna,2014,1,0
FR,JM,fauna,2016,21,0
FR,JM,fauna,2023,1,0
FR,JM,flora,2018,1,0
FR,KN,fauna,2009,3,0
FR,KN,fauna,2010,3,0
FR,KN,fauna,2013,1,0
FR,KN,fauna,2014,2,0
FR,KN,fauna,2015,3,0
FR,KN,fauna,2016,12,0
FR,KN,fauna,2017,13,0
FR,KN,fauna,2018,5,0
FR,LC,fauna,1998,2,0
FR,LC,fauna,2001,3,0
FR,LC,fauna,2002,3,0
FR,LC,fauna,2003,3,0
FR,LC,fauna,2013,1,0
FR,LC,fauna,2014,1,0
FR,LC,fauna,2016,8,0
FR,LC,fauna,2017,2,0
FR,LC,fauna,2018,11,0
FR,LC,fauna,2019,4,0
FR,LC,fauna,2020,8,0
FR,LC,fauna,2021,7,0
FR,LC,fauna,2022,12,0
FR,MX,fauna,1977,2,0
FR,MX,fauna,1978,3,0
FR,MX,fauna,1979,1,0
FR,MX,fauna,1980,2,0
FR,MX,fauna,1981,5,0
FR,MX,fauna,1982,2,0
FR,MX,fauna,1984,2,0
FR,MX,fauna,1985,3,0
FR,MX,fauna,1986,7,0
FR,MX,fauna,1987,6,0
FR,MX,fauna,1988,9,0
FR,MX,fauna,1989,20,0
FR,MX,fauna,1990,10,0
FR,MX,fauna,1991,14,0
FR,MX,fauna,1992,13,0
FR,MX,fauna,1993,10,0
FR,MX,fauna,1994,18,0
FR,MX,fauna,1995,7,0
FR,MX,fauna,1996,1,0
FR,MX,fauna,1997,8,0
FR,MX,fauna,1998,44,0
FR,MX,fauna,1999,75,0
FR,MX,fauna,2000,43,0
FR,MX,fauna,2001,66,0
FR,MX,fauna,2002,61,0
FR,MX,fauna,2003,207,0
FR,MX,fauna,2004,453,0
FR,MX,fauna,2005,501,0
FR,MX,fauna,2006,392,0
FR,MX,fauna,2007,200,0
FR,MX,fauna,2008,381,0
FR,MX,fauna,2009,262,0
FR,MX,fauna,2010,397,0
FR,MX,fauna,2011,498,0
FR,MX,fauna,2012,666,0
FR,MX,fauna,2013,771,0
FR,MX,fauna,2014,1040,0
FR,MX,fauna,2015,1210,0
FR,MX,fauna,2016,1030,0
FR,MX,fauna,2017,923,0
FR,MX,fauna,2018,1062,0
FR,MX,fauna,2019,1303,0
FR,MX,fauna,2020,512,0
FR,MX,fauna,2021,547,0
FR,MX,fauna,2022,1241,0
FR,MX,fauna,2023,1356,0
FR,MX,fauna,2024,1700,0
FR,MX,flora,1983,1,0
FR,MX,flora,1987,1,0
FR,MX,flora,1989,2,0
FR,MX,flora,1994,15,0
FR,MX,flora,1996,55,53
FR,MX,flora,1997,5,0
FR,MX,flora,1998,2,0
FR,MX,flora,2001,2,0
FR,MX,flora,2004,1,0
FR,MX,flora,2005,4,0
FR,MX,flora,2006,2,0
FR,MX,flora,2007,5,0
FR,MX,flora,2008,2,0
FR,MX,flora,2009,2,0
FR,MX,flora,2010,17,0
FR,MX,flora,2011,8,0
FR,MX,flora,2012,23,0
FR,MX,flora,2013,37,0
FR,MX,flora,2014,47,0
FR,MX,flora,2015,39,0
FR,MX,flora,2016,17,0
FR,MX,flora,2017,34,0
FR,MX,flora,2018,44,0
FR,MX,flora,2019,117,0
FR,MX,flora,2020,213,0
FR,MX,flora,2021,273,0
FR,MX,flora,2022,393,0
FR,MX,flora,2023,541,0
FR,MX,flora,2024,387,0
FR,NI,fauna,2014,1,0
FR,NI,fauna,2016,2,0
FR,NI,flora,2019,10,0
FR,NI,flora,2020,8,0
FR,NI,flora,2021,2,0
FR,NI,flora,2022,20,0
FR,NI,flora,2024,3,0
FR,PA,fauna,1982,5,0
FR,PA,fauna,1984,14,0
FR,PA,fauna,1985,20,0
FR,PA,fauna,1986,6,0
FR,PA,fauna,1987,3,0
FR,PA,fauna,1988,2,0
FR,PA,fauna,1989,5,0
FR,PA,fauna,1990,10,0
FR,PA,fauna,1991,3,0
FR,PA,fauna,1992,1,0
FR,PA,fauna,1995,28,0
FR,PA,fauna,1996,28,0
FR,PA,fauna,1997,1,0
FR,PA,fauna,1998,1,0
FR,PA,fauna,1999,6,0
FR,PA,fauna,2000,9,0
FR,PA,fauna,2002,2,0
FR,PA,fauna,2003,5,0
FR,PA,fauna,2004,25,0
FR,PA,fauna,2005,65,0
FR,PA,fauna,2006,81,0
FR,PA,fauna,2007,64,0
FR,PA,fauna,2008,120,0
FR,PA,fauna,2009,30,0
FR,PA,fauna,2010,39,0
FR,PA,fauna,2011,34,0
FR,PA,fauna,2012,26,0
FR,PA,fauna,2013,24,0
FR,PA,fauna,2014,37,0
FR,PA,fauna,2015,139,0
FR,PA,fauna,2016,35,0
FR,PA,fauna,2017,48,0
FR,PA,fauna,2018,76,0
FR,PA,fauna,2019,103,0
FR,PA,fauna,2020,35,0
FR,PA,fauna,2021,24,0
FR,PA,fauna,2022,26,0
FR,PA,fauna,2023,42,0
FR,PA,fauna,2024,38,0
FR,PA,fauna,2025,16,0
FR,PA,flora,1982,1,0
FR,PA,flora,1985,1,0
FR,PA,flora,1999,3,0
FR,PA,flora,2001,2,0
FR,PA,flora,2003,26,0
FR,PA,flora,2005,3,0
FR,PA,flora,2010,2,0
FR,PA,flora,2011,2,0
FR,PA,flora,2012,2,0
FR,PA,flora,2013,7,0
FR,PA,flora,2017,1,0
FR,PA,flora,2018,1,0
FR,PA,flora,2019,120,0
FR,PA,flora,2020,80,0
FR,PA,flora,2021,157,0
FR,PA,flora,2022,230,0
FR,PA,flora,2023,132,0
FR,PA,flora,2024,87,0
FR,PA,flora,2025,19,0
FR,PE,fauna,1989,6,0
FR,PE,fauna,1990,4,0
FR,PE,fauna,1998,1,0
FR,PE,fauna,1999,2,0
FR,PE,fauna,2000,2,0
FR,PE,fauna,2002,1,0
FR,PE,fauna,2004,1,0
FR,PE,fauna,2005,1,0
FR,PE,fauna,2006,2,0
FR,PE,fauna,2007,1,0
FR,PE,fauna,2010,4,0
FR,PE,fauna,2011,6,0
FR,PE,fauna,2012,7,0
FR,PE,fauna,2013,7,0
FR,PE,fauna,2014,6,0
FR,PE,fauna,2015,8,0
FR,PE,fauna,2016,6,0
FR,PE,fauna,2017,6,0
FR,PE,fauna,2018,7,0
FR,PE,fauna,2019,3,0
FR,PE,fauna,2020,6,0
FR,PE,fauna,2021,4,0
FR,PE,fauna,2022,17,0
FR,PE,fauna,2023,22,0
FR,PE,fauna,2024,24,0
FR,PE,flora,1986,1,0
FR,PE,flora,1989,1,0
FR,PE,flora,1997,1,0
FR,PE,flora,1999,1,0
FR,PE,flora,2007,1,0
FR,PE,flora,2008,2,0
FR,PE,flora,2009,1,0
FR,PE,flora,2010,17,0
FR,PE,flora,2011,9,0
FR,PE,flora,2012,17,0
FR,PE,flora,2013,4,0
FR,PE,flora,2014,17,0
FR,PE,flora,2015,12,0
FR,PE,flora,2016,5,0
FR,PE,flora,2017,2,0
FR,PE,flora,2018,9,0
FR,PE,flora,2019,27,0
FR,PE,flora,2020,12,0
FR,PE,flora,2021,101,0
FR,PE,flora,2022,84,0
FR,PE,flora,2023,41,0
FR,PE,flora,2024,39,0
FR,PY,fauna,1982,2,0
FR,PY,fauna,1984,5,0
FR,PY,fauna,1985,6,0
FR,PY,fauna,1986,1,0
FR,PY,fauna,1987,8,0
FR,PY,fauna,1988,4,0
FR,PY,fauna,1996,1,0
FR,PY,fauna,1999,8,0
FR,PY,fauna,2000,5,0
FR,PY,fauna,2002,3,0
FR,PY,fauna,2003,1,0
FR,PY,fauna,2004,1,0
FR,PY,fauna,2006,1,0
FR,PY,fauna,2009,1,0
FR,PY,fauna,2012,1,0
FR,PY,fauna,2013,1,0
FR,PY,fauna,2014,2,0
FR,PY,fauna,2016,5,0
FR,PY,fauna,2017,4,0
FR,PY,fauna,2018,5,0
FR,PY,fauna,2019,6,0
FR,PY,fauna,2020,2,0
FR,PY,fauna,2021,3,0
FR,PY,fauna,2022,5,0
FR,PY,fauna,2023,8,0
FR,PY,fauna,2024,3,0
FR,PY,flora,1989,1,0
FR,PY,flora,1999,3,0
FR,PY,flora,2011,1,0
FR,PY,flora,2018,1,0
FR,PY,flora,2019,5,0
FR,PY,flora,2021,4,0
FR,PY,flora,2022,2,0
FR,SR,fauna,2003,1,0
FR,SR,fauna,2010,1,0
FR,SR,fauna,2013,1,0
FR,SR,fauna,2017,3,0
FR,SV,fauna,1985,1,0
FR,SV,fauna,1999,2,0
FR,SV,fauna,2010,2,0
FR,SV,fauna,2023,4,0
FR,SV,fauna,2024,16,0
FR,SV,flora,2013,1,0
FR,SV,flora,2017,1,0
FR,SV,flora,2019,13,0
FR,SV,flora,2020,4,0
FR,SV,flora,2021,16,0
FR,SV,flora,2022,30,0
FR,SV,flora,2023,21,0
FR,SV,flora,2024,8,0
FR,TT,fauna,1985,1,0
FR,TT,fauna,2018,2,0
FR,TT,flora,1991,2,0
FR,TT,flora,2011,1,0
FR,TT,flora,2012,1,0
FR,TT,flora,2016,1,0
FR,TT,flora,2022,5,0
FR,TT,flora,2023,1,0
FR,TT,flora,2024,1,0
FR,UY,fauna,1981,1,0
FR,UY,fauna,1982,2,0
FR,UY,fauna,1984,1,0
FR,UY,fauna,1987,1,0
FR,UY,fauna,1988,2,0
FR,UY,fauna,1989,2,0
FR,UY,fauna,1992,3,0
FR,UY,fauna,1997,12,0
FR,UY,fauna,1998,1,0
FR,UY,fauna,1999,16,0
FR,UY,fauna,2000,1,0
FR,UY,fauna,2001,1,0
FR,UY,fauna,2002,15,0
FR,UY,fauna,2003,18,0
FR,UY,fauna,2004,2,0
FR,UY,fauna,2005,5,0
FR,UY,fauna,2006,2,0
FR,UY,fauna,2007,5,0
FR,UY,fauna,2008,5,0
FR,UY,fauna,2009,1,0
FR,UY,fauna,2010,6,0
FR,UY,fauna,2011,7,0
FR,UY,fauna,2012,6,0
FR,UY,fauna,2013,13,0
FR,UY,fauna,2014,1,0
FR,UY,fauna,2015,2,0
FR,UY,fauna,2016,3,0
FR,UY,fauna,2017,2,0
FR,UY,fauna,2018,3,0
FR,UY,fauna,2019,2,0
FR,UY,fauna,2020,1,0
FR,UY,fauna,2021,2,0
FR,UY,fauna,2022,1,0
FR,UY,fauna,2024,1,0
FR,UY,flora,1984,3,0
FR,UY,flora,1987,1,0
FR,UY,flora,1996,1,0
FR,UY,flora,1997,5,0
FR,UY,flora,1998,6,0
FR,UY,flora,1999,3,0
FR,UY,flora,2000,1,0
FR,UY,flora,2001,1,0
FR,UY,flora,2002,1,0
FR,UY,flora,2003,1,0
FR,UY,flora,2004,1,0
FR,UY,flora,2005,1,0
FR,UY,flora,2006,1,0
FR,UY,flora,2007,3,0
FR,UY,flora,2008,2,0
FR,UY,flora,2009,2,0
FR,UY,flora,2012,6,0
FR,UY,flora,2013,1,0
FR,UY,flora,2019,26,0
FR,UY,flora,2020,40,0
FR,UY,flora,2021,76,0
FR,UY,flora,2022,80,0
FR,UY,flora,2023,34,0
FR,UY,flora,2024,21,0
FR,VC,fauna,2004,8,0
FR,VC,fauna,2005,3,0
FR,VC,fauna,2006,8,0
FR,VC,fauna,2007,5,0
FR,VC,fauna,2008,10,0
FR,VC,fauna,2009,6,0
FR,VC,fauna,2022,3,0
FR,VE,fauna,1981,1,0
FR,VE,fauna,1982,3,0
FR,VE,fauna,1985,1,0
FR,VE,fauna,1986,2,0
FR,VE,fauna,1987,5,0
FR,VE,fauna,1988,2,0
FR,VE,fauna,1989,7,0
FR,VE,fauna,1990,2,0
FR,VE,fauna,1991,7,0
FR,VE,fauna,1992,7,0
FR,VE,fauna,1995,1,0
FR,VE,fauna,1997,5,0
FR,VE,fauna,1999,9,0
FR,VE,fauna,2000,19,0
FR,VE,fauna,2001,11,0
FR,VE,fauna,2002,8,0
FR,VE,fauna,2004,10,0
FR,VE,fauna,2005,4,0
FR,VE,fauna,2006,16,0
FR,VE,fauna,2007,30,0
FR,VE,fauna,2008,31,0
FR,VE,fauna,2009,6,0
FR,VE,fauna,2010,1,0
FR,VE,fauna,2011,11,0
FR,VE,fauna,2012,2,0
FR,VE,fauna,2013,9,0
FR,VE,fauna,2014,17,0
FR,VE,fauna,2015,14,0
FR,VE,fauna,2016,7,0
FR,VE,fauna,2017,7,0
FR,VE,fauna,2018,4,0
FR,VE,fauna,2019,5,0
FR,VE,fauna,2021,7,0
FR,VE,fauna,2022,11,0
FR,VE,fauna,2023,5,0
FR,VE,flora,1982,1,0
FR,VE,flora,1983,1,0
FR,VE,flora,1987,2,0
FR,VE,flora,1991,3,0
FR,VE,flora,1997,1,0
FR,VE,flora,1998,2,0
FR,VE,flora,2013,1,0
FR,VE,flora,2019,13,0
GA,BR,fauna,1990,2,0
GA,CO,fauna,2010,1,0
GA,DO,flora,2004,1,0
GA,HT,fauna,1998,1,0
GA,MX,fauna,1998,2,0
GB,AG,fauna,1995,1,0
GB,AG,fauna,2017,1,0
GB,AG,fauna,2024,1,0
GB,AR,fauna,1976,2,0
GB,AR,fauna,1978,2,0
GB,AR,fauna,1979,1,0
GB,AR,fauna,1980,3,0
GB,AR,fauna,1981,1,0
GB,AR,fauna,1982,1,0
GB,AR,fauna,1984,1,0
GB,AR,fauna,1990,1,0
GB,AR,fauna,1993,2,0
GB,AR,fauna,1995,2,0
GB,AR,fauna,1997,3,0
GB,AR,fauna,1998,8,0
GB,AR,fauna,1999,2,0
GB,AR,fauna,2000,3,0
GB,AR,fauna,2001,7,0
GB,AR,fauna,2002,8,0
GB,AR,fauna,2003,13,0
GB,AR,fauna,2004,19,0
GB,AR,fauna,2005,18,0
GB,AR,fauna,2006,5,0
GB,AR,fauna,2007,9,0
GB,AR,fauna,2008,6,0
GB,AR,fauna,2009,15,0
GB,AR,fauna,2010,14,0
GB,AR,fauna,2012,8,0
GB,AR,fauna,2017,1,0
GB,AR,fauna,2019,1,0
GB,AR,fauna,2021,1,0
GB,AR,fauna,2023,1,0
GB,AR,flora,1988,6,0
GB,AR,flora,2014,1,0
GB,AR,flora,2018,1,0
GB,AR,flora,2019,1,0
GB,BB,fauna,1985,1,0
GB,BB,fauna,1986,1,0
GB,BB,fauna,1987,1,0
GB,BB,fauna,1988,2,0
GB,BB,fauna,1989,2,0
GB,BB,fauna,1990,1,0
GB,BB,fauna,1995,2,0
GB,BB,fauna,1996,2,0
GB,BB,fauna,1997,64,0
GB,BB,fauna,1998,3,0
GB,BB,fauna,1999,84,0
GB,BB,fauna,2000,40,0
GB,BB,fauna,2001,1,0
GB,BB,fauna,2002,7,0
GB,BB,fauna,2003,14,0
GB,BB,fauna,2004,8,0
GB,BB,fauna,2005,2,0
GB,BB,fauna,2006,15,0
GB,BB,fauna,2007,10,0
GB,BB,fauna,2008,2,0
GB,BB,fauna,2010,4,0
GB,BB,fauna,2011,1,0
GB,BB,fauna,2013,8,0
GB,BB,fauna,2014,8,0
GB,BB,fauna,2015,6,0
GB,BB,fauna,2016,22,0
GB,BB,fauna,2017,7,0
GB,BB,fauna,2018,38,0
GB,BB,fauna,2019,32,0
GB,BB,fauna,2020,2,0
GB,BB,fauna,2021,4,0
GB,BB,fauna,2022,20,0
GB,BB,fauna,2024,15,0
GB,BO,fauna,1981,4,0
GB,BO,fauna,1982,4,0
GB,BO,fauna,1983,2,0
GB,BO,fauna,2003,1,0
GB,BO,fauna,2004,1,0
GB,BO,fauna,2013,6,0
GB,BO,fauna,2021,1,0
GB,BO,fauna,2023,1,0
GB,BO,fauna,2024,5,0
GB,BR,fauna,1976,1,0
GB,BR,fauna,1978,1,0
GB,BR,fauna,1980,3,0
GB,BR,fauna,1981,1,0
GB,BR,fauna,1982,4,0
GB,BR,fauna,1983,5,0
GB,BR,fauna,1984,1,0
GB,BR,fauna,1989,1,0
GB,BR,fauna,1993,5,0
GB,BR,fauna,1994,4,0
GB,BR,fauna,1995,1,0
GB,BR,fauna,1996,12,0
GB,BR,fauna,1997,3,0
GB,BR,fauna,1998,18,0
GB,BR,fauna,1999,18,0
GB,BR,fauna,2000,3,0
GB,BR,fauna,2001,1,0
GB,BR,fauna,2002,26,0
GB,BR,fauna,2003,2,0
GB,BR,fauna,2004,1,0
GB,BR,fauna,2005,7,0
GB,BR,fauna,2006,3,0
GB,BR,fauna,2007,10,0
GB,BR,fauna,2008,1,0
GB,BR,fauna,2009,4,0
GB,BR,fauna,2010,6,0
GB,BR,fauna,2011,50,0
GB,BR,fauna,2012,57,0
GB,BR,fauna,2013,170,0
GB,BR,fauna,2014,27,0
GB,BR,fauna,2015,10,0
GB,BR,fauna,2016,18,0
GB,BR,fauna,2017,17,0
GB,BR,fauna,2018,11,0
GB,BR,fauna,2019,4,0
GB,BR,fauna,2020,5,0
GB,BR,fauna,2021,9,0
GB,BR,fauna,2022,6,0
GB,BR,fauna,2023,3,0
GB,BR,fauna,2024,2,0
GB,BR,flora,1994,7,0
GB,BR,flora,1996,1,0
GB,BR,flora,2002,1,0
GB,BR,flora,2003,1,0
GB,BR,flora,2005,1,0
GB,BR,flora,2008,3,0
GB,BR,flora,2010,5,5
GB,BR,flora,2011,1,0
GB,BR,flora,2013,1,0
GB,BR,flora,2014,2,0
GB,BR,flora,2015,1,0
GB,BR,flora,2016,13,0
GB,BR,flora,2017,2,0
GB,BR,flora,2019,2,0
GB,BR,flora,2020,4,0
GB,BR,flora,2021,2,0
GB,BR,flora,2022,2,0
GB,BS,fauna,1978,1,0
GB,BS,fauna,1983,2,0
GB,BS,fauna,1985,1,0
GB,BS,fauna,1987,1,0
GB,BS,fauna,1992,2,0
GB,BS,fauna,1993,4,0
GB,BS,fauna,1994,4,0
GB,BS,fauna,1996,1,0
GB,BS,fauna,2001,5,0
GB,BS,fauna,2003,2,0
GB,BS,fauna,2007,5,0
GB,BS,fauna,2008,2,0
GB,BS,fauna,2012,1,0
GB,BS,fauna,2013,2,0
GB,BS,fauna,2014,3,3
GB,BS,fauna,2016,4,0
GB,BS,fauna,2018,1,0
GB,BS,fauna,2019,1,0
GB,BS,fauna,2024,2,0
GB,BS,flora,2003,2,0
GB,BS,flora,2005,3,0
GB,BS,flora,2017,1,0
GB,BZ,fauna,1992,1,0
GB,BZ,fauna,1993,2,0
GB,BZ,fauna,1996,1,0
GB,BZ,fauna,2002,14,0
GB,BZ,fauna,2004,1,0
GB,CL,fauna,1981,1,0
GB,CL,fauna,1982,2,0
GB,CL,fauna,1986,1,0
GB,CL,fauna,1987,2,0
GB,CL,fauna,1989,4,0
GB,CL,fauna,1991,2,0
GB,CL,fauna,1997,1,0
GB,CL,fauna,1998,1,0
GB,CL,fauna,1999,3,0
GB,CL,fauna,2000,1,0
GB,CL,fauna,2003,1,0
GB,CL,fauna,2004,2,0
GB,CL,fauna,2005,3,0
GB,CL,fauna,2006,3,0
GB,CL,fauna,2007,2,0
GB,CL,fauna,2008,6,0
GB,CL,fauna,2009,6,0
GB,CL,fauna,2010,1,0
GB,CL,fauna,2011,2,0
GB,CL,fauna,2013,2,0
GB,CL,fauna,2014,1,0
GB,CL,fauna,2015,2,0
GB,CL,fauna,2016,6,0
GB,CL,fauna,2018,4,0
GB,CL,fauna,2019,5,0
GB,CL,fauna,2021,1,0
GB,CL,fauna,2022,3,0
GB,CL,fauna,2024,1,0
GB,CL,flora,2003,1,0
GB,CL,flora,2008,1,0
GB,CL,flora,2018,5,0
GB,CL,flora,2019,9,0
GB,CL,flora,2020,3,0
GB,CL,flora,2024,1,0
GB,CO,fauna,1980,1,0
GB,CO,fauna,1982,1,0
GB,CO,fauna,1983,1,0
GB,CO,fauna,1987,1,0
GB,CO,fauna,1996,27,0
GB,CO,fauna,1999,2,0
GB,CO,fauna,2006,1,0
GB,CO,fauna,2007,1,0
GB,CO,fauna,2009,1,0
GB,CO,fauna,2010,2,0
GB,CO,fauna,2011,7,0
GB,CO,fauna,2012,9,0
GB,CO,fauna,2014,2,0
GB,CO,fauna,2016,1,0
GB,CO,fauna,2022,4,0
GB,CO,flora,1976,3,0
GB,CO,flora,2015,1,0
GB,CO,flora,2018,1,0
GB,CR,fauna,1986,1,0
GB,CR,fauna,1996,1,0
GB,CR,fauna,2003,1,0
GB,CR,fauna,2014,1,0
GB,CR,fauna,2021,10,0
GB,CU,fauna,1977,2,0
GB,CU,fauna,1978,3,0
GB,CU,fauna,1981,4,0
GB,CU,fauna,1983,3,0
GB,CU,fauna,1984,1,0
GB,CU,fauna,1985,1,0
GB,CU,fauna,1992,1,0
GB,CU,fauna,2009,1,0
GB,CU,fauna,2012,2,0
GB,DM,fauna,1994,1,0
GB,DM,flora,1984,2,0
GB,DO,fauna,1981,1,0
GB,DO,fauna,1994,1,0
GB,DO,fauna,1999,3,0
GB,DO,fauna,2005,1,0
GB,DO,flora,2002,1,0
GB,EC,fauna,1994,2,0
GB,EC,fauna,1995,1,0
GB,EC,fauna,2001,2,0
GB,EC,fauna,2002,2,0
GB,EC,fauna,2018,3,0
GB,GD,fauna,1993,2,0
GB,GT,fauna,2005,1,0
GB,GT,fauna,2016,1,0
GB,GT,flora,1991,5,0
GB,GY,fauna,1990,1,0
GB,GY,fauna,1992,1,0
GB,GY,fauna,1993,1,0
GB,GY,flora,2022,1,0
GB,GY,flora,2023,2,0
GB,GY,flora,2024,1,0
GB,HN,fauna,1992,1,0
GB,HN,fauna,1995,1,0
GB,JM,fauna,1986,4,0
GB,JM,fauna,1989,2,0
GB,JM,fauna,1991,1,0
GB,JM,fauna,1995,1,0
GB,JM,fauna,1999,1,0
GB,JM,fauna,2010,1,0
GB,JM,fauna,2017,1,0
GB,JM,fauna,2018,1,0
GB,JM,fauna,2023,1,0
GB,JM,flora,2019,1,0
GB,KN,fauna,2018,3,0
GB,KN,fauna,2019,2,0
GB,LC,fauna,1983,1,0
GB,LC,fauna,1984,1,0
GB,LC,fauna,1985,1,0
GB,LC,fauna,1989,1,0
GB,LC,fauna,1994,3,0
GB,LC,fauna,2004,4,0
GB,LC,fauna,2018,1,0
GB,LC,fauna,2019,1,0
GB,LC,flora,1997,4,0
GB,LC,flora,1998,1,0
GB,MX,fauna,1976,3,0
GB,MX,fauna,1977,2,0
GB,MX,fauna,1978,2,0
GB,MX,fauna,1979,3,0
GB,MX,fauna,1980,7,0
GB,MX,fauna,1981,5,0
GB,MX,fauna,1982,3,0
GB,MX,fauna,1983,1,0
GB,MX,fauna,1984,1,0
GB,MX,fauna,1985,2,0
GB,MX,fauna,1986,2,0
GB,MX,fauna,1987,5,0
GB,MX,fauna,1988,6,0
GB,MX,fauna,1989,3,0
GB,MX,fauna,1991,12,0
GB,MX,fauna,1992,23,0
GB,MX,fauna,1993,17,0
GB,MX,fauna,1994,19,0
GB,MX,fauna,1995,4,0
GB,MX,fauna,1996,14,0
GB,MX,fauna,1997,19,0
GB,MX,fauna,1998,8,0
GB,MX,fauna,1999,9,0
GB,MX,fauna,2000,16,0
GB,MX,fauna,2001,2,0
GB,MX,fauna,2002,4,0
GB,MX,fauna,2003,3,0
GB,MX,fauna,2005,2,0
GB,MX,fauna,2006,6,0
GB,MX,fauna,2007,6,0
GB,MX,fauna,2008,7,0
GB,MX,fauna,2009,4,0
GB,MX,fauna,2010,32,0
GB,MX,fauna,2011,43,0
GB,MX,fauna,2012,79,0
GB,MX,fauna,2013,82,0
GB,MX,fauna,2014,9,0
GB,MX,fauna,2015,37,0
GB,MX,fauna,2016,117,0
GB,MX,fauna,2017,4,0
GB,MX,fauna,2018,12,0
GB,MX,fauna,2019,4,0
GB,MX,fauna,2021,4,0
GB,MX,fauna,2022,3,0
GB,MX,fauna,2023,1,0
GB,MX,fauna,2024,46,0
GB,MX,flora,2002,2,0
GB,MX,flora,2003,1,0
GB,MX,flora,2006,1,0
GB,MX,flora,2008,1,0
GB,MX,flora,2015,2,0
GB,MX,flora,2017,2,0
GB,MX,flora,2018,1,0
GB,MX,flora,2019,3,0
GB,MX,flora,2020,1,0
GB,MX,flora,2021,2,0
GB,MX,flora,2022,2,0
GB,PA,fauna,1979,2,0
GB,PA,fauna,1980,1,0
GB,PA,fauna,1981,1,0
GB,PA,fauna,1982,2,0
GB,PA,fauna,1990,2,0
GB,PA,fauna,1993,2,0
GB,PA,fauna,1999,3,0
GB,PA,fauna,2003,4,0
GB,PA,fauna,2005,9,0
GB,PA,fauna,2006,1,0
GB,PA,fauna,2009,1,0
GB,PA,fauna,2013,2,0
GB,PA,fauna,2014,2,0
GB,PA,fauna,2016,5,0
GB,PA,fauna,2017,19,0
GB,PA,fauna,2018,6,0
GB,PA,fauna,2019,9,0
GB,PA,flora,2020,2,0
GB,PE,fauna,1982,1,0
GB,PE,fauna,1999,2,0
GB,PE,fauna,2017,2,0
GB,PE,fauna,2018,1,0
GB,PE,fauna,2019,3,0
GB,PE,fauna,2021,1,0
GB,PE,flora,2002,6,0
GB,PE,flora,2003,1,0
GB,PE,flora,2017,1,0
GB,PE,flora,2021,2,0
GB,PY,fauna,1976,2,0
GB,PY,fauna,1980,1,0
GB,PY,fauna,1983,1,0
GB,PY,fauna,1998,1,0
GB,PY,fauna,1999,4,0
GB,PY,fauna,2001,1,0
GB,PY,fauna,2002,2,0
GB,PY,fauna,2003,2,0
GB,PY,fauna,2004,1,0
GB,PY,fauna,2005,4,0
GB,PY,fauna,2006,1,0
GB,PY,fauna,2008,2,0
GB,PY,fauna,2009,4,0
GB,PY,fauna,2011,7,0
GB,PY,fauna,2012,6,0
GB,PY,fauna,2013,1,0
GB,PY,flora,2012,1,0
GB,PY,flora,2013,2,0
GB,PY,flora,2016,1,0
GB,SV,fauna,1999,1,0
GB,TT,fauna,1982,1,0
GB,TT,fauna,1983,1,0
GB,TT,fauna,1985,1,0
GB,TT,fauna,1989,2,0
GB,TT,fauna,1990,3,0
GB,TT,fauna,1991,2,0
GB,TT,fauna,1994,1,0
GB,TT,fauna,1996,1,0
GB,TT,fauna,1997,2,0
GB,TT,fauna,2002,2,0
GB,TT,fauna,2004,14,0
GB,TT,fauna,2005,20,0
GB,TT,fauna,2006,6,0
GB,TT,fauna,2008,6,0
GB,TT,fauna,2012,1,0
GB,TT,fauna,2013,1,0
GB,TT,fauna,2017,3,0
GB,TT,fauna,2018,7,0
GB,TT,fauna,2025,2,0
GB,TT,flora,2002,1,0
GB,UY,fauna,1981,1,0
GB,UY,fauna,1998,1,0
GB,UY,fauna,2001,1,0
GB,UY,fauna,2002,1,0
GB,UY,fauna,2005,5,0
GB,UY,fauna,2011,1,0
GB,UY,fauna,2012,2,0
GB,UY,fauna,2015,2,0
GB,UY,fauna,2016,1,0
GB,UY,fauna,2017,2,0
GB,UY,fauna,2024,6,0
GB,VE,fauna,1982,1,0
GB,VE,fauna,1983,4,0
GB,VE,fauna,1988,1,0
GB,VE,fauna,1992,1,0
GB,VE,fauna,2013,1,0
GD,BB,fauna,2004,1,0
GD,BB,fauna,2005,1,0
GD,BB,fauna,2006,1,0
GD,BB,fauna,2007,1,0
GD,CA,fauna,1996,1,0
GD,DE,fauna,1998,4,0
GD,DE,fauna,2006,1,0
GD,DM,fauna,2015,1,0
GD,GB,fauna,1978,1,0
GD,GB,fauna,1989,1,0
GD,GB,fauna,1997,1,1
GD,GB,fauna,1998,1,1
GD,GB,fauna,1999,4,4
GD,GB,fauna,2000,1,1
GD,GB,fauna,2001,3,3
GD,GB,fauna,2002,1,1
GD,GB,fauna,2003,1,1
GD,GB,fauna,2004,2,2
GD,GB,fauna,2018,2,0
GD,NL,fauna,1989,2,0
GD,NZ,fauna,1991,1,1
GD,NZ,fauna,1997,1,1
GD,NZ,fauna,1999,1,1
GD,NZ,fauna,2000,3,3
GD,NZ,fauna,2001,1,1
GD,NZ,fauna,2002,1,1
GD,PL,fauna,2010,2,2
GD,SG,fauna,1989,14,0
GD,SG,fauna,1990,39,0
GD,SG,fauna,1991,3,0
GD,TT,fauna,1998,1,0
GD,TT,fauna,2009,1,0
GD,TT,fauna,2010,2,0
GD,TT,fauna,2011,1,0
GD,TT,fauna,2014,1,0
GD,TT,fauna,2018,1,0
GD,US,fauna,1981,5,0
GD,US,fauna,1982,1,1
GD,US,fauna,1983,1,1
GD,US,fauna,1984,1,1
GD,US,fauna,1987,1,0
GD,US,fauna,1988,4,1
GD,US,fauna,1989,1,0
GD,US,fauna,1990,4,4
GD,US,fauna,1991,11,5
GD,US,fauna,1992,6,1
GD,US,fauna,1996,1,0
GD,US,fauna,1997,5,0
GD,US,fauna,1998,21,1
GD,US,fauna,2000,4,2
GD,US,fauna,2001,6,4
GD,US,fauna,2002,3,2
GD,US,fauna,2003,3,3
GD,US,fauna,2004,3,1
GD,US,fauna,2005,1,1
GD,US,fauna,2006,11,11
GD,US,fauna,2007,7,7
GD,US,fauna,2008,3,3
GD,US,fauna,2009,5,5
GD,US,fauna,2010,37,37
GD,US,fauna,2011,11,10
GD,US,fauna,2012,5,4
GD,US,fauna,2013,5,5
GD,US,fauna,2014,4,4
GD,US,fauna,2015,2,2
GD,US,fauna,2016,9,7
GD,US,fauna,2017,5,3
GD,US,fauna,2018,5,2
GD,US,fauna,2019,4,4
GD,US,fauna,2020,2,2
GD,US,fauna,2022,3,1
GD,US,fauna,2023,1,1
GD,US,flora,1978,1,0
GD,US,flora,1987,4,4
GD,US,flora,1992,1,1
GD,US,flora,1993,1,1
GD,US,flora,1998,2,2
GF,BR,fauna,2006,13,0
GF,BR,fauna,2007,1,0
GF,BR,fauna,2008,2,0
GF,BR,fauna,2016,2,0
GF,LC,fauna,1984,1,1
GF,SR,fauna,2003,1,0
GF,SR,fauna,2007,9,0
GH,AR,fauna,2011,7,0
GH,AR,flora,2011,4,0
GH,AR,flora,2013,4,0
GH,BB,fauna,2008,1,0
GH,BO,fauna,1988,1,0
GH,BR,fauna,1998,1,0
GH,BS,fauna,1982,1,0
GH,CL,fauna,2012,3,0
GH,CU,fauna,1985,1,0
GH,DO,fauna,1987,1,0
GH,DO,flora,2013,3,0
GH,DO,flora,2015,3,0
GH,DO,flora,2016,2,0
GH,DO,flora,2017,4,0
GH,DO,flora,2018,7,0
GH,DO,flora,2019,2,0
GH,DO,flora,2021,1,0
GH,DO,flora,2023,6,0
GH,DO,flora,2024,10,0
GH,EC,fauna,1994,1,0
GH,GT,flora,2023,4,0
GH,GT,flora,2024,1,0
GH,HT,flora,2022,1,0
GH,HT,flora,2024,1,0
GH,MX,fauna,1986,13,0
GH,MX,fauna,1987,2,0
GH,MX,fauna,1988,3,0
GH,MX,fauna,1989,8,0
GH,MX,fauna,1990,8,0
GH,MX,fauna,1991,1,0
GH,MX,fauna,1996,12,0
GH,MX,fauna,1997,13,0
GH,MX,fauna,1998,6,0
GH,MX,fauna,2001,3,0
GH,MX,fauna,2005,4,0
GH,MX,fauna,2006,22,0
GH,MX,fauna,2007,19,0
GH,MX,fauna,2008,6,0
GH,MX,fauna,2009,27,0
GH,MX,fauna,2010,18,0
GH,MX,fauna,2011,11,0
GH,MX,fauna,2012,16,0
GH,MX,fauna,2021,14,0
GH,MX,flora,2012,3,0
GH,MX,flora,2013,4,0
GH,MX,flora,2014,9,0
GH,MX,flora,2015,5,0
GH,MX,flora,2016,5,0
GH,MX,flora,2020,1,0
GH,MX,flora,2024,1,0
GH,NI,fauna,1987,1,0
GH,NI,fauna,1989,1,0
GH,PA,fauna,2013,1,0
GH,PA,fauna,2017,3,0
GH,SR,fauna,2011,2,0
GH,TT,fauna,2009,1,0
GH,UY,flora,2012,1,0
GL,AR,fauna,2003,1,0
GL,AR,fauna,2004,2,0
GL,AR,fauna,2006,5,0
GL,AR,fauna,2024,1,0
GL,BR,fauna,2003,3,0
GL,BR,fauna,2004,5,0
GL,BR,fauna,2006,1,0
GL,BR,fauna,2009,1,0
GL,BR,fauna,2012,1,0
GL,BR,fauna,2015,2,0
GL,BR,fauna,2017,3,0
GL,BR,fauna,2018,1,0
GL,BR,fauna,2022,3,0
GL,BR,fauna,2024,1,0
GL,CL,fauna,2002,1,0
GL,CL,fauna,2018,1,0
GL,CO,fauna,2013,1,0
GL,DM,fauna,2006,1,0
GL,GT,fauna,2023,1,0
GL,MX,fauna,2002,1,0
GL,MX,fauna,2003,1,0
GL,MX,fauna,2005,1,0
GL,MX,fauna,2006,4,0
GL,MX,fauna,2008,1,0
GL,MX,fauna,2012,1,0
GL,MX,fauna,2015,1,0
GL,MX,fauna,2019,1,0
GL,MX,fauna,2022,1,0
GL,MX,fauna,2023,2,0
GL,PA,fauna,2018,1,0
GL,PY,fauna,1994,1,0
GL,PY,fauna,1996,1,0
GL,PY,fauna,2009,1,0
GL,VE,fauna,1987,1,0
GL,VE,fauna,2004,1,0
GN,AR,fauna,2001,4,0
GN,BR,fauna,1991,1,0
GN,MX,fauna,1989,2,0
GN,MX,fauna,1992,1,0
GN,MX,fauna,1993,4,0
GN,MX,fauna,1994,2,0
GN,MX,fauna,2001,22,0
GN,MX,fauna,2003,7,0
GN,MX,fauna,2004,8,0
GN,MX,fauna,2005,35,0
GN,MX,fauna,2006,18,0
GN,MX,fauna,2011,1,0
GP,BB,fauna,2014,1,0
GP,BB,fauna,2015,2,0
GP,CU,fauna,2008,2,0
GP,DO,fauna,2019,9,0
GP,DO,flora,2019,4,0
GP,EC,flora,2006,1,0
GP,EC,flora,2007,1,0
GQ,MX,fauna,2006,4,0
GQ,MX,fauna,2007,4,0
GR,BB,fauna,1996,3,0
GR,BR,fauna,1992,2,0
GR,BR,fauna,2012,3,0
GR,GY,fauna,1997,1,0
GR,SV,fauna,2009,1,0
GS,CL,fauna,2015,3,0
GT,AE,flora,2010,4,0
GT,AE,flora,2011,1,0
GT,AE,flora,2013,1,0
GT,AE,flora,2021,1,0
GT,AE,flora,2022,2,0
GT,AG,fauna,1998,1,0
GT,AR,fauna,1996,1,0
GT,AR,fauna,1997,2,0
GT,AR,fauna,1998,1,0
GT,AR,fauna,2006,2,0
GT,AR,flora,2017,2,0
GT,AT,fauna,1982,2,0
GT,AT,fauna,1991,1,0
GT,AU,fauna,1997,1,0
GT,AU,fauna,2011,2,0
GT,AU,flora,1984,48,0
GT,AU,flora,1985,48,0
GT,AU,flora,2007,1,0
GT,AU,flora,2010,2,0
GT,AU,flora,2011,1,0
GT,AU,flora,2022,3,0
GT,AU,flora,2023,7,0
GT,BB,flora,2023,1,0
GT,BD,flora,2007,1,0
GT,BE,fauna,2007,4,0
GT,BE,fauna,2008,1,0
GT,BE,fauna,2009,5,0
GT,BE,flora,1982,54,0
GT,BE,flora,1992,3,0
GT,BE,flora,1999,2,0
GT,BE,flora,2005,7,0
GT,BE,flora,2006,6,0
GT,BE,flora,2007,1,0
GT,BG,flora,2007,1,0
GT,BH,flora,2010,3,0
GT,BM,flora,1990,6,0
GT,BM,flora,2019,4,0
GT,BM,flora,2021,1,0
GT,BM,flora,2022,2,0
GT,BM,flora,2023,2,0
GT,BR,fauna,1985,2,0
GT,BR,fauna,1989,1,0
GT,BR,fauna,1999,2,0
GT,BR,flora,1990,19,0
GT,BR,flora,2022,2,0
GT,BS,flora,1988,1,0
GT,BS,flora,2011,1,0
GT,BZ,fauna,1990,1,0
GT,BZ,fauna,1991,2,0
GT,BZ,fauna,1993,3,0
GT,BZ,fauna,1999,4,0
GT,BZ,fauna,2000,1,0
GT,BZ,fauna,2002,4,0
GT,BZ,fauna,2007,9,0
GT,BZ,fauna,2008,1,0
GT,BZ,fauna,2009,21,0
GT,BZ,fauna,2011,2,0
GT,BZ,fauna,2012,2,0
GT,BZ,fauna,2014,2,0
GT,BZ,fauna,2015,2,0
GT,BZ,fauna,2017,1,0
GT,BZ,fauna,2021,2,0
GT,BZ,flora,2006,3,0
GT,BZ,flora,2007,4,0
GT,BZ,flora,2008,2,0
GT,BZ,flora,2016,1,0
GT,CA,fauna,1980,1,0
GT,CA,fauna,1981,1,0
GT,CA,fauna,1982,1,0
GT,CA,fauna,1983,2,0
GT,CA,fauna,1984,1,0
GT,CA,fauna,1985,4,0
GT,CA,fauna,1992,1,0
GT,CA,fauna,1995,4,0
GT,CA,fauna,1996,2,0
GT,CA,fauna,1997,1,0
GT,CA,fauna,1999,1,0
GT,CA,fauna,2000,5,0
GT,CA,fauna,2009,1,0
GT,CA,fauna,2015,6,0
GT,CA,fauna,2018,7,4
GT,CA,fauna,2019,6,3
GT,CA,fauna,2023,3,0
GT,CA,fauna,2024,3,0
GT,CA,flora,1989,3,0
GT,CA,flora,1990,16,0
GT,CA,flora,2000,5,0
GT,CA,flora,2002,1,0
GT,CA,flora,2007,13,0
GT,CA,flora,2008,12,0
GT,CA,flora,2009,22,0
GT,CA,flora,2010,4,0
GT,CA,flora,2011,6,0
GT,CA,flora,2012,16,0
GT,CA,flora,2013,22,0
GT,CA,flora,2014,22,0
GT,CA,flora,2015,29,0
GT,CA,flora,2016,32,0
GT,CA,flora,2017,51,0
GT,CA,flora,2018,50,0
GT,CA,flora,2019,72,0
GT,CA,flora,2020,62,0
GT,CA,flora,2021,76,0
GT,CA,flora,2022,89,0
GT,CA,flora,2023,276,0
GT,CH,flora,1982,14,0
GT,CH,flora,1984,21,0
GT,CH,flora,1985,21,0
GT,CH,flora,1989,1,0
GT,CH,flora,1990,39,0
GT,CH,flora,2001,1,0
GT,CH,flora,2006,20,0
GT,CH,flora,2007,29,0
GT,CH,flora,2008,34,0
GT,CH,flora,2009,31,0
GT,CH,flora,2010,51,0
GT,CH,flora,2011,59,0
GT,CH,flora,2012,51,0
GT,CH,flora,2013,2,0
GT,CH,flora,2014,72,0
GT,CH,flora,2016,41,0
GT,CH,flora,2017,36,0
GT,CH,flora,2018,32,0
GT,CH,flora,2019,32,0
GT,CH,flora,2020,10,0
GT,CH,flora,2021,16,0
GT,CH,flora,2022,10,0
GT,CH,flora,2023,9,0
GT,CL,fauna,1995,2,0
GT,CL,fauna,1996,7,0
GT,CL,fauna,1997,2,0
GT,CL,fauna,1998,2,0
GT,CL,fauna,2004,3,0
GT,CL,fauna,2005,1,0
GT,CL,fauna,2007,1,0
GT,CL,fauna,2009,4,0
GT,CL,fauna,2014,1,0
GT,CL,fauna,2015,5,0
GT,CL,fauna,2017,1,0
GT,CL,fauna,2018,2,0
GT,CL,flora,2014,1,0
GT,CL,flora,2020,1,0
GT,CL,flora,2021,3,0
GT,CL,flora,2022,2,0
GT,CL,flora,2023,4,0
GT,CN,fauna,2011,2,0
GT,CN,fauna,2016,1,0
GT,CN,fauna,2017,5,0
GT,CN,fauna,2018,25,0
GT,CN,fauna,2019,2,0
GT,CN,fauna,2020,8,0
GT,CN,flora,2004,3,0
GT,CN,flora,2007,2,0
GT,CN,flora,2008,8,0
GT,CN,flora,2009,5,0
GT,CN,flora,2010,7,0
GT,CN,flora,2011,5,0
GT,CN,flora,2012,3,0
GT,CN,flora,2013,9,0
GT,CN,flora,2014,11,0
GT,CN,flora,2015,23,0
GT,CN,flora,2016,16,0
GT,CN,flora,2017,12,0
GT,CN,flora,2018,12,0
GT,CN,flora,2019,13,0
GT,CN,flora,2020,11,0
GT,CN,flora,2021,8,0
GT,CN,flora,2022,2,0
GT,CN,flora,2023,2,0
GT,CO,fauna,1983,1,0
GT,CO,fauna,1992,2,0
GT,CO,flora,1990,8,0
GT,CO,flora,2023,7,0
GT,CR,fauna,1982,3,0
GT,CR,fauna,1984,1,0
GT,CR,fauna,1985,1,0
GT,CR,fauna,1997,3,0
GT,CR,fauna,1999,4,0
GT,CR,fauna,2000,6,0
GT,CR,fauna,2005,1,0
GT,CR,flora,1990,8,0
GT,CR,flora,1999,2,0
GT,CR,flora,2001,1,0
GT,CR,flora,2006,4,0
GT,CR,flora,2007,2,0
GT,CR,flora,2011,2,0
GT,CR,flora,2012,2,0
GT,CR,flora,2013,1,0
GT,CR,flora,2017,1,0
GT,CR,flora,2020,5,0
GT,CR,flora,2022,7,0
GT,CU,fauna,2001,1,0
GT,CU,fauna,2003,1,0
GT,CU,fauna,2017,10,0
GT,CU,fauna,2018,7,0
GT,CZ,fauna,1997,4,0
GT,CZ,fauna,1998,2,0
GT,CZ,fauna,1999,2,0
GT,CZ,fauna,2005,5,0
GT,CZ,fauna,2024,1,0
GT,CZ,flora,1997,60,0
GT,CZ,flora,1998,19,0
GT,CZ,flora,2003,2,0
GT,CZ,flora,2006,2,0
GT,CZ,flora,2007,7,0
GT,CZ,flora,2012,1,0
GT,CZ,flora,2017,2,0
GT,CZ,flora,2018,4,0
GT,DD,fauna,1981,1,0
GT,DE,fauna,1979,3,0
GT,DE,fauna,1980,4,0
GT,DE,fauna,1981,4,0
GT,DE,fauna,1982,1,0
GT,DE,fauna,1983,4,0
GT,DE,fauna,1984,27,0
GT,DE,fauna,1985,37,0
GT,DE,fauna,1986,2,0
GT,DE,fauna,1993,22,0
GT,DE,fauna,1994,5,0
GT,DE,fauna,1995,1,0
GT,DE,fauna,1996,1,0
GT,DE,fauna,1997,10,0
GT,DE,fauna,1998,12,0
GT,DE,fauna,1999,4,0
GT,DE,fauna,2003,1,0
GT,DE,fauna,2005,1,0
GT,DE,fauna,2008,2,0
GT,DE,fauna,2009,5,0
GT,DE,fauna,2021,6,0
GT,DE,fauna,2023,54,40
GT,DE,fauna,2024,40,40
GT,DE,flora,1979,1,0
GT,DE,flora,1982,143,0
GT,DE,flora,1983,241,0
GT,DE,flora,1984,251,0
GT,DE,flora,1985,188,0
GT,DE,flora,1992,51,0
GT,DE,flora,1993,97,0
GT,DE,flora,1994,63,0
GT,DE,flora,1995,63,0
GT,DE,flora,1996,51,0
GT,DE,flora,1997,56,0
GT,DE,flora,1998,54,0
GT,DE,flora,1999,25,0
GT,DE,flora,2000,26,0
GT,DE,flora,2001,18,0
GT,DE,flora,2002,36,0
GT,DE,flora,2003,24,0
GT,DE,flora,2004,10,0
GT,DE,flora,2005,46,0
GT,DE,flora,2006,34,0
GT,DE,flora,2007,55,0
GT,DE,flora,2008,51,0
GT,DE,flora,2009,42,0
GT,DE,flora,2010,43,0
GT,DE,flora,2011,26,0
GT,DE,flora,2012,45,0
GT,DE,flora,2013,15,0
GT,DE,flora,2014,21,0
GT,DE,flora,2015,23,0
GT,DE,flora,2016,21,0
GT,DE,flora,2017,21,0
GT,DE,flora,2018,18,0
GT,DE,flora,2019,8,0
GT,DE,flora,2020,3,0
GT,DE,flora,2021,9,0
GT,DE,flora,2022,3,0
GT,DE,flora,2023,2,0
GT,DK,flora,1981,10,0
GT,DK,flora,1982,42,0
GT,DK,flora,1984,102,0
GT,DK,flora,1985,101,0
GT,DK,flora,1997,1,0
GT,DK,flora,2002,3,0
GT,DK,flora,2005,4,0
GT,DK,flora,2006,4,0
GT,DK,flora,2007,4,0
GT,DK,flora,2008,3,0
GT,DK,flora,2009,3,0
GT,DK,flora,2010,8,0
GT,DK,flora,2011,14,0
GT,DK,flora,2012,10,0
GT,DK,flora,2013,5,0
GT,DK,flora,2014,3,0
GT,DK,flora,2015,2,0
GT,DK,flora,2016,2,0
GT,DK,flora,2017,30,0
GT,DK,flora,2018,20,0
GT,DK,flora,2019,35,0
GT,DK,flora,2020,34,0
GT,DK,flora,2021,10,0
GT,DK,flora,2022,16,0
GT,DK,flora,2023,4,0
GT,DK,flora,2024,2,0
GT,DO,fauna,1986,1,0
GT,DO,flora,2000,11,0
GT,DO,flora,2001,1,0
GT,DO,flora,2002,5,0
GT,DO,flora,2003,14,0
GT,DO,flora,2004,33,0
GT,DO,flora,2005,17,0
GT,DO,flora,2006,57,0
GT,DO,flora,2007,56,0
GT,DO,flora,2008,49,0
GT,DO,flora,2009,64,0
GT,DO,flora,2010,61,0
GT,DO,flora,2011,27,0
GT,DO,flora,2012,75,0
GT,DO,flora,2013,100,0
GT,DO,flora,2014,31,0
GT,DO,flora,2015,36,0
GT,DO,flora,2016,26,0
GT,DO,flora,2017,33,0
GT,DO,flora,2018,61,0
GT,DO,flora,2019,47,0
GT,DO,flora,2020,8,0
GT,DO,flora,2021,13,0
GT,DO,flora,2022,11,0
GT,DO,flora,2023,2,0
GT,DO,flora,2024,4,0
GT,EC,flora,2002,1,0
GT,EG,fauna,2003,1,0
GT,ES,fauna,1982,5,0
GT,ES,fauna,1983,2,0
GT,ES,fauna,1984,5,0
GT,ES,fauna,1985,27,0
GT,ES,fauna,1992,1,0
GT,ES,fauna,1994,8,1
GT,ES,fauna,1995,6,0
GT,ES,fauna,1996,12,1
GT,ES,fauna,1997,76,0
GT,ES,fauna,1998,82,1
GT,ES,fauna,1999,68,0
GT,ES,fauna,2000,40,0
GT,ES,fauna,2001,14,0
GT,ES,fauna,2002,18,0
GT,ES,fauna,2003,28,0
GT,ES,fauna,2004,10,0
GT,ES,fauna,2005,7,0
GT,ES,fauna,2006,13,0
GT,ES,fauna,2007,6,0
GT,ES,fauna,2008,4,0
GT,ES,fauna,2013,2,0
GT,ES,flora,1995,1,0
GT,ES,flora,2000,4,0
GT,ES,flora,2003,9,0
GT,ES,flora,2004,13,0
GT,ES,flora,2005,8,0
GT,ES,flora,2007,20,0
GT,ES,flora,2008,7,0
GT,ES,flora,2009,11,0
GT,ES,flora,2010,2,0
GT,ES,flora,2013,2,0
GT,ES,flora,2014,8,0
GT,ES,flora,2016,2,0
GT,ES,flora,2017,8,0
GT,ES,flora,2018,16,0
GT,ES,flora,2019,5,0
GT,ES,flora,2020,19,0
GT,ES,flora,2021,17,0
GT,ES,flora,2022,6,0
GT,ES,flora,2023,17,0
GT,ES,flora,2024,11,0
GT,FJ,flora,2007,3,0
GT,FR,fauna,1981,3,0
GT,FR,fauna,1982,9,0
GT,FR,fauna,1983,22,0
GT,FR,fauna,1984,4,0
GT,FR,fauna,1985,11,0
GT,FR,fauna,1994,2,0
GT,FR,fauna,2000,1,0
GT,FR,fauna,2002,6,0
GT,FR,fauna,2003,5,0
GT,FR,fauna,2004,1,0
GT,FR,fauna,2005,1,0
GT,FR,fauna,2009,5,0
GT,FR,fauna,2011,2,0
GT,FR,flora,1990,1,0
GT,FR,flora,1994,3,0
GT,FR,flora,2000,2,0
GT,FR,flora,2001,1,0
GT,FR,flora,2002,2,0
GT,FR,flora,2004,1,0
GT,FR,flora,2005,2,0
GT,FR,flora,2006,4,0
GT,FR,flora,2007,5,0
GT,FR,flora,2008,11,0
GT,FR,flora,2009,10,0
GT,FR,flora,2010,11,0
GT,FR,flora,2011,18,0
GT,FR,flora,2012,17,0
GT,FR,flora,2013,12,0
GT,FR,flora,2014,1,0
GT,FR,flora,2015,2,0
GT,FR,flora,2016,2,0
GT,FR,flora,2019,2,0
GT,GB,fauna,1983,1,1
GT,GB,fauna,1986,1,0
GT,GB,fauna,1995,6,0
GT,GB,fauna,2003,2,0
GT,GB,fauna,2005,1,0
GT,GB,fauna,2007,2,0
GT,GB,fauna,2010,4,0
GT,GB,fauna,2018,3,0
GT,GB,fauna,2019,1,0
GT,GB,fauna,2020,2,0
GT,GB,flora,1976,6,0
GT,GB,flora,1977,16,0
GT,GB,flora,1978,16,0
GT,GB,flora,1979,19,0
GT,GB,flora,1981,39,0
GT,GB,flora,1982,91,0
GT,GB,flora,1983,36,0
GT,GB,flora,1984,171,0
GT,GB,flora,1985,124,0
GT,GB,flora,1991,1,0
GT,GB,flora,1992,1,0
GT,GB,flora,1999,1,0
GT,GB,flora,2000,3,0
GT,GB,flora,2003,3,0
GT,GB,flora,2004,6,0
GT,GB,flora,2005,7,0
GT,GB,flora,2006,12,0
GT,GB,flora,2007,4,0
GT,GB,flora,2008,3,0
GT,GB,flora,2009,3,0
GT,GB,flora,2010,1,0
GT,GB,flora,2011,1,0
GT,GB,flora,2014,2,0
GT,GB,flora,2015,2,0
GT,GB,flora,2016,2,0
GT,GB,flora,2017,4,0
GT,GB,flora,2018,2,0
GT,GB,flora,2019,2,0
GT,GB,flora,2020,3,0
GT,GB,flora,2021,1,0
GT,GB,flora,2022,1,0
GT,GP,flora,1990,1,0
GT,GR,flora,2017,2,0
GT,GT,fauna,1993,2,0
GT,HK,fauna,1985,4,0
GT,HK,fauna,1996,1,0
GT,HK,fauna,2018,4,0
GT,HK,fauna,2019,39,0
GT,HK,fauna,2020,12,0
GT,HK,fauna,2021,6,0
GT,HK,fauna,2022,17,0
GT,HK,fauna,2023,9,0
GT,HK,fauna,2024,3,0
GT,HK,flora,2004,2,0
GT,HK,flora,2005,2,0
GT,HK,flora,2006,4,0
GT,HK,flora,2007,3,0
GT,HK,flora,2008,9,0
GT,HK,flora,2010,6,0
GT,HK,flora,2011,3,0
GT,HK,flora,2012,5,0
GT,HK,flora,2013,2,0
GT,HK,flora,2014,6,0
GT,HK,flora,2016,2,0
GT,HK,flora,2017,1,0
GT,HK,flora,2019,4,0
GT,HN,fauna,1982,1,0
GT,HN,fauna,1998,4,0
GT,HN,fauna,1999,4,0
GT,HN,fauna,2000,5,0
GT,HN,fauna,2002,4,0
GT,HN,fauna,2003,1,0
GT,HN,fauna,2004,1,0
GT,HN,fauna,2005,4,0
GT,HN,fauna,2006,3,0
GT,HN,fauna,2007,4,0
GT,HN,fauna,2008,1,0
GT,HN,fauna,2009,1,1
GT,HN,fauna,2010,2,0
GT,HN,fauna,2011,27,0
GT,HN,fauna,2012,2,0
GT,HN,fauna,2014,2,0
GT,HN,fauna,2016,2,0
GT,HN,flora,1990,2,0
GT,HN,flora,2003,1,0
GT,HN,flora,2004,9,0
GT,HN,flora,2005,9,0
GT,HN,flora,2006,12,0
GT,HN,flora,2007,10,0
GT,HN,flora,2008,11,0
GT,HN,flora,2009,17,0
GT,HN,flora,2010,11,0
GT,HN,flora,2011,4,0
GT,HN,flora,2013,7,0
GT,HN,flora,2014,2,0
GT,HN,flora,2015,1,0
GT,HN,flora,2016,2,0
GT,HT,flora,2013,2,0
GT,HU,flora,2005,4,0
GT,HU,flora,2006,4,0
GT,HU,flora,2011,4,0
GT,ID,fauna,1995,6,0
GT,ID,fauna,1996,6,0
GT,ID,flora,2007,2,0
GT,ID,flora,2008,2,0
GT,ID,flora,2018,3,0
GT,ID,flora,2019,1,0
GT,IE,flora,2016,1,0
GT,IL,fauna,1983,1,0
GT,IL,fauna,1986,1,0
GT,IR,flora,2015,1,0
GT,IS,flora,2008,1,0
GT,IT,fauna,1981,2,0
GT,IT,fauna,1982,2,0
GT,IT,fauna,1983,1,0
GT,IT,fauna,1984,13,0
GT,IT,fauna,1985,33,0
GT,IT,fauna,1986,2,0
GT,IT,fauna,1987,1,1
GT,IT,fauna,1988,6,0
GT,IT,fauna,1990,1,0
GT,IT,fauna,1992,2,0
GT,IT,fauna,1993,1,0
GT,IT,fauna,1997,3,0
GT,IT,fauna,1998,3,0
GT,IT,fauna,1999,3,0
GT,IT,fauna,2000,4,0
GT,IT,fauna,2002,1,0
GT,IT,fauna,2005,5,0
GT,IT,fauna,2006,3,0
GT,IT,fauna,2008,10,0
GT,IT,fauna,2009,6,0
GT,IT,fauna,2013,2,0
GT,IT,fauna,2014,2,0
GT,IT,fauna,2015,4,0
GT,IT,flora,1984,4,0
GT,IT,flora,1985,4,0
GT,IT,flora,1990,1,0
GT,IT,flora,1996,1,0
GT,IT,flora,2002,8,0
GT,IT,flora,2003,11,0
GT,IT,flora,2004,5,0
GT,IT,flora,2005,18,0
GT,IT,flora,2006,16,0
GT,IT,flora,2007,34,0
GT,IT,flora,2008,34,0
GT,IT,flora,2009,26,0
GT,IT,flora,2010,24,0
GT,IT,flora,2011,20,0
GT,IT,flora,2012,21,0
GT,IT,flora,2013,14,0
GT,IT,flora,2014,14,0
GT,IT,flora,2015,9,0
GT,IT,flora,2016,13,0
GT,IT,flora,2017,17,0
GT,IT,flora,2018,18,0
GT,IT,flora,2019,17,0
GT,IT,flora,2020,9,0
GT,IT,flora,2021,22,0
GT,IT,flora,2022,16,0
GT,IT,flora,2023,22,0
GT,IT,flora,2024,6,0
GT,JO,flora,2021,1,0
GT,JP,fauna,1985,1,0
GT,JP,fauna,1992,13,0
GT,JP,fauna,1993,3,0
GT,JP,fauna,1994,4,0
GT,JP,fauna,1995,5,0
GT,JP,fauna,1996,10,0
GT,JP,fauna,2004,2,0
GT,JP,flora,1981,2,0
GT,JP,flora,1982,47,0
GT,JP,flora,1984,35,0
GT,JP,flora,1985,35,0
GT,JP,flora,1989,25,0
GT,JP,flora,1990,7,0
GT,JP,flora,1993,10,0
GT,JP,flora,1994,12,0
GT,JP,flora,1995,11,0
GT,JP,flora,1996,30,0
GT,JP,flora,1997,120,0
GT,JP,flora,1998,30,0
GT,JP,flora,1999,25,0
GT,JP,flora,2000,81,0
GT,JP,flora,2001,26,0
GT,JP,flora,2002,91,0
GT,JP,flora,2003,31,0
GT,JP,flora,2004,50,0
GT,JP,flora,2005,66,0
GT,JP,flora,2006,42,0
GT,JP,flora,2007,70,0
GT,JP,flora,2008,51,0
GT,JP,flora,2009,54,0
GT,JP,flora,2010,56,0
GT,JP,flora,2011,59,0
GT,JP,flora,2012,85,0
GT,JP,flora,2013,95,0
GT,JP,flora,2014,126,0
GT,JP,flora,2015,197,0
GT,JP,flora,2016,223,0
GT,JP,flora,2017,202,0
GT,JP,flora,2018,152,0
GT,JP,flora,2019,129,0
GT,JP,flora,2020,130,0
GT,JP,flora,2021,148,0
GT,JP,flora,2022,117,0
GT,JP,flora,2023,122,0
GT,JP,flora,2024,49,0
GT,KN,fauna,2016,2,2
GT,KP,flora,2017,2,0
GT,KR,fauna,2018,1,0
GT,KR,fauna,2023,1,0
GT,KR,flora,2006,4,0
GT,KR,flora,2007,3,0
GT,KR,flora,2008,1,0
GT,KR,flora,2009,3,0
GT,KR,flora,2010,8,0
GT,KR,flora,2011,14,0
GT,KR,flora,2013,2,0
GT,KR,flora,2017,4,0
GT,KR,flora,2018,22,0
GT,KR,flora,2019,4,0
GT,KR,flora,2020,12,0
GT,KR,flora,2021,1,0
GT,KR,flora,2022,2,0
GT,KR,flora,2023,2,0
GT,KR,flora,2024,1,0
GT,KW,fauna,1982,1,0
GT,LU,flora,1990,1,1
GT,MA,flora,2008,1,0
GT,MX,fauna,1982,3,0
GT,MX,fauna,1996,18,0
GT,MX,fauna,1997,19,0
GT,MX,fauna,1998,9,0
GT,MX,fauna,1999,23,0
GT,MX,fauna,2000,8,0
GT,MX,fauna,2001,10,0
GT,MX,fauna,2002,7,0
GT,MX,fauna,2003,1,0
GT,MX,fauna,2004,5,0
GT,MX,fauna,2005,3,0
GT,MX,fauna,2006,1,0
GT,MX,fauna,2007,2,0
GT,MX,fauna,2008,13,0
GT,MX,fauna,2009,8,0
GT,MX,fauna,2010,7,0
GT,MX,fauna,2011,19,0
GT,MX,fauna,2013,2,0
GT,MX,fauna,2021,1,0
GT,MX,fauna,2022,14,7
GT,MX,fauna,2024,5,0
GT,MX,flora,1990,6,0
GT,MX,flora,1994,23,0
GT,MX,flora,1999,4,0
GT,MX,flora,2003,9,0
GT,MX,flora,2004,11,0
GT,MX,flora,2005,7,0
GT,MX,flora,2006,3,0
GT,MX,flora,2007,3,0
GT,MX,flora,2008,13,0
GT,MX,flora,2009,4,0
GT,MX,flora,2010,8,0
GT,MX,flora,2011,12,0
GT,MX,flora,2012,5,0
GT,MX,flora,2013,4,0
GT,MX,flora,2014,2,0
GT,MX,flora,2020,3,0
GT,MX,flora,2021,5,0
GT,MX,flora,2022,4,0
GT,MX,flora,2023,10,0
GT,MY,fauna,1995,5,0
GT,MY,fauna,1996,1,0
GT,MY,fauna,1997,1,0
GT,MY,fauna,1998,3,0
GT,MY,fauna,1999,1,0
GT,MY,flora,2008,2,0
GT,MY,flora,2019,3,0
GT,MY,flora,2022,1,0
GT,NI,fauna,2010,1,0
GT,NI,fauna,2011,2,0
GT,NI,flora,2002,2,0
GT,NI,flora,2009,3,0
GT,NI,flora,2010,1,0
GT,NI,flora,2018,1,0
GT,NI,flora,2019,1,0
GT,NI,flora,2021,1,0
GT,NL,fauna,1984,1,1
GT,NL,fauna,1996,1,0
GT,NL,fauna,1997,1,1
GT,NL,fauna,1998,2,1
GT,NL,fauna,2016,1,0
GT,NL,flora,1981,2,0
GT,NL,flora,1982,102,0
GT,NL,flora,1984,214,0
GT,NL,flora,1985,118,0
GT,NL,flora,1990,4,0
GT,NL,flora,1992,1,0
GT,NL,flora,1994,2,0
GT,NL,flora,1997,1,1
GT,NL,flora,1998,15,0
GT,NL,flora,1999,18,0
GT,NL,flora,2000,4,0
GT,NL,flora,2001,3,0
GT,NL,flora,2002,146,0
GT,NL,flora,2003,182,0
GT,NL,flora,2004,168,0
GT,NL,flora,2005,210,0
GT,NL,flora,2006,252,0
GT,NL,flora,2007,245,0
GT,NL,flora,2008,196,0
GT,NL,flora,2009,145,0
GT,NL,flora,2010,202,0
GT,NL,flora,2011,115,0
GT,NL,flora,2012,88,0
GT,NL,flora,2013,67,0
GT,NL,flora,2014,76,0
GT,NL,flora,2015,64,0
GT,NL,flora,2016,84,0
GT,NL,flora,2017,506,0
GT,NL,flora,2018,524,0
GT,NL,flora,2019,368,0
GT,NL,flora,2020,489,0
GT,NL,flora,2021,715,0
GT,NL,flora,2022,549,0
GT,NL,flora,2023,594,0
GT,NL,flora,2024,304,0
GT,NZ,fauna,2000,1,1
GT,NZ,flora,1992,1,0
GT,NZ,flora,2002,1,1
GT,NZ,flora,2006,2,0
GT,NZ,flora,2007,2,0
GT,NZ,flora,2008,1,0
GT,NZ,flora,2010,7,0
GT,NZ,flora,2011,2,0
GT,NZ,flora,2018,1,0
GT,NZ,flora,2020,2,0
GT,PA,fauna,1981,3,0
GT,PA,fauna,1982,1,0
GT,PA,fauna,1984,3,0
GT,PA,fauna,1985,3,0
GT,PA,fauna,1993,1,0
GT,PA,fauna,2018,9,0
GT,PA,flora,2017,1,0
GT,PE,fauna,1985,2,0
GT,PE,fauna,1994,2,0
GT,PE,fauna,1995,2,0
GT,PL,fauna,2004,2,2
GT,PL,flora,2008,1,0
GT,PL,flora,2010,5,0
GT,PL,flora,2011,2,0
GT,PL,flora,2013,2,0
GT,PL,flora,2014,2,0
GT,PL,flora,2015,4,0
GT,PL,flora,2016,4,0
GT,PL,flora,2017,6,0
GT,PL,flora,2018,12,0
GT,PL,flora,2019,10,0
GT,PL,flora,2020,5,0
GT,PL,flora,2021,8,0
GT,PL,flora,2022,4,0
GT,PR,fauna,1985,7,0
GT,PR,flora,1982,13,0
GT,PR,flora,1999,1,0
GT,PR,flora,2005,2,0
GT,PR,flora,2006,3,0
GT,PR,flora,2007,1,0
GT,PR,flora,2008,2,0
GT,PR,flora,2012,9,0
GT,PR,flora,2023,1,0
GT,PT,fauna,1982,1,0
GT,PT,fauna,1985,4,0
GT,PT,fauna,1995,6,0
GT,PT,fauna,1996,4,0
GT,PT,flora,2009,1,0
GT,PT,flora,2017,2,0
GT,PT,flora,2018,2,0
GT,QA,flora,2010,1,0
GT,RO,flora,2008,4,0
GT,RO,flora,2009,2,0
GT,RU,fauna,2000,1,0
GT,SA,flora,2017,1,0
GT,SA,flora,2019,1,0
GT,SA,flora,2020,2,0
GT,SA,flora,2022,2,0
GT,SE,fauna,1984,1,0
GT,SE,fauna,1985,1,0
GT,SE,fauna,1992,2,0
GT,SE,fauna,1993,3,0
GT,SE,fauna,2023,1,0
GT,SG,fauna,1985,2,0
GT,SG,flora,2004,14,0
GT,SG,flora,2005,9,0
GT,SG,flora,2006,5,0
GT,SG,flora,2007,10,0
GT,SG,flora,2008,3,0
GT,SG,flora,2009,5,0
GT,SG,flora,2010,9,0
GT,SG,flora,2011,8,0
GT,SG,flora,2012,6,0
GT,SG,flora,2013,13,0
GT,SG,flora,2014,9,0
GT,SG,flora,2015,3,0
GT,SG,flora,2016,2,0
GT,SG,flora,2017,15,0
GT,SG,flora,2018,18,0
GT,SG,flora,2019,11,0
GT,SG,flora,2020,10,0
GT,SG,flora,2021,14,0
GT,SG,flora,2022,10,0
GT,SG,flora,2023,6,0
GT,SL,fauna,1996,1,0
GT,SV,fauna,1981,2,0
GT,SV,fauna,1982,1,0
GT,SV,fauna,1992,1,0
GT,SV,fauna,1993,1,0
GT,SV,fauna,1997,12,0
GT,SV,fauna,1998,4,0
GT,SV,fauna,1999,6,0
GT,SV,fauna,2000,9,0
GT,SV,fauna,2001,1,0
GT,SV,fauna,2002,6,0
GT,SV,fauna,2003,5,0
GT,SV,fauna,2004,2,0
GT,SV,fauna,2005,4,0
GT,SV,fauna,2006,6,0
GT,SV,fauna,2007,2,0
GT,SV,fauna,2008,5,0
GT,SV,fauna,2010,1,0
GT,SV,fauna,2012,3,0
GT,SV,fauna,2015,2,0
GT,SV,flora,1981,1,0
GT,SV,flora,1990,1,0
GT,SV,flora,2000,6,0
GT,SV,flora,2002,5,0
GT,SV,flora,2003,2,0
GT,SV,flora,2004,22,0
GT,SV,flora,2005,39,0
GT,SV,flora,2006,18,0
GT,SV,flora,2007,11,0
GT,SV,flora,2008,7,0
GT,SV,flora,2009,1,0
GT,SV,flora,2010,7,0
GT,SV,flora,2012,7,0
GT,SV,flora,2014,10,0
GT,SV,flora,2015,2,0
GT,SV,flora,2016,4,0
GT,SV,flora,2017,2,0
GT,SV,flora,2018,15,0
GT,SV,flora,2023,16,0
GT,TH,fauna,1996,3,0
GT,TH,fauna,2012,1,0
GT,TH,fauna,2018,2,0
GT,TH,fauna,2022,3,0
GT,TH,fauna,2023,11,0
GT,TH,flora,2005,1,0
GT,TH,flora,2007,1,0
GT,TH,flora,2008,4,0
GT,TH,flora,2009,5,0
GT,TH,flora,2010,1,0
GT,TH,flora,2011,16,0
GT,TH,flora,2012,2,0
GT,TH,flora,2013,5,0
GT,TH,flora,2014,13,0
GT,TH,flora,2015,10,0
GT,TH,flora,2016,24,0
GT,TH,flora,2017,31,0
GT,TH,flora,2018,17,0
GT,TH,flora,2019,20,0
GT,TH,flora,2020,22,0
GT,TH,flora,2021,20,0
GT,TH,flora,2022,9,0
GT,TH,flora,2023,8,0
GT,TH,flora,2024,2,0
GT,TN,flora,2021,1,0
GT,TN,flora,2022,1,0
GT,TR,flora,2020,2,0
GT,TW,fauna,1998,1,0
GT,TW,fauna,2005,1,0
GT,TW,fauna,2009,1,0
GT,TW,flora,2000,1,0
GT,TW,flora,2002,2,0
GT,TW,flora,2004,9,0
GT,TW,flora,2005,7,0
GT,TW,flora,2006,10,0
GT,TW,flora,2007,7,0
GT,TW,flora,2008,9,0
GT,TW,flora,2009,8,0
GT,TW,flora,2010,8,0
GT,TW,flora,2011,9,0
GT,TW,flora,2012,9,0
GT,TW,flora,2013,16,0
GT,TW,flora,2014,25,0
GT,TW,flora,2015,32,0
GT,TW,flora,2016,40,0
GT,TW,flora,2017,52,0
GT,TW,flora,2018,48,0
GT,TW,flora,2019,32,0
GT,TW,flora,2020,20,0
GT,TW,flora,2021,31,0
GT,TW,flora,2022,28,0
GT,TW,flora,2023,22,0
GT,US,fauna,1977,3,0
GT,US,fauna,1978,6,0
GT,US,fauna,1979,12,0
GT,US,fauna,1980,16,0
GT,US,fauna,1981,48,0
GT,US,fauna,1982,53,2
GT,US,fauna,1983,58,0
GT,US,fauna,1984,169,2
GT,US,fauna,1985,465,8
GT,US,fauna,1986,79,5
GT,US,fauna,1987,12,5
GT,US,fauna,1988,11,4
GT,US,fauna,1989,24,14
GT,US,fauna,1990,42,30
GT,US,fauna,1991,28,16
GT,US,fauna,1992,110,8
GT,US,fauna,1993,184,12
GT,US,fauna,1994,147,15
GT,US,fauna,1995,156,2
GT,US,fauna,1996,127,5
GT,US,fauna,1997,62,4
GT,US,fauna,1998,64,5
GT,US,fauna,1999,63,4
GT,US,fauna,2000,49,4
GT,US,fauna,2001,30,6
GT,US,fauna,2002,11,1
GT,US,fauna,2003,95,2
GT,US,fauna,2004,60,4
GT,US,fauna,2005,72,1
GT,US,fauna,2006,102,5
GT,US,fauna,2007,69,7
GT,US,fauna,2008,85,4
GT,US,fauna,2009,90,11
GT,US,fauna,2010,68,3
GT,US,fauna,2011,58,11
GT,US,fauna,2012,61,7
GT,US,fauna,2013,6,2
GT,US,fauna,2014,37,1
GT,US,fauna,2015,13,11
GT,US,fauna,2016,3,3
GT,US,fauna,2017,10,5
GT,US,fauna,2018,70,8
GT,US,fauna,2019,14,2
GT,US,fauna,2020,8,1
GT,US,fauna,2021,10,8
GT,US,fauna,2022,18,16
GT,US,fauna,2023,25,25
GT,US,fauna,2024,8,0
GT,US,flora,1977,1,0
GT,US,flora,1978,8,0
GT,US,flora,1979,43,0
GT,US,flora,1980,41,0
GT,US,flora,1981,221,0
GT,US,flora,1982,716,0
GT,US,flora,1983,810,0
GT,US,flora,1984,1476,19
GT,US,flora,1985,980,10
GT,US,flora,1986,66,5
GT,US,flora,1987,105,11
GT,US,flora,1988,140,11
GT,US,flora,1989,206,13
GT,US,flora,1990,440,9
GT,US,flora,1991,96,15
GT,US,flora,1992,121,17
GT,US,flora,1993,160,14
GT,US,flora,1994,115,10
GT,US,flora,1995,62,4
GT,US,flora,1996,137,8
GT,US,flora,1997,144,2
GT,US,flora,1998,93,3
GT,US,flora,1999,55,4
GT,US,flora,2000,96,0
GT,US,flora,2001,95,4
GT,US,flora,2002,213,2
GT,US,flora,2003,392,9
GT,US,flora,2004,311,2
GT,US,flora,2005,325,0
GT,US,flora,2006,285,1
GT,US,flora,2007,363,3
GT,US,flora,2008,383,1
GT,US,flora,2009,210,0
GT,US,flora,2010,311,0
GT,US,flora,2011,374,0
GT,US,flora,2012,450,0
GT,US,flora,2013,497,1
GT,US,flora,2014,576,0
GT,US,flora,2015,693,2
GT,US,flora,2016,807,1
GT,US,flora,2017,970,0
GT,US,flora,2018,1002,4
GT,US,flora,2019,1507,2
GT,US,flora,2020,986,0
GT,US,flora,2021,2151,0
GT,US,flora,2022,1778,0
GT,US,flora,2023,2309,0
GT,US,flora,2024,646,0
GT,VC,flora,2009,1,0
GT,VE,fauna,1981,1,0
GT,VE,fauna,1984,1,0
GT,VE,fauna,1985,1,0
GT,VE,fauna,1992,5,0
GT,VE,fauna,2000,1,0
GT,VE,fauna,2003,1,0
GT,VE,flora,2001,1,0
GT,VN,flora,2018,2,0
GT,XX,fauna,1992,6,0
GT,XX,fauna,1999,3,0
GT,XX,flora,2003,2,0
GT,XX,flora,2016,2,0
GT,XX,flora,2021,2,0
GT,XX,flora,2022,2,0
GT,ZA,fauna,2006,2,0
GT,ZA,fauna,2007,2,0
GT,ZA,fauna,2019,1,0
GT,ZA,flora,2013,5,0
GT,ZA,flora,2014,6,0
GT,ZA,flora,2015,3,0
GT,ZA,flora,2016,2,0
GT,ZA,flora,2017,7,0
GT,ZA,flora,2018,6,0
GT,ZA,flora,2019,7,0
GT,ZA,flora,2020,7,0
GT,ZA,flora,2021,10,0
GT,ZA,flora,2022,6,0
GT,ZA,flora,2023,9,0
GW,MX,fauna,2005,1,0
GW,MX,fauna,2016,1,0
GY,AE,fauna,2004,4,0
GY,AE,fauna,2005,7,0
GY,AE,fauna,2008,17,0
GY,AE,fauna,2009,133,0
GY,AE,fauna,2010,6,0
GY,AE,fauna,2011,58,0
GY,AE,fauna,2012,7,0
GY,AE,fauna,2022,2,0
GY,AE,fauna,2023,38,0
GY,AE,fauna,2024,11,0
GY,AF,fauna,2024,20,0
GY,AG,fauna,1986,5,0
GY,AG,fauna,1987,1,0
GY,AG,fauna,1988,1,0
GY,AG,fauna,2005,1,0
GY,AG,fauna,2017,1,0
GY,AG,fauna,2019,2,0
GY,AI,fauna,2008,20,0
GY,AI,fauna,2009,2,0
GY,AI,fauna,2011,2,0
GY,AL,fauna,2008,1,0
GY,AM,fauna,2009,2,0
GY,AN,fauna,2010,2,0
GY,AN,fauna,2011,7,0
GY,AN,fauna,2016,3,0
GY,AN,fauna,2017,1,0
GY,AR,fauna,1999,2,0
GY,AS,fauna,2021,1,0
GY,AT,fauna,1981,7,0
GY,AT,fauna,1982,9,0
GY,AT,fauna,1983,5,0
GY,AT,fauna,1984,9,0
GY,AT,fauna,1985,7,0
GY,AT,fauna,1986,14,0
GY,AT,fauna,1987,5,0
GY,AT,fauna,2014,2,0
GY,AT,fauna,2016,8,0
GY,AT,fauna,2017,2,0
GY,AT,fauna,2018,2,0
GY,AT,fauna,2024,2,0
GY,AU,fauna,2007,1,0
GY,AU,fauna,2014,1,0
GY,AU,fauna,2015,1,0
GY,AW,fauna,2007,1,0
GY,BB,fauna,1984,5,0
GY,BB,fauna,1985,3,0
GY,BB,fauna,1986,9,0
GY,BB,fauna,1987,4,0
GY,BB,fauna,1988,9,0
GY,BB,fauna,2014,8,0
GY,BB,fauna,2015,15,0
GY,BB,fauna,2016,8,0
GY,BB,fauna,2017,2,0
GY,BB,fauna,2018,8,0
GY,BB,fauna,2019,6,0
GY,BB,fauna,2020,3,0
GY,BB,fauna,2021,1,0
GY,BB,flora,2017,1,0
GY,BB,flora,2023,1,0
GY,BB,flora,2024,1,0
GY,BD,fauna,2013,7,0
GY,BD,fauna,2014,18,0
GY,BD,fauna,2015,13,0
GY,BD,fauna,2016,21,0
GY,BD,fauna,2017,38,0
GY,BD,fauna,2018,8,0
GY,BD,fauna,2019,14,0
GY,BD,fauna,2020,105,0
GY,BD,fauna,2021,165,0
GY,BD,fauna,2022,114,0
GY,BD,fauna,2023,29,0
GY,BE,fauna,1981,10,0
GY,BE,fauna,1982,15,0
GY,BE,fauna,1983,13,0
GY,BE,fauna,1984,25,0
GY,BE,fauna,1985,17,0
GY,BE,fauna,1986,8,0
GY,BE,fauna,1987,15,0
GY,BE,fauna,1988,8,0
GY,BE,fauna,1989,14,0
GY,BE,fauna,1990,45,0
GY,BE,fauna,1991,15,0
GY,BE,fauna,1992,96,6
GY,BE,fauna,1993,43,0
GY,BE,fauna,1995,17,0
GY,BE,fauna,1996,24,0
GY,BE,fauna,1997,19,0
GY,BE,fauna,1998,18,0
GY,BE,fauna,1999,72,0
GY,BE,fauna,2000,19,0
GY,BE,fauna,2001,71,0
GY,BE,fauna,2002,40,0
GY,BE,fauna,2003,51,0
GY,BE,fauna,2004,8,0
GY,BE,fauna,2005,14,0
GY,BE,fauna,2007,7,0
GY,BE,fauna,2010,1,0
GY,BE,fauna,2011,1,0
GY,BG,fauna,1987,1,0
GY,BG,fauna,2015,1,0
GY,BH,fauna,2003,11,0
GY,BH,fauna,2005,7,0
GY,BH,fauna,2008,20,0
GY,BH,fauna,2009,15,0
GY,BH,fauna,2010,44,0
GY,BH,fauna,2011,32,0
GY,BH,fauna,2012,9,0
GY,BR,fauna,1987,1,0
GY,BS,fauna,1988,2,0
GY,BS,fauna,1998,3,0
GY,BS,fauna,2005,1,0
GY,BS,flora,1996,1,0
GY,CA,fauna,1977,1,0
GY,CA,fauna,1980,3,0
GY,CA,fauna,1981,1,0
GY,CA,fauna,1982,1,0
GY,CA,fauna,1983,1,0
GY,CA,fauna,1985,5,0
GY,CA,fauna,1986,8,0
GY,CA,fauna,1987,45,0
GY,CA,fauna,1988,44,0
GY,CA,fauna,1990,1,0
GY,CA,fauna,1991,3,0
GY,CA,fauna,1992,14,0
GY,CA,fauna,1995,4,0
GY,CA,fauna,1996,1,0
GY,CA,fauna,1997,3,0
GY,CA,fauna,1998,33,0
GY,CA,fauna,1999,39,0
GY,CA,fauna,2000,66,0
GY,CA,fauna,2001,30,0
GY,CA,fauna,2002,68,0
GY,CA,fauna,2003,45,0
GY,CA,fauna,2004,67,0
GY,CA,fauna,2005,34,0
GY,CA,fauna,2006,46,0
GY,CA,fauna,2007,49,0
GY,CA,fauna,2008,107,0
GY,CA,fauna,2009,66,0
GY,CA,fauna,2010,12,0
GY,CA,fauna,2011,42,0
GY,CA,fauna,2012,25,0
GY,CA,fauna,2013,19,0
GY,CA,fauna,2014,5,0
GY,CA,fauna,2015,49,0
GY,CA,fauna,2016,9,0
GY,CA,fauna,2017,6,0
GY,CA,fauna,2018,18,0
GY,CA,fauna,2019,3,0
GY,CA,fauna,2020,19,0
GY,CA,fauna,2021,21,0
GY,CA,fauna,2022,43,0
GY,CA,fauna,2023,10,0
GY,CA,fauna,2024,4,0
GY,CA,flora,1988,12,0
GY,CG,fauna,2022,13,0
GY,CG,fauna,2023,12,0
GY,CH,fauna,1982,3,0
GY,CH,fauna,1983,25,0
GY,CH,fauna,1984,12,0
GY,CH,fauna,1985,11,0
GY,CH,fauna,1986,34,0
GY,CH,fauna,1987,12,0
GY,CH,fauna,1988,17,0
GY,CH,fauna,1989,5,0
GY,CH,fauna,1990,5,0
GY,CH,fauna,1998,3,0
GY,CH,fauna,2001,4,0
GY,CL,fauna,1997,14,0
GY,CN,fauna,1985,1,0
GY,CN,fauna,1996,5,0
GY,CN,fauna,1998,3,0
GY,CN,fauna,1999,76,0
GY,CN,fauna,2000,142,0
GY,CN,fauna,2001,66,0
GY,CN,fauna,2002,9,0
GY,CN,fauna,2003,39,0
GY,CN,fauna,2004,30,0
GY,CN,fauna,2006,24,0
GY,CN,fauna,2007,12,0
GY,CN,fauna,2008,66,0
GY,CN,fauna,2009,50,0
GY,CN,fauna,2010,91,0
GY,CN,fauna,2011,11,0
GY,CN,fauna,2012,69,0
GY,CN,fauna,2013,53,0
GY,CN,fauna,2014,72,0
GY,CN,fauna,2015,110,0
GY,CN,fauna,2016,140,0
GY,CN,fauna,2017,136,0
GY,CN,fauna,2018,269,0
GY,CN,fauna,2019,223,0
GY,CN,fauna,2020,6,0
GY,CN,fauna,2023,4,0
GY,CN,flora,2001,1,0
GY,CR,fauna,1988,1,0
GY,CR,fauna,2000,2,0
GY,CR,fauna,2005,3,0
GY,CR,fauna,2012,2,0
GY,CR,fauna,2014,2,0
GY,CR,fauna,2015,2,0
GY,CS,fauna,2004,4,0
GY,CU,fauna,1991,1,0
GY,CY,fauna,2015,6,0
GY,CY,fauna,2021,5,0
GY,CY,fauna,2022,12,0
GY,CZ,fauna,1996,27,0
GY,CZ,fauna,1997,34,0
GY,CZ,fauna,1998,37,0
GY,CZ,fauna,1999,68,0
GY,CZ,fauna,2000,8,0
GY,CZ,fauna,2001,80,0
GY,CZ,fauna,2002,26,0
GY,CZ,fauna,2003,97,0
GY,CZ,fauna,2004,45,0
GY,CZ,fauna,2005,43,0
GY,CZ,fauna,2006,6,0
GY,CZ,fauna,2008,4,0
GY,CZ,fauna,2010,2,0
GY,CZ,fauna,2011,7,0
GY,CZ,fauna,2012,16,0
GY,CZ,fauna,2013,11,0
GY,CZ,fauna,2014,12,0
GY,CZ,fauna,2015,6,0
GY,CZ,fauna,2016,18,0
GY,CZ,fauna,2018,20,0
GY,CZ,fauna,2019,10,0
GY,CZ,fauna,2020,12,0
GY,CZ,fauna,2022,19,0
GY,CZ,fauna,2023,12,0
GY,CZ,fauna,2024,12,0
GY,DD,fauna,1983,1,0
GY,DD,fauna,1984,1,0
GY,DE,fauna,1979,2,0
GY,DE,fauna,1980,8,0
GY,DE,fauna,1981,26,0
GY,DE,fauna,1982,48,0
GY,DE,fauna,1983,52,0
GY,DE,fauna,1984,42,0
GY,DE,fauna,1985,209,0
GY,DE,fauna,1986,210,0
GY,DE,fauna,1987,187,0
GY,DE,fauna,1988,400,0
GY,DE,fauna,1989,126,0
GY,DE,fauna,1990,175,0
GY,DE,fauna,1991,222,0
GY,DE,fauna,1992,268,0
GY,DE,fauna,1993,74,0
GY,DE,fauna,1995,8,0
GY,DE,fauna,1996,93,0
GY,DE,fauna,1997,63,0
GY,DE,fauna,1998,28,0
GY,DE,fauna,1999,76,0
GY,DE,fauna,2000,80,0
GY,DE,fauna,2001,58,0
GY,DE,fauna,2002,78,0
GY,DE,fauna,2003,89,0
GY,DE,fauna,2004,160,0
GY,DE,fauna,2005,112,0
GY,DE,fauna,2006,94,0
GY,DE,fauna,2007,63,0
GY,DE,fauna,2008,68,0
GY,DE,fauna,2009,95,0
GY,DE,fauna,2010,51,0
GY,DE,fauna,2011,33,0
GY,DE,fauna,2012,33,0
GY,DE,fauna,2013,23,0
GY,DE,fauna,2014,8,0
GY,DE,fauna,2015,6,0
GY,DE,fauna,2016,40,0
GY,DE,fauna,2017,26,0
GY,DE,fauna,2018,99,0
GY,DE,fauna,2019,84,0
GY,DE,fauna,2020,68,0
GY,DE,fauna,2021,22,0
GY,DE,fauna,2022,35,0
GY,DE,fauna,2023,26,0
GY,DE,fauna,2024,26,0
GY,DE,flora,1988,1,0
GY,DK,fauna,1981,13,0
GY,DK,fauna,1982,11,0
GY,DK,fauna,1983,16,0
GY,DK,fauna,1984,15,0
GY,DK,fauna,1985,39,0
GY,DK,fauna,1986,26,0
GY,DK,fauna,1987,10,0
GY,DK,fauna,1988,12,0
GY,DK,fauna,1990,33,0
GY,DK,fauna,1991,13,0
GY,DK,fauna,1992,9,0
GY,DK,fauna,1996,10,0
GY,DK,fauna,2001,6,0
GY,DK,fauna,2005,16,0
GY,DK,fauna,2006,23,0
GY,DK,fauna,2007,45,0
GY,DK,fauna,2008,5,0
GY,DK,fauna,2009,5,0
GY,DK,fauna,2012,21,0
GY,DK,fauna,2015,10,0
GY,DK,fauna,2016,8,0
GY,DM,fauna,2009,5,0
GY,DO,fauna,1997,2,0
GY,DO,fauna,2008,49,0
GY,DO,fauna,2010,14,0
GY,DO,fauna,2011,8,0
GY,EG,fauna,2011,10,0
GY,ES,fauna,1985,12,0
GY,ES,fauna,1986,13,0
GY,ES,fauna,1987,7,0
GY,ES,fauna,1988,2,0
GY,ES,fauna,1989,1,0
GY,ES,fauna,1992,4,0
GY,ES,fauna,1993,6,0
GY,ES,fauna,1995,32,0
GY,ES,fauna,1996,252,0
GY,ES,fauna,1997,255,0
GY,ES,fauna,1998,158,0
GY,ES,fauna,1999,542,0
GY,ES,fauna,2000,112,0
GY,ES,fauna,2001,88,0
GY,ES,fauna,2002,3,0
GY,ES,fauna,2003,50,0
GY,ES,fauna,2004,116,0
GY,ES,fauna,2005,56,0
GY,ES,fauna,2006,28,0
GY,ES,fauna,2007,3,0
GY,ES,fauna,2010,12,0
GY,ES,fauna,2011,5,0
GY,ES,fauna,2012,6,0
GY,ES,fauna,2013,1,0
GY,FI,fauna,1997,2,0
GY,FR,fauna,1981,5,0
GY,FR,fauna,1982,5,0
GY,FR,fauna,1983,2,0
GY,FR,fauna,1984,14,0
GY,FR,fauna,1985,18,0
GY,FR,fauna,1986,13,0
GY,FR,fauna,1987,1,0
GY,FR,fauna,1988,4,0
GY,FR,fauna,1990,2,0
GY,FR,fauna,1991,4,0
GY,FR,fauna,1992,1,0
GY,FR,fauna,1993,1,0
GY,FR,fauna,1994,1,0
GY,FR,fauna,2000,2,0
GY,FR,fauna,2003,10,0
GY,FR,fauna,2008,8,0
GY,FR,flora,2022,1,0
GY,GA,fauna,1988,1,0
GY,GB,fauna,1977,4,0
GY,GB,fauna,1978,6,0
GY,GB,fauna,1979,7,0
GY,GB,fauna,1980,6,0
GY,GB,fauna,1981,41,0
GY,GB,fauna,1982,106,0
GY,GB,fauna,1983,79,1
GY,GB,fauna,1984,142,0
GY,GB,fauna,1985,113,0
GY,GB,fauna,1986,79,0
GY,GB,fauna,1987,76,0
GY,GB,fauna,1988,257,0
GY,GB,fauna,1989,117,0
GY,GB,fauna,1990,238,0
GY,GB,fauna,1991,266,0
GY,GB,fauna,1992,244,0
GY,GB,fauna,1993,120,0
GY,GB,fauna,1995,15,0
GY,GB,fauna,1996,126,0
GY,GB,fauna,1997,113,21
GY,GB,fauna,1998,132,2
GY,GB,fauna,1999,183,12
GY,GB,fauna,2000,186,3
GY,GB,fauna,2001,288,12
GY,GB,fauna,2002,224,2
GY,GB,fauna,2003,241,0
GY,GB,fauna,2004,365,5
GY,GB,fauna,2005,315,0
GY,GB,fauna,2006,60,0
GY,GB,fauna,2007,86,5
GY,GB,fauna,2008,43,1
GY,GB,fauna,2009,12,0
GY,GB,fauna,2010,9,0
GY,GB,fauna,2011,11,0
GY,GB,fauna,2012,23,0
GY,GB,fauna,2013,15,0
GY,GB,fauna,2014,13,0
GY,GB,fauna,2015,24,0
GY,GB,fauna,2017,3,0
GY,GB,fauna,2018,9,0
GY,GB,fauna,2019,17,0
GY,GB,fauna,2024,6,0
GY,GB,flora,1990,8,0
GY,GD,fauna,1988,1,0
GY,GD,fauna,2003,2,0
GY,GE,fauna,2007,1,0
GY,GF,fauna,1981,4,0
GY,GF,fauna,1982,1,0
GY,GF,fauna,1983,1,0
GY,GR,fauna,1982,1,0
GY,GR,fauna,1990,3,0
GY,GR,fauna,1991,6,0
GY,GR,fauna,1992,10,0
GY,GR,fauna,1995,5,0
GY,GR,fauna,1996,11,0
GY,GR,fauna,1997,32,0
GY,GR,fauna,1998,30,0
GY,GR,fauna,1999,45,0
GY,GR,fauna,2002,27,0
GY,GR,fauna,2003,10,0
GY,GR,fauna,2004,6,0
GY,GR,fauna,2005,21,0
GY,GR,fauna,2007,29,0
GY,GY,fauna,1991,1,0
GY,HK,fauna,1982,4,0
GY,HK,fauna,1996,16,0
GY,HK,fauna,1997,30,0
GY,HK,fauna,1999,10,0
GY,HK,fauna,2001,4,0
GY,HK,fauna,2002,6,0
GY,HK,fauna,2004,18,0
GY,HK,fauna,2006,54,0
GY,HK,fauna,2007,88,0
GY,HK,fauna,2008,7,0
GY,HK,fauna,2009,31,0
GY,HK,fauna,2010,92,0
GY,HK,fauna,2011,130,0
GY,HK,fauna,2012,138,0
GY,HK,fauna,2013,19,0
GY,HK,fauna,2014,27,0
GY,HK,fauna,2015,26,0
GY,HK,fauna,2016,8,0
GY,HK,fauna,2017,6,0
GY,HK,fauna,2023,3,0
GY,HR,fauna,1996,1,0
GY,HR,fauna,2000,20,0
GY,HR,fauna,2001,6,0
GY,HR,fauna,2003,12,0
GY,HU,fauna,1996,1,0
GY,HU,fauna,1998,7,0
GY,HU,fauna,2001,7,0
GY,HU,fauna,2002,4,0
GY,HU,fauna,2003,24,0
GY,HU,fauna,2004,15,0
GY,HU,fauna,2005,22,0
GY,ID,fauna,1999,16,0
GY,ID,fauna,2004,5,0
GY,ID,fauna,2008,37,0
GY,ID,fauna,2010,1,0
GY,ID,fauna,2012,9,0
GY,ID,fauna,2013,7,0
GY,ID,fauna,2014,17,0
GY,ID,fauna,2015,19,0
GY,ID,fauna,2016,3,0
GY,ID,fauna,2018,8,0
GY,ID,fauna,2019,13,0
GY,ID,fauna,2020,42,0
GY,ID,fauna,2021,13,0
GY,ID,fauna,2022,33,0
GY,ID,fauna,2023,2,0
GY,ID,fauna,2024,14,0
GY,IE,fauna,2012,1,0
GY,IL,fauna,1996,3,0
GY,IN,fauna,1988,6,0
GY,IN,fauna,2018,1,0
GY,IN,fauna,2023,18,0
GY,IN,fauna,2024,27,0
GY,IQ,fauna,2018,1,0
GY,IR,fauna,2005,2,0
GY,IT,fauna,1982,6,0
GY,IT,fauna,1983,7,0
GY,IT,fauna,1984,15,0
GY,IT,fauna,1985,5,0
GY,IT,fauna,1986,23,0
GY,IT,fauna,1987,6,0
GY,IT,fauna,1988,23,0
GY,IT,fauna,1989,12,0
GY,IT,fauna,1990,26,0
GY,IT,fauna,1991,59,0
GY,IT,fauna,1992,55,0
GY,IT,fauna,1995,17,0
GY,IT,fauna,1996,37,0
GY,IT,fauna,1997,46,0
GY,IT,fauna,1998,21,0
GY,IT,fauna,1999,1,0
GY,IT,fauna,2001,37,0
GY,IT,fauna,2003,70,0
GY,IT,fauna,2004,30,0
GY,IT,fauna,2005,82,0
GY,IT,fauna,2006,16,0
GY,JM,fauna,1987,2,0
GY,JM,fauna,2000,2,0
GY,JM,fauna,2003,10,0
GY,JM,fauna,2012,9,0
GY,JM,fauna,2013,14,0
GY,JM,fauna,2016,6,0
GY,JO,fauna,1998,1,0
GY,JO,fauna,1999,5,0
GY,JO,fauna,2000,8,0
GY,JO,fauna,2002,2,0
GY,JO,fauna,2003,14,0
GY,JO,fauna,2004,49,0
GY,JO,fauna,2005,25,0
GY,JO,fauna,2013,9,0
GY,JO,fauna,2016,5,0
GY,JO,fauna,2017,2,0
GY,JO,fauna,2018,8,0
GY,JO,fauna,2019,4,0
GY,JO,fauna,2020,8,0
GY,JO,fauna,2021,44,0
GY,JO,fauna,2022,23,0
GY,JO,fauna,2023,15,0
GY,JO,fauna,2024,3,0
GY,JP,fauna,1981,6,0
GY,JP,fauna,1982,14,0
GY,JP,fauna,1983,5,0
GY,JP,fauna,1985,11,0
GY,JP,fauna,1986,23,0
GY,JP,fauna,1987,19,0
GY,JP,fauna,1988,27,0
GY,JP,fauna,1990,75,0
GY,JP,fauna,1991,113,0
GY,JP,fauna,1992,118,0
GY,JP,fauna,1993,38,0
GY,JP,fauna,1995,16,0
GY,JP,fauna,1996,162,0
GY,JP,fauna,1997,129,0
GY,JP,fauna,1998,75,0
GY,JP,fauna,1999,118,0
GY,JP,fauna,2000,54,0
GY,JP,fauna,2001,22,0
GY,JP,fauna,2002,23,0
GY,JP,fauna,2003,44,0
GY,JP,fauna,2004,24,0
GY,JP,fauna,2005,32,0
GY,JP,fauna,2006,69,0
GY,JP,fauna,2007,84,0
GY,JP,fauna,2008,25,0
GY,JP,fauna,2009,21,0
GY,JP,fauna,2010,30,0
GY,JP,fauna,2011,79,0
GY,JP,fauna,2012,76,0
GY,JP,fauna,2013,34,0
GY,JP,fauna,2014,69,0
GY,JP,fauna,2015,64,0
GY,JP,fauna,2016,18,0
GY,JP,fauna,2017,19,0
GY,JP,fauna,2018,47,0
GY,JP,fauna,2019,84,0
GY,JP,fauna,2020,61,0
GY,JP,fauna,2021,86,0
GY,JP,fauna,2022,74,0
GY,JP,fauna,2023,93,0
GY,JP,fauna,2024,68,0
GY,KH,fauna,2024,1,0
GY,KP,fauna,2014,2,0
GY,KP,fauna,2015,4,0
GY,KR,fauna,1997,5,0
GY,KR,fauna,1998,6,0
GY,KR,fauna,2000,2,0
GY,KR,fauna,2001,3,0
GY,KR,fauna,2002,3,0
GY,KR,fauna,2003,3,0
GY,KR,fauna,2004,2,0
GY,KR,fauna,2007,16,0
GY,KR,fauna,2008,3,0
GY,KR,fauna,2009,7,0
GY,KR,fauna,2010,22,0
GY,KR,fauna,2011,5,0
GY,KR,fauna,2012,2,0
GY,KR,fauna,2014,4,0
GY,KR,fauna,2015,6,0
GY,KR,fauna,2016,1,0
GY,KR,fauna,2019,11,0
GY,KR,fauna,2021,8,0
GY,KR,fauna,2022,2,0
GY,KR,fauna,2023,8,0
GY,KR,fauna,2024,13,0
GY,KW,fauna,1998,10,0
GY,KW,fauna,1999,6,0
GY,KW,fauna,2000,8,0
GY,KW,fauna,2003,7,0
GY,KW,fauna,2004,1,0
GY,KW,fauna,2005,9,0
GY,KW,fauna,2010,17,0
GY,KW,fauna,2014,51,0
GY,KW,fauna,2015,5,0
GY,KW,fauna,2016,4,0
GY,KW,fauna,2017,11,0
GY,KW,fauna,2018,6,0
GY,KW,fauna,2020,6,0
GY,KW,fauna,2022,5,0
GY,KW,fauna,2023,1,0
GY,KW,fauna,2024,21,0
GY,LA,fauna,2024,8,0
GY,LB,fauna,2008,35,0
GY,LB,fauna,2009,23,0
GY,LB,fauna,2010,39,0
GY,LB,fauna,2011,15,0
GY,LB,fauna,2012,15,0
GY,LB,fauna,2013,8,0
GY,LB,fauna,2014,10,0
GY,LB,fauna,2015,13,0
GY,LB,fauna,2017,3,0
GY,LB,fauna,2018,9,0
GY,LB,fauna,2021,4,0
GY,LB,fauna,2023,6,0
GY,LC,fauna,1987,11,0
GY,LC,fauna,1988,5,0
GY,LC,fauna,1991,1,0
GY,LK,fauna,2016,1,0
GY,LK,fauna,2019,1,0
GY,LK,fauna,2021,24,0
GY,LK,fauna,2022,7,0
GY,LU,fauna,1993,1,1
GY,LY,fauna,2016,15,0
GY,LY,fauna,2017,4,0
GY,MA,fauna,2020,8,0
GY,MA,fauna,2021,8,0
GY,MG,fauna,2017,1,0
GY,ML,fauna,1987,1,0
GY,MS,fauna,2000,1,0
GY,MT,fauna,1999,12,0
GY,MT,fauna,2001,10,0
GY,MT,fauna,2002,16,0
GY,MX,fauna,1981,4,0
GY,MX,fauna,1982,4,0
GY,MX,fauna,1999,63,0
GY,MX,fauna,2000,118,0
GY,MX,fauna,2001,104,0
GY,MX,fauna,2002,72,0
GY,MX,fauna,2003,155,0
GY,MX,fauna,2004,78,0
GY,MX,fauna,2005,153,0
GY,MX,fauna,2006,77,0
GY,MX,fauna,2007,39,0
GY,MX,fauna,2008,51,0
GY,MX,fauna,2009,65,0
GY,MX,fauna,2010,32,0
GY,MX,fauna,2011,49,0
GY,MX,fauna,2012,31,0
GY,MX,fauna,2013,13,0
GY,MX,fauna,2014,23,0
GY,MX,fauna,2015,14,0
GY,MX,fauna,2017,2,0
GY,MX,fauna,2018,5,0
GY,MX,fauna,2019,3,0
GY,MY,fauna,1992,1,0
GY,MY,fauna,1993,10,0
GY,MY,fauna,1995,4,0
GY,MY,fauna,1996,23,0
GY,MY,fauna,1997,16,0
GY,MY,fauna,1998,4,0
GY,MY,fauna,1999,26,0
GY,MY,fauna,2001,23,0
GY,MY,fauna,2002,13,0
GY,MY,fauna,2003,14,0
GY,MY,fauna,2004,12,0
GY,MY,fauna,2005,3,0
GY,MY,fauna,2008,34,0
GY,MY,fauna,2009,38,0
GY,MY,fauna,2010,36,0
GY,MY,fauna,2011,62,0
GY,MY,fauna,2012,23,0
GY,MY,fauna,2013,25,0
GY,MY,fauna,2014,49,0
GY,MY,fauna,2015,16,0
GY,MY,fauna,2016,17,0
GY,MY,fauna,2017,3,0
GY,MY,fauna,2018,10,0
GY,MY,fauna,2022,55,0
GY,MY,fauna,2023,41,0
GY,MY,fauna,2024,7,0
GY,MZ,fauna,2013,1,0
GY,MZ,fauna,2023,5,0
GY,NE,fauna,1988,1,0
GY,NL,fauna,1981,11,0
GY,NL,fauna,1982,10,0
GY,NL,fauna,1984,24,0
GY,NL,fauna,1985,60,0
GY,NL,fauna,1986,36,0
GY,NL,fauna,1987,1,0
GY,NL,fauna,1988,11,0
GY,NL,fauna,1989,7,0
GY,NL,fauna,1990,62,0
GY,NL,fauna,1991,123,0
GY,NL,fauna,1992,223,0
GY,NL,fauna,1993,193,0
GY,NL,fauna,1995,14,0
GY,NL,fauna,1996,161,0
GY,NL,fauna,1997,33,2
GY,NL,fauna,1998,91,0
GY,NL,fauna,1999,255,0
GY,NL,fauna,2000,244,0
GY,NL,fauna,2001,354,0
GY,NL,fauna,2002,234,0
GY,NL,fauna,2003,350,0
GY,NL,fauna,2004,325,0
GY,NL,fauna,2005,57,0
GY,NL,fauna,2006,34,0
GY,NL,fauna,2007,41,0
GY,NL,fauna,2008,60,0
GY,NL,fauna,2009,29,0
GY,NL,fauna,2010,43,0
GY,NL,fauna,2011,28,0
GY,NL,fauna,2012,26,0
GY,NL,fauna,2013,9,0
GY,NL,fauna,2014,16,0
GY,NL,fauna,2015,5,0
GY,NL,fauna,2016,5,0
GY,NL,fauna,2018,2,0
GY,NL,fauna,2019,8,0
GY,NL,fauna,2020,1,0
GY,NL,fauna,2021,1,0
GY,NL,fauna,2022,7,0
GY,NL,fauna,2023,2,0
GY,NL,fauna,2024,8,0
GY,NP,fauna,2014,18,0
GY,NP,fauna,2016,6,0
GY,NZ,fauna,2001,1,1
GY,OM,fauna,2013,15,0
GY,OM,fauna,2014,10,0
GY,OM,fauna,2015,40,0
GY,OM,fauna,2017,14,0
GY,OM,fauna,2018,26,0
GY,OM,fauna,2022,6,0
GY,OM,fauna,2023,6,0
GY,PA,fauna,1988,2,0
GY,PA,fauna,1992,3,0
GY,PA,fauna,2002,6,0
GY,PA,fauna,2003,3,0
GY,PA,fauna,2004,2,0
GY,PA,fauna,2005,8,0
GY,PA,fauna,2006,5,0
GY,PA,fauna,2007,40,0
GY,PA,fauna,2008,1,0
GY,PA,fauna,2009,1,0
GY,PA,fauna,2010,4,0
GY,PA,fauna,2011,4,0
GY,PA,fauna,2014,6,0
GY,PH,fauna,1999,8,0
GY,PH,fauna,2001,25,0
GY,PH,fauna,2004,8,0
GY,PH,fauna,2005,34,0
GY,PH,fauna,2008,20,0
GY,PH,fauna,2009,22,0
GY,PH,fauna,2010,6,0
GY,PH,fauna,2011,18,0
GY,PH,fauna,2012,1,0
GY,PH,fauna,2013,47,0
GY,PH,fauna,2014,69,0
GY,PH,fauna,2015,32,0
GY,PH,fauna,2016,63,0
GY,PH,fauna,2017,14,0
GY,PH,fauna,2019,10,0
GY,PK,fauna,1996,7,0
GY,PK,fauna,2001,10,0
GY,PK,fauna,2002,2,0
GY,PK,fauna,2003,9,0
GY,PK,fauna,2004,35,0
GY,PK,fauna,2005,24,0
GY,PK,fauna,2006,10,0
GY,PK,fauna,2007,27,0
GY,PK,fauna,2008,46,0
GY,PK,fauna,2009,15,0
GY,PK,fauna,2010,9,0
GY,PK,fauna,2011,23,0
GY,PK,fauna,2012,7,0
GY,PK,fauna,2013,16,0
GY,PK,fauna,2014,19,0
GY,PK,fauna,2015,33,0
GY,PK,fauna,2016,27,0
GY,PK,fauna,2017,9,0
GY,PK,fauna,2018,24,0
GY,PK,fauna,2019,16,0
GY,PK,fauna,2021,14,0
GY,PK,fauna,2022,4,0
GY,PL,fauna,1983,5,0
GY,PL,fauna,2003,4,0
GY,PL,fauna,2004,6,0
GY,PL,fauna,2005,8,0
GY,PL,fauna,2014,4,0
GY,PT,fauna,1987,12,0
GY,PT,fauna,1988,10,0
GY,PT,fauna,1989,13,0
GY,PT,fauna,1990,19,0
GY,PT,fauna,1991,36,0
GY,PT,fauna,1992,17,0
GY,PT,fauna,1993,20,0
GY,PT,fauna,1995,12,0
GY,PT,fauna,1996,5,0
GY,PT,fauna,1997,12,0
GY,PT,fauna,1998,53,1
GY,PT,fauna,1999,144,0
GY,PT,fauna,2000,175,0
GY,PT,fauna,2001,137,0
GY,PT,fauna,2002,81,0
GY,PT,fauna,2003,41,0
GY,PT,fauna,2004,75,0
GY,PT,fauna,2005,70,0
GY,PY,fauna,1997,1,0
GY,QA,fauna,1996,21,0
GY,QA,fauna,1998,11,0
GY,QA,fauna,1999,9,0
GY,QA,fauna,2000,20,0
GY,QA,fauna,2012,8,0
GY,QA,fauna,2013,16,0
GY,QA,fauna,2024,2,0
GY,RS,fauna,2009,20,0
GY,RS,fauna,2010,16,0
GY,RU,fauna,2001,4,0
GY,RU,fauna,2004,35,0
GY,RU,fauna,2005,13,0
GY,RU,fauna,2006,61,0
GY,RU,fauna,2007,61,0
GY,RU,fauna,2008,90,0
GY,RU,fauna,2009,43,0
GY,RU,fauna,2010,35,0
GY,RU,fauna,2011,7,0
GY,RU,fauna,2012,4,0
GY,RU,fauna,2013,7,0
GY,RU,fauna,2014,4,0
GY,RU,fauna,2015,5,0
GY,RU,fauna,2016,1,0
GY,RU,fauna,2017,1,0
GY,RU,fauna,2018,7,0
GY,RU,fauna,2019,13,0
GY,RU,fauna,2020,3,0
GY,RU,fauna,2023,6,0
GY,SA,fauna,1983,3,0
GY,SA,fauna,1984,4,0
GY,SA,fauna,1985,6,0
GY,SA,fauna,2008,2,0
GY,SA,fauna,2014,1,0
GY,SA,fauna,2016,4,0
GY,SA,fauna,2021,12,0
GY,SA,fauna,2022,25,0
GY,SA,fauna,2023,17,0
GY,SA,fauna,2024,19,0
GY,SE,fauna,1981,13,0
GY,SE,fauna,1982,8,0
GY,SE,fauna,1983,23,0
GY,SE,fauna,1984,8,0
GY,SE,fauna,1985,47,0
GY,SE,fauna,1986,24,0
GY,SE,fauna,1987,18,0
GY,SE,fauna,1989,4,0
GY,SE,fauna,1990,2,0
GY,SE,fauna,1991,2,0
GY,SE,fauna,1992,1,0
GY,SE,fauna,2016,1,0
GY,SE,fauna,2022,6,0
GY,SE,fauna,2024,3,0
GY,SG,fauna,1983,5,0
GY,SG,fauna,1985,6,0
GY,SG,fauna,1986,5,0
GY,SG,fauna,1989,3,0
GY,SG,fauna,1990,7,0
GY,SG,fauna,1992,6,0
GY,SG,fauna,1995,2,0
GY,SG,fauna,1996,29,0
GY,SG,fauna,1997,8,0
GY,SG,fauna,1998,2,0
GY,SG,fauna,1999,1,0
GY,SG,fauna,2000,12,0
GY,SG,fauna,2001,9,0
GY,SG,fauna,2002,1,0
GY,SG,fauna,2003,28,0
GY,SG,fauna,2004,81,0
GY,SG,fauna,2005,230,0
GY,SG,fauna,2006,342,0
GY,SG,fauna,2007,125,0
GY,SG,fauna,2008,20,0
GY,SG,fauna,2009,9,0
GY,SG,fauna,2010,66,0
GY,SG,fauna,2011,78,0
GY,SG,fauna,2012,78,0
GY,SG,fauna,2013,96,0
GY,SG,fauna,2014,87,0
GY,SG,fauna,2015,77,0
GY,SG,fauna,2016,249,0
GY,SG,fauna,2018,18,0
GY,SG,fauna,2019,41,0
GY,SG,fauna,2020,16,0
GY,SG,fauna,2023,13,0
GY,SR,fauna,1987,3,0
GY,SR,fauna,1988,3,0
GY,SR,fauna,1991,1,0
GY,SR,fauna,2011,1,0
GY,SR,fauna,2017,18,0
GY,SR,fauna,2018,44,0
GY,SU,fauna,1987,1,0
GY,SU,fauna,1988,1,0
GY,SX,fauna,2018,10,0
GY,TH,fauna,1986,1,0
GY,TH,fauna,1987,4,0
GY,TH,fauna,1988,3,0
GY,TH,fauna,1996,1,0
GY,TH,fauna,1997,36,0
GY,TH,fauna,1998,10,0
GY,TH,fauna,1999,19,0
GY,TH,fauna,2000,12,0
GY,TH,fauna,2001,14,0
GY,TH,fauna,2002,28,0
GY,TH,fauna,2003,70,0
GY,TH,fauna,2004,24,0
GY,TH,fauna,2005,22,0
GY,TH,fauna,2006,33,0
GY,TH,fauna,2007,63,0
GY,TH,fauna,2008,40,0
GY,TH,fauna,2009,5,0
GY,TH,fauna,2010,30,0
GY,TH,fauna,2011,56,0
GY,TH,fauna,2012,193,0
GY,TH,fauna,2013,162,0
GY,TH,fauna,2014,174,0
GY,TH,fauna,2015,245,0
GY,TH,fauna,2016,242,0
GY,TH,fauna,2017,61,0
GY,TH,fauna,2018,190,0
GY,TH,fauna,2019,116,0
GY,TH,fauna,2020,59,0
GY,TH,fauna,2021,105,0
GY,TH,fauna,2022,228,0
GY,TH,fauna,2023,154,0
GY,TH,fauna,2024,265,0
GY,TR,fauna,2002,38,0
GY,TR,fauna,2004,33,0
GY,TR,fauna,2007,88,0
GY,TR,fauna,2008,39,0
GY,TR,fauna,2009,33,0
GY,TR,fauna,2010,53,0
GY,TR,fauna,2011,42,0
GY,TR,fauna,2012,21,0
GY,TR,fauna,2013,66,0
GY,TR,fauna,2014,68,0
GY,TR,fauna,2015,108,0
GY,TR,fauna,2016,16,0
GY,TR,fauna,2023,60,0
GY,TR,fauna,2024,55,0
GY,TR,fauna,2025,16,0
GY,TT,fauna,1981,3,0
GY,TT,fauna,1982,5,0
GY,TT,fauna,1983,11,0
GY,TT,fauna,1984,7,0
GY,TT,fauna,1985,2,0
GY,TT,fauna,1986,4,0
GY,TT,fauna,1987,8,0
GY,TT,fauna,1988,8,0
GY,TT,fauna,1989,6,0
GY,TT,fauna,1990,7,0
GY,TT,fauna,1991,7,0
GY,TT,fauna,1992,8,0
GY,TT,fauna,1998,4,0
GY,TT,fauna,1999,1,0
GY,TT,fauna,2003,2,0
GY,TT,fauna,2006,1,0
GY,TT,fauna,2011,1,0
GY,TT,fauna,2022,1,0
GY,TT,flora,1988,18,0
GY,TW,fauna,1985,1,0
GY,TW,fauna,1986,1,0
GY,TW,fauna,1987,2,0
GY,TW,fauna,1988,1,0
GY,TW,fauna,1996,1,0
GY,TW,fauna,2002,4,0
GY,TW,fauna,2004,2,0
GY,TW,fauna,2006,12,0
GY,TW,fauna,2007,19,0
GY,TW,fauna,2008,13,0
GY,TW,fauna,2009,30,0
GY,TW,fauna,2010,4,0
GY,TW,fauna,2011,5,0
GY,TW,fauna,2012,9,0
GY,TW,fauna,2013,10,0
GY,TW,fauna,2015,2,0
GY,TW,fauna,2016,18,0
GY,UA,fauna,2003,21,0
GY,UA,fauna,2004,41,0
GY,UA,fauna,2005,32,0
GY,UA,fauna,2006,5,0
GY,UA,fauna,2007,40,0
GY,UA,fauna,2008,11,0
GY,UA,fauna,2009,13,0
GY,UA,fauna,2010,8,0
GY,UA,fauna,2012,12,0
GY,UA,fauna,2013,10,0
GY,UA,fauna,2014,5,0
GY,UA,fauna,2015,8,0
GY,UA,fauna,2019,16,0
GY,UA,fauna,2021,2,0
GY,UA,fauna,2023,8,0
GY,US,fauna,1978,12,0
GY,US,fauna,1979,17,0
GY,US,fauna,1980,38,0
GY,US,fauna,1981,443,0
GY,US,fauna,1982,559,1
GY,US,fauna,1983,632,5
GY,US,fauna,1984,703,5
GY,US,fauna,1985,616,8
GY,US,fauna,1986,930,8
GY,US,fauna,1987,508,2
GY,US,fauna,1988,1698,14
GY,US,fauna,1989,469,6
GY,US,fauna,1990,638,14
GY,US,fauna,1991,1278,9
GY,US,fauna,1992,1041,1
GY,US,fauna,1993,203,9
GY,US,fauna,1994,76,5
GY,US,fauna,1995,394,6
GY,US,fauna,1996,671,12
GY,US,fauna,1997,368,4
GY,US,fauna,1998,107,3
GY,US,fauna,1999,967,8
GY,US,fauna,2000,769,4
GY,US,fauna,2001,1328,12
GY,US,fauna,2002,945,4
GY,US,fauna,2003,1112,9
GY,US,fauna,2004,931,8
GY,US,fauna,2005,953,3
GY,US,fauna,2006,948,4
GY,US,fauna,2007,1305,5
GY,US,fauna,2008,1346,9
GY,US,fauna,2009,1029,12
GY,US,fauna,2010,885,6
GY,US,fauna,2011,756,9
GY,US,fauna,2012,786,3
GY,US,fauna,2013,604,14
GY,US,fauna,2014,907,9
GY,US,fauna,2015,1016,2
GY,US,fauna,2016,927,3
GY,US,fauna,2017,403,8
GY,US,fauna,2018,964,7
GY,US,fauna,2019,887,72
GY,US,fauna,2020,1185,14
GY,US,fauna,2021,821,4
GY,US,fauna,2022,973,3
GY,US,fauna,2023,907,8
GY,US,fauna,2024,866,0
GY,US,flora,1979,1,0
GY,US,flora,1980,15,0
GY,US,flora,1981,17,0
GY,US,flora,1982,11,0
GY,US,flora,1984,2,2
GY,US,flora,1986,1,1
GY,US,flora,1987,17,1
GY,US,flora,1988,22,0
GY,US,flora,1991,1,0
GY,US,flora,1992,2,2
GY,US,flora,1993,44,1
GY,US,flora,2000,1,1
GY,US,flora,2014,6,0
GY,US,flora,2017,1,0
GY,UZ,fauna,2011,2,0
GY,UZ,fauna,2012,4,0
GY,UZ,fauna,2013,26,0
GY,UZ,fauna,2014,8,0
GY,UZ,fauna,2020,14,0
GY,UZ,fauna,2021,2,0
GY,UZ,fauna,2023,5,0
GY,VC,fauna,1987,1,0
GY,VC,fauna,1988,5,0
GY,VC,fauna,1995,1,0
GY,VE,fauna,1987,2,0
GY,VE,fauna,2000,4,0
GY,VG,fauna,2003,7,0
GY,VG,fauna,2005,14,0
GY,VG,fauna,2006,2,0
GY,VG,fauna,2007,3,0
GY,VG,fauna,2008,20,0
GY,VG,fauna,2023,1,0
GY,VN,fauna,2017,1,0
GY,VN,fauna,2022,6,0
GY,XX,fauna,1987,5,0
GY,XX,fauna,1988,8,0
GY,ZA,fauna,1990,2,0
GY,ZA,fauna,1995,5,0
GY,ZA,fauna,1996,28,0
GY,ZA,fauna,1997,28,0
GY,ZA,fauna,1998,12,0
GY,ZA,fauna,1999,72,0
GY,ZA,fauna,2000,51,0
GY,ZA,fauna,2001,84,0
GY,ZA,fauna,2002,100,0
GY,ZA,fauna,2003,238,0
GY,ZA,fauna,2004,141,0
GY,ZA,fauna,2005,116,0
GY,ZA,fauna,2006,156,0
GY,ZA,fauna,2007,32,0
GY,ZA,fauna,2008,103,0
GY,ZA,fauna,2009,121,0
GY,ZA,fauna,2010,61,0
GY,ZA,fauna,2011,68,0
GY,ZA,fauna,2012,38,0
GY,ZA,fauna,2013,24,0
GY,ZA,fauna,2014,20,0
GY,ZA,fauna,2015,22,0
GY,ZA,fauna,2016,3,0
GY,ZA,fauna,2017,3,0
GY,ZA,fauna,2018,12,0
GY,ZA,fauna,2022,27,0
GY,ZA,fauna,2023,9,0
GY,ZA,fauna,2024,4,0
GY,ZC,fauna,1992,8,0
GY,ZW,fauna,1992,11,0
GY,ZW,fauna,1993,9,0
GY,ZW,fauna,1996,7,0
HK,AR,fauna,1990,2,0
HK,AR,fauna,2008,1,0
HK,AR,fauna,2019,11,0
HK,BB,fauna,1997,2,0
HK,BR,fauna,1984,1,0
HK,BR,fauna,1986,6,0
HK,BR,fauna,1987,2,0
HK,BR,fauna,1989,2,0
HK,BR,fauna,1996,1,0
HK,BR,fauna,1997,6,0
HK,BR,fauna,2006,1,0
HK,BR,fauna,2012,3,0
HK,BR,fauna,2014,2,0
HK,BR,fauna,2016,1,0
HK,BR,fauna,2022,2,0
HK,BR,fauna,2024,14,0
HK,BS,fauna,1988,2,0
HK,CL,fauna,2016,2,0
HK,CL,fauna,2017,1,0
HK,CL,fauna,2018,1,0
HK,CL,fauna,2019,1,0
HK,CO,fauna,1991,15,0
HK,CO,fauna,1992,1,0
HK,CO,fauna,2009,3,0
HK,CO,fauna,2024,1,0
HK,KN,fauna,2016,2,0
HK,KN,fauna,2017,2,0
HK,LC,fauna,1984,14,0
HK,MX,fauna,1979,1,0
HK,MX,fauna,1984,1,0
HK,MX,fauna,1989,2,0
HK,MX,fauna,1990,11,0
HK,MX,fauna,1991,6,0
HK,MX,fauna,1992,3,0
HK,MX,fauna,1993,4,0
HK,MX,fauna,1994,1,1
HK,MX,fauna,1995,4,0
HK,MX,fauna,1997,4,0
HK,MX,fauna,1998,2,0
HK,MX,fauna,2004,5,0
HK,MX,fauna,2005,24,0
HK,MX,fauna,2006,10,0
HK,MX,fauna,2007,16,0
HK,MX,fauna,2008,11,0
HK,MX,fauna,2009,9,0
HK,MX,fauna,2010,3,0
HK,MX,fauna,2011,5,0
HK,MX,fauna,2012,10,0
HK,MX,fauna,2013,5,0
HK,MX,fauna,2014,4,0
HK,MX,fauna,2015,7,0
HK,MX,fauna,2016,11,0
HK,MX,fauna,2017,3,0
HK,MX,fauna,2018,4,0
HK,MX,fauna,2019,14,0
HK,MX,fauna,2021,6,0
HK,MX,fauna,2022,1,0
HK,MX,fauna,2023,6,0
HK,PA,fauna,1994,4,0
HK,PA,fauna,2015,1,0
HK,PA,fauna,2019,1,0
HK,PE,fauna,2002,1,0
HK,PE,fauna,2024,7,0
HK,PY,fauna,1994,1,0
HK,SR,fauna,2017,1,0
HK,SR,flora,2021,1,0
HK,SR,flora,2023,1,0
HK,SV,fauna,2023,1,0
HK,SV,flora,2023,1,0
HK,VE,fauna,2018,1,0
HK,VE,fauna,2024,1,0
HN,AE,fauna,2019,2,0
HN,AE,fauna,2024,2,0
HN,AN,fauna,2007,1,0
HN,AN,fauna,2009,1,0
HN,AT,fauna,1986,4,0
HN,AT,fauna,1987,1,0
HN,AT,fauna,1988,8,0
HN,AT,fauna,1989,4,0
HN,AT,fauna,1990,2,0
HN,AT,flora,1983,2,0
HN,AT,flora,1985,1,0
HN,AT,flora,1991,1,0
HN,AU,fauna,2012,1,0
HN,AU,fauna,2015,2,0
HN,AU,fauna,2016,1,0
HN,AU,flora,1984,49,0
HN,AU,flora,1986,34,0
HN,AU,flora,1987,19,0
HN,AU,flora,1988,28,0
HN,AU,flora,1989,85,0
HN,BE,fauna,1986,8,0
HN,BE,fauna,1987,5,0
HN,BE,fauna,1988,12,0
HN,BE,fauna,1989,27,0
HN,BE,fauna,1990,3,0
HN,BE,flora,1995,4,0
HN,BE,flora,2023,1,0
HN,BR,fauna,1996,2,0
HN,BS,fauna,2013,9,0
HN,BZ,fauna,2006,8,0
HN,CA,fauna,1980,1,0
HN,CA,fauna,1997,1,0
HN,CA,fauna,1998,1,0
HN,CA,fauna,1999,2,0
HN,CA,fauna,2005,1,0
HN,CA,fauna,2009,3,0
HN,CA,fauna,2019,1,0
HN,CA,flora,2013,2,0
HN,CA,flora,2014,11,0
HN,CA,flora,2015,1,0
HN,CA,flora,2020,1,0
HN,CH,fauna,1987,5,0
HN,CH,fauna,1988,4,0
HN,CH,fauna,1989,5,0
HN,CH,fauna,1990,1,0
HN,CH,fauna,2002,1,0
HN,CH,flora,2020,4,0
HN,CL,fauna,2008,2,0
HN,CL,flora,2019,1,0
HN,CR,fauna,1993,1,0
HN,CR,fauna,1997,1,0
HN,CR,fauna,2001,9,0
HN,CR,fauna,2003,1,0
HN,CR,fauna,2004,3,0
HN,CR,fauna,2007,7,0
HN,CR,fauna,2009,1,0
HN,CR,fauna,2017,2,0
HN,CR,flora,2001,9,0
HN,CR,flora,2023,1,0
HN,CW,fauna,2010,1,0
HN,CW,fauna,2011,4,0
HN,DE,fauna,1976,2,0
HN,DE,fauna,1977,2,0
HN,DE,fauna,1978,3,0
HN,DE,fauna,1979,3,0
HN,DE,fauna,1984,1,0
HN,DE,fauna,1985,10,0
HN,DE,fauna,1986,26,0
HN,DE,fauna,1987,9,0
HN,DE,fauna,1988,117,0
HN,DE,fauna,1989,135,0
HN,DE,fauna,1990,6,0
HN,DE,fauna,1991,1,0
HN,DE,fauna,1997,2,0
HN,DE,fauna,1998,18,0
HN,DE,fauna,2005,26,0
HN,DE,fauna,2013,1,0
HN,DE,fauna,2014,1,0
HN,DE,flora,1978,1,0
HN,DE,flora,1979,1,0
HN,DE,flora,1986,50,0
HN,DE,flora,1987,20,0
HN,DE,flora,1988,44,0
HN,DE,flora,1989,79,0
HN,DE,flora,1990,20,0
HN,DE,flora,1991,89,0
HN,DE,flora,2005,1,0
HN,DE,flora,2014,2,0
HN,DE,flora,2016,5,0
HN,DE,flora,2017,1,0
HN,DE,flora,2018,6,0
HN,DK,fauna,1986,7,0
HN,DK,fauna,1987,36,0
HN,DK,fauna,1988,6,0
HN,DK,fauna,1989,6,0
HN,DK,flora,2016,1,0
HN,DK,flora,2024,2,0
HN,DO,fauna,1989,6,0
HN,DO,fauna,1991,2,0
HN,DO,fauna,1996,1,0
HN,DO,flora,2003,1,0
HN,DO,flora,2004,1,0
HN,DO,flora,2016,1,0
HN,EC,flora,2023,1,0
HN,ES,fauna,1989,2,0
HN,ES,fauna,1995,1,0
HN,ES,fauna,2001,2,2
HN,ES,fauna,2003,1,1
HN,ES,fauna,2004,2,2
HN,ES,fauna,2005,3,2
HN,ES,fauna,2006,2,0
HN,ES,flora,1998,2,0
HN,ES,flora,2003,3,0
HN,ES,flora,2004,11,0
HN,ES,flora,2005,2,0
HN,ES,flora,2006,18,0
HN,ES,flora,2007,8,0
HN,ES,flora,2008,5,0
HN,ES,flora,2009,8,0
HN,ES,flora,2010,2,0
HN,ES,flora,2012,1,0
HN,ES,flora,2013,3,0
HN,ES,flora,2014,4,0
HN,ES,flora,2015,1,0
HN,ES,flora,2016,13,0
HN,ES,flora,2017,20,0
HN,ES,flora,2018,15,0
HN,ES,flora,2019,14,0
HN,ES,flora,2020,17,0
HN,ES,flora,2021,11,0
HN,ES,flora,2022,20,0
HN,ES,flora,2023,32,0
HN,ES,flora,2024,34,0
HN,FR,fauna,1985,1,0
HN,FR,fauna,1987,3,0
HN,FR,fauna,1988,15,0
HN,FR,fauna,1989,27,0
HN,FR,fauna,1990,1,0
HN,FR,fauna,1993,3,0
HN,FR,fauna,2002,31,0
HN,FR,fauna,2003,58,0
HN,FR,flora,2018,1,0
HN,GB,fauna,1978,1,0
HN,GB,fauna,1987,46,0
HN,GB,fauna,1988,25,0
HN,GB,fauna,1989,37,0
HN,GB,fauna,1990,3,0
HN,GB,fauna,1998,2,0
HN,GB,fauna,2005,4,0
HN,GB,fauna,2007,2,0
HN,GB,fauna,2013,1,0
HN,GB,fauna,2016,6,0
HN,GB,fauna,2018,1,0
HN,GB,flora,1977,5,0
HN,GB,flora,1978,38,0
HN,GB,flora,1979,33,0
HN,GB,flora,1980,1,0
HN,GB,flora,1981,95,0
HN,GB,flora,1982,35,0
HN,GB,flora,1983,10,0
HN,GB,flora,1984,19,0
HN,GB,flora,1986,9,0
HN,GB,flora,1987,1,0
HN,GB,flora,1988,12,0
HN,GB,flora,1990,12,0
HN,GB,flora,2012,1,0
HN,GT,fauna,2000,2,0
HN,GT,fauna,2004,2,0
HN,GT,fauna,2011,1,0
HN,GT,fauna,2012,3,0
HN,GT,flora,1999,1,0
HN,GT,flora,2005,5,0
HN,GT,flora,2007,2,0
HN,GU,flora,2001,2,0
HN,HK,fauna,2016,2,0
HN,HK,fauna,2017,1,0
HN,HK,fauna,2018,1,0
HN,HK,fauna,2019,2,0
HN,HK,fauna,2020,1,0
HN,HK,fauna,2021,1,0
HN,HK,fauna,2022,1,0
HN,HK,fauna,2023,2,0
HN,IQ,flora,2019,1,0
HN,IT,fauna,1985,1,1
HN,IT,fauna,1989,3,0
HN,IT,fauna,1990,1,0
HN,IT,fauna,1995,9,0
HN,IT,fauna,1997,3,0
HN,IT,fauna,1998,1,0
HN,IT,fauna,2005,1,0
HN,IT,fauna,2007,1,0
HN,IT,flora,1987,2,0
HN,IT,flora,1988,2,0
HN,IT,flora,1990,1,0
HN,IT,flora,2009,1,0
HN,IT,flora,2021,2,0
HN,JP,fauna,1984,1,0
HN,JP,fauna,1985,5,0
HN,JP,fauna,1986,4,0
HN,JP,fauna,1987,6,0
HN,JP,fauna,1988,20,0
HN,JP,fauna,1989,29,0
HN,JP,fauna,1990,1,0
HN,JP,fauna,1996,1,0
HN,JP,fauna,1998,1,0
HN,JP,fauna,2003,1,0
HN,JP,fauna,2005,2,0
HN,JP,fauna,2008,1,0
HN,JP,fauna,2015,1,0
HN,JP,fauna,2016,2,0
HN,JP,flora,1981,1,0
HN,JP,flora,1982,1,0
HN,JP,flora,1989,25,0
HN,JP,flora,2015,2,0
HN,JP,flora,2017,2,0
HN,JP,flora,2019,2,0
HN,KP,fauna,2012,1,0
HN,KR,fauna,2005,9,0
HN,KR,fauna,2010,1,0
HN,KR,fauna,2014,1,0
HN,KR,fauna,2015,2,0
HN,KY,fauna,2013,3,0
HN,KY,fauna,2017,2,0
HN,KY,fauna,2018,1,0
HN,KY,fauna,2019,13,0
HN,KY,fauna,2020,9,0
HN,KY,fauna,2021,1,0
HN,KY,fauna,2022,5,0
HN,KY,fauna,2023,11,0
HN,KY,fauna,2024,6,0
HN,LB,flora,2005,1,0
HN,MA,flora,2007,1,0
HN,MA,flora,2008,1,0
HN,MA,flora,2009,2,0
HN,MX,fauna,1994,3,0
HN,MX,fauna,1996,1,0
HN,MX,fauna,1997,2,0
HN,MX,fauna,1998,2,0
HN,MX,fauna,1999,2,0
HN,MX,fauna,2002,1,0
HN,MX,fauna,2003,5,0
HN,MX,fauna,2005,4,0
HN,MX,fauna,2006,1,0
HN,MX,fauna,2007,2,0
HN,MX,fauna,2016,1,0
HN,MX,fauna,2017,1,0
HN,MX,fauna,2018,1,0
HN,NI,fauna,1982,2,0
HN,NI,fauna,1983,1,0
HN,NI,fauna,1998,3,0
HN,NI,fauna,2004,4,0
HN,NI,fauna,2005,2,0
HN,NI,fauna,2007,7,0
HN,NI,fauna,2009,3,0
HN,NI,fauna,2010,7,0
HN,NI,fauna,2011,8,0
HN,NI,fauna,2013,1,0
HN,NI,fauna,2015,1,0
HN,NI,flora,2009,1,0
HN,NL,fauna,1985,2,0
HN,NL,fauna,1986,11,0
HN,NL,fauna,1989,2,0
HN,NL,fauna,2009,1,0
HN,NL,flora,1984,11,0
HN,NL,flora,1986,25,0
HN,NL,flora,1987,35,0
HN,NL,flora,1989,22,1
HN,NL,flora,1990,18,0
HN,NL,flora,1997,45,0
HN,NL,flora,1998,51,0
HN,NL,flora,1999,3,0
HN,NL,flora,2000,31,0
HN,NL,flora,2001,9,0
HN,NL,flora,2002,26,0
HN,NL,flora,2003,73,0
HN,NL,flora,2004,81,0
HN,NL,flora,2005,123,0
HN,NL,flora,2006,74,0
HN,NL,flora,2007,54,0
HN,NL,flora,2008,48,0
HN,NL,flora,2009,149,0
HN,NL,flora,2010,209,0
HN,NL,flora,2011,217,0
HN,NL,flora,2012,154,0
HN,NL,flora,2013,164,0
HN,NL,flora,2014,133,0
HN,NL,flora,2015,111,0
HN,NL,flora,2016,166,0
HN,NL,flora,2017,202,0
HN,NL,flora,2018,118,0
HN,NL,flora,2019,189,0
HN,NL,flora,2020,196,0
HN,NL,flora,2021,126,0
HN,NL,flora,2022,169,0
HN,NL,flora,2023,184,0
HN,NL,flora,2024,202,0
HN,NO,fauna,2004,1,1
HN,NZ,fauna,1997,3,3
HN,NZ,fauna,2004,1,1
HN,NZ,fauna,2008,1,1
HN,NZ,flora,2000,1,1
HN,PA,fauna,1985,1,0
HN,PA,fauna,1987,1,0
HN,PA,fauna,1990,2,0
HN,PA,fauna,1991,1,0
HN,PA,fauna,2004,2,0
HN,PA,fauna,2006,7,0
HN,PA,fauna,2007,2,0
HN,PA,fauna,2008,2,0
HN,PA,fauna,2009,4,0
HN,PA,fauna,2011,4,0
HN,PA,flora,2019,1,0
HN,PR,fauna,2023,3,0
HN,PR,fauna,2024,2,0
HN,PR,flora,1995,1,0
HN,PR,flora,2004,1,0
HN,PR,flora,2005,1,0
HN,PT,fauna,2008,2,2
HN,PT,flora,2009,1,0
HN,PT,flora,2018,2,0
HN,PT,flora,2019,4,0
HN,RU,fauna,2007,1,0
HN,RU,fauna,2011,1,0
HN,SC,flora,1978,1,0
HN,SE,fauna,1988,5,0
HN,SE,flora,1999,1,0
HN,SG,fauna,1987,5,0
HN,SG,fauna,1988,8,0
HN,SG,fauna,1989,4,0
HN,SG,fauna,1990,1,0
HN,SL,fauna,2007,1,0
HN,SR,fauna,2005,1,0
HN,SR,fauna,2006,1,0
HN,SV,fauna,1997,4,0
HN,SV,fauna,2002,3,0
HN,SV,fauna,2004,4,0
HN,SV,fauna,2005,4,0
HN,SV,fauna,2009,1,0
HN,SV,fauna,2012,3,0
HN,SV,flora,1995,2,0
HN,SV,flora,2011,1,0
HN,TR,flora,2012,1,0
HN,TR,flora,2023,2,0
HN,TR,flora,2024,2,0
HN,TW,fauna,2005,1,0
HN,TW,flora,2012,1,0
HN,TW,flora,2015,2,0
HN,TW,flora,2020,1,0
HN,TW,flora,2022,1,0
HN,US,fauna,1977,4,0
HN,US,fauna,1978,4,0
HN,US,fauna,1979,5,0
HN,US,fauna,1980,19,0
HN,US,fauna,1981,116,0
HN,US,fauna,1982,161,6
HN,US,fauna,1983,179,3
HN,US,fauna,1984,244,4
HN,US,fauna,1985,270,8
HN,US,fauna,1986,217,8
HN,US,fauna,1987,432,17
HN,US,fauna,1988,627,19
HN,US,fauna,1989,646,43
HN,US,fauna,1990,71,24
HN,US,fauna,1991,14,8
HN,US,fauna,1992,10,7
HN,US,fauna,1993,7,2
HN,US,fauna,1994,17,11
HN,US,fauna,1995,130,7
HN,US,fauna,1996,203,9
HN,US,fauna,1997,224,3
HN,US,fauna,1998,201,4
HN,US,fauna,1999,207,4
HN,US,fauna,2000,260,2
HN,US,fauna,2001,382,6
HN,US,fauna,2002,140,8
HN,US,fauna,2003,248,7
HN,US,fauna,2004,62,45
HN,US,fauna,2005,39,17
HN,US,fauna,2006,96,26
HN,US,fauna,2007,61,5
HN,US,fauna,2008,12,9
HN,US,fauna,2009,39,12
HN,US,fauna,2010,39,11
HN,US,fauna,2011,71,12
HN,US,fauna,2012,34,8
HN,US,fauna,2013,61,14
HN,US,fauna,2014,19,14
HN,US,fauna,2015,27,25
HN,US,fauna,2016,87,14
HN,US,fauna,2017,101,17
HN,US,fauna,2018,89,11
HN,US,fauna,2019,137,19
HN,US,fauna,2020,135,8
HN,US,fauna,2021,142,10
HN,US,fauna,2022,117,12
HN,US,fauna,2023,103,28
HN,US,fauna,2024,160,0
HN,US,flora,1977,10,0
HN,US,flora,1978,47,0
HN,US,flora,1979,55,0
HN,US,flora,1980,107,0
HN,US,flora,1981,237,0
HN,US,flora,1982,448,0
HN,US,flora,1983,416,0
HN,US,flora,1984,394,5
HN,US,flora,1985,134,4
HN,US,flora,1986,237,8
HN,US,flora,1987,81,10
HN,US,flora,1988,154,5
HN,US,flora,1989,103,8
HN,US,flora,1990,154,3
HN,US,flora,1991,11,11
HN,US,flora,1992,10,10
HN,US,flora,1993,11,10
HN,US,flora,1994,5,5
HN,US,flora,1995,54,1
HN,US,flora,1996,118,0
HN,US,flora,1997,286,1
HN,US,flora,1998,155,4
HN,US,flora,1999,146,8
HN,US,flora,2000,160,3
HN,US,flora,2001,197,2
HN,US,flora,2002,62,2
HN,US,flora,2003,51,0
HN,US,flora,2004,60,0
HN,US,flora,2005,49,0
HN,US,flora,2006,55,0
HN,US,flora,2007,22,0
HN,US,flora,2008,8,0
HN,US,flora,2009,22,0
HN,US,flora,2010,24,2
HN,US,flora,2011,40,0
HN,US,flora,2012,21,0
HN,US,flora,2013,26,0
HN,US,flora,2014,21,1
HN,US,flora,2015,17,0
HN,US,flora,2016,53,0
HN,US,flora,2017,27,0
HN,US,flora,2018,6,0
HN,US,flora,2019,9,0
HN,US,flora,2020,12,0
HN,US,flora,2021,9,0
HN,US,flora,2022,14,0
HN,US,flora,2023,30,0
HN,US,flora,2024,26,0
HN,XX,fauna,1995,1,0
HN,XX,flora,2004,10,0
HN,ZA,fauna,1987,5,0
HN,ZA,fauna,1988,14,0
HR,AR,fauna,2024,1,0
HR,BR,fauna,2017,9,0
HR,BR,fauna,2018,8,0
HR,BR,fauna,2024,4,0
HR,MX,fauna,2008,4,0
HR,MX,fauna,2016,1,0
HR,MX,fauna,2019,1,0
HR,MX,fauna,2021,4,0
HR,MX,fauna,2022,2,0
HR,MX,fauna,2024,5,0
HR,PA,fauna,2024,2,0
HS,BZ,fauna,2021,1,0
HS,CL,fauna,2024,11,0
HS,MX,fauna,2000,10,0
HS,MX,fauna,2001,3,0
HT,AE,fauna,2024,3,0
HT,AR,fauna,2013,1,0
HT,AT,fauna,1986,1,0
HT,AT,fauna,1997,2,2
HT,AT,fauna,1998,1,1
HT,CA,fauna,1980,1,0
HT,CA,fauna,1981,1,0
HT,CA,fauna,1982,1,0
HT,CA,fauna,1992,1,0
HT,DE,fauna,1977,1,0
HT,DE,fauna,1978,1,0
HT,DE,fauna,1981,2,0
HT,DE,fauna,1982,2,2
HT,DE,fauna,2000,1,0
HT,DE,fauna,2015,2,0
HT,DK,fauna,2004,1,0
HT,ES,fauna,1993,1,0
HT,ES,fauna,1994,2,0
HT,ES,fauna,1995,6,1
HT,ES,fauna,1996,4,0
HT,ES,fauna,1997,4,0
HT,ES,fauna,1998,2,1
HT,ES,fauna,1999,3,0
HT,ES,fauna,2000,2,0
HT,ES,fauna,2001,1,0
HT,ES,fauna,2002,1,1
HT,ES,fauna,2003,1,1
HT,FR,fauna,1984,5,0
HT,FR,fauna,1985,1,0
HT,FR,fauna,1986,3,0
HT,FR,fauna,1987,1,0
HT,FR,fauna,1988,1,0
HT,FR,fauna,1993,1,0
HT,FR,fauna,1997,1,0
HT,FR,fauna,1998,1,0
HT,FR,fauna,2000,1,0
HT,FR,fauna,2002,1,0
HT,FR,fauna,2005,15,0
HT,FR,fauna,2006,13,0
HT,FR,fauna,2007,12,0
HT,FR,fauna,2010,6,0
HT,FR,fauna,2011,20,0
HT,FR,fauna,2012,19,0
HT,FR,fauna,2013,18,0
HT,FR,fauna,2014,20,0
HT,FR,fauna,2015,20,0
HT,GB,fauna,1978,1,0
HT,GB,fauna,1982,1,0
HT,GB,fauna,1995,1,0
HT,GB,fauna,1996,3,0
HT,GB,fauna,1997,5,0
HT,GB,fauna,1998,4,0
HT,GB,fauna,2000,2,0
HT,GB,fauna,2002,1,0
HT,GB,fauna,2003,1,1
HT,GR,fauna,1999,1,0
HT,IN,fauna,2012,1,0
HT,IT,fauna,1980,3,0
HT,IT,fauna,1981,1,0
HT,IT,fauna,1995,1,0
HT,IT,fauna,1996,2,0
HT,JP,fauna,1985,1,0
HT,JP,fauna,1996,3,0
HT,JP,fauna,2007,3,0
HT,JP,fauna,2008,1,0
HT,JP,fauna,2016,1,0
HT,JP,flora,2011,4,0
HT,NL,fauna,1994,2,0
HT,NL,fauna,1995,2,0
HT,NL,fauna,1996,1,0
HT,NL,fauna,1998,1,0
HT,NL,fauna,2000,1,0
HT,NL,flora,1997,1,1
HT,NZ,fauna,1995,1,1
HT,NZ,fauna,1998,4,4
HT,PE,fauna,1999,1,0
HT,PL,fauna,1997,3,0
HT,PL,fauna,1999,1,0
HT,PL,fauna,2000,1,0
HT,PL,fauna,2004,1,1
HT,PL,fauna,2005,1,1
HT,PL,fauna,2009,1,1
HT,PL,fauna,2010,1,1
HT,US,fauna,1978,4,0
HT,US,fauna,1979,13,0
HT,US,fauna,1980,16,0
HT,US,fauna,1981,122,0
HT,US,fauna,1982,58,13
HT,US,fauna,1983,80,1
HT,US,fauna,1984,91,2
HT,US,fauna,1985,50,4
HT,US,fauna,1986,10,2
HT,US,fauna,1987,48,0
HT,US,fauna,1988,84,4
HT,US,fauna,1989,33,3
HT,US,fauna,1990,12,8
HT,US,fauna,1991,1,1
HT,US,fauna,1992,4,2
HT,US,fauna,1993,13,0
HT,US,fauna,1994,3,0
HT,US,fauna,1995,12,3
HT,US,fauna,1996,19,2
HT,US,fauna,1997,21,3
HT,US,fauna,1998,13,4
HT,US,fauna,1999,21,4
HT,US,fauna,2000,28,2
HT,US,fauna,2001,113,2
HT,US,fauna,2002,98,3
HT,US,fauna,2003,169,6
HT,US,fauna,2004,164,7
HT,US,fauna,2005,110,0
HT,US,fauna,2006,122,2
HT,US,fauna,2007,82,2
HT,US,fauna,2008,15,2
HT,US,fauna,2009,99,19
HT,US,fauna,2010,147,49
HT,US,fauna,2011,91,22
HT,US,fauna,2012,124,73
HT,US,fauna,2013,245,199
HT,US,fauna,2014,301,267
HT,US,fauna,2015,343,322
HT,US,fauna,2016,229,205
HT,US,fauna,2017,184,160
HT,US,fauna,2018,177,152
HT,US,fauna,2019,125,125
HT,US,fauna,2020,95,95
HT,US,fauna,2021,139,139
HT,US,fauna,2022,85,85
HT,US,fauna,2023,66,66
HT,US,fauna,2024,1,0
HT,US,flora,1982,3,0
HT,US,flora,1983,4,0
HT,US,flora,1984,24,0
HT,US,flora,1985,15,0
HT,US,flora,1986,10,0
HT,US,flora,1987,20,2
HT,US,flora,1988,27,0
HT,US,flora,1989,48,0
HT,US,flora,1990,33,0
HT,US,flora,1991,43,0
HT,US,flora,1992,41,0
HT,US,flora,1993,116,1
HT,US,flora,1994,65,0
HT,US,flora,1995,85,0
HT,US,flora,1996,122,0
HT,US,flora,1997,79,0
HT,US,flora,1998,34,0
HT,US,flora,1999,40,0
HT,US,flora,2000,8,0
HT,US,flora,2001,38,0
HT,US,flora,2002,19,0
HT,US,flora,2003,27,0
HT,US,flora,2004,22,0
HT,US,flora,2005,12,0
HU,AR,fauna,1995,1,0
HU,AR,fauna,2018,1,0
HU,AR,fauna,2019,2,0
HU,BR,fauna,1995,2,0
HU,BR,fauna,1997,1,0
HU,BR,fauna,1999,17,1
HU,BR,fauna,2006,8,0
HU,BR,fauna,2014,5,0
HU,BR,fauna,2017,2,0
HU,BR,fauna,2018,1,0
HU,BR,fauna,2020,4,0
HU,BR,fauna,2023,1,0
HU,BR,fauna,2024,2,0
HU,CL,fauna,2011,2,0
HU,CL,fauna,2016,2,0
HU,CO,fauna,2011,1,0
HU,CO,fauna,2013,1,0
HU,CO,fauna,2017,1,0
HU,CR,fauna,1995,2,0
HU,GT,fauna,2023,2,0
HU,MX,fauna,2002,11,0
HU,MX,fauna,2008,2,0
HU,MX,fauna,2012,4,0
HU,MX,fauna,2015,1,0
HU,SR,fauna,2001,1,0
HU,SR,fauna,2021,7,0
HU,SR,fauna,2022,1,0
HU,VE,fauna,2011,2,0
HU,VE,fauna,2024,6,0
ID,AR,fauna,1993,30,0
ID,AR,fauna,1997,24,0
ID,AR,fauna,1998,82,0
ID,AR,fauna,1999,59,0
ID,AR,fauna,2000,104,0
ID,AR,fauna,2001,37,0
ID,AR,fauna,2002,3,0
ID,AR,fauna,2005,1,0
ID,AR,fauna,2008,201,0
ID,AR,fauna,2009,132,0
ID,AR,fauna,2010,42,0
ID,AR,fauna,2011,80,0
ID,AR,fauna,2012,60,0
ID,AR,fauna,2013,50,0
ID,AR,fauna,2014,63,0
ID,AR,fauna,2015,70,0
ID,AR,fauna,2016,116,0
ID,AR,fauna,2017,44,0
ID,AR,fauna,2018,15,0
ID,AR,fauna,2020,218,0
ID,AR,fauna,2021,138,0
ID,AR,fauna,2022,57,0
ID,AR,fauna,2023,101,0
ID,AR,fauna,2024,81,0
ID,AR,flora,2017,59,0
ID,AR,flora,2018,8,0
ID,AR,flora,2019,5,0
ID,BB,fauna,1984,1,0
ID,BO,flora,2017,1,0
ID,BO,flora,2018,2,0
ID,BO,flora,2019,2,0
ID,BR,fauna,1984,1,0
ID,BR,fauna,1991,9,0
ID,BR,fauna,1992,1,0
ID,BR,fauna,1994,3,0
ID,BR,fauna,1995,2,0
ID,BR,fauna,1996,4,0
ID,BR,fauna,1997,25,0
ID,BR,fauna,1998,118,0
ID,BR,fauna,1999,36,0
ID,BR,fauna,2000,172,0
ID,BR,fauna,2001,183,0
ID,BR,fauna,2002,177,0
ID,BR,fauna,2003,196,0
ID,BR,fauna,2004,202,0
ID,BR,fauna,2005,290,0
ID,BR,fauna,2006,62,0
ID,BR,fauna,2007,199,0
ID,BR,fauna,2008,324,0
ID,BR,fauna,2009,566,0
ID,BR,fauna,2010,850,0
ID,BR,fauna,2011,640,0
ID,BR,fauna,2012,1072,0
ID,BR,fauna,2013,1898,0
ID,BR,fauna,2014,1886,0
ID,BR,fauna,2015,1957,0
ID,BR,fauna,2016,1847,0
ID,BR,fauna,2017,2034,0
ID,BR,fauna,2018,919,0
ID,BR,fauna,2019,33,0
ID,BR,fauna,2020,1224,0
ID,BR,fauna,2021,289,0
ID,BR,fauna,2022,1776,0
ID,BR,fauna,2023,2095,0
ID,BR,fauna,2024,1840,0
ID,BR,flora,1994,1,0
ID,BR,flora,2017,57,0
ID,BR,flora,2018,36,0
ID,BR,flora,2019,14,0
ID,CL,fauna,1995,2,0
ID,CL,fauna,1996,6,0
ID,CL,fauna,2004,2,0
ID,CL,fauna,2011,4,0
ID,CL,fauna,2013,5,0
ID,CL,fauna,2017,10,0
ID,CL,flora,2017,51,0
ID,CL,flora,2018,14,0
ID,CL,flora,2019,9,0
ID,CO,fauna,2015,7,0
ID,CO,fauna,2017,1,0
ID,CO,fauna,2018,1,0
ID,CO,fauna,2019,2,0
ID,CO,fauna,2021,3,0
ID,CO,flora,2017,6,0
ID,CR,fauna,2007,2,0
ID,CR,fauna,2010,28,0
ID,CR,fauna,2011,32,0
ID,CR,flora,2000,6,0
ID,CR,flora,2002,3,0
ID,CR,flora,2010,147,0
ID,CU,fauna,2004,3,0
ID,DO,flora,2001,6,0
ID,DO,flora,2017,1,0
ID,DO,flora,2018,1,0
ID,EC,fauna,2015,1,0
ID,EC,flora,2017,6,0
ID,EC,flora,2018,1,0
ID,GD,fauna,1990,3,0
ID,GT,fauna,1988,4,0
ID,GT,flora,2017,4,0
ID,GT,flora,2019,1,0
ID,MX,fauna,1986,2,0
ID,MX,fauna,1989,14,0
ID,MX,fauna,1990,18,0
ID,MX,fauna,1991,24,0
ID,MX,fauna,1992,39,0
ID,MX,fauna,1993,32,0
ID,MX,fauna,1994,69,0
ID,MX,fauna,1995,87,0
ID,MX,fauna,1996,128,0
ID,MX,fauna,1997,183,0
ID,MX,fauna,1998,130,0
ID,MX,fauna,1999,115,0
ID,MX,fauna,2000,149,0
ID,MX,fauna,2001,181,0
ID,MX,fauna,2002,157,0
ID,MX,fauna,2003,131,0
ID,MX,fauna,2004,116,0
ID,MX,fauna,2005,156,0
ID,MX,fauna,2006,125,0
ID,MX,fauna,2007,83,0
ID,MX,fauna,2008,48,0
ID,MX,fauna,2009,90,0
ID,MX,fauna,2010,252,0
ID,MX,fauna,2011,450,0
ID,MX,fauna,2012,534,0
ID,MX,fauna,2013,689,0
ID,MX,fauna,2014,557,0
ID,MX,fauna,2015,536,0
ID,MX,fauna,2016,397,0
ID,MX,fauna,2017,449,0
ID,MX,fauna,2018,177,0
ID,MX,fauna,2019,71,0
ID,MX,fauna,2020,392,0
ID,MX,fauna,2021,384,0
ID,MX,fauna,2022,627,0
ID,MX,fauna,2023,278,0
ID,MX,fauna,2024,248,0
ID,MX,flora,2017,43,0
ID,MX,flora,2018,21,0
ID,MX,flora,2019,22,0
ID,NI,fauna,2010,15,0
ID,PA,fauna,1990,1,0
ID,PA,fauna,2010,58,0
ID,PA,fauna,2013,1,0
ID,PA,fauna,2014,7,0
ID,PA,fauna,2022,7,0
ID,PA,fauna,2023,19,0
ID,PA,fauna,2024,35,0
ID,PA,flora,1997,8,0
ID,PA,flora,2017,18,0
ID,PA,flora,2018,24,0
ID,PA,flora,2019,15,0
ID,PE,fauna,2006,22,0
ID,PE,fauna,2007,60,0
ID,PE,fauna,2008,35,0
ID,PE,fauna,2009,76,0
ID,PE,fauna,2010,35,0
ID,PE,fauna,2011,38,0
ID,PE,fauna,2012,20,0
ID,PE,fauna,2013,109,0
ID,PE,fauna,2014,91,0
ID,PE,fauna,2015,79,0
ID,PE,fauna,2016,148,0
ID,PE,fauna,2017,125,0
ID,PE,fauna,2018,25,0
ID,PE,fauna,2019,10,0
ID,PE,fauna,2020,34,0
ID,PE,fauna,2021,31,0
ID,PE,fauna,2022,93,0
ID,PE,fauna,2023,56,0
ID,PE,fauna,2024,58,0
ID,PE,flora,2017,11,0
ID,PE,flora,2018,4,0
ID,PE,flora,2019,2,0
ID,PY,fauna,1998,1,0
ID,PY,fauna,2002,3,0
ID,PY,flora,2017,1,0
ID,SR,fauna,1991,7,0
ID,SR,fauna,2006,19,0
ID,SR,fauna,2011,61,0
ID,SR,fauna,2012,7,0
ID,SR,fauna,2013,31,0
ID,SR,fauna,2014,3,0
ID,SR,flora,1999,8,0
ID,SR,flora,2000,7,0
ID,SV,fauna,1999,6,0
ID,SV,fauna,2004,1,0
ID,TT,fauna,1983,1,0
ID,TT,fauna,1990,1,0
ID,TT,fauna,1992,1,0
ID,TT,fauna,2009,1,0
ID,TT,fauna,2021,8,0
ID,TT,flora,2018,2,0
ID,TT,flora,2019,1,0
ID,UY,flora,2017,10,0
ID,UY,flora,2018,2,0
ID,VE,fauna,2002,20,0
ID,VE,fauna,2005,7,0
ID,VE,fauna,2006,7,0
ID,VE,fauna,2007,45,0
ID,VE,fauna,2008,73,0
ID,VE,fauna,2009,16,0
ID,VE,fauna,2010,24,0
ID,VE,fauna,2011,11,0
ID,VE,fauna,2012,37,0
ID,VE,fauna,2013,34,0
ID,VE,fauna,2014,13,0
ID,VE,fauna,2022,10,0
IE,AR,fauna,2021,1,0
IE,AR,fauna,2024,2,0
IE,BB,fauna,2022,1,0
IE,BR,fauna,2020,5,0
IE,BR,fauna,2021,8,0
IE,BR,fauna,2022,15,0
IE,BR,fauna,2023,3,0
IE,BR,fauna,2024,30,0
IE,BS,fauna,2023,4,0
IE,BS,fauna,2024,1,0
IE,CL,fauna,2021,1,0
IE,CL,fauna,2022,1,0
IE,CO,fauna,2024,3,0
IE,CR,fauna,2021,2,0
IE,CR,fauna,2023,2,0
IE,EC,fauna,2024,3,0
IE,KN,fauna,2023,1,0
IE,MX,fauna,2019,10,0
IE,MX,fauna,2020,42,0
IE,MX,fauna,2021,42,0
IE,MX,fauna,2022,49,0
IE,MX,fauna,2023,52,0
IE,MX,fauna,2024,73,0
IE,PA,fauna,2016,2,0
IE,PA,fauna,2020,1,0
IE,PE,fauna,2021,1,0
IE,UY,fauna,2021,2,0
IE,VE,fauna,2020,1,0
IE,VE,fauna,2024,5,0
IL,AR,fauna,1991,2,0
IL,AR,fauna,2000,7,0
IL,BR,fauna,2000,1,0
IL,BR,fauna,2008,2,0
IL,BR,fauna,2009,3,0
IL,BR,fauna,2011,4,0
IL,BR,fauna,2016,1,0
IL,BS,fauna,2000,1,0
IL,CL,fauna,2003,1,1
IL,CL,fauna,2004,1,1
IL,DO,fauna,2001,1,0
IL,GT,fauna,2019,2,0
IL,GT,fauna,2020,1,0
IL,GT,fauna,2021,1,0
IL,GT,fauna,2023,1,0
IL,LC,fauna,1994,1,0
IL,MX,fauna,1994,1,0
IL,MX,fauna,2002,4,0
IL,MX,fauna,2011,2,0
IL,MX,fauna,2017,1,0
IL,MX,fauna,2019,2,0
IL,MX,fauna,2021,1,0
IL,MX,fauna,2022,2,0
IL,MX,fauna,2023,1,0
IL,PA,fauna,2008,1,0
IL,PA,fauna,2009,1,0
IL,PA,fauna,2015,1,0
IL,PA,fauna,2019,5,0
IL,PA,fauna,2020,3,0
IL,PA,fauna,2021,3,0
IL,PA,fauna,2022,6,0
IL,PA,fauna,2023,4,0
IL,UY,fauna,2003,1,0
IL,UY,fauna,2004,1,0
IL,UY,fauna,2008,1,0
IL,UY,fauna,2009,2,0
IL,VE,fauna,2001,1,0
IN,AR,fauna,1978,1,0
IN,AR,fauna,1980,1,0
IN,AR,flora,2015,6,0
IN,AR,flora,2016,2,0
IN,AR,flora,2018,2,0
IN,AR,flora,2019,3,0
IN,AR,flora,2022,2,0
IN,AR,flora,2023,2,0
IN,BB,flora,2012,1,0
IN,BR,fauna,2007,3,0
IN,BR,fauna,2008,3,0
IN,BS,flora,1982,8,0
IN,CL,fauna,1980,1,0
IN,CL,fauna,1981,1,0
IN,CO,fauna,1982,2,0
IN,CO,fauna,2009,1,0
IN,CO,flora,2013,2,0
IN,CO,flora,2014,2,0
IN,CO,flora,2015,6,0
IN,CO,flora,2016,3,0
IN,CO,flora,2017,3,0
IN,CO,flora,2018,3,0
IN,CO,flora,2019,4,0
IN,CO,flora,2024,1,0
IN,CR,flora,1987,4,0
IN,CR,flora,1992,8,0
IN,CR,flora,2017,1,0
IN,DO,fauna,1989,1,0
IN,DO,flora,2014,4,0
IN,GT,flora,2015,1,0
IN,MX,fauna,1981,1,0
IN,MX,fauna,1982,3,0
IN,MX,fauna,1989,1,0
IN,MX,flora,2012,1,0
IN,MX,flora,2013,2,0
IN,MX,flora,2014,2,0
IN,MX,flora,2015,2,0
IN,MX,flora,2016,3,0
IN,MX,flora,2017,3,0
IN,MX,flora,2018,5,0
IN,MX,flora,2019,13,0
IN,MX,flora,2020,15,0
IN,MX,flora,2021,28,0
IN,MX,flora,2022,23,0
IN,MX,flora,2023,4,0
IN,MX,flora,2024,14,0
IN,PA,fauna,1979,1,0
IN,PA,fauna,1981,2,0
IN,PA,fauna,1982,1,0
IN,PA,fauna,1983,1,0
IN,PA,fauna,2011,1,0
IN,PA,flora,2018,4,0
IN,PE,flora,2007,1,0
IN,PE,flora,2008,1,0
IN,PE,flora,2009,1,0
IN,PE,flora,2015,1,0
IN,PE,flora,2018,1,0
IN,PE,flora,2021,1,0
IN,PE,flora,2022,1,0
IN,PE,flora,2023,1,0
IN,PE,flora,2024,2,0
IN,TT,flora,2012,3,0
IN,TT,flora,2013,1,0
IN,UY,flora,2004,1,0
IN,VE,fauna,1978,1,0
IN,VE,fauna,1981,1,0
IN,VE,fauna,1982,1,0
IN,VE,fauna,1983,1,0
IN,VE,flora,1997,1,0
IR,AR,fauna,2008,1,0
IR,BR,fauna,2022,5,0
IR,BR,fauna,2023,11,0
IR,BR,fauna,2024,7,0
IR,CL,fauna,2023,3,0
IR,MX,fauna,2001,3,0
IR,MX,fauna,2002,2,0
IR,MX,fauna,2003,6,0
IR,MX,fauna,2004,4,0
IR,MX,fauna,2005,4,0
IR,MX,fauna,2006,1,0
IR,MX,fauna,2007,2,0
IR,MX,fauna,2008,2,0
IR,MX,fauna,2020,3,0
IR,MX,fauna,2021,3,0
IR,MX,fauna,2022,3,0
IR,MX,fauna,2023,11,0
IR,MX,fauna,2024,8,0
IR,VE,fauna,2021,2,0
IR,VE,fauna,2022,2,0
IR,VE,fauna,2023,5,0
IS,EC,fauna,2008,1,0
IS,PA,fauna,1988,2,0
IT,AG,fauna,2001,1,0
IT,AG,fauna,2004,1,0
IT,AG,fauna,2014,1,0
IT,AG,fauna,2017,1,0
IT,AG,fauna,2024,1,0
IT,AR,fauna,1978,1,0
IT,AR,fauna,1982,6,0
IT,AR,fauna,1983,6,0
IT,AR,fauna,1984,2,0
IT,AR,fauna,1985,4,0
IT,AR,fauna,1986,16,0
IT,AR,fauna,1987,20,0
IT,AR,fauna,1990,14,0
IT,AR,fauna,1992,1,0
IT,AR,fauna,1993,2,0
IT,AR,fauna,1994,16,0
IT,AR,fauna,1995,4,0
IT,AR,fauna,1996,8,0
IT,AR,fauna,1997,9,0
IT,AR,fauna,1998,8,0
IT,AR,fauna,1999,28,0
IT,AR,fauna,2000,17,0
IT,AR,fauna,2001,31,0
IT,AR,fauna,2002,1,0
IT,AR,fauna,2003,10,0
IT,AR,fauna,2004,24,0
IT,AR,fauna,2005,32,0
IT,AR,fauna,2006,24,0
IT,AR,fauna,2007,48,0
IT,AR,fauna,2008,33,0
IT,AR,fauna,2009,23,0
IT,AR,fauna,2010,24,0
IT,AR,fauna,2011,28,0
IT,AR,fauna,2012,41,0
IT,AR,fauna,2013,30,0
IT,AR,fauna,2014,31,0
IT,AR,fauna,2015,29,0
IT,AR,fauna,2016,23,0
IT,AR,fauna,2017,19,0
IT,AR,fauna,2018,13,0
IT,AR,fauna,2019,16,0
IT,AR,fauna,2021,1,0
IT,AR,fauna,2022,5,0
IT,AR,fauna,2023,3,0
IT,AR,fauna,2024,16,0
IT,AR,flora,1999,1,0
IT,AR,flora,2000,1,0
IT,AR,flora,2001,2,0
IT,AR,flora,2002,3,0
IT,AR,flora,2003,3,0
IT,AR,flora,2004,3,0
IT,AR,flora,2005,3,0
IT,AR,flora,2006,15,0
IT,AR,flora,2007,14,0
IT,AR,flora,2008,3,0
IT,AR,flora,2009,33,0
IT,AR,flora,2010,2,0
IT,AR,flora,2011,2,0
IT,AR,flora,2012,7,0
IT,AR,flora,2013,14,0
IT,AR,flora,2015,17,0
IT,AR,flora,2016,13,0
IT,AR,flora,2017,13,0
IT,AR,flora,2018,8,0
IT,AR,flora,2019,4,0
IT,AR,flora,2020,6,0
IT,AR,flora,2021,3,0
IT,AR,flora,2022,2,0
IT,AR,flora,2023,2,0
IT,BB,fauna,1985,1,0
IT,BB,fauna,1987,1,0
IT,BB,fauna,1988,2,0
IT,BB,fauna,1989,2,0
IT,BB,fauna,2001,1,0
IT,BB,fauna,2007,1,0
IT,BB,fauna,2009,1,0
IT,BB,fauna,2014,1,0
IT,BB,fauna,2019,2,0
IT,BB,fauna,2022,1,0
IT,BB,fauna,2023,4,0
IT,BB,fauna,2024,7,0
IT,BO,fauna,1983,1,0
IT,BO,fauna,1994,13,0
IT,BO,fauna,1995,3,0
IT,BO,fauna,1997,2,0
IT,BO,fauna,2000,2,0
IT,BO,fauna,2001,3,0
IT,BO,fauna,2004,1,0
IT,BO,fauna,2005,2,0
IT,BO,fauna,2006,3,0
IT,BO,fauna,2007,1,0
IT,BO,fauna,2008,1,0
IT,BO,fauna,2011,1,0
IT,BO,fauna,2012,3,0
IT,BO,fauna,2013,5,0
IT,BO,fauna,2014,2,0
IT,BO,fauna,2015,6,0
IT,BO,fauna,2017,6,0
IT,BO,fauna,2018,1,0
IT,BO,fauna,2022,2,0
IT,BO,fauna,2024,11,0
IT,BR,fauna,1979,5,0
IT,BR,fauna,1980,3,0
IT,BR,fauna,1981,2,0
IT,BR,fauna,1982,1,0
IT,BR,fauna,1985,4,0
IT,BR,fauna,1986,2,0
IT,BR,fauna,1988,1,0
IT,BR,fauna,1989,1,0
IT,BR,fauna,1990,4,0
IT,BR,fauna,1993,1,0
IT,BR,fauna,1994,14,0
IT,BR,fauna,1995,28,0
IT,BR,fauna,1996,95,0
IT,BR,fauna,1997,88,0
IT,BR,fauna,1998,126,0
IT,BR,fauna,1999,119,0
IT,BR,fauna,2000,311,0
IT,BR,fauna,2001,124,0
IT,BR,fauna,2002,61,0
IT,BR,fauna,2003,220,0
IT,BR,fauna,2004,252,0
IT,BR,fauna,2005,249,0
IT,BR,fauna,2006,257,0
IT,BR,fauna,2007,375,0
IT,BR,fauna,2008,155,0
IT,BR,fauna,2009,234,0
IT,BR,fauna,2010,176,0
IT,BR,fauna,2011,474,0
IT,BR,fauna,2012,762,0
IT,BR,fauna,2013,708,0
IT,BR,fauna,2014,844,0
IT,BR,fauna,2015,1023,0
IT,BR,fauna,2016,817,0
IT,BR,fauna,2017,615,1
IT,BR,fauna,2018,560,0
IT,BR,fauna,2019,189,0
IT,BR,fauna,2020,246,0
IT,BR,fauna,2021,116,0
IT,BR,fauna,2022,366,0
IT,BR,fauna,2023,237,0
IT,BR,fauna,2024,776,0
IT,BR,flora,1998,1,0
IT,BR,flora,1999,2,0
IT,BR,flora,2000,3,0
IT,BR,flora,2001,1,0
IT,BR,flora,2002,1,0
IT,BR,flora,2003,1,0
IT,BR,flora,2004,1,0
IT,BR,flora,2005,2,0
IT,BR,flora,2006,1,0
IT,BR,flora,2007,1,0
IT,BR,flora,2013,1,0
IT,BR,flora,2015,3,0
IT,BR,flora,2016,3,0
IT,BR,flora,2017,2,0
IT,BR,flora,2018,7,0
IT,BR,flora,2019,16,0
IT,BR,flora,2020,6,0
IT,BR,flora,2021,1,0
IT,BR,flora,2022,2,0
IT,BR,flora,2023,1,0
IT,BS,fauna,1983,3,0
IT,BS,fauna,1984,1,0
IT,BS,fauna,1985,7,0
IT,BS,fauna,1986,8,0
IT,BS,fauna,1987,6,0
IT,BS,fauna,1988,1,0
IT,BS,fauna,1989,1,0
IT,BS,fauna,1990,4,0
IT,BS,fauna,1994,2,0
IT,BS,fauna,1995,3,0
IT,BS,fauna,1996,1,0
IT,BS,fauna,1997,3,0
IT,BS,fauna,1998,5,0
IT,BS,fauna,2000,8,0
IT,BS,fauna,2001,19,0
IT,BS,fauna,2002,1,0
IT,BS,fauna,2003,8,0
IT,BS,fauna,2004,11,0
IT,BS,fauna,2005,13,0
IT,BS,fauna,2006,28,0
IT,BS,fauna,2007,15,0
IT,BS,fauna,2008,11,0
IT,BS,fauna,2009,15,0
IT,BS,fauna,2010,9,0
IT,BS,fauna,2011,14,0
IT,BS,fauna,2012,14,1
IT,BS,fauna,2013,10,0
IT,BS,fauna,2014,20,0
IT,BS,fauna,2015,83,0
IT,BS,fauna,2016,55,0
IT,BS,fauna,2017,47,0
IT,BS,fauna,2018,55,0
IT,BS,fauna,2019,40,0
IT,BS,fauna,2020,9,0
IT,BS,fauna,2021,3,0
IT,BS,fauna,2022,21,0
IT,BS,fauna,2023,33,0
IT,BS,fauna,2024,40,0
IT,BZ,fauna,2004,2,0
IT,BZ,fauna,2006,1,0
IT,BZ,fauna,2007,1,0
IT,BZ,fauna,2008,1,0
IT,BZ,fauna,2009,1,0
IT,BZ,fauna,2022,1,0
IT,CL,fauna,1980,2,0
IT,CL,fauna,1981,2,0
IT,CL,fauna,1989,1,0
IT,CL,fauna,1991,1,0
IT,CL,fauna,1994,1,0
IT,CL,fauna,1995,3,0
IT,CL,fauna,1996,5,0
IT,CL,fauna,1997,6,0
IT,CL,fauna,1998,6,0
IT,CL,fauna,1999,4,0
IT,CL,fauna,2000,8,0
IT,CL,fauna,2001,7,0
IT,CL,fauna,2002,7,0
IT,CL,fauna,2003,10,0
IT,CL,fauna,2004,18,0
IT,CL,fauna,2005,59,0
IT,CL,fauna,2006,45,0
IT,CL,fauna,2007,30,0
IT,CL,fauna,2008,12,0
IT,CL,fauna,2009,42,0
IT,CL,fauna,2010,2,0
IT,CL,fauna,2011,38,0
IT,CL,fauna,2012,35,0
IT,CL,fauna,2013,32,0
IT,CL,fauna,2014,16,0
IT,CL,fauna,2015,34,0
IT,CL,fauna,2016,30,0
IT,CL,fauna,2017,26,0
IT,CL,fauna,2018,15,0
IT,CL,fauna,2019,29,0
IT,CL,fauna,2020,12,0
IT,CL,fauna,2021,12,0
IT,CL,fauna,2022,31,0
IT,CL,fauna,2023,16,0
IT,CL,fauna,2024,35,0
IT,CL,flora,2000,2,0
IT,CL,flora,2001,3,0
IT,CL,flora,2002,4,0
IT,CL,flora,2003,6,0
IT,CL,flora,2004,4,0
IT,CL,flora,2005,8,0
IT,CL,flora,2006,8,0
IT,CL,flora,2007,2,0
IT,CL,flora,2008,2,0
IT,CL,flora,2012,1,0
IT,CL,flora,2018,2,0
IT,CL,flora,2021,2,2
IT,CO,fauna,1980,3,0
IT,CO,fauna,1984,10,0
IT,CO,fauna,1985,1,0
IT,CO,fauna,1987,2,0
IT,CO,fauna,1988,2,0
IT,CO,fauna,1989,1,0
IT,CO,fauna,1990,2,0
IT,CO,fauna,1993,2,0
IT,CO,fauna,1994,10,0
IT,CO,fauna,1995,13,0
IT,CO,fauna,1996,3,0
IT,CO,fauna,1997,3,0
IT,CO,fauna,1998,16,0
IT,CO,fauna,1999,2,0
IT,CO,fauna,2000,12,0
IT,CO,fauna,2001,16,0
IT,CO,fauna,2002,15,0
IT,CO,fauna,2003,12,0
IT,CO,fauna,2004,42,0
IT,CO,fauna,2005,57,0
IT,CO,fauna,2006,61,0
IT,CO,fauna,2007,52,0
IT,CO,fauna,2008,40,0
IT,CO,fauna,2009,85,0
IT,CO,fauna,2010,46,0
IT,CO,fauna,2011,62,0
IT,CO,fauna,2012,56,0
IT,CO,fauna,2013,52,0
IT,CO,fauna,2014,81,0
IT,CO,fauna,2015,58,0
IT,CO,fauna,2016,27,0
IT,CO,fauna,2017,24,0
IT,CO,fauna,2018,16,0
IT,CO,fauna,2019,147,0
IT,CO,fauna,2020,64,0
IT,CO,fauna,2021,16,0
IT,CO,fauna,2022,34,0
IT,CO,fauna,2023,12,0
IT,CO,fauna,2024,15,0
IT,CO,flora,2005,2,0
IT,CO,flora,2012,1,0
IT,CO,flora,2013,1,0
IT,CO,flora,2017,1,0
IT,CO,flora,2019,5,0
IT,CR,fauna,1983,2,0
IT,CR,fauna,1990,2,0
IT,CR,fauna,1995,4,0
IT,CR,fauna,1996,16,0
IT,CR,fauna,2001,4,0
IT,CR,fauna,2002,1,0
IT,CR,fauna,2003,1,0
IT,CR,fauna,2004,1,0
IT,CR,fauna,2006,1,0
IT,CR,fauna,2007,4,0
IT,CR,fauna,2008,2,0
IT,CR,fauna,2009,1,0
IT,CR,fauna,2010,2,0
IT,CR,fauna,2012,3,0
IT,CR,fauna,2013,3,0
IT,CR,fauna,2014,1,0
IT,CR,fauna,2015,1,0
IT,CR,fauna,2016,1,0
IT,CR,fauna,2017,3,0
IT,CR,fauna,2018,1,0
IT,CR,fauna,2019,2,0
IT,CR,fauna,2022,1,0
IT,CR,fauna,2023,1,0
IT,CR,flora,1989,1,0
IT,CR,flora,1996,1,0
IT,CR,flora,2018,2,0
IT,CU,fauna,1980,3,0
IT,CU,fauna,1984,1,0
IT,CU,fauna,1991,1,0
IT,CU,fauna,1996,2,0
IT,CU,fauna,2010,2,0
IT,CU,fauna,2012,1,0
IT,CU,fauna,2013,1,0
IT,CU,fauna,2015,1,0
IT,CU,fauna,2016,1,0
IT,CU,fauna,2017,1,0
IT,CU,fauna,2022,1,0
IT,CU,flora,2006,1,0
IT,DM,fauna,1988,3,0
IT,DM,fauna,2007,1,0
IT,DM,fauna,2017,5,0
IT,DM,fauna,2023,3,0
IT,DO,fauna,1984,1,0
IT,DO,fauna,1989,1,0
IT,DO,fauna,1996,3,0
IT,DO,fauna,1997,1,0
IT,DO,fauna,1998,2,0
IT,DO,fauna,2000,17,0
IT,DO,fauna,2001,11,0
IT,DO,fauna,2002,7,0
IT,DO,fauna,2003,21,0
IT,DO,fauna,2004,13,0
IT,DO,fauna,2005,38,0
IT,DO,fauna,2006,17,0
IT,DO,fauna,2007,21,0
IT,DO,fauna,2008,33,0
IT,DO,fauna,2009,30,0
IT,DO,fauna,2010,27,0
IT,DO,fauna,2011,24,0
IT,DO,fauna,2012,38,0
IT,DO,fauna,2013,30,0
IT,DO,fauna,2014,21,0
IT,DO,fauna,2015,32,0
IT,DO,fauna,2016,22,0
IT,DO,fauna,2017,27,0
IT,DO,fauna,2018,9,0
IT,DO,fauna,2019,5,0
IT,DO,fauna,2020,2,0
IT,DO,fauna,2021,10,0
IT,DO,fauna,2022,4,0
IT,DO,fauna,2023,4,0
IT,DO,fauna,2024,10,0
IT,DO,flora,2003,1,0
IT,DO,flora,2004,1,0
IT,EC,fauna,1984,1,0
IT,EC,fauna,1996,1,0
IT,EC,fauna,2000,2,0
IT,EC,fauna,2003,1,0
IT,EC,fauna,2005,2,0
IT,EC,fauna,2006,2,0
IT,EC,fauna,2007,2,0
IT,EC,fauna,2008,3,0
IT,EC,fauna,2010,2,0
IT,EC,fauna,2011,1,0
IT,EC,fauna,2012,3,0
IT,EC,fauna,2013,6,0
IT,EC,fauna,2014,5,0
IT,EC,fauna,2015,7,0
IT,EC,fauna,2016,10,0
IT,EC,fauna,2017,6,0
IT,EC,fauna,2018,5,0
IT,EC,fauna,2019,1,0
IT,EC,fauna,2020,2,0
IT,EC,fauna,2021,2,0
IT,EC,fauna,2022,4,0
IT,EC,fauna,2023,1,0
IT,GD,fauna,2024,1,0
IT,GT,fauna,1983,3,0
IT,GT,fauna,1984,1,0
IT,GT,fauna,1985,1,0
IT,GT,fauna,1987,1,0
IT,GT,fauna,1996,1,0
IT,GT,fauna,2000,1,0
IT,GT,fauna,2005,1,0
IT,GT,fauna,2008,5,0
IT,GT,fauna,2009,2,0
IT,GT,fauna,2010,4,0
IT,GT,fauna,2011,4,0
IT,GT,fauna,2012,2,0
IT,GT,fauna,2013,3,0
IT,GT,fauna,2014,4,0
IT,GT,fauna,2015,4,0
IT,GT,fauna,2016,1,0
IT,GT,fauna,2017,1,0
IT,GT,fauna,2018,3,0
IT,GT,fauna,2019,1,0
IT,GT,fauna,2021,1,0
IT,GT,fauna,2022,2,0
IT,GT,fauna,2023,2,0
IT,GT,fauna,2024,4,0
IT,GT,flora,2002,1,0
IT,GY,fauna,1987,5,0
IT,GY,fauna,2011,1,0
IT,GY,fauna,2013,2,0
IT,HN,fauna,2003,2,0
IT,HN,fauna,2004,1,0
IT,HN,fauna,2005,2,0
IT,HN,fauna,2007,2,0
IT,HN,fauna,2010,8,0
IT,HN,fauna,2011,1,0
IT,HN,fauna,2012,2,0
IT,HN,fauna,2013,2,0
IT,HN,fauna,2016,3,0
IT,HN,fauna,2019,3,0
IT,HN,fauna,2024,1,0
IT,HT,fauna,1986,2,0
IT,HT,fauna,2002,1,0
IT,HT,fauna,2003,1,0
IT,HT,fauna,2019,1,0
IT,JM,fauna,1983,1,0
IT,JM,fauna,1984,1,0
IT,JM,fauna,1986,1,0
IT,JM,fauna,1994,2,0
IT,JM,fauna,1996,2,0
IT,JM,fauna,1998,1,0
IT,JM,fauna,1999,1,0
IT,JM,fauna,2002,4,0
IT,JM,fauna,2003,11,0
IT,JM,fauna,2004,3,0
IT,JM,fauna,2005,4,0
IT,JM,fauna,2007,8,0
IT,JM,fauna,2008,3,0
IT,JM,fauna,2009,4,0
IT,JM,fauna,2011,4,0
IT,JM,fauna,2012,13,0
IT,JM,fauna,2018,1,0
IT,JM,fauna,2019,1,0
IT,JM,fauna,2023,1,0
IT,KN,fauna,2014,4,0
IT,KN,fauna,2019,1,0
IT,KN,fauna,2021,1,0
IT,KN,fauna,2023,3,0
IT,KN,fauna,2024,3,0
IT,MX,fauna,1980,14,0
IT,MX,fauna,1981,10,1
IT,MX,fauna,1983,7,0
IT,MX,fauna,1984,1,0
IT,MX,fauna,1986,7,0
IT,MX,fauna,1987,2,0
IT,MX,fauna,1988,6,0
IT,MX,fauna,1989,15,0
IT,MX,fauna,1990,12,0
IT,MX,fauna,1992,2,0
IT,MX,fauna,1993,2,0
IT,MX,fauna,1994,42,0
IT,MX,fauna,1995,20,0
IT,MX,fauna,1996,26,0
IT,MX,fauna,1997,26,0
IT,MX,fauna,1998,73,0
IT,MX,fauna,1999,40,0
IT,MX,fauna,2000,113,0
IT,MX,fauna,2001,109,0
IT,MX,fauna,2002,61,0
IT,MX,fauna,2003,173,0
IT,MX,fauna,2004,176,0
IT,MX,fauna,2005,198,0
IT,MX,fauna,2006,260,0
IT,MX,fauna,2007,456,0
IT,MX,fauna,2008,508,0
IT,MX,fauna,2009,633,0
IT,MX,fauna,2010,692,2
IT,MX,fauna,2011,1474,6
IT,MX,fauna,2012,1199,14
IT,MX,fauna,2013,1200,7
IT,MX,fauna,2014,851,1
IT,MX,fauna,2015,1274,0
IT,MX,fauna,2016,1792,0
IT,MX,fauna,2017,1135,0
IT,MX,fauna,2018,806,10
IT,MX,fauna,2019,1115,0
IT,MX,fauna,2020,495,0
IT,MX,fauna,2021,924,0
IT,MX,fauna,2022,1150,0
IT,MX,fauna,2023,1436,0
IT,MX,fauna,2024,1757,0
IT,MX,flora,2004,1,0
IT,MX,flora,2005,2,0
IT,MX,flora,2006,4,0
IT,MX,flora,2007,1,0
IT,MX,flora,2009,1,0
IT,MX,flora,2010,1,0
IT,MX,flora,2012,3,0
IT,MX,flora,2013,1,0
IT,MX,flora,2015,8,0
IT,MX,flora,2016,2,0
IT,MX,flora,2017,10,0
IT,MX,flora,2018,6,0
IT,MX,flora,2019,1,0
IT,MX,flora,2020,2,0
IT,MX,flora,2021,3,0
IT,MX,flora,2023,2,0
IT,MX,flora,2024,10,0
IT,NI,fauna,1999,7,0
IT,NI,fauna,2000,1,0
IT,NI,fauna,2011,1,0
IT,NI,fauna,2012,2,0
IT,NI,fauna,2014,6,0
IT,NI,fauna,2015,1,0
IT,NI,fauna,2016,12,0
IT,NI,fauna,2017,8,0
IT,NI,fauna,2018,1,0
IT,NI,fauna,2019,1,0
IT,NI,fauna,2022,2,0
IT,NI,fauna,2024,4,0
IT,NI,flora,2003,1,0
IT,NI,flora,2004,1,0
IT,PA,fauna,1980,2,0
IT,PA,fauna,1981,5,0
IT,PA,fauna,1983,10,0
IT,PA,fauna,1984,12,0
IT,PA,fauna,1985,16,0
IT,PA,fauna,1986,14,0
IT,PA,fauna,1987,6,0
IT,PA,fauna,1988,3,0
IT,PA,fauna,1989,4,0
IT,PA,fauna,1990,5,0
IT,PA,fauna,1991,6,0
IT,PA,fauna,1992,7,0
IT,PA,fauna,1993,6,0
IT,PA,fauna,1994,4,0
IT,PA,fauna,1995,4,0
IT,PA,fauna,1996,2,0
IT,PA,fauna,1997,7,0
IT,PA,fauna,1998,13,0
IT,PA,fauna,1999,5,0
IT,PA,fauna,2000,24,0
IT,PA,fauna,2001,29,0
IT,PA,fauna,2002,6,0
IT,PA,fauna,2003,16,0
IT,PA,fauna,2004,20,0
IT,PA,fauna,2005,14,0
IT,PA,fauna,2006,3,0
IT,PA,fauna,2007,44,0
IT,PA,fauna,2008,38,0
IT,PA,fauna,2009,23,0
IT,PA,fauna,2010,19,0
IT,PA,fauna,2011,12,0
IT,PA,fauna,2012,29,0
IT,PA,fauna,2013,35,0
IT,PA,fauna,2014,44,0
IT,PA,fauna,2015,65,0
IT,PA,fauna,2016,57,0
IT,PA,fauna,2017,40,0
IT,PA,fauna,2018,53,0
IT,PA,fauna,2019,28,0
IT,PA,fauna,2020,9,0
IT,PA,fauna,2021,12,0
IT,PA,fauna,2022,24,0
IT,PA,fauna,2023,13,0
IT,PA,fauna,2024,39,0
IT,PA,fauna,2025,6,0
IT,PA,flora,2018,4,0
IT,PE,fauna,1988,2,0
IT,PE,fauna,1993,1,0
IT,PE,fauna,1995,2,0
IT,PE,fauna,1996,2,0
IT,PE,fauna,1997,1,0
IT,PE,fauna,1998,4,0
IT,PE,fauna,1999,5,0
IT,PE,fauna,2000,3,0
IT,PE,fauna,2001,6,0
IT,PE,fauna,2002,6,0
IT,PE,fauna,2003,4,0
IT,PE,fauna,2004,6,0
IT,PE,fauna,2005,8,0
IT,PE,fauna,2006,16,0
IT,PE,fauna,2007,6,0
IT,PE,fauna,2008,7,0
IT,PE,fauna,2009,4,0
IT,PE,fauna,2010,5,0
IT,PE,fauna,2011,25,0
IT,PE,fauna,2012,20,0
IT,PE,fauna,2013,10,0
IT,PE,fauna,2014,26,0
IT,PE,fauna,2015,16,0
IT,PE,fauna,2016,22,0
IT,PE,fauna,2017,32,0
IT,PE,fauna,2018,17,0
IT,PE,fauna,2019,12,0
IT,PE,fauna,2020,8,0
IT,PE,fauna,2021,16,0
IT,PE,fauna,2022,27,0
IT,PE,fauna,2023,5,0
IT,PE,fauna,2024,73,0
IT,PE,flora,1997,1,0
IT,PE,flora,1998,2,0
IT,PY,fauna,1985,1,0
IT,PY,fauna,1998,6,0
IT,PY,fauna,1999,3,0
IT,PY,fauna,2001,2,0
IT,PY,fauna,2004,4,0
IT,PY,fauna,2005,1,0
IT,PY,fauna,2008,5,0
IT,PY,fauna,2009,16,0
IT,PY,fauna,2010,4,0
IT,PY,fauna,2011,6,0
IT,PY,fauna,2012,1,0
IT,PY,fauna,2013,9,0
IT,PY,fauna,2014,6,0
IT,PY,fauna,2015,12,0
IT,PY,fauna,2016,25,0
IT,PY,fauna,2017,4,0
IT,PY,fauna,2018,4,0
IT,PY,fauna,2019,4,0
IT,PY,fauna,2023,3,0
IT,PY,fauna,2024,4,0
IT,SR,fauna,2008,1,0
IT,SR,fauna,2014,1,0
IT,SR,fauna,2019,1,0
IT,SR,fauna,2022,1,0
IT,SV,fauna,1986,3,0
IT,SV,fauna,1988,6,0
IT,SV,fauna,1999,1,0
IT,SV,fauna,2001,1,0
IT,SV,fauna,2004,2,0
IT,SV,fauna,2006,2,0
IT,SV,fauna,2011,1,0
IT,SV,fauna,2013,4,0
IT,SV,fauna,2014,3,0
IT,SV,fauna,2015,3,0
IT,SV,fauna,2016,2,0
IT,SV,fauna,2018,2,0
IT,SV,fauna,2021,1,0
IT,SV,flora,2017,2,0
IT,SV,flora,2018,2,0
IT,SV,flora,2019,2,0
IT,TT,fauna,2011,1,0
IT,TT,fauna,2013,1,0
IT,TT,fauna,2015,3,0
IT,TT,fauna,2017,1,0
IT,TT,fauna,2018,1,0
IT,TT,fauna,2019,2,0
IT,TT,fauna,2022,1,0
IT,TT,fauna,2023,1,0
IT,TT,fauna,2024,1,0
IT,UY,fauna,1980,1,0
IT,UY,fauna,1982,2,0
IT,UY,fauna,1985,2,0
IT,UY,fauna,1986,1,0
IT,UY,fauna,1987,3,0
IT,UY,fauna,1992,1,0
IT,UY,fauna,1997,1,0
IT,UY,fauna,1999,17,0
IT,UY,fauna,2000,68,0
IT,UY,fauna,2001,3,0
IT,UY,fauna,2002,2,0
IT,UY,fauna,2004,1,0
IT,UY,fauna,2005,7,0
IT,UY,fauna,2006,12,0
IT,UY,fauna,2007,2,0
IT,UY,fauna,2008,6,0
IT,UY,fauna,2009,1,0
IT,UY,fauna,2010,1,0
IT,UY,fauna,2011,4,0
IT,UY,fauna,2012,7,0
IT,UY,fauna,2013,6,0
IT,UY,fauna,2014,1,0
IT,UY,fauna,2015,13,0
IT,UY,fauna,2016,7,0
IT,UY,fauna,2017,3,0
IT,UY,fauna,2018,7,0
IT,UY,fauna,2019,1,0
IT,UY,fauna,2023,2,0
IT,UY,fauna,2024,1,0
IT,UY,flora,2001,1,0
IT,UY,flora,2015,2,0
IT,UY,flora,2016,1,0
IT,UY,flora,2018,2,0
IT,VC,fauna,2009,1,0
IT,VC,fauna,2014,1,0
IT,VE,fauna,1978,4,0
IT,VE,fauna,1979,6,0
IT,VE,fauna,1980,18,0
IT,VE,fauna,1981,16,0
IT,VE,fauna,1983,5,0
IT,VE,fauna,1984,4,0
IT,VE,fauna,1985,8,0
IT,VE,fauna,1986,8,0
IT,VE,fauna,1987,24,0
IT,VE,fauna,1988,58,0
IT,VE,fauna,1989,29,0
IT,VE,fauna,1990,68,0
IT,VE,fauna,1991,11,0
IT,VE,fauna,1992,28,0
IT,VE,fauna,1993,3,0
IT,VE,fauna,1994,19,0
IT,VE,fauna,1995,4,0
IT,VE,fauna,1996,16,0
IT,VE,fauna,1997,25,0
IT,VE,fauna,1998,10,0
IT,VE,fauna,1999,11,0
IT,VE,fauna,2000,37,0
IT,VE,fauna,2001,26,0
IT,VE,fauna,2002,15,0
IT,VE,fauna,2003,8,0
IT,VE,fauna,2004,16,0
IT,VE,fauna,2005,32,0
IT,VE,fauna,2006,31,1
IT,VE,fauna,2007,25,2
IT,VE,fauna,2008,15,0
IT,VE,fauna,2009,21,0
IT,VE,fauna,2010,15,0
IT,VE,fauna,2011,14,0
IT,VE,fauna,2012,51,0
IT,VE,fauna,2013,44,0
IT,VE,fauna,2014,22,0
IT,VE,fauna,2015,41,0
IT,VE,fauna,2016,19,0
IT,VE,fauna,2017,7,0
IT,VE,fauna,2018,5,0
IT,VE,fauna,2019,6,0
IT,VE,fauna,2021,2,0
IT,VE,fauna,2022,5,0
IT,VE,fauna,2023,5,0
IT,VE,fauna,2024,6,0
IT,VE,flora,2001,1,0
IT,VE,flora,2005,3,0
IT,VE,flora,2012,2,0
IT,VE,flora,2013,3,0
JE,AG,fauna,2018,1,0
JE,BR,fauna,2003,2,0
JE,BR,fauna,2005,1,0
JE,BR,fauna,2007,2,0
JE,BR,fauna,2014,1,0
JE,CO,fauna,2003,1,0
JE,MX,fauna,2001,2,0
JE,PE,flora,2007,3,0
JM,AE,fauna,2012,3,0
JM,AE,fauna,2014,1,0
JM,AE,fauna,2015,3,0
JM,AE,fauna,2016,1,0
JM,AG,flora,2021,4,0
JM,AN,fauna,2001,1,0
JM,AN,fauna,2005,2,0
JM,AN,flora,2004,3,0
JM,AT,flora,2014,33,0
JM,AT,flora,2016,57,0
JM,AU,flora,1986,17,0
JM,AW,fauna,1998,1,0
JM,AW,flora,2015,29,0
JM,AW,flora,2018,11,0
JM,AW,flora,2021,4,0
JM,BA,fauna,2003,1,0
JM,BB,fauna,2008,3,0
JM,BB,flora,2004,25,0
JM,BB,flora,2010,1,0
JM,BB,flora,2012,8,0
JM,BB,flora,2017,10,0
JM,BB,flora,2018,2,0
JM,BB,flora,2019,4,0
JM,BB,flora,2020,4,0
JM,BB,flora,2023,19,0
JM,BE,fauna,2006,3,0
JM,BE,flora,1990,1,0
JM,BE,flora,1991,17,0
JM,BE,flora,1998,1,0
JM,BM,flora,1990,47,0
JM,BM,flora,2001,1,0
JM,BM,flora,2002,1,0
JM,BR,flora,2020,4,0
JM,BS,fauna,1987,2,0
JM,BS,fauna,2011,1,0
JM,BS,fauna,2013,1,0
JM,BS,flora,1993,1,0
JM,BS,flora,1999,4,0
JM,BS,flora,2000,25,0
JM,BS,flora,2001,25,0
JM,BS,flora,2002,29,0
JM,BS,flora,2003,12,0
JM,BS,flora,2004,9,0
JM,BS,flora,2005,2,0
JM,BS,flora,2006,24,0
JM,BS,flora,2007,4,0
JM,BS,flora,2008,14,0
JM,BS,flora,2009,13,0
JM,BS,flora,2010,12,0
JM,BS,flora,2011,48,0
JM,BS,flora,2012,18,0
JM,BS,flora,2013,7,0
JM,BS,flora,2014,3,0
JM,BS,flora,2015,2,0
JM,BS,flora,2016,4,0
JM,BS,flora,2023,10,0
JM,BW,fauna,2014,1,0
JM,BZ,flora,2003,5,0
JM,CA,fauna,1983,1,0
JM,CA,fauna,1995,2,0
JM,CA,fauna,1998,4,0
JM,CA,fauna,1999,1,0
JM,CA,fauna,2004,1,0
JM,CA,fauna,2005,3,0
JM,CA,fauna,2009,1,0
JM,CA,fauna,2014,1,0
JM,CA,fauna,2018,4,0
JM,CA,fauna,2024,1,0
JM,CA,flora,1999,30,0
JM,CA,flora,2000,3,0
JM,CA,flora,2003,24,0
JM,CA,flora,2004,1,0
JM,CA,flora,2007,3,0
JM,CA,flora,2013,1,0
JM,CH,fauna,2001,2,0
JM,CH,fauna,2016,2,0
JM,CH,fauna,2021,6,0
JM,CN,fauna,2006,1,0
JM,CN,fauna,2023,1,0
JM,CR,fauna,1998,2,0
JM,CR,fauna,2001,4,0
JM,CR,flora,2000,26,0
JM,CU,flora,2011,11,0
JM,CW,flora,2010,5,0
JM,CW,flora,2012,15,0
JM,CW,flora,2014,5,0
JM,CW,flora,2015,6,0
JM,CW,flora,2017,5,0
JM,CW,flora,2018,7,0
JM,CW,flora,2020,4,0
JM,CW,flora,2022,4,0
JM,CY,fauna,2014,2,0
JM,DE,fauna,1978,1,0
JM,DE,fauna,1981,1,0
JM,DE,fauna,1982,1,0
JM,DE,fauna,1983,3,0
JM,DE,fauna,1995,2,0
JM,DE,fauna,1997,1,0
JM,DE,fauna,2003,1,0
JM,DE,fauna,2009,3,0
JM,DE,fauna,2018,5,0
JM,DE,flora,1989,16,0
JM,DE,flora,1991,26,0
JM,DE,flora,1994,29,0
JM,DE,flora,2004,119,0
JM,DE,flora,2005,32,0
JM,DE,flora,2006,17,0
JM,DE,flora,2008,46,0
JM,DE,flora,2009,58,0
JM,DE,flora,2011,68,0
JM,DE,flora,2014,8,0
JM,DE,flora,2015,95,0
JM,DE,flora,2016,36,0
JM,DE,flora,2017,51,0
JM,DE,flora,2018,28,0
JM,DE,flora,2019,3,0
JM,DE,flora,2022,7,0
JM,DK,flora,2008,31,0
JM,DM,flora,2003,2,0
JM,DM,flora,2004,3,0
JM,DO,fauna,2022,12,0
JM,DO,flora,2010,2,0
JM,DO,flora,2019,2,0
JM,DO,flora,2020,9,0
JM,DO,flora,2021,3,0
JM,DO,flora,2022,6,0
JM,ES,fauna,2002,1,1
JM,ES,flora,2012,10,0
JM,ET,flora,2004,3,0
JM,FR,fauna,1993,6,0
JM,FR,fauna,1994,36,0
JM,FR,fauna,1995,49,0
JM,FR,fauna,1996,69,0
JM,FR,fauna,1997,5,0
JM,FR,fauna,2001,6,0
JM,FR,fauna,2003,6,0
JM,FR,fauna,2004,5,0
JM,FR,fauna,2005,2,0
JM,FR,fauna,2006,4,0
JM,FR,fauna,2007,5,0
JM,FR,fauna,2008,2,0
JM,FR,fauna,2009,27,0
JM,FR,fauna,2010,28,0
JM,FR,fauna,2011,26,0
JM,FR,fauna,2012,34,0
JM,FR,fauna,2013,29,0
JM,FR,fauna,2014,48,0
JM,FR,fauna,2015,44,0
JM,FR,fauna,2016,44,0
JM,FR,fauna,2017,58,0
JM,FR,fauna,2018,33,0
JM,FR,fauna,2019,15,0
JM,FR,fauna,2021,25,0
JM,FR,fauna,2022,35,0
JM,FR,fauna,2023,17,0
JM,FR,fauna,2024,43,0
JM,GB,fauna,1981,1,0
JM,GB,fauna,1985,1,0
JM,GB,fauna,1987,2,0
JM,GB,fauna,1989,2,0
JM,GB,fauna,1993,1,0
JM,GB,fauna,1996,2,0
JM,GB,fauna,1998,1,0
JM,GB,fauna,1999,10,9
JM,GB,fauna,2000,17,10
JM,GB,fauna,2001,21,21
JM,GB,fauna,2002,18,15
JM,GB,fauna,2003,7,7
JM,GB,fauna,2004,13,13
JM,GB,fauna,2007,2,1
JM,GB,fauna,2008,2,1
JM,GB,fauna,2011,1,0
JM,GB,fauna,2014,1,0
JM,GB,fauna,2021,3,0
JM,GB,fauna,2022,2,0
JM,GB,fauna,2023,5,0
JM,GB,fauna,2024,6,0
JM,GB,flora,1977,1,0
JM,GB,flora,1979,16,0
JM,GB,flora,1981,2,0
JM,GB,flora,1990,26,0
JM,GB,flora,2000,2,0
JM,GB,flora,2002,2,1
JM,GB,flora,2003,1,1
JM,GB,flora,2007,1,0
JM,GB,flora,2008,3,0
JM,GD,flora,2008,2,0
JM,GD,flora,2010,3,0
JM,GH,flora,2011,4,0
JM,GH,flora,2017,7,0
JM,GP,fauna,1997,12,0
JM,GP,fauna,2001,10,0
JM,GP,fauna,2002,14,0
JM,GP,fauna,2003,12,0
JM,GP,fauna,2004,18,0
JM,GP,fauna,2005,13,0
JM,GP,fauna,2006,14,0
JM,GP,fauna,2007,14,0
JM,GP,fauna,2008,10,0
JM,GP,fauna,2009,5,0
JM,GP,fauna,2010,6,0
JM,GP,fauna,2011,5,0
JM,GP,fauna,2012,5,0
JM,GP,fauna,2013,6,0
JM,GP,fauna,2014,12,0
JM,GP,fauna,2015,6,0
JM,GP,fauna,2016,3,0
JM,GP,fauna,2017,10,0
JM,GP,fauna,2018,5,0
JM,GP,fauna,2019,1,0
JM,GP,fauna,2021,5,0
JM,GP,fauna,2022,9,0
JM,GP,fauna,2023,4,0
JM,GP,fauna,2024,8,0
JM,GR,flora,2010,1,0
JM,GY,flora,2004,4,0
JM,GY,flora,2015,3,0
JM,GY,flora,2019,4,0
JM,HK,fauna,2018,1,0
JM,HK,fauna,2024,1,0
JM,HT,flora,2018,7,0
JM,HU,flora,2013,12,0
JM,IE,fauna,1999,1,0
JM,IN,fauna,2009,2,0
JM,IT,fauna,2022,1,0
JM,JP,fauna,1994,2,0
JM,JP,flora,1994,5,0
JM,JP,flora,1997,12,0
JM,JP,flora,2002,34,0
JM,JP,flora,2018,28,0
JM,JP,flora,2020,26,0
JM,JP,flora,2021,34,0
JM,JP,flora,2022,56,0
JM,KE,flora,2009,1,0
JM,KE,flora,2012,18,0
JM,KE,flora,2013,26,0
JM,KN,fauna,2016,3,0
JM,KN,fauna,2019,8,0
JM,KN,flora,2018,18,0
JM,KN,flora,2023,11,0
JM,KR,fauna,2009,1,0
JM,KR,fauna,2010,2,0
JM,KR,fauna,2011,1,0
JM,KR,fauna,2015,1,0
JM,KR,fauna,2016,4,0
JM,KY,fauna,2008,1,0
JM,KY,fauna,2009,3,0
JM,KY,fauna,2011,3,0
JM,KY,fauna,2012,2,0
JM,KY,fauna,2015,1,0
JM,KY,fauna,2023,2,0
JM,KY,flora,1981,1,0
JM,KY,flora,2007,125,0
JM,KY,flora,2008,3,0
JM,KY,flora,2009,27,0
JM,KY,flora,2010,53,0
JM,KY,flora,2011,59,0
JM,KY,flora,2012,20,0
JM,KY,flora,2013,16,0
JM,KY,flora,2014,12,0
JM,KY,flora,2015,23,0
JM,KY,flora,2016,22,0
JM,KY,flora,2017,11,0
JM,KY,flora,2018,8,0
JM,KY,flora,2019,72,0
JM,KY,flora,2020,9,0
JM,KY,flora,2021,16,0
JM,KY,flora,2022,23,0
JM,KY,flora,2023,13,0
JM,KY,flora,2024,20,0
JM,LC,flora,2008,1,0
JM,MQ,fauna,1997,28,0
JM,MQ,fauna,2001,15,0
JM,MQ,fauna,2002,17,0
JM,MQ,fauna,2003,25,0
JM,MQ,fauna,2004,32,0
JM,MQ,fauna,2005,33,0
JM,MQ,fauna,2006,48,0
JM,MQ,fauna,2007,30,0
JM,MQ,fauna,2008,40,0
JM,MQ,fauna,2009,16,0
JM,MQ,fauna,2010,16,0
JM,MQ,fauna,2011,22,0
JM,MQ,fauna,2012,24,0
JM,MQ,fauna,2013,24,0
JM,MQ,fauna,2014,13,0
JM,MQ,fauna,2015,26,0
JM,MQ,fauna,2016,33,0
JM,MQ,fauna,2017,30,0
JM,MQ,fauna,2018,18,0
JM,MQ,fauna,2019,13,0
JM,MQ,fauna,2021,11,0
JM,MQ,fauna,2022,18,0
JM,MQ,fauna,2023,12,0
JM,MQ,fauna,2024,17,0
JM,MX,fauna,1998,2,0
JM,NL,fauna,1985,1,0
JM,NL,fauna,1997,1,1
JM,NL,fauna,2001,4,0
JM,NZ,fauna,1990,1,1
JM,NZ,fauna,1995,1,1
JM,NZ,fauna,1996,2,2
JM,NZ,fauna,1997,2,2
JM,NZ,fauna,1998,2,2
JM,NZ,fauna,1999,3,3
JM,NZ,fauna,2000,1,1
JM,NZ,fauna,2002,3,3
JM,NZ,fauna,2003,1,1
JM,NZ,fauna,2005,1,1
JM,NZ,flora,2021,1,0
JM,PG,fauna,2006,1,0
JM,PL,fauna,2004,1,1
JM,PR,fauna,1998,12,0
JM,PR,fauna,1999,15,0
JM,PR,fauna,2001,8,0
JM,PR,fauna,2015,2,0
JM,PR,flora,2016,20,0
JM,SA,flora,2022,1,0
JM,SG,flora,2021,4,0
JM,SG,flora,2022,19,0
JM,SI,fauna,2003,1,1
JM,SI,fauna,2006,1,1
JM,TH,flora,2010,2,0
JM,TH,flora,2012,8,0
JM,TH,flora,2015,2,0
JM,TT,fauna,2004,3,0
JM,TT,fauna,2016,1,1
JM,TT,fauna,2024,1,0
JM,TT,flora,2004,4,0
JM,TT,flora,2008,2,0
JM,TT,flora,2011,8,0
JM,TT,flora,2013,4,0
JM,TT,flora,2014,16,0
JM,TT,flora,2015,12,0
JM,TT,flora,2016,7,0
JM,TT,flora,2017,9,0
JM,TT,flora,2018,6,0
JM,TT,flora,2021,2,0
JM,TT,flora,2022,8,0
JM,TT,flora,2023,1,0
JM,TT,flora,2024,1,0
JM,UG,flora,2007,1,0
JM,UG,flora,2009,2,0
JM,UG,flora,2012,4,0
JM,UG,flora,2013,4,0
JM,US,fauna,1980,4,0
JM,US,fauna,1981,15,0
JM,US,fauna,1982,8,5
JM,US,fauna,1983,48,8
JM,US,fauna,1984,13,4
JM,US,fauna,1985,14,6
JM,US,fauna,1986,7,2
JM,US,fauna,1987,9,4
JM,US,fauna,1988,8,4
JM,US,fauna,1989,6,5
JM,US,fauna,1990,6,5
JM,US,fauna,1991,6,6
JM,US,fauna,1992,6,1
JM,US,fauna,1993,3,1
JM,US,fauna,1994,3,1
JM,US,fauna,1995,35,5
JM,US,fauna,1996,77,4
JM,US,fauna,1997,59,4
JM,US,fauna,1998,122,4
JM,US,fauna,1999,87,3
JM,US,fauna,2000,6,0
JM,US,fauna,2001,25,2
JM,US,fauna,2002,14,3
JM,US,fauna,2003,29,4
JM,US,fauna,2004,23,1
JM,US,fauna,2005,71,0
JM,US,fauna,2006,21,4
JM,US,fauna,2007,14,2
JM,US,fauna,2008,18,8
JM,US,fauna,2009,25,4
JM,US,fauna,2010,13,3
JM,US,fauna,2011,11,8
JM,US,fauna,2012,19,3
JM,US,fauna,2013,20,10
JM,US,fauna,2014,42,4
JM,US,fauna,2015,35,6
JM,US,fauna,2016,45,4
JM,US,fauna,2017,8,3
JM,US,fauna,2018,21,5
JM,US,fauna,2019,19,3
JM,US,fauna,2020,4,1
JM,US,fauna,2021,8,4
JM,US,fauna,2022,13,2
JM,US,fauna,2023,11,1
JM,US,fauna,2024,8,0
JM,US,flora,1978,15,0
JM,US,flora,1979,40,0
JM,US,flora,1980,69,0
JM,US,flora,1981,65,0
JM,US,flora,1982,174,0
JM,US,flora,1983,123,0
JM,US,flora,1984,578,36
JM,US,flora,1985,499,6
JM,US,flora,1986,635,28
JM,US,flora,1987,323,10
JM,US,flora,1988,127,8
JM,US,flora,1989,152,8
JM,US,flora,1990,57,3
JM,US,flora,1991,157,10
JM,US,flora,1992,215,8
JM,US,flora,1993,126,7
JM,US,flora,1994,78,2
JM,US,flora,1995,92,3
JM,US,flora,1996,65,0
JM,US,flora,1997,81,3
JM,US,flora,1998,70,0
JM,US,flora,1999,84,4
JM,US,flora,2000,94,4
JM,US,flora,2001,63,6
JM,US,flora,2002,45,1
JM,US,flora,2003,164,2
JM,US,flora,2004,144,4
JM,US,flora,2005,69,0
JM,US,flora,2006,64,0
JM,US,flora,2007,104,0
JM,US,flora,2008,55,0
JM,US,flora,2009,34,1
JM,US,flora,2010,120,0
JM,US,flora,2011,160,4
JM,US,flora,2012,173,1
JM,US,flora,2013,277,6
JM,US,flora,2014,296,0
JM,US,flora,2015,263,2
JM,US,flora,2016,185,5
JM,US,flora,2017,211,0
JM,US,flora,2018,156,0
JM,US,flora,2019,143,0
JM,US,flora,2020,149,0
JM,US,flora,2021,62,0
JM,US,flora,2022,121,0
JM,US,flora,2023,148,0
JM,US,flora,2024,391,0
JM,VE,fauna,1997,2,0
JM,VG,fauna,2016,6,0
JM,VG,flora,2004,4,0
JM,VG,flora,2019,4,0
JM,XX,fauna,2011,1,0
JM,XX,flora,2022,1,0
JM,ZA,fauna,2001,2,0
JM,ZA,flora,2007,1,0
JM,ZA,flora,2009,14,0
JM,ZA,flora,2022,27,0
JM,ZA,flora,2023,16,0
JO,AR,fauna,2023,2,0
JO,CO,fauna,2013,1,0
JO,CR,fauna,2009,2,0
JO,CR,fauna,2010,2,0
JO,CU,fauna,2008,2,0
JO,GY,fauna,2006,2,0
JO,MX,fauna,2006,16,0
JO,VE,fauna,1990,1,0
JO,VE,fauna,2023,3,0
JP,AR,fauna,1981,3,0
JP,AR,fauna,1982,4,0
JP,AR,fauna,1987,10,0
JP,AR,fauna,1988,1,0
JP,AR,fauna,1989,1,0
JP,AR,fauna,1991,6,0
JP,AR,fauna,1992,2,0
JP,AR,fauna,1994,1,0
JP,AR,fauna,1995,1,0
JP,AR,fauna,2005,1,0
JP,AR,fauna,2008,2,0
JP,AR,fauna,2017,8,0
JP,AR,flora,1983,1,0
JP,AR,flora,1984,1,0
JP,AR,flora,1987,1,0
JP,AR,flora,1990,1,0
JP,AR,flora,1995,2,0
JP,AR,flora,2009,2,0
JP,AR,flora,2017,12,0
JP,AR,flora,2018,4,0
JP,BB,flora,1988,1,0
JP,BO,flora,1987,2,0
JP,BR,fauna,1982,2,0
JP,BR,fauna,1986,1,1
JP,BR,fauna,1988,2,0
JP,BR,fauna,1989,1,0
JP,BR,fauna,1993,2,0
JP,BR,fauna,1999,1,0
JP,BR,fauna,2000,1,0
JP,BR,fauna,2001,2,0
JP,BR,fauna,2006,2,0
JP,BR,fauna,2007,5,0
JP,BR,fauna,2008,5,0
JP,BR,fauna,2009,4,0
JP,BR,fauna,2010,1,0
JP,BR,fauna,2011,2,0
JP,BR,fauna,2012,2,0
JP,BR,fauna,2014,1,0
JP,BR,fauna,2016,5,0
JP,BR,fauna,2019,2,0
JP,BR,fauna,2020,3,0
JP,BR,fauna,2021,4,0
JP,BR,fauna,2022,25,0
JP,BR,fauna,2023,1,0
JP,BR,fauna,2024,5,0
JP,BR,flora,1981,1,0
JP,BR,flora,1984,1,0
JP,BR,flora,1985,2,0
JP,BR,flora,1986,1,0
JP,BR,flora,1987,7,0
JP,BR,flora,1989,1,0
JP,BR,flora,1995,16,0
JP,BR,flora,1997,2,0
JP,BR,flora,1998,3,0
JP,BR,flora,1999,19,0
JP,BR,flora,2000,4,0
JP,BR,flora,2001,3,0
JP,BR,flora,2002,8,0
JP,BR,flora,2005,1,0
JP,BR,flora,2006,1,0
JP,BR,flora,2007,2,0
JP,BR,flora,2009,7,0
JP,BR,flora,2010,21,0
JP,BR,flora,2014,26,0
JP,BR,flora,2017,67,0
JP,BR,flora,2018,119,0
JP,BR,flora,2019,129,0
JP,BR,flora,2020,19,0
JP,BR,flora,2022,12,0
JP,BR,flora,2023,10,0
JP,BS,fauna,1983,6,0
JP,BS,fauna,1984,2,0
JP,BS,fauna,2018,2,0
JP,BS,flora,1987,3,0
JP,BS,flora,1989,2,0
JP,BS,flora,1990,2,0
JP,BZ,flora,1981,1,0
JP,BZ,flora,1982,3,0
JP,BZ,flora,1998,3,0
JP,CL,fauna,1998,1,0
JP,CL,fauna,2000,1,0
JP,CL,fauna,2014,2,0
JP,CL,fauna,2018,1,0
JP,CL,fauna,2019,6,0
JP,CL,fauna,2020,5,0
JP,CL,fauna,2021,1,0
JP,CL,fauna,2022,1,0
JP,CL,flora,1981,6,0
JP,CL,flora,1982,10,0
JP,CL,flora,1984,1,0
JP,CL,flora,2013,2,0
JP,CL,flora,2014,1,0
JP,CL,flora,2017,33,0
JP,CL,flora,2018,46,0
JP,CL,flora,2019,15,0
JP,CO,fauna,1994,4,0
JP,CO,fauna,1995,2,0
JP,CO,fauna,1997,1,0
JP,CO,fauna,1999,1,0
JP,CO,fauna,2001,1,0
JP,CO,fauna,2009,1,0
JP,CO,fauna,2010,1,0
JP,CO,fauna,2013,1,0
JP,CO,fauna,2015,3,0
JP,CO,fauna,2020,1,0
JP,CO,flora,1981,2,0
JP,CO,flora,1984,1,0
JP,CO,flora,1987,6,0
JP,CO,flora,2004,6,0
JP,CO,flora,2005,1,0
JP,CO,flora,2006,18,0
JP,CO,flora,2007,6,0
JP,CO,flora,2008,4,0
JP,CO,flora,2009,7,0
JP,CO,flora,2010,11,0
JP,CO,flora,2011,4,0
JP,CO,flora,2014,5,0
JP,CO,flora,2015,5,0
JP,CO,flora,2016,4,0
JP,CO,flora,2017,3,0
JP,CO,flora,2018,1,0
JP,CO,flora,2019,1,0
JP,CR,flora,1981,2,0
JP,CR,flora,1982,1,0
JP,CR,flora,2002,2,0
JP,CR,flora,2005,1,0
JP,CU,fauna,1981,4,0
JP,CU,fauna,1988,1,0
JP,CU,fauna,1989,1,0
JP,CU,fauna,1997,1,0
JP,DM,fauna,2007,1,0
JP,DM,flora,1987,1,0
JP,DM,flora,1997,5,0
JP,DO,flora,1987,1,0
JP,EC,fauna,1988,2,0
JP,EC,flora,1987,2,0
JP,EC,flora,2001,6,0
JP,EC,flora,2002,6,0
JP,EC,flora,2003,2,0
JP,EC,flora,2004,7,0
JP,EC,flora,2006,4,0
JP,EC,flora,2007,6,0
JP,EC,flora,2008,3,0
JP,EC,flora,2010,8,0
JP,EC,flora,2011,1,0
JP,EC,flora,2014,1,0
JP,EC,flora,2017,8,0
JP,EC,flora,2018,1,0
JP,EC,flora,2021,2,0
JP,GT,fauna,1987,3,0
JP,GT,fauna,1993,1,0
JP,GT,flora,1987,1,0
JP,GT,flora,1988,1,0
JP,GT,flora,1997,41,0
JP,GT,flora,2010,8,0
JP,GY,fauna,1988,1,0
JP,HN,flora,2010,4,0
JP,MX,fauna,1981,3,0
JP,MX,fauna,1982,1,0
JP,MX,fauna,1986,1,0
JP,MX,fauna,1987,1,0
JP,MX,fauna,1988,2,0
JP,MX,fauna,1990,1,0
JP,MX,fauna,1991,1,0
JP,MX,fauna,1992,2,0
JP,MX,fauna,1995,8,0
JP,MX,fauna,1997,2,0
JP,MX,fauna,1998,5,0
JP,MX,fauna,1999,3,0
JP,MX,fauna,2000,20,0
JP,MX,fauna,2001,10,0
JP,MX,fauna,2002,15,0
JP,MX,fauna,2003,13,0
JP,MX,fauna,2004,4,0
JP,MX,fauna,2005,15,0
JP,MX,fauna,2006,16,0
JP,MX,fauna,2007,8,0
JP,MX,fauna,2008,1,0
JP,MX,fauna,2010,8,0
JP,MX,fauna,2012,1,0
JP,MX,fauna,2018,4,0
JP,MX,fauna,2019,4,0
JP,MX,fauna,2020,10,0
JP,MX,fauna,2021,8,0
JP,MX,fauna,2022,5,0
JP,MX,fauna,2023,1,0
JP,MX,fauna,2024,4,0
JP,MX,flora,1980,1,0
JP,MX,flora,1981,27,0
JP,MX,flora,1982,9,0
JP,MX,flora,1984,1,0
JP,MX,flora,1998,2,0
JP,MX,flora,2014,15,0
JP,MX,flora,2015,9,0
JP,MX,flora,2017,86,0
JP,MX,flora,2018,81,0
JP,MX,flora,2019,139,0
JP,MX,flora,2024,2,0
JP,PA,fauna,1980,2,0
JP,PA,fauna,1981,1,0
JP,PA,fauna,1988,18,0
JP,PA,fauna,1989,10,0
JP,PA,fauna,1993,1,0
JP,PA,fauna,1995,2,0
JP,PA,fauna,1998,1,0
JP,PA,fauna,2005,1,0
JP,PA,fauna,2006,2,0
JP,PA,fauna,2007,6,0
JP,PA,fauna,2008,2,0
JP,PA,fauna,2009,9,0
JP,PA,fauna,2010,1,0
JP,PA,fauna,2012,1,0
JP,PA,fauna,2013,6,0
JP,PA,fauna,2014,11,0
JP,PA,fauna,2015,2,0
JP,PA,fauna,2016,5,0
JP,PA,fauna,2017,13,0
JP,PA,fauna,2018,11,0
JP,PA,fauna,2019,3,0
JP,PA,fauna,2020,3,0
JP,PA,fauna,2021,8,0
JP,PA,fauna,2022,13,0
JP,PA,fauna,2023,6,0
JP,PA,fauna,2024,5,0
JP,PA,flora,1981,1,0
JP,PA,flora,2001,1,0
JP,PA,flora,2017,114,0
JP,PA,flora,2018,288,0
JP,PA,flora,2019,130,0
JP,PE,fauna,1985,1,0
JP,PE,fauna,1990,2,0
JP,PE,fauna,1991,3,0
JP,PE,fauna,2000,1,0
JP,PE,fauna,2002,2,0
JP,PE,fauna,2010,1,0
JP,PE,fauna,2024,5,0
JP,PE,flora,1980,1,0
JP,PE,flora,1987,1,0
JP,PE,flora,2000,1,0
JP,PE,flora,2017,2,0
JP,PE,flora,2018,2,0
JP,PE,flora,2019,4,0
JP,PY,fauna,1982,1,0
JP,PY,fauna,1988,6,0
JP,PY,fauna,1991,1,0
JP,PY,fauna,1992,3,0
JP,PY,fauna,2010,1,0
JP,PY,fauna,2016,2,0
JP,PY,flora,1988,1,0
JP,PY,flora,1989,1,0
JP,PY,flora,2017,6,0
JP,SR,fauna,1984,1,0
JP,SR,fauna,1986,1,0
JP,SV,flora,1982,1,0
JP,SV,flora,2010,6,0
JP,SV,flora,2011,1,0
JP,UY,fauna,1984,3,0
JP,UY,fauna,1985,1,0
JP,UY,fauna,2024,1,0
JP,UY,flora,2017,3,0
JP,UY,flora,2018,12,0
JP,VE,fauna,1986,2,0
JP,VE,fauna,1987,2,0
JP,VE,fauna,1990,1,0
JP,VE,fauna,1998,1,0
JP,VE,fauna,2006,1,0
JP,VE,fauna,2007,2,0
JP,VE,flora,1980,1,0
JP,VE,flora,1981,8,0
JP,VE,flora,1982,1,0
JP,VE,flora,2000,15,0
KE,BR,fauna,2019,1,0
KE,BS,fauna,2000,3,0
KE,CO,fauna,1999,2,0
KE,CO,fauna,2009,1,0
KE,CU,fauna,2009,1,0
KE,CU,fauna,2011,1,0
KE,EC,fauna,2024,1,0
KE,MX,fauna,1985,2,0
KE,MX,fauna,2023,2,0
KE,MX,fauna,2024,2,0
KE,MX,flora,2022,1,0
KE,MX,flora,2024,1,0
KE,PA,fauna,1999,1,0
KG,AR,fauna,2009,1,0
KG,AR,fauna,2012,1,0
KG,AR,fauna,2014,2,0
KG,AR,fauna,2017,6,0
KG,AR,fauna,2018,1,0
KG,AR,fauna,2019,11,0
KG,AR,fauna,2022,8,0
KG,AR,fauna,2023,4,0
KG,AR,fauna,2024,6,0
KG,BR,fauna,2018,1,0
KG,BR,fauna,2023,1,0
KG,GT,fauna,2023,1,0
KG,MX,fauna,2006,2,0
KG,MX,fauna,2007,1,0
KG,MX,fauna,2009,9,0
KG,MX,fauna,2010,12,0
KG,MX,fauna,2011,1,0
KG,MX,fauna,2012,4,0
KG,MX,fauna,2013,5,0
KG,MX,fauna,2014,3,0
KG,MX,fauna,2015,1,0
KG,MX,fauna,2016,68,0
KG,MX,fauna,2017,51,0
KG,MX,fauna,2018,38,0
KG,MX,fauna,2019,44,0
KG,MX,fauna,2020,21,0
KG,MX,fauna,2021,24,0
KG,MX,fauna,2022,51,0
KG,MX,fauna,2023,57,0
KG,MX,fauna,2024,24,0
KH,BR,fauna,2022,2,0
KI,PA,fauna,2014,1,0
KN,AG,fauna,2001,3,0
KN,AG,fauna,2003,3,0
KN,AG,fauna,2004,1,0
KN,AG,fauna,2005,1,0
KN,AG,fauna,2010,1,0
KN,AG,fauna,2011,1,0
KN,AG,fauna,2016,1,0
KN,AG,fauna,2017,3,0
KN,AG,fauna,2018,1,0
KN,AG,fauna,2019,4,0
KN,AG,fauna,2022,1,0
KN,AG,fauna,2024,1,0
KN,AI,fauna,2002,3,0
KN,AI,fauna,2003,1,0
KN,AI,fauna,2004,2,0
KN,AI,fauna,2005,2,0
KN,AI,fauna,2008,1,0
KN,AI,fauna,2009,1,0
KN,AI,fauna,2010,1,0
KN,AI,fauna,2011,3,0
KN,AI,fauna,2017,4,0
KN,AI,fauna,2018,1,0
KN,AI,fauna,2019,3,0
KN,AI,fauna,2021,1,0
KN,AI,fauna,2022,2,0
KN,AI,fauna,2024,10,0
KN,AN,fauna,2002,18,0
KN,AN,fauna,2003,72,0
KN,AN,fauna,2004,17,0
KN,AN,fauna,2005,8,0
KN,AN,fauna,2008,121,0
KN,AT,fauna,2003,1,0
KN,AU,fauna,2017,5,0
KN,AW,fauna,2009,2,0
KN,AW,fauna,2022,1,0
KN,BB,fauna,2003,1,0
KN,BB,fauna,2004,2,0
KN,BB,fauna,2005,1,0
KN,BB,fauna,2006,1,0
KN,BB,fauna,2008,6,0
KN,BB,fauna,2009,2,0
KN,BB,fauna,2011,1,0
KN,BB,fauna,2014,1,0
KN,BB,fauna,2015,2,0
KN,BB,fauna,2016,1,0
KN,BB,fauna,2017,4,0
KN,BB,fauna,2018,3,0
KN,BB,fauna,2019,1,0
KN,BB,fauna,2020,1,0
KN,BB,fauna,2022,1,0
KN,BB,fauna,2024,2,0
KN,BE,fauna,1987,1,0
KN,BE,fauna,1996,1,0
KN,BE,fauna,1997,3,0
KN,BE,fauna,2008,1,0
KN,BE,fauna,2019,4,0
KN,BL,fauna,2011,1,0
KN,BL,fauna,2013,2,0
KN,BL,fauna,2014,1,0
KN,BQ,fauna,2010,1,0
KN,BQ,fauna,2011,1,0
KN,BQ,fauna,2013,1,0
KN,BQ,fauna,2014,2,0
KN,BQ,fauna,2016,4,0
KN,BQ,fauna,2017,2,0
KN,BQ,fauna,2019,2,0
KN,BQ,fauna,2022,1,0
KN,BQ,fauna,2024,4,0
KN,BR,fauna,2004,1,0
KN,CA,fauna,2000,2,0
KN,CA,fauna,2002,9,0
KN,CA,fauna,2003,19,0
KN,CA,fauna,2004,1,0
KN,CA,fauna,2005,5,0
KN,CA,fauna,2008,18,0
KN,CA,fauna,2009,13,0
KN,CA,fauna,2010,2,0
KN,CA,fauna,2011,3,0
KN,CA,fauna,2013,3,0
KN,CA,fauna,2014,2,0
KN,CA,fauna,2015,2,0
KN,CA,fauna,2016,2,0
KN,CA,fauna,2017,23,0
KN,CA,fauna,2018,10,0
KN,CA,fauna,2019,7,0
KN,CA,fauna,2020,5,0
KN,CA,fauna,2022,16,0
KN,CA,fauna,2024,10,0
KN,CH,fauna,2004,5,0
KN,CH,fauna,2005,2,0
KN,CH,fauna,2006,1,0
KN,CH,fauna,2007,1,0
KN,CH,fauna,2008,9,0
KN,CH,fauna,2009,5,0
KN,CH,fauna,2010,3,0
KN,CH,fauna,2014,1,0
KN,CH,fauna,2015,1,0
KN,CH,fauna,2018,15,0
KN,CH,fauna,2019,131,0
KN,CH,fauna,2022,3,0
KN,CH,fauna,2023,45,0
KN,CH,fauna,2024,12,0
KN,CR,fauna,2005,1,0
KN,CU,fauna,2019,1,0
KN,DE,fauna,2003,2,0
KN,DE,fauna,2014,28,0
KN,DE,fauna,2015,161,0
KN,DE,fauna,2016,126,0
KN,DE,fauna,2017,81,0
KN,DE,fauna,2019,15,0
KN,DE,fauna,2020,1,0
KN,DE,fauna,2021,6,0
KN,DE,fauna,2023,1,0
KN,DE,fauna,2024,3,0
KN,DK,fauna,1993,1,0
KN,DK,fauna,1994,1,0
KN,DK,fauna,1995,1,0
KN,DK,fauna,2003,1,0
KN,DK,fauna,2008,2,0
KN,DK,fauna,2013,2,0
KN,DK,fauna,2015,10,0
KN,DK,fauna,2016,2,0
KN,DK,fauna,2017,1,0
KN,DK,fauna,2018,1,0
KN,DK,fauna,2020,3,0
KN,DK,fauna,2021,39,0
KN,DK,fauna,2022,59,0
KN,DK,fauna,2023,7,0
KN,DK,fauna,2024,89,0
KN,DM,fauna,2002,1,0
KN,DM,fauna,2003,2,0
KN,DM,fauna,2004,3,0
KN,DM,fauna,2008,1,0
KN,DM,fauna,2009,4,0
KN,DM,fauna,2010,4,0
KN,DM,fauna,2013,1,0
KN,DM,fauna,2014,1,0
KN,DM,fauna,2016,8,0
KN,DM,fauna,2017,10,0
KN,DM,fauna,2018,1,0
KN,DM,fauna,2019,2,0
KN,DM,fauna,2020,2,0
KN,DM,fauna,2021,1,0
KN,DM,fauna,2022,5,0
KN,DM,fauna,2024,9,0
KN,DO,fauna,2022,2,0
KN,DO,fauna,2024,3,0
KN,ES,fauna,2017,1,0
KN,ES,fauna,2018,1,0
KN,ES,fauna,2019,1,0
KN,FR,fauna,1992,1,0
KN,FR,fauna,1996,6,0
KN,FR,fauna,1998,1,0
KN,FR,fauna,2002,6,0
KN,FR,fauna,2003,1,0
KN,FR,fauna,2006,1,0
KN,FR,fauna,2009,5,0
KN,FR,fauna,2010,5,0
KN,FR,fauna,2012,1,0
KN,FR,fauna,2013,6,0
KN,FR,fauna,2014,3,0
KN,FR,fauna,2015,2,0
KN,FR,fauna,2016,70,0
KN,FR,fauna,2018,4,0
KN,FR,fauna,2019,2,0
KN,FR,fauna,2020,9,0
KN,FR,fauna,2021,13,0
KN,FR,fauna,2022,8,0
KN,FR,fauna,2023,11,0
KN,FR,fauna,2024,285,0
KN,GB,fauna,1993,2,0
KN,GB,fauna,1996,1,0
KN,GB,fauna,1997,1,1
KN,GB,fauna,2002,4,0
KN,GB,fauna,2003,11,0
KN,GB,fauna,2004,3,0
KN,GB,fauna,2005,3,0
KN,GB,fauna,2008,2,0
KN,GB,fauna,2009,6,0
KN,GB,fauna,2010,2,0
KN,GB,fauna,2011,2,0
KN,GB,fauna,2013,2,0
KN,GB,fauna,2014,3,0
KN,GB,fauna,2015,1,0
KN,GB,fauna,2016,3,0
KN,GB,fauna,2017,4,0
KN,GB,fauna,2018,4,0
KN,GB,fauna,2019,4,0
KN,GB,fauna,2020,4,0
KN,GB,fauna,2021,8,0
KN,GB,fauna,2022,12,0
KN,GB,fauna,2024,8,0
KN,GB,flora,1976,3,0
KN,GB,flora,1977,6,0
KN,GD,fauna,2011,1,0
KN,GP,fauna,2002,14,0
KN,GP,fauna,2003,18,0
KN,GP,fauna,2004,7,0
KN,GP,fauna,2005,26,0
KN,GP,fauna,2008,44,0
KN,GP,fauna,2009,47,0
KN,GP,fauna,2010,92,0
KN,GP,fauna,2011,111,0
KN,GP,fauna,2013,56,0
KN,GP,fauna,2014,39,0
KN,GP,fauna,2015,4,0
KN,GY,fauna,2016,1,0
KN,GY,fauna,2024,1,0
KN,IE,fauna,2015,2,0
KN,IE,fauna,2016,1,0
KN,IE,fauna,2017,1,0
KN,IE,fauna,2018,6,0
KN,IE,fauna,2019,5,0
KN,IE,fauna,2020,1,0
KN,IE,fauna,2021,2,0
KN,IE,fauna,2022,1,0
KN,IL,fauna,2013,1,0
KN,IN,fauna,2013,1,0
KN,IT,fauna,1987,2,0
KN,IT,fauna,1988,1,0
KN,IT,fauna,2008,1,0
KN,IT,fauna,2018,2,0
KN,IT,fauna,2021,1,0
KN,IT,fauna,2022,2,0
KN,JP,fauna,2003,3,0
KN,JP,fauna,2022,1,0
KN,KR,fauna,2015,1,0
KN,KR,fauna,2016,4,0
KN,KR,fauna,2022,4,0
KN,KY,fauna,2008,2,0
KN,LC,fauna,2002,1,0
KN,LC,fauna,2005,1,0
KN,LC,fauna,2013,26,0
KN,LC,fauna,2014,13,0
KN,LC,fauna,2015,30,0
KN,LC,fauna,2016,31,0
KN,LC,fauna,2017,26,0
KN,LC,fauna,2018,17,0
KN,LC,fauna,2019,21,0
KN,LC,fauna,2020,3,0
KN,LC,fauna,2022,5,0
KN,MF,fauna,2004,38,0
KN,MF,fauna,2005,64,0
KN,MF,fauna,2009,104,0
KN,MF,fauna,2010,13,0
KN,MF,fauna,2011,19,0
KN,MF,fauna,2014,4,0
KN,MF,fauna,2017,2,0
KN,MF,fauna,2018,6,0
KN,MF,fauna,2019,1,0
KN,MF,fauna,2021,13,0
KN,MF,fauna,2022,3,0
KN,MQ,fauna,2011,2,0
KN,MQ,fauna,2014,8,0
KN,MS,fauna,2004,3,0
KN,MS,fauna,2005,1,0
KN,MS,fauna,2009,6,0
KN,MS,fauna,2010,9,0
KN,MS,fauna,2011,5,0
KN,MS,fauna,2013,7,0
KN,MS,fauna,2014,1,0
KN,MS,fauna,2015,1,0
KN,MS,fauna,2016,3,0
KN,MS,fauna,2017,15,0
KN,MS,fauna,2018,6,0
KN,MS,fauna,2019,13,0
KN,MS,fauna,2020,3,0
KN,MS,fauna,2022,1,0
KN,NL,fauna,2024,2,0
KN,PR,fauna,2002,1,0
KN,PR,fauna,2003,1,0
KN,PR,fauna,2004,1,0
KN,PR,fauna,2008,1,0
KN,PR,fauna,2009,1,0
KN,PR,fauna,2017,1,0
KN,PR,fauna,2022,4,0
KN,RU,fauna,2015,2,0
KN,RU,fauna,2018,1,0
KN,SE,fauna,2003,2,0
KN,SG,fauna,2009,4,0
KN,SX,fauna,2010,48,0
KN,SX,fauna,2011,49,0
KN,SX,fauna,2013,50,0
KN,SX,fauna,2014,46,0
KN,SX,fauna,2015,25,0
KN,SX,fauna,2016,17,0
KN,SX,fauna,2017,30,0
KN,SX,fauna,2018,27,0
KN,SX,fauna,2019,23,0
KN,SX,fauna,2020,13,0
KN,SX,fauna,2021,44,0
KN,SX,fauna,2022,97,0
KN,SX,fauna,2024,81,0
KN,TT,fauna,2005,1,0
KN,TT,fauna,2008,3,0
KN,TT,fauna,2011,1,0
KN,TT,fauna,2013,1,0
KN,TT,fauna,2014,2,0
KN,TT,fauna,2018,1,0
KN,TW,fauna,2002,1,0
KN,TW,fauna,2004,1,0
KN,US,fauna,1977,1,0
KN,US,fauna,1978,2,0
KN,US,fauna,1979,1,0
KN,US,fauna,1980,2,0
KN,US,fauna,1981,8,0
KN,US,fauna,1982,25,1
KN,US,fauna,1983,37,0
KN,US,fauna,1984,7,0
KN,US,fauna,1985,20,0
KN,US,fauna,1986,27,0
KN,US,fauna,1987,39,0
KN,US,fauna,1988,35,0
KN,US,fauna,1989,47,1
KN,US,fauna,1990,20,1
KN,US,fauna,1991,11,0
KN,US,fauna,1992,6,0
KN,US,fauna,1993,13,0
KN,US,fauna,1994,5,0
KN,US,fauna,1995,4,0
KN,US,fauna,1996,8,0
KN,US,fauna,1997,12,0
KN,US,fauna,1998,37,0
KN,US,fauna,1999,6,0
KN,US,fauna,2000,7,0
KN,US,fauna,2001,11,0
KN,US,fauna,2002,92,0
KN,US,fauna,2003,238,5
KN,US,fauna,2004,218,2
KN,US,fauna,2005,191,1
KN,US,fauna,2006,75,1
KN,US,fauna,2007,98,2
KN,US,fauna,2008,217,9
KN,US,fauna,2009,259,4
KN,US,fauna,2010,252,1
KN,US,fauna,2011,282,2
KN,US,fauna,2012,139,2
KN,US,fauna,2013,266,4
KN,US,fauna,2014,386,2
KN,US,fauna,2015,374,5
KN,US,fauna,2016,447,5
KN,US,fauna,2017,437,3
KN,US,fauna,2018,512,3
KN,US,fauna,2019,492,5
KN,US,fauna,2020,395,0
KN,US,fauna,2021,517,0
KN,US,fauna,2022,853,3
KN,US,fauna,2023,268,1
KN,US,fauna,2024,759,0
KN,US,flora,1989,1,1
KN,US,flora,1993,25,1
KN,US,flora,2001,2,2
KN,US,flora,2014,1,0
KN,VG,fauna,2001,1,0
KN,VG,fauna,2002,23,0
KN,VG,fauna,2003,23,0
KN,VG,fauna,2004,10,0
KN,VG,fauna,2005,3,0
KN,VG,fauna,2008,1,0
KN,VG,fauna,2009,1,0
KN,VG,fauna,2013,1,0
KN,VG,fauna,2014,1,0
KN,VG,fauna,2015,1,0
KN,VG,fauna,2017,1,0
KN,VG,fauna,2019,3,0
KN,VG,fauna,2020,1,0
KN,VG,fauna,2021,1,0
KN,VI,fauna,2002,16,0
KN,VI,fauna,2003,34,0
KN,VI,fauna,2004,42,0
KN,VI,fauna,2005,61,0
KN,VI,fauna,2008,22,0
KN,VI,fauna,2009,26,0
KN,VI,fauna,2010,15,0
KN,VI,fauna,2011,23,0
KN,VI,fauna,2013,17,0
KN,VI,fauna,2014,30,0
KN,VI,fauna,2015,19,0
KN,VI,fauna,2016,29,0
KN,VI,fauna,2017,25,0
KN,VI,fauna,2018,27,0
KN,VI,fauna,2019,18,0
KN,VI,fauna,2020,19,0
KN,VI,fauna,2021,64,0
KN,VI,fauna,2022,61,0
KN,VI,fauna,2024,58,0
KN,XV,fauna,1996,1,0
KN,XV,fauna,1997,1,0
KN,XV,fauna,1998,1,0
KN,XV,fauna,1999,1,0
KN,XX,fauna,1998,2,0
KN,XX,fauna,1999,5,0
KN,XX,fauna,2004,2,0
KR,AR,fauna,2002,2,0
KR,AR,fauna,2006,1,0
KR,AR,flora,1999,4,0
KR,AR,flora,2000,4,0
KR,AR,flora,2004,2,0
KR,AR,flora,2005,36,0
KR,AR,flora,2006,14,0
KR,AR,flora,2007,8,0
KR,AR,flora,2008,9,0
KR,AR,flora,2009,1,0
KR,AR,flora,2011,2,0
KR,AR,flora,2012,3,0
KR,AR,flora,2013,4,0
KR,AR,flora,2014,4,0
KR,AR,flora,2015,7,0
KR,AR,flora,2016,16,0
KR,AR,flora,2017,8,0
KR,AR,flora,2018,5,0
KR,AR,flora,2019,1,0
KR,AR,flora,2020,2,0
KR,AR,flora,2021,10,0
KR,AR,flora,2022,2,0
KR,AR,flora,2024,2,0
KR,BR,fauna,2013,1,0
KR,BR,flora,1999,3,0
KR,BR,flora,2000,1,0
KR,BR,flora,2004,1,0
KR,BR,flora,2005,18,0
KR,BR,flora,2006,3,0
KR,BR,flora,2007,2,0
KR,BR,flora,2008,6,0
KR,BR,flora,2018,2,0
KR,BR,flora,2019,8,0
KR,CL,fauna,2006,1,0
KR,CL,fauna,2015,1,0
KR,CL,flora,1994,1,0
KR,CL,flora,2012,13,0
KR,CL,flora,2015,46,0
KR,CL,flora,2016,5,0
KR,CL,flora,2018,10,0
KR,CL,flora,2019,7,0
KR,CL,flora,2020,14,0
KR,CL,flora,2021,26,0
KR,CL,flora,2022,10,0
KR,CL,flora,2023,4,0
KR,CL,flora,2024,8,0
KR,CO,fauna,2005,1,0
KR,CO,fauna,2009,2,0
KR,CO,fauna,2010,1,0
KR,CO,fauna,2014,8,0
KR,CO,fauna,2015,1,0
KR,CO,fauna,2018,1,0
KR,CO,fauna,2019,11,0
KR,CO,fauna,2020,12,0
KR,CO,fauna,2022,5,0
KR,CO,fauna,2023,5,0
KR,CO,flora,1999,2,0
KR,CO,flora,2009,1,0
KR,CO,flora,2011,3,0
KR,CO,flora,2012,2,0
KR,CO,flora,2016,3,0
KR,CO,flora,2018,1,0
KR,CO,flora,2019,3,0
KR,CO,flora,2021,1,0
KR,CO,flora,2024,5,0
KR,CR,flora,2004,2,0
KR,CR,flora,2010,3,0
KR,CR,flora,2013,1,0
KR,CR,flora,2014,2,0
KR,CR,flora,2021,5,0
KR,CR,flora,2022,5,0
KR,CR,flora,2023,1,0
KR,EC,flora,2001,1,0
KR,EC,flora,2002,4,0
KR,EC,flora,2004,1,0
KR,GT,fauna,2020,2,0
KR,GT,flora,2001,2,0
KR,JM,fauna,2018,1,0
KR,KN,fauna,2005,1,0
KR,MX,fauna,1991,2,0
KR,MX,fauna,2004,1,0
KR,MX,fauna,2005,2,0
KR,MX,fauna,2007,2,0
KR,MX,fauna,2008,1,0
KR,MX,fauna,2009,1,0
KR,MX,fauna,2012,4,0
KR,MX,fauna,2014,2,0
KR,MX,fauna,2016,1,0
KR,MX,fauna,2017,2,0
KR,MX,fauna,2018,5,0
KR,MX,fauna,2019,5,0
KR,MX,fauna,2022,20,0
KR,MX,fauna,2023,16,0
KR,MX,fauna,2024,43,0
KR,MX,flora,2000,4,0
KR,MX,flora,2001,4,0
KR,MX,flora,2002,7,0
KR,MX,flora,2003,8,0
KR,MX,flora,2004,17,0
KR,MX,flora,2005,16,0
KR,MX,flora,2006,6,0
KR,MX,flora,2007,6,0
KR,MX,flora,2009,4,0
KR,MX,flora,2010,4,0
KR,MX,flora,2011,4,0
KR,MX,flora,2012,18,0
KR,MX,flora,2013,3,0
KR,MX,flora,2018,2,0
KR,MX,flora,2019,2,0
KR,PA,fauna,2020,2,0
KR,PA,fauna,2023,1,0
KR,PE,flora,2001,1,0
KR,PE,flora,2009,6,0
KR,PE,flora,2018,2,0
KR,PE,flora,2019,2,0
KR,SV,flora,2007,3,0
KR,SV,flora,2008,1,0
KR,SV,flora,2009,1,0
KR,SV,flora,2024,1,0
KR,TT,flora,2008,1,0
KR,UY,flora,2005,3,0
KR,UY,flora,2006,2,0
KR,UY,flora,2007,1,0
KR,UY,flora,2008,2,0
KR,VE,flora,1998,1,0
KW,BR,fauna,2014,1,0
KW,SR,fauna,2020,3,0
KY,BR,fauna,2005,1,0
KY,BS,fauna,1980,2,0
KY,BS,fauna,1981,1,0
KY,BS,fauna,2003,1,0
KY,BS,fauna,2004,1,0
KY,BS,fauna,2005,1,0
KY,BS,flora,1992,4,0
KY,BS,flora,2004,2,0
KY,CR,fauna,1994,1,0
KY,CR,fauna,1995,3,0
KY,CR,fauna,1996,3,0
KY,CR,fauna,1998,2,0
KY,CR,fauna,2014,3,0
KY,CU,fauna,1983,1,0
KY,CU,flora,1991,7,0
KY,CU,flora,1995,9,0
KY,CU,flora,1996,9,0
KY,GT,fauna,1980,1,0
KY,HN,fauna,1995,1,0
KY,HN,fauna,1996,1,0
KY,HN,fauna,2007,1,0
KY,HN,fauna,2014,1,0
KY,HN,fauna,2018,1,0
KY,HN,fauna,2019,2,0
KY,HN,fauna,2022,1,0
KY,HT,fauna,1980,1,0
KY,JM,fauna,1980,1,0
KY,JM,fauna,1982,1,0
KY,JM,fauna,1991,1,0
KY,JM,fauna,2012,2,0
KY,JM,flora,2002,1,0
KY,KN,fauna,2016,2,0
KY,KN,fauna,2019,2,0
KY,KN,flora,1981,1,0
KY,MX,fauna,1982,1,0
KY,MX,fauna,1983,1,0
KY,MX,fauna,1994,3,0
KY,MX,fauna,1998,2,0
KY,MX,fauna,2010,2,0
KY,MX,fauna,2023,6,0
KY,PA,fauna,2004,2,0
KY,PA,fauna,2007,1,0
KY,PA,fauna,2009,1,0
KY,PA,fauna,2016,1,0
KY,TT,fauna,2022,2,0
KY,TT,fauna,2023,2,0
KY,VE,fauna,1980,1,0
KZ,JM,fauna,2001,1,0
KZ,MX,fauna,2000,2,0
KZ,MX,fauna,2001,5,0
KZ,MX,fauna,2002,3,0
KZ,MX,fauna,2007,3,0
LA,MX,fauna,1992,3,0
LA,MX,fauna,1997,2,0
LA,MX,fauna,1998,26,0
LA,MX,fauna,1999,35,0
LA,MX,fauna,2000,17,0
LA,MX,fauna,2003,1,0
LA,MX,fauna,2008,1,0
LA,MX,fauna,2009,1,0
LA,MX,fauna,2010,3,0
LA,PA,fauna,2014,1,0
LB,BR,fauna,2010,1,0
LB,BR,fauna,2012,1,0
LB,BR,fauna,2014,2,0
LB,MX,fauna,2004,4,0
LB,MX,fauna,2005,2,0
LB,MX,fauna,2010,1,0
LB,NI,fauna,2014,1,0
LB,VE,fauna,2023,1,0
LC,AG,fauna,2005,1,0
LC,BB,flora,2012,6,0
LC,BB,flora,2013,1,0
LC,BB,flora,2014,2,0
LC,CA,fauna,1997,1,0
LC,CA,fauna,2000,1,0
LC,CA,fauna,2007,1,0
LC,CA,fauna,2008,1,0
LC,CA,fauna,2010,1,0
LC,CA,fauna,2011,1,0
LC,CH,fauna,2014,1,0
LC,DE,fauna,1997,1,0
LC,DE,fauna,1998,5,0
LC,DE,fauna,1999,8,0
LC,DE,fauna,2000,3,0
LC,DE,fauna,2001,4,0
LC,DE,fauna,2010,2,0
LC,DE,fauna,2012,2,0
LC,DE,fauna,2013,5,0
LC,DE,fauna,2018,3,2
LC,DE,fauna,2019,19,0
LC,FR,fauna,1988,1,0
LC,FR,fauna,1993,8,0
LC,FR,fauna,1994,48,0
LC,FR,fauna,1995,119,0
LC,FR,fauna,1996,30,0
LC,FR,flora,2012,6,2
LC,FR,flora,2013,3,0
LC,GB,fauna,1982,1,0
LC,GB,fauna,1983,1,1
LC,GB,fauna,1984,1,0
LC,GB,fauna,1987,1,0
LC,GB,fauna,1992,1,0
LC,GB,fauna,1997,3,2
LC,GB,fauna,1998,1,0
LC,GB,fauna,1999,3,3
LC,GB,fauna,2000,4,1
LC,GB,fauna,2001,3,3
LC,GB,fauna,2002,7,7
LC,GB,fauna,2003,2,2
LC,GB,fauna,2004,8,8
LC,GB,fauna,2006,2,0
LC,GB,fauna,2008,1,1
LC,GB,fauna,2011,1,0
LC,GB,flora,1978,1,0
LC,GB,flora,1979,1,0
LC,GB,flora,2013,1,0
LC,GF,fauna,1984,1,0
LC,GY,flora,2008,1,0
LC,JE,fauna,2005,3,0
LC,JP,fauna,1997,1,0
LC,JP,fauna,2003,1,0
LC,MQ,fauna,1983,1,0
LC,MQ,fauna,1984,2,0
LC,MQ,fauna,1988,1,0
LC,MQ,fauna,1996,2,0
LC,MQ,fauna,1997,38,0
LC,MQ,fauna,1998,1,0
LC,MQ,fauna,2002,1,0
LC,MQ,fauna,2003,3,0
LC,MQ,flora,2012,8,0
LC,MQ,flora,2013,4,0
LC,MS,flora,2015,1,0
LC,NL,flora,1990,1,0
LC,NZ,fauna,1996,1,1
LC,NZ,fauna,1999,1,1
LC,NZ,fauna,2002,2,1
LC,NZ,fauna,2003,2,2
LC,NZ,fauna,2009,3,0
LC,NZ,fauna,2011,1,0
LC,SR,fauna,2006,2,0
LC,TT,fauna,1989,1,0
LC,US,fauna,1983,1,1
LC,US,fauna,1984,1,0
LC,US,fauna,1987,1,0
LC,US,fauna,1988,1,0
LC,US,fauna,1990,1,0
LC,US,fauna,1991,1,1
LC,US,fauna,1992,1,0
LC,US,fauna,1993,1,0
LC,US,fauna,1996,2,1
LC,US,fauna,1997,2,0
LC,US,fauna,1998,14,1
LC,US,fauna,2000,1,0
LC,US,fauna,2002,3,0
LC,US,fauna,2003,2,0
LC,US,fauna,2004,1,0
LC,US,fauna,2005,2,1
LC,US,fauna,2006,3,1
LC,US,fauna,2007,5,5
LC,US,fauna,2008,2,2
LC,US,fauna,2009,1,1
LC,US,fauna,2010,1,1
LC,US,fauna,2011,3,3
LC,US,fauna,2013,1,1
LC,US,fauna,2015,2,2
LC,US,fauna,2016,7,6
LC,US,fauna,2017,3,0
LC,US,fauna,2018,1,0
LC,US,fauna,2019,5,3
LC,US,fauna,2021,1,0
LC,US,fauna,2022,2,1
LC,US,flora,1986,1,1
LC,US,flora,1992,2,2
LC,US,flora,1996,3,0
LC,US,flora,1998,2,1
LC,US,flora,2007,1,0
LC,US,flora,2019,1,0
LC,VC,flora,2014,1,0
LC,XX,fauna,1994,58,0
LC,XX,fauna,1995,122,0
LK,AR,fauna,2007,1,0
LK,AR,fauna,2012,2,0
LK,AR,fauna,2017,1,0
LK,AR,fauna,2018,2,0
LK,AR,fauna,2019,4,0
LK,AR,fauna,2022,4,0
LK,AR,fauna,2023,1,0
LK,BZ,flora,2001,18,0
LK,CR,flora,2023,106,0
LK,CR,flora,2024,23,0
LK,CU,flora,2009,4,0
LK,EC,flora,2009,85,0
LK,GY,flora,1989,2,0
LK,MX,fauna,2008,1,0
LK,MX,fauna,2012,2,0
LK,UY,fauna,1985,1,0
LR,MX,fauna,1986,3,0
LU,BR,fauna,2015,8,0
LU,BR,fauna,2017,2,0
LU,MX,fauna,1999,2,0
LU,MX,fauna,2015,6,0
LU,MX,fauna,2016,4,0
LV,BS,fauna,2009,1,0
LV,EC,fauna,2010,2,0
LV,MX,fauna,2000,3,1
LV,MX,fauna,2001,8,1
MA,BR,fauna,2022,6,0
MC,AR,fauna,2016,1,0
MC,AR,flora,1997,3,0
MC,BR,fauna,2011,5,0
MC,BR,fauna,2016,2,0
MC,BR,fauna,2024,4,0
MC,BR,flora,2011,1,0
MC,CR,fauna,2016,1,0
MC,GD,fauna,2024,1,0
MC,GY,fauna,2016,1,0
MC,KN,fauna,2024,1,0
MC,MX,fauna,2001,1,0
MC,MX,fauna,2011,1,0
MC,MX,fauna,2012,2,0
MC,MX,fauna,2013,1,0
MC,MX,fauna,2014,1,0
MC,MX,fauna,2015,1,0
MC,MX,fauna,2016,7,0
MC,MX,fauna,2017,1,0
MC,MX,fauna,2018,2,0
MC,MX,fauna,2019,1,0
MC,MX,fauna,2021,1,0
MC,MX,fauna,2024,3,0
MC,PA,fauna,2016,2,0
MC,PE,fauna,2017,1,0
MF,TT,fauna,2025,1,0
MG,CL,fauna,2009,4,0
MG,CO,fauna,2023,4,0
MG,CO,flora,2008,6,0
MG,CR,fauna,2003,1,0
MG,CR,fauna,2004,1,0
MG,CR,fauna,2005,1,0
MG,HT,flora,1999,54,0
MG,MX,fauna,2003,1,0
MG,MX,fauna,2007,14,0
MG,MX,flora,2011,9,0
MG,MX,flora,2013,18,0
MG,SV,fauna,1983,1,0
MG,SV,fauna,2002,80,0
MG,SV,fauna,2003,32,0
MK,CL,fauna,2011,1,0
MK,CL,fauna,2016,4,0
MK,CL,fauna,2017,2,0
MK,CL,fauna,2018,8,0
MK,CL,fauna,2019,4,0
MK,CL,fauna,2021,8,0
MK,CL,fauna,2022,3,0
MK,CL,fauna,2023,2,0
MK,CL,fauna,2024,1,0
MK,MX,fauna,2015,6,0
MK,MX,fauna,2016,4,0
MK,MX,fauna,2017,4,0
MK,MX,fauna,2018,2,0
MK,MX,fauna,2019,16,0
MK,MX,fauna,2021,2,0
MK,MX,fauna,2022,3,0
MK,MX,fauna,2023,1,0
ML,MX,fauna,1999,1,0
ML,MX,fauna,2000,1,0
ML,MX,fauna,2003,8,0
ML,MX,fauna,2004,12,0
ML,MX,fauna,2006,4,0
ML,PA,fauna,2014,1,0
ML,SV,fauna,2001,1,0
ML,SV,fauna,2002,5,0
ML,SV,fauna,2003,1,0
ML,SV,fauna,2014,2,0
ML,SV,fauna,2015,1,0
ML,SV,fauna,2018,4,0
ML,SV,fauna,2019,5,0
ML,VE,fauna,1989,1,0
MN,AR,fauna,2008,1,0
MN,DM,fauna,2010,1,0
MN,MX,fauna,1994,2,0
MN,MX,fauna,1995,4,0
MN,MX,fauna,1996,2,0
MN,MX,fauna,1997,2,0
MN,MX,fauna,1998,5,0
MN,MX,fauna,1999,5,0
MN,MX,fauna,2002,4,0
MN,MX,fauna,2003,12,0
MN,MX,fauna,2004,7,0
MN,MX,fauna,2005,6,0
MN,MX,fauna,2006,5,0
MN,MX,fauna,2007,7,0
MN,MX,fauna,2008,7,0
MN,MX,fauna,2009,20,0
MN,MX,fauna,2010,10,0
MN,MX,fauna,2011,9,0
MN,MX,fauna,2012,11,0
MN,MX,fauna,2013,6,0
MN,MX,fauna,2014,15,0
MN,MX,fauna,2015,27,0
MN,MX,fauna,2016,21,0
MN,MX,fauna,2017,7,0
MN,MX,fauna,2018,2,0
MN,MX,fauna,2022,2,0
MN,MX,fauna,2023,14,0
MN,MX,fauna,2024,6,0
MN,MX,fauna,2025,5,0
MQ,BB,fauna,2006,10,0
MQ,BB,fauna,2010,1,0
MQ,DO,fauna,1995,1,0
MQ,LC,fauna,1983,1,0
MQ,LC,fauna,1984,1,0
MQ,LC,fauna,1985,1,0
MQ,LC,fauna,1988,1,0
MQ,TT,fauna,2006,1,1
MQ,TT,flora,2014,4,0
MQ,VE,fauna,2005,1,1
MT,AR,flora,2000,10,0
MT,AR,flora,2009,26,0
MT,BB,flora,2005,1,0
MT,BR,flora,1997,2,0
MT,BR,flora,1998,7,0
MT,BR,flora,2005,31,0
MT,CL,flora,2005,47,0
MT,CL,flora,2008,20,0
MT,MX,flora,2001,10,0
MT,MX,flora,2007,12,0
MT,MX,flora,2009,36,0
MU,AG,fauna,2018,1,0
MU,AR,fauna,2008,1,0
MU,BS,fauna,2011,2,0
MU,CO,fauna,2000,1,0
MU,CR,fauna,2009,4,0
MU,MX,fauna,1997,2,0
MU,MX,fauna,1998,1,0
MU,MX,fauna,1999,2,0
MU,MX,fauna,2000,1,0
MU,MX,fauna,2001,3,0
MU,MX,fauna,2002,6,0
MU,MX,fauna,2003,5,0
MU,MX,fauna,2005,2,0
MU,MX,fauna,2006,2,0
MU,MX,fauna,2009,4,0
MU,MX,fauna,2010,4,0
MU,MX,fauna,2011,4,0
MU,MX,fauna,2012,5,0
MU,MX,fauna,2013,2,0
MU,MX,fauna,2016,1,0
MU,MX,fauna,2017,4,0
MU,MX,fauna,2018,5,0
MU,VE,fauna,2012,1,0
MW,BR,fauna,1985,2,0
MW,BR,fauna,1988,1,0
MW,CO,fauna,2007,1,0
MW,CU,fauna,1987,1,0
MW,DM,fauna,1987,1,0
MW,GD,fauna,1982,1,0
MW,GD,fauna,1984,2,0
MW,GT,fauna,1985,2,0
MW,JM,fauna,1982,1,0
MW,JM,fauna,1996,1,0
MW,MX,fauna,1988,1,0
MW,MX,fauna,2001,4,0
MW,PA,fauna,1989,2,0
MW,PY,fauna,1987,2,0
MX,AE,fauna,1997,3,0
MX,AE,fauna,2004,3,0
MX,AE,fauna,2010,2,0
MX,AE,fauna,2013,29,0
MX,AE,fauna,2014,15,0
MX,AE,fauna,2015,1,0
MX,AE,fauna,2021,7,0
MX,AE,fauna,2022,2,0
MX,AE,fauna,2023,4,0
MX,AE,fauna,2024,8,0
MX,AE,flora,2023,2,0
MX,AF,fauna,2024,2,0
MX,AG,fauna,2004,16,0
MX,AN,fauna,2001,4,0
MX,AN,fauna,2002,1,0
MX,AN,fauna,2006,15,0
MX,AN,flora,2012,2,0
MX,AN,flora,2013,1,0
MX,AO,fauna,2018,1,0
MX,AR,fauna,1993,1,0
MX,AR,fauna,1994,3,0
MX,AR,fauna,1995,9,0
MX,AR,fauna,1996,2,0
MX,AR,fauna,1997,18,0
MX,AR,fauna,2000,3,0
MX,AR,fauna,2001,2,0
MX,AR,fauna,2004,1,0
MX,AR,fauna,2008,3,0
MX,AR,fauna,2009,1,0
MX,AR,fauna,2010,1,0
MX,AR,fauna,2011,3,0
MX,AR,fauna,2012,4,0
MX,AR,fauna,2013,1,0
MX,AR,fauna,2014,1,0
MX,AR,fauna,2019,1,0
MX,AR,fauna,2021,1,0
MX,AR,fauna,2023,1,0
MX,AR,fauna,2024,1,0
MX,AR,flora,2009,1,0
MX,AR,flora,2010,1,0
MX,AR,flora,2011,1,0
MX,AR,flora,2012,1,0
MX,AR,flora,2013,2,0
MX,AR,flora,2014,1,0
MX,AR,flora,2015,5,0
MX,AR,flora,2016,4,0
MX,AR,flora,2017,1,0
MX,AR,flora,2018,1,0
MX,AR,flora,2022,2,0
MX,AR,flora,2023,1,0
MX,AR,flora,2024,1,0
MX,AT,fauna,1982,1,0
MX,AT,fauna,1984,1,0
MX,AT,fauna,1998,1,1
MX,AT,fauna,1999,2,0
MX,AT,fauna,2000,5,0
MX,AT,fauna,2001,3,3
MX,AT,fauna,2002,2,2
MX,AT,fauna,2003,3,3
MX,AT,fauna,2006,1,1
MX,AT,fauna,2007,2,0
MX,AT,fauna,2008,1,1
MX,AT,fauna,2010,1,0
MX,AT,fauna,2012,1,0
MX,AT,fauna,2013,3,0
MX,AT,fauna,2014,1,0
MX,AT,fauna,2015,1,0
MX,AT,fauna,2017,10,0
MX,AT,fauna,2024,1,0
MX,AT,flora,1983,2,0
MX,AT,flora,1984,2,0
MX,AT,flora,1985,1,0
MX,AT,flora,1997,1,0
MX,AT,flora,1998,1,1
MX,AT,flora,2003,1,1
MX,AT,flora,2024,1,0
MX,AU,fauna,1992,1,0
MX,AU,fauna,1998,2,0
MX,AU,fauna,2001,10,0
MX,AU,fauna,2002,1,0
MX,AU,fauna,2005,5,0
MX,AU,fauna,2006,5,0
MX,AU,fauna,2008,4,0
MX,AU,fauna,2009,1,1
MX,AU,fauna,2010,11,0
MX,AU,fauna,2011,12,0
MX,AU,fauna,2012,2,0
MX,AU,fauna,2013,2,0
MX,AU,fauna,2014,77,0
MX,AU,fauna,2015,59,0
MX,AU,fauna,2016,4,0
MX,AU,fauna,2018,44,2
MX,AU,fauna,2019,4,0
MX,AU,fauna,2020,1,0
MX,AU,fauna,2022,4,0
MX,AU,fauna,2023,7,0
MX,AU,fauna,2024,1,0
MX,AU,flora,1984,30,0
MX,AU,flora,1988,33,12
MX,AU,flora,1991,58,0
MX,AU,flora,1996,35,0
MX,AU,flora,1997,6,0
MX,AU,flora,2009,3,1
MX,AU,flora,2010,11,0
MX,AU,flora,2011,1,0
MX,AU,flora,2015,1,0
MX,AU,flora,2017,3,0
MX,AU,flora,2020,1,0
MX,BB,fauna,2008,2,0
MX,BD,fauna,2021,1,0
MX,BD,fauna,2022,2,0
MX,BD,flora,2014,1,0
MX,BE,fauna,1999,11,0
MX,BE,fauna,2000,5,0
MX,BE,fauna,2005,2,0
MX,BE,fauna,2007,5,0
MX,BE,fauna,2008,10,0
MX,BE,fauna,2009,10,0
MX,BE,fauna,2010,9,0
MX,BE,fauna,2011,13,0
MX,BE,fauna,2012,7,0
MX,BE,fauna,2013,17,0
MX,BE,fauna,2014,7,0
MX,BE,fauna,2015,4,0
MX,BE,fauna,2016,3,0
MX,BE,fauna,2018,1,0
MX,BE,fauna,2019,2,0
MX,BE,fauna,2021,26,0
MX,BE,fauna,2022,25,0
MX,BE,flora,1990,1,0
MX,BE,flora,1994,13,0
MX,BE,flora,1999,1,0
MX,BE,flora,2001,1,0
MX,BE,flora,2005,92,0
MX,BH,fauna,2000,1,0
MX,BH,flora,2007,1,0
MX,BM,fauna,2001,1,0
MX,BM,fauna,2020,1,0
MX,BO,fauna,2015,1,0
MX,BO,fauna,2016,3,0
MX,BO,fauna,2017,5,0
MX,BO,flora,2011,1,0
MX,BO,flora,2015,1,0
MX,BO,flora,2016,1,0
MX,BR,fauna,1992,1,0
MX,BR,fauna,1993,2,0
MX,BR,fauna,1994,1,0
MX,BR,fauna,1995,11,0
MX,BR,fauna,1996,9,0
MX,BR,fauna,1997,19,0
MX,BR,fauna,1998,11,0
MX,BR,fauna,2000,18,0
MX,BR,fauna,2002,3,0
MX,BR,fauna,2003,21,0
MX,BR,fauna,2005,1,0
MX,BR,fauna,2006,5,0
MX,BR,fauna,2007,10,0
MX,BR,fauna,2009,2,0
MX,BR,fauna,2010,2,0
MX,BR,fauna,2011,2,0
MX,BR,fauna,2012,3,0
MX,BR,fauna,2013,5,0
MX,BR,fauna,2014,22,0
MX,BR,fauna,2015,38,2
MX,BR,fauna,2016,5,0
MX,BR,fauna,2017,10,0
MX,BR,fauna,2018,27,0
MX,BR,fauna,2019,12,0
MX,BR,fauna,2020,5,0
MX,BR,fauna,2021,5,0
MX,BR,fauna,2022,2,0
MX,BR,flora,1996,2,0
MX,BR,flora,2000,26,0
MX,BR,flora,2010,1,0
MX,BR,flora,2014,1,0
MX,BR,flora,2015,4,0
MX,BR,flora,2016,6,0
MX,BR,flora,2017,5,0
MX,BR,flora,2018,12,0
MX,BR,flora,2019,11,0
MX,BR,flora,2020,6,0
MX,BR,flora,2021,9,0
MX,BR,flora,2022,8,0
MX,BR,flora,2023,7,0
MX,BR,flora,2024,7,0
MX,BS,fauna,1987,1,0
MX,BS,fauna,2006,3,0
MX,BZ,fauna,1995,8,0
MX,BZ,fauna,1998,13,0
MX,BZ,fauna,1999,2,0
MX,BZ,fauna,2000,1,0
MX,BZ,fauna,2001,2,0
MX,BZ,fauna,2002,3,0
MX,BZ,fauna,2003,1,0
MX,BZ,flora,2013,3,0
MX,CA,fauna,1978,1,0
MX,CA,fauna,1979,1,0
MX,CA,fauna,1980,2,0
MX,CA,fauna,1981,1,0
MX,CA,fauna,1982,2,0
MX,CA,fauna,1983,5,0
MX,CA,fauna,1984,3,0
MX,CA,fauna,1985,3,0
MX,CA,fauna,1986,3,0
MX,CA,fauna,1987,9,0
MX,CA,fauna,1988,11,0
MX,CA,fauna,1989,1,0
MX,CA,fauna,1990,1,0
MX,CA,fauna,1991,8,0
MX,CA,fauna,1992,47,0
MX,CA,fauna,1993,5,0
MX,CA,fauna,1994,1,0
MX,CA,fauna,1995,3,0
MX,CA,fauna,1996,1,0
MX,CA,fauna,1997,5,0
MX,CA,fauna,1998,5,0
MX,CA,fauna,1999,2,0
MX,CA,fauna,2000,3,0
MX,CA,fauna,2001,7,0
MX,CA,fauna,2002,2,0
MX,CA,fauna,2003,15,0
MX,CA,fauna,2004,11,0
MX,CA,fauna,2005,46,0
MX,CA,fauna,2006,50,0
MX,CA,fauna,2007,26,0
MX,CA,fauna,2008,95,0
MX,CA,fauna,2009,77,1
MX,CA,fauna,2010,70,0
MX,CA,fauna,2011,67,0
MX,CA,fauna,2012,74,0
MX,CA,fauna,2013,83,0
MX,CA,fauna,2014,90,0
MX,CA,fauna,2015,95,0
MX,CA,fauna,2016,51,0
MX,CA,fauna,2017,47,0
MX,CA,fauna,2018,33,0
MX,CA,fauna,2019,31,0
MX,CA,fauna,2020,48,0
MX,CA,fauna,2021,30,0
MX,CA,fauna,2022,50,0
MX,CA,fauna,2023,16,0
MX,CA,fauna,2024,49,0
MX,CA,flora,1992,117,0
MX,CA,flora,1996,20,0
MX,CA,flora,1997,1,0
MX,CA,flora,1998,192,0
MX,CA,flora,1999,79,0
MX,CA,flora,2000,174,0
MX,CA,flora,2001,198,0
MX,CA,flora,2002,1,0
MX,CA,flora,2003,115,0
MX,CA,flora,2008,92,0
MX,CA,flora,2009,1,0
MX,CA,flora,2010,206,0
MX,CA,flora,2011,1,0
MX,CA,flora,2012,2,0
MX,CA,flora,2013,3,0
MX,CA,flora,2014,7,0
MX,CA,flora,2015,3,0
MX,CA,flora,2016,9,0
MX,CA,flora,2017,9,0
MX,CA,flora,2018,7,0
MX,CA,flora,2019,10,0
MX,CA,flora,2020,4,0
MX,CA,flora,2021,8,0
MX,CA,flora,2022,5,0
MX,CA,flora,2023,4,0
MX,CA,flora,2024,5,0
MX,CH,fauna,1977,1,0
MX,CH,fauna,1980,1,0
MX,CH,fauna,1981,2,0
MX,CH,fauna,1982,2,0
MX,CH,fauna,1983,1,0
MX,CH,fauna,1984,1,0
MX,CH,fauna,1985,1,0
MX,CH,fauna,1997,1,0
MX,CH,fauna,1998,1,0
MX,CH,fauna,1999,5,0
MX,CH,fauna,2000,16,0
MX,CH,fauna,2001,16,0
MX,CH,fauna,2002,3,0
MX,CH,fauna,2003,16,0
MX,CH,fauna,2004,9,0
MX,CH,fauna,2005,26,0
MX,CH,fauna,2006,47,0
MX,CH,fauna,2007,41,0
MX,CH,fauna,2008,82,0
MX,CH,fauna,2009,156,0
MX,CH,fauna,2010,104,0
MX,CH,fauna,2011,82,0
MX,CH,fauna,2012,147,0
MX,CH,fauna,2013,232,0
MX,CH,fauna,2014,285,0
MX,CH,fauna,2015,192,0
MX,CH,fauna,2016,192,0
MX,CH,fauna,2017,250,0
MX,CH,fauna,2018,264,0
MX,CH,fauna,2019,202,0
MX,CH,fauna,2020,212,0
MX,CH,fauna,2021,181,0
MX,CH,fauna,2022,115,0
MX,CH,fauna,2023,215,0
MX,CH,fauna,2024,84,0
MX,CH,flora,1985,1,0
MX,CH,flora,1987,7,7
MX,CH,flora,1989,3,3
MX,CH,flora,1990,1,0
MX,CH,flora,1991,1,0
MX,CH,flora,2000,62,0
MX,CH,flora,2001,255,0
MX,CH,flora,2002,43,0
MX,CH,flora,2004,61,0
MX,CH,flora,2006,3,0
MX,CH,flora,2007,1,0
MX,CH,flora,2009,10,0
MX,CH,flora,2010,4,0
MX,CH,flora,2011,1,0
MX,CH,flora,2012,53,0
MX,CH,flora,2014,95,0
MX,CH,flora,2016,3,0
MX,CH,flora,2017,2,0
MX,CH,flora,2023,2,0
MX,CL,fauna,1992,2,0
MX,CL,fauna,1993,1,0
MX,CL,fauna,1996,2,0
MX,CL,fauna,1997,1,0
MX,CL,fauna,1998,6,0
MX,CL,fauna,1999,6,0
MX,CL,fauna,2000,2,0
MX,CL,fauna,2001,7,0
MX,CL,fauna,2004,5,0
MX,CL,fauna,2005,1,0
MX,CL,fauna,2006,15,0
MX,CL,fauna,2007,4,0
MX,CL,fauna,2008,3,0
MX,CL,fauna,2009,16,0
MX,CL,fauna,2010,4,0
MX,CL,fauna,2015,5,0
MX,CL,fauna,2018,1,0
MX,CL,fauna,2019,1,0
MX,CL,fauna,2021,1,0
MX,CN,fauna,2003,3,0
MX,CN,fauna,2005,5,0
MX,CN,fauna,2010,9,0
MX,CN,fauna,2011,46,0
MX,CN,fauna,2012,46,0
MX,CN,fauna,2013,62,0
MX,CN,fauna,2014,69,0
MX,CN,fauna,2015,59,0
MX,CN,fauna,2016,4,0
MX,CN,fauna,2017,56,0
MX,CN,fauna,2018,57,0
MX,CN,fauna,2019,119,0
MX,CN,fauna,2020,147,0
MX,CN,fauna,2021,185,0
MX,CN,fauna,2022,101,0
MX,CN,fauna,2023,112,0
MX,CN,fauna,2024,119,0
MX,CN,flora,1993,1,0
MX,CN,flora,1994,4,0
MX,CN,flora,1996,1,0
MX,CN,flora,1998,1,0
MX,CN,flora,1999,2,0
MX,CN,flora,2000,47,0
MX,CN,flora,2001,4,0
MX,CN,flora,2002,6,0
MX,CN,flora,2003,90,0
MX,CN,flora,2006,4,0
MX,CN,flora,2007,28,0
MX,CN,flora,2008,2,0
MX,CN,flora,2009,1,0
MX,CN,flora,2011,3,0
MX,CN,flora,2012,6,0
MX,CN,flora,2013,83,0
MX,CN,flora,2014,56,0
MX,CN,flora,2015,34,0
MX,CN,flora,2016,17,0
MX,CN,flora,2017,36,0
MX,CN,flora,2018,13,0
MX,CN,flora,2019,8,0
MX,CN,flora,2020,68,0
MX,CN,flora,2021,86,0
MX,CN,flora,2022,103,0
MX,CN,flora,2023,17,0
MX,CN,flora,2024,11,0
MX,CO,fauna,1992,2,0
MX,CO,fauna,1993,1,0
MX,CO,fauna,1994,7,0
MX,CO,fauna,1995,9,0
MX,CO,fauna,1996,4,0
MX,CO,fauna,1997,2,0
MX,CO,fauna,1998,1,0
MX,CO,fauna,1999,6,0
MX,CO,fauna,2000,9,0
MX,CO,fauna,2001,11,0
MX,CO,fauna,2002,1,0
MX,CO,fauna,2003,3,0
MX,CO,fauna,2005,11,0
MX,CO,fauna,2006,13,0
MX,CO,fauna,2007,11,0
MX,CO,fauna,2008,5,0
MX,CO,fauna,2009,3,0
MX,CO,fauna,2011,35,0
MX,CO,fauna,2012,13,0
MX,CO,fauna,2013,21,0
MX,CO,fauna,2014,17,0
MX,CO,fauna,2015,9,0
MX,CO,fauna,2016,2,0
MX,CO,fauna,2017,1,0
MX,CO,fauna,2019,2,0
MX,CO,fauna,2023,3,0
MX,CO,fauna,2024,1,0
MX,CO,flora,2008,3,0
MX,CO,flora,2009,2,0
MX,CO,flora,2010,6,0
MX,CO,flora,2011,6,0
MX,CO,flora,2012,6,0
MX,CO,flora,2013,4,0
MX,CO,flora,2014,2,0
MX,CO,flora,2015,1,0
MX,CO,flora,2016,6,0
MX,CO,flora,2017,1,0
MX,CO,flora,2018,1,0
MX,CO,flora,2019,2,0
MX,CO,flora,2020,1,0
MX,CO,flora,2021,2,0
MX,CO,flora,2022,5,0
MX,CO,flora,2024,1,0
MX,CR,fauna,1995,2,0
MX,CR,fauna,1996,2,0
MX,CR,fauna,1997,6,0
MX,CR,fauna,1998,2,0
MX,CR,fauna,1999,3,0
MX,CR,fauna,2000,9,0
MX,CR,fauna,2002,2,0
MX,CR,fauna,2003,1,0
MX,CR,fauna,2004,1,0
MX,CR,fauna,2007,5,0
MX,CR,fauna,2012,1,0
MX,CR,fauna,2013,8,0
MX,CR,fauna,2014,51,0
MX,CR,fauna,2015,18,0
MX,CR,fauna,2016,6,0
MX,CR,fauna,2017,8,0
MX,CR,fauna,2018,55,4
MX,CR,fauna,2019,2,0
MX,CR,fauna,2023,2,0
MX,CR,fauna,2024,1,0
MX,CR,flora,2009,2,0
MX,CR,flora,2010,3,0
MX,CR,flora,2011,2,0
MX,CR,flora,2012,2,0
MX,CR,flora,2013,1,0
MX,CR,flora,2014,2,0
MX,CR,flora,2015,1,0
MX,CR,flora,2017,1,0
MX,CR,flora,2018,1,0
MX,CR,flora,2019,1,0
MX,CR,flora,2021,2,0
MX,CR,flora,2022,3,0
MX,CR,flora,2023,4,0
MX,CR,flora,2024,1,0
MX,CS,fauna,2005,2,0
MX,CU,fauna,1994,9,0
MX,CU,fauna,1995,4,0
MX,CU,fauna,1997,11,0
MX,CU,fauna,1998,6,0
MX,CU,fauna,2000,3,0
MX,CU,fauna,2006,7,0
MX,CU,fauna,2007,3,0
MX,CU,fauna,2011,2,0
MX,CU,fauna,2012,2,0
MX,CU,fauna,2013,3,0
MX,CU,fauna,2014,1,0
MX,CU,flora,1998,4,0
MX,CU,flora,1999,5,0
MX,CU,flora,2012,21,0
MX,CU,flora,2013,16,0
MX,CU,flora,2014,8,0
MX,CU,flora,2015,18,0
MX,CU,flora,2016,21,0
MX,CU,flora,2017,5,0
MX,CU,flora,2018,1,0
MX,CU,flora,2019,4,0
MX,CU,flora,2021,4,0
MX,CU,flora,2022,1,0
MX,CU,flora,2023,3,0
MX,CY,fauna,1997,1,0
MX,CY,fauna,1998,2,0
MX,CZ,fauna,1998,1,0
MX,CZ,fauna,1999,6,0
MX,CZ,fauna,2000,5,0
MX,CZ,fauna,2001,1,0
MX,CZ,fauna,2002,2,0
MX,CZ,fauna,2006,2,0
MX,CZ,fauna,2007,1,0
MX,CZ,fauna,2008,3,0
MX,CZ,fauna,2010,1,1
MX,CZ,fauna,2018,4,0
MX,CZ,fauna,2021,2,0
MX,CZ,fauna,2022,4,0
MX,CZ,fauna,2024,1,0
MX,CZ,flora,1999,33,33
MX,CZ,flora,2001,168,0
MX,CZ,flora,2002,109,0
MX,CZ,flora,2003,179,0
MX,CZ,flora,2007,3,3
MX,DE,fauna,1978,3,0
MX,DE,fauna,1979,3,0
MX,DE,fauna,1981,6,0
MX,DE,fauna,1982,8,0
MX,DE,fauna,1983,1,0
MX,DE,fauna,1987,1,0
MX,DE,fauna,1988,3,0
MX,DE,fauna,1989,6,0
MX,DE,fauna,1990,7,0
MX,DE,fauna,1991,9,0
MX,DE,fauna,1992,16,0
MX,DE,fauna,1993,11,0
MX,DE,fauna,1994,3,0
MX,DE,fauna,1995,7,0
MX,DE,fauna,1996,15,0
MX,DE,fauna,1997,12,0
MX,DE,fauna,1998,8,0
MX,DE,fauna,1999,8,0
MX,DE,fauna,2000,50,0
MX,DE,fauna,2001,5,0
MX,DE,fauna,2002,3,0
MX,DE,fauna,2003,18,0
MX,DE,fauna,2004,29,0
MX,DE,fauna,2005,39,0
MX,DE,fauna,2006,26,0
MX,DE,fauna,2007,31,0
MX,DE,fauna,2008,35,0
MX,DE,fauna,2009,57,0
MX,DE,fauna,2010,103,0
MX,DE,fauna,2011,46,0
MX,DE,fauna,2012,72,2
MX,DE,fauna,2013,30,0
MX,DE,fauna,2014,79,0
MX,DE,fauna,2015,54,0
MX,DE,fauna,2016,3,0
MX,DE,fauna,2017,19,1
MX,DE,fauna,2018,10,0
MX,DE,fauna,2019,11,0
MX,DE,fauna,2020,2,0
MX,DE,fauna,2021,8,0
MX,DE,fauna,2022,4,0
MX,DE,fauna,2023,11,0
MX,DE,fauna,2024,6,0
MX,DE,flora,1979,1,0
MX,DE,flora,1989,88,0
MX,DE,flora,1990,103,0
MX,DE,flora,1991,13,0
MX,DE,flora,1992,388,0
MX,DE,flora,1993,147,0
MX,DE,flora,1994,84,0
MX,DE,flora,1995,74,0
MX,DE,flora,1996,28,0
MX,DE,flora,1997,6,0
MX,DE,flora,1998,43,0
MX,DE,flora,1999,106,0
MX,DE,flora,2000,96,0
MX,DE,flora,2001,74,0
MX,DE,flora,2002,52,0
MX,DE,flora,2003,130,0
MX,DE,flora,2004,131,0
MX,DE,flora,2005,237,0
MX,DE,flora,2006,176,0
MX,DE,flora,2007,492,0
MX,DE,flora,2008,463,0
MX,DE,flora,2009,254,0
MX,DE,flora,2010,315,0
MX,DE,flora,2011,250,0
MX,DE,flora,2012,369,0
MX,DE,flora,2013,274,0
MX,DE,flora,2014,181,0
MX,DE,flora,2015,58,0
MX,DE,flora,2016,86,0
MX,DE,flora,2017,123,0
MX,DE,flora,2018,112,0
MX,DE,flora,2019,143,0
MX,DE,flora,2020,26,0
MX,DE,flora,2021,39,0
MX,DE,flora,2022,69,0
MX,DE,flora,2023,27,0
MX,DE,flora,2024,35,0
MX,DK,fauna,1981,3,0
MX,DK,fauna,1982,7,0
MX,DK,fauna,2004,1,0
MX,DK,fauna,2005,2,0
MX,DK,fauna,2006,1,0
MX,DK,fauna,2007,5,0
MX,DK,fauna,2011,4,0
MX,DK,fauna,2013,6,0
MX,DK,fauna,2014,55,0
MX,DK,fauna,2015,67,0
MX,DK,fauna,2016,2,0
MX,DK,fauna,2018,23,0
MX,DK,fauna,2019,6,0
MX,DK,fauna,2022,1,0
MX,DK,fauna,2023,2,0
MX,DK,fauna,2024,1,0
MX,DK,flora,1984,1,0
MX,DK,flora,2003,114,0
MX,DK,flora,2004,236,0
MX,DK,flora,2006,148,0
MX,DK,flora,2007,89,0
MX,DK,flora,2008,117,0
MX,DO,fauna,1997,2,0
MX,DO,fauna,1998,10,0
MX,DO,fauna,2002,2,0
MX,DO,fauna,2003,5,0
MX,DO,fauna,2004,5,0
MX,DO,fauna,2005,6,0
MX,DO,fauna,2006,2,0
MX,DO,fauna,2007,3,0
MX,DO,fauna,2008,1,0
MX,DO,fauna,2009,2,0
MX,DO,fauna,2010,2,0
MX,DO,fauna,2011,3,0
MX,DO,fauna,2013,2,0
MX,DO,fauna,2017,2,0
MX,DO,flora,1996,2,0
MX,DO,flora,2007,1,0
MX,DO,flora,2011,1,0
MX,DO,flora,2012,4,0
MX,DO,flora,2013,28,0
MX,DO,flora,2015,1,0
MX,DO,flora,2016,6,0
MX,DO,flora,2017,4,0
MX,DO,flora,2018,4,0
MX,DO,flora,2019,1,0
MX,DO,flora,2021,16,0
MX,DO,flora,2022,17,0
MX,DO,flora,2023,22,0
MX,DO,flora,2024,19,0
MX,EC,fauna,2005,8,0
MX,EC,fauna,2012,4,0
MX,EC,fauna,2013,5,0
MX,EC,fauna,2014,2,0
MX,EC,fauna,2015,1,0
MX,EC,fauna,2018,1,0
MX,EC,flora,2018,1,0
MX,EC,flora,2019,1,0
MX,EC,flora,2022,1,0
MX,EC,flora,2023,2,0
MX,EG,fauna,2015,2,0
MX,EG,flora,2010,1,0
MX,EG,flora,2013,1,0
MX,EG,flora,2014,1,0
MX,EG,flora,2023,1,0
MX,ES,fauna,1988,1,0
MX,ES,fauna,1989,1,0
MX,ES,fauna,1993,4,0
MX,ES,fauna,1994,7,1
MX,ES,fauna,1995,3,0
MX,ES,fauna,1996,2,1
MX,ES,fauna,1997,70,3
MX,ES,fauna,1998,9,0
MX,ES,fauna,1999,25,2
MX,ES,fauna,2000,29,3
MX,ES,fauna,2001,12,0
MX,ES,fauna,2002,40,0
MX,ES,fauna,2003,20,0
MX,ES,fauna,2004,68,0
MX,ES,fauna,2005,83,0
MX,ES,fauna,2006,90,0
MX,ES,fauna,2007,57,0
MX,ES,fauna,2008,44,0
MX,ES,fauna,2009,24,2
MX,ES,fauna,2010,72,0
MX,ES,fauna,2011,137,0
MX,ES,fauna,2012,100,0
MX,ES,fauna,2013,97,0
MX,ES,fauna,2014,98,0
MX,ES,fauna,2015,96,0
MX,ES,fauna,2016,25,0
MX,ES,fauna,2017,42,0
MX,ES,fauna,2018,71,0
MX,ES,fauna,2019,47,0
MX,ES,fauna,2020,21,0
MX,ES,fauna,2021,54,0
MX,ES,fauna,2022,26,0
MX,ES,fauna,2023,43,0
MX,ES,fauna,2024,21,0
MX,ES,flora,1992,149,0
MX,ES,flora,2000,97,0
MX,ES,flora,2002,1,0
MX,ES,flora,2007,1,0
MX,ES,flora,2008,1,0
MX,ES,flora,2009,3,0
MX,ES,flora,2010,8,0
MX,ES,flora,2011,15,0
MX,ES,flora,2012,4,0
MX,ES,flora,2013,5,0
MX,ES,flora,2014,4,0
MX,ES,flora,2015,5,0
MX,ES,flora,2017,1,0
MX,ES,flora,2018,5,0
MX,ES,flora,2019,3,0
MX,ES,flora,2020,4,0
MX,ES,flora,2022,8,0
MX,ES,flora,2023,6,0
MX,ES,flora,2024,9,0
MX,FI,fauna,1992,1,0
MX,FI,fauna,2011,6,0
MX,FI,flora,1996,1,0
MX,FR,fauna,1986,6,0
MX,FR,fauna,1987,30,0
MX,FR,fauna,1988,31,0
MX,FR,fauna,1989,41,0
MX,FR,fauna,1990,42,0
MX,FR,fauna,1991,51,0
MX,FR,fauna,1992,114,0
MX,FR,fauna,1995,1,0
MX,FR,fauna,1996,7,0
MX,FR,fauna,1997,5,0
MX,FR,fauna,1998,12,0
MX,FR,fauna,1999,15,0
MX,FR,fauna,2000,83,0
MX,FR,fauna,2001,89,0
MX,FR,fauna,2002,20,0
MX,FR,fauna,2003,24,0
MX,FR,fauna,2004,24,0
MX,FR,fauna,2005,75,0
MX,FR,fauna,2006,39,0
MX,FR,fauna,2007,77,0
MX,FR,fauna,2008,124,0
MX,FR,fauna,2009,285,0
MX,FR,fauna,2010,444,0
MX,FR,fauna,2011,447,0
MX,FR,fauna,2012,560,0
MX,FR,fauna,2013,471,0
MX,FR,fauna,2014,447,0
MX,FR,fauna,2015,357,0
MX,FR,fauna,2016,288,0
MX,FR,fauna,2017,115,0
MX,FR,fauna,2018,92,0
MX,FR,fauna,2019,98,0
MX,FR,fauna,2020,58,0
MX,FR,fauna,2021,110,0
MX,FR,fauna,2022,76,0
MX,FR,fauna,2023,85,0
MX,FR,fauna,2024,211,0
MX,FR,flora,1990,2,0
MX,FR,flora,1992,108,0
MX,FR,flora,1995,1,0
MX,FR,flora,1997,1,0
MX,FR,flora,1999,2,0
MX,FR,flora,2000,63,0
MX,FR,flora,2004,68,0
MX,FR,flora,2005,211,0
MX,FR,flora,2007,41,0
MX,FR,flora,2008,6,0
MX,FR,flora,2009,57,0
MX,FR,flora,2010,53,0
MX,FR,flora,2011,48,0
MX,FR,flora,2012,37,0
MX,FR,flora,2013,15,0
MX,FR,flora,2014,9,0
MX,FR,flora,2015,132,0
MX,FR,flora,2016,59,0
MX,FR,flora,2017,45,0
MX,FR,flora,2018,49,0
MX,FR,flora,2019,21,0
MX,FR,flora,2020,17,0
MX,FR,flora,2021,36,0
MX,FR,flora,2022,96,0
MX,FR,flora,2023,42,0
MX,FR,flora,2024,55,0
MX,GB,fauna,1977,1,0
MX,GB,fauna,1979,1,0
MX,GB,fauna,1980,1,0
MX,GB,fauna,1981,13,0
MX,GB,fauna,1982,3,0
MX,GB,fauna,1983,2,0
MX,GB,fauna,1985,1,0
MX,GB,fauna,1986,1,0
MX,GB,fauna,1988,1,0
MX,GB,fauna,1989,1,0
MX,GB,fauna,1991,3,0
MX,GB,fauna,1992,3,0
MX,GB,fauna,1994,1,0
MX,GB,fauna,1997,4,3
MX,GB,fauna,1998,3,0
MX,GB,fauna,1999,13,1
MX,GB,fauna,2000,10,1
MX,GB,fauna,2001,22,2
MX,GB,fauna,2002,5,1
MX,GB,fauna,2003,4,0
MX,GB,fauna,2004,3,2
MX,GB,fauna,2005,14,0
MX,GB,fauna,2006,8,0
MX,GB,fauna,2007,35,1
MX,GB,fauna,2008,52,0
MX,GB,fauna,2009,67,0
MX,GB,fauna,2010,17,0
MX,GB,fauna,2011,16,0
MX,GB,fauna,2012,13,0
MX,GB,fauna,2013,21,0
MX,GB,fauna,2014,38,0
MX,GB,fauna,2015,7,0
MX,GB,fauna,2016,5,0
MX,GB,fauna,2017,4,0
MX,GB,fauna,2019,33,0
MX,GB,fauna,2020,20,0
MX,GB,fauna,2022,47,0
MX,GB,fauna,2023,4,0
MX,GB,fauna,2024,2,0
MX,GB,flora,1976,22,0
MX,GB,flora,1977,26,0
MX,GB,flora,1978,24,0
MX,GB,flora,1979,26,0
MX,GB,flora,1980,14,0
MX,GB,flora,1981,39,0
MX,GB,flora,1982,17,0
MX,GB,flora,1983,11,0
MX,GB,flora,1984,21,0
MX,GB,flora,1985,22,0
MX,GB,flora,1988,16,0
MX,GB,flora,1989,25,0
MX,GB,flora,1990,52,0
MX,GB,flora,1991,29,0
MX,GB,flora,1992,130,0
MX,GB,flora,1993,1,0
MX,GB,flora,1996,1,0
MX,GB,flora,1997,1,0
MX,GB,flora,1999,1,0
MX,GB,flora,2000,220,0
MX,GB,flora,2002,175,0
MX,GB,flora,2003,169,0
MX,GB,flora,2004,20,0
MX,GB,flora,2005,24,0
MX,GB,flora,2006,27,0
MX,GB,flora,2007,23,0
MX,GB,flora,2008,16,0
MX,GB,flora,2009,36,0
MX,GB,flora,2010,43,0
MX,GB,flora,2011,7,0
MX,GB,flora,2012,11,0
MX,GB,flora,2013,8,0
MX,GB,flora,2014,85,0
MX,GB,flora,2015,203,0
MX,GB,flora,2016,304,0
MX,GB,flora,2017,5,0
MX,GB,flora,2018,4,0
MX,GB,flora,2019,3,0
MX,GB,flora,2020,2,0
MX,GB,flora,2021,7,0
MX,GB,flora,2022,6,0
MX,GB,flora,2023,6,0
MX,GB,flora,2024,8,0
MX,GP,fauna,2006,1,0
MX,GP,fauna,2024,1,0
MX,GP,flora,2004,24,0
MX,GR,fauna,2005,11,0
MX,GR,fauna,2006,1,0
MX,GR,fauna,2007,4,2
MX,GR,fauna,2016,1,0
MX,GR,fauna,2017,1,0
MX,GR,flora,1999,1,0
MX,GT,fauna,1992,7,0
MX,GT,fauna,1993,2,0
MX,GT,fauna,1994,3,0
MX,GT,fauna,1997,7,0
MX,GT,fauna,1998,9,0
MX,GT,fauna,1999,17,0
MX,GT,fauna,2000,15,0
MX,GT,fauna,2003,10,0
MX,GT,fauna,2004,27,0
MX,GT,fauna,2005,18,0
MX,GT,fauna,2006,45,0
MX,GT,fauna,2007,39,1
MX,GT,fauna,2008,23,0
MX,GT,fauna,2009,49,0
MX,GT,fauna,2010,72,0
MX,GT,fauna,2011,91,0
MX,GT,fauna,2012,106,0
MX,GT,fauna,2013,70,0
MX,GT,fauna,2014,77,0
MX,GT,fauna,2015,76,0
MX,GT,fauna,2016,45,0
MX,GT,fauna,2017,124,7
MX,GT,fauna,2018,44,0
MX,GT,fauna,2019,62,0
MX,GT,fauna,2020,23,0
MX,GT,fauna,2021,28,0
MX,GT,fauna,2022,67,0
MX,GT,fauna,2023,80,0
MX,GT,fauna,2024,78,0
MX,GT,flora,1994,23,0
MX,GT,flora,2008,1,0
MX,GT,flora,2010,1,0
MX,GT,flora,2011,2,0
MX,GT,flora,2012,1,0
MX,GT,flora,2014,5,0
MX,GT,flora,2015,4,0
MX,GT,flora,2016,5,0
MX,GT,flora,2017,2,0
MX,GT,flora,2018,3,0
MX,GT,flora,2019,2,0
MX,GT,flora,2020,2,0
MX,GT,flora,2021,2,0
MX,GT,flora,2022,4,0
MX,GT,flora,2024,3,0
MX,HK,fauna,1979,2,0
MX,HK,fauna,1981,2,0
MX,HK,fauna,1982,1,0
MX,HK,fauna,1983,1,0
MX,HK,fauna,1989,2,0
MX,HK,fauna,1991,1,0
MX,HK,fauna,1992,1,0
MX,HK,fauna,1993,1,0
MX,HK,fauna,1994,1,0
MX,HK,fauna,1995,6,0
MX,HK,fauna,1996,5,0
MX,HK,fauna,1998,1,0
MX,HK,fauna,2005,7,0
MX,HK,fauna,2009,4,0
MX,HK,fauna,2010,10,0
MX,HK,fauna,2011,8,0
MX,HK,fauna,2012,32,0
MX,HK,fauna,2013,10,0
MX,HK,fauna,2015,29,0
MX,HK,fauna,2016,53,0
MX,HK,fauna,2017,43,0
MX,HK,fauna,2018,50,0
MX,HK,fauna,2019,76,0
MX,HK,fauna,2020,119,0
MX,HK,fauna,2021,167,0
MX,HK,fauna,2022,102,0
MX,HK,fauna,2023,129,0
MX,HK,fauna,2024,263,0
MX,HK,flora,1994,3,0
MX,HK,flora,1996,1,0
MX,HK,flora,1997,1,0
MX,HK,flora,1998,3,0
MX,HK,flora,1999,3,0
MX,HK,flora,2000,1,0
MX,HK,flora,2004,1,0
MX,HK,flora,2005,48,0
MX,HK,flora,2006,2,0
MX,HK,flora,2007,2,0
MX,HK,flora,2008,28,0
MX,HK,flora,2009,3,0
MX,HK,flora,2010,3,0
MX,HK,flora,2011,1,0
MX,HK,flora,2016,1,0
MX,HN,fauna,1999,7,0
MX,HN,fauna,2006,1,0
MX,HN,fauna,2008,68,1
MX,HN,fauna,2009,55,0
MX,HN,fauna,2010,22,0
MX,HN,fauna,2011,56,0
MX,HN,fauna,2012,33,0
MX,HN,fauna,2013,45,0
MX,HN,fauna,2014,26,0
MX,HN,fauna,2015,11,0
MX,HN,fauna,2016,1,0
MX,HN,fauna,2019,2,0
MX,HN,fauna,2021,17,0
MX,HN,fauna,2022,12,0
MX,HN,fauna,2023,18,0
MX,HN,fauna,2024,45,0
MX,HN,flora,2015,2,0
MX,HN,flora,2016,2,0
MX,HN,flora,2017,1,0
MX,HN,flora,2021,6,0
MX,HN,flora,2022,4,0
MX,HN,flora,2024,3,0
MX,HU,fauna,2001,1,0
MX,HU,fauna,2006,1,1
MX,HU,fauna,2007,2,0
MX,HU,fauna,2008,5,0
MX,HU,fauna,2010,2,0
MX,HU,fauna,2013,1,0
MX,HU,fauna,2021,2,0
MX,HU,fauna,2024,1,0
MX,ID,fauna,2000,2,0
MX,ID,fauna,2003,2,0
MX,ID,fauna,2012,2,0
MX,ID,fauna,2021,1,0
MX,ID,fauna,2022,3,0
MX,ID,fauna,2024,3,0
MX,ID,flora,1995,1,0
MX,ID,flora,1996,3,0
MX,ID,flora,1999,1,0
MX,ID,flora,2011,1,0
MX,ID,flora,2012,1,0
MX,ID,flora,2013,130,0
MX,ID,flora,2014,110,0
MX,ID,flora,2015,5,0
MX,ID,flora,2016,7,0
MX,ID,flora,2017,2,0
MX,ID,flora,2018,3,0
MX,ID,flora,2019,2,0
MX,ID,flora,2022,2,0
MX,ID,flora,2023,3,0
MX,ID,flora,2024,3,0
MX,IL,fauna,2006,2,0
MX,IL,fauna,2010,2,0
MX,IL,fauna,2013,1,0
MX,IL,flora,2010,1,0
MX,IN,fauna,2021,54,24
MX,IN,fauna,2022,104,38
MX,IN,fauna,2023,19,3
MX,IN,flora,2008,2,0
MX,IN,flora,2009,3,0
MX,IN,flora,2010,5,0
MX,IN,flora,2011,1,0
MX,IN,flora,2012,6,0
MX,IN,flora,2013,8,0
MX,IN,flora,2014,5,0
MX,IN,flora,2015,3,0
MX,IN,flora,2016,3,0
MX,IN,flora,2018,1,0
MX,IN,flora,2019,2,0
MX,IN,flora,2020,1,0
MX,IN,flora,2021,4,0
MX,IN,flora,2022,2,0
MX,IN,flora,2024,3,0
MX,IS,fauna,2005,2,0
MX,IS,fauna,2006,1,0
MX,IT,fauna,1980,1,0
MX,IT,fauna,1981,1,0
MX,IT,fauna,1986,1,0
MX,IT,fauna,1987,1,0
MX,IT,fauna,1994,2,0
MX,IT,fauna,1995,2,0
MX,IT,fauna,1996,10,0
MX,IT,fauna,1997,23,0
MX,IT,fauna,1998,10,0
MX,IT,fauna,1999,16,0
MX,IT,fauna,2000,61,0
MX,IT,fauna,2001,72,0
MX,IT,fauna,2002,47,0
MX,IT,fauna,2003,162,0
MX,IT,fauna,2004,94,0
MX,IT,fauna,2005,185,0
MX,IT,fauna,2006,171,0
MX,IT,fauna,2007,180,8
MX,IT,fauna,2008,75,1
MX,IT,fauna,2009,58,1
MX,IT,fauna,2010,5,0
MX,IT,fauna,2011,27,0
MX,IT,fauna,2012,23,0
MX,IT,fauna,2013,51,0
MX,IT,fauna,2014,40,0
MX,IT,fauna,2015,3,0
MX,IT,fauna,2016,12,0
MX,IT,fauna,2017,26,0
MX,IT,fauna,2018,19,0
MX,IT,fauna,2019,13,0
MX,IT,fauna,2020,13,0
MX,IT,fauna,2021,24,0
MX,IT,fauna,2022,9,0
MX,IT,fauna,2023,5,0
MX,IT,fauna,2024,20,0
MX,IT,flora,1990,2,0
MX,IT,flora,1992,79,0
MX,IT,flora,1993,2,0
MX,IT,flora,1994,1,0
MX,IT,flora,1996,3,0
MX,IT,flora,2004,57,0
MX,IT,flora,2005,4,0
MX,IT,flora,2007,2,0
MX,IT,flora,2008,19,0
MX,IT,flora,2009,6,0
MX,IT,flora,2010,4,0
MX,IT,flora,2011,3,0
MX,IT,flora,2012,8,0
MX,IT,flora,2013,6,0
MX,IT,flora,2014,28,0
MX,IT,flora,2015,38,0
MX,IT,flora,2016,33,0
MX,IT,flora,2017,13,0
MX,IT,flora,2018,3,0
MX,IT,flora,2020,2,0
MX,IT,flora,2021,3,0
MX,IT,flora,2022,3,0
MX,IT,flora,2023,4,0
MX,IT,flora,2024,6,0
MX,JM,fauna,2000,5,0
MX,JM,fauna,2001,8,0
MX,JM,fauna,2002,3,0
MX,JM,fauna,2003,5,0
MX,JM,fauna,2014,2,0
MX,JP,fauna,1983,1,0
MX,JP,fauna,1985,1,0
MX,JP,fauna,1991,17,0
MX,JP,fauna,1992,11,0
MX,JP,fauna,1993,2,0
MX,JP,fauna,1994,4,0
MX,JP,fauna,1995,13,0
MX,JP,fauna,1996,11,0
MX,JP,fauna,1997,18,0
MX,JP,fauna,1998,24,0
MX,JP,fauna,1999,20,0
MX,JP,fauna,2000,44,0
MX,JP,fauna,2001,11,0
MX,JP,fauna,2002,35,0
MX,JP,fauna,2003,32,0
MX,JP,fauna,2004,37,0
MX,JP,fauna,2005,96,0
MX,JP,fauna,2006,116,0
MX,JP,fauna,2007,59,0
MX,JP,fauna,2008,84,0
MX,JP,fauna,2009,111,0
MX,JP,fauna,2010,55,0
MX,JP,fauna,2011,70,0
MX,JP,fauna,2012,44,0
MX,JP,fauna,2013,31,0
MX,JP,fauna,2014,47,0
MX,JP,fauna,2015,20,0
MX,JP,fauna,2016,14,0
MX,JP,fauna,2017,13,0
MX,JP,fauna,2018,11,0
MX,JP,fauna,2019,16,0
MX,JP,fauna,2020,3,0
MX,JP,fauna,2021,8,0
MX,JP,fauna,2022,5,0
MX,JP,fauna,2023,10,0
MX,JP,fauna,2024,52,0
MX,JP,flora,1981,6,0
MX,JP,flora,1982,10,0
MX,JP,flora,1983,12,0
MX,JP,flora,1984,8,0
MX,JP,flora,1985,15,0
MX,JP,flora,1986,6,0
MX,JP,flora,1987,2,0
MX,JP,flora,1990,2,0
MX,JP,flora,1991,84,0
MX,JP,flora,1992,158,0
MX,JP,flora,1993,73,0
MX,JP,flora,1994,128,0
MX,JP,flora,1995,212,0
MX,JP,flora,1996,222,0
MX,JP,flora,1997,53,0
MX,JP,flora,1998,31,0
MX,JP,flora,1999,23,0
MX,JP,flora,2000,24,0
MX,JP,flora,2001,19,0
MX,JP,flora,2002,117,0
MX,JP,flora,2003,57,0
MX,JP,flora,2004,16,0
MX,JP,flora,2005,11,0
MX,JP,flora,2006,6,0
MX,JP,flora,2007,113,0
MX,JP,flora,2008,43,0
MX,JP,flora,2009,141,0
MX,JP,flora,2010,91,0
MX,JP,flora,2011,143,0
MX,JP,flora,2012,81,0
MX,JP,flora,2013,113,0
MX,JP,flora,2014,99,0
MX,JP,flora,2015,203,0
MX,JP,flora,2016,142,0
MX,JP,flora,2017,176,0
MX,JP,flora,2018,168,0
MX,JP,flora,2019,158,0
MX,JP,flora,2020,52,0
MX,JP,flora,2021,73,0
MX,JP,flora,2022,100,0
MX,JP,flora,2023,51,0
MX,JP,flora,2024,61,0
MX,KP,fauna,2015,1,0
MX,KP,flora,2020,2,0
MX,KP,flora,2023,2,0
MX,KR,fauna,2003,3,0
MX,KR,fauna,2005,5,0
MX,KR,fauna,2006,37,0
MX,KR,fauna,2008,1,0
MX,KR,fauna,2009,1,0
MX,KR,fauna,2010,4,0
MX,KR,fauna,2011,3,0
MX,KR,fauna,2012,9,0
MX,KR,fauna,2013,4,0
MX,KR,fauna,2014,6,0
MX,KR,fauna,2015,2,0
MX,KR,fauna,2018,8,0
MX,KR,fauna,2019,4,0
MX,KR,fauna,2022,18,0
MX,KR,fauna,2023,14,0
MX,KR,fauna,2024,14,0
MX,KR,flora,1994,1,0
MX,KR,flora,1996,1,0
MX,KR,flora,2009,2,0
MX,KR,flora,2010,3,0
MX,KR,flora,2011,4,0
MX,KR,flora,2012,6,0
MX,KR,flora,2013,4,0
MX,KR,flora,2014,1,0
MX,KR,flora,2015,6,0
MX,KR,flora,2016,6,0
MX,KR,flora,2017,7,0
MX,KR,flora,2018,80,0
MX,KR,flora,2019,11,0
MX,KR,flora,2020,15,0
MX,KR,flora,2021,6,0
MX,KR,flora,2022,5,0
MX,KR,flora,2023,7,0
MX,KR,flora,2024,5,0
MX,KY,fauna,1980,1,0
MX,KY,fauna,1986,1,0
MX,KY,fauna,1987,1,0
MX,KZ,fauna,2005,2,0
MX,KZ,fauna,2010,2,0
MX,KZ,flora,2013,66,0
MX,LA,fauna,2024,1,0
MX,LB,fauna,2005,4,0
MX,LB,fauna,2007,2,0
MX,LT,fauna,2016,1,0
MX,LU,flora,2017,1,0
MX,LY,fauna,2010,4,0
MX,MA,fauna,1994,1,0
MX,MA,fauna,1998,1,0
MX,MA,fauna,2004,1,0
MX,MA,fauna,2005,3,0
MX,MO,fauna,2000,3,0
MX,MO,fauna,2022,3,0
MX,MO,fauna,2023,3,0
MX,MO,fauna,2024,3,0
MX,MU,fauna,2017,4,0
MX,MX,fauna,1995,2,0
MX,MX,fauna,1996,1,0
MX,MX,fauna,2004,2,0
MX,MX,fauna,2005,1,0
MX,MX,fauna,2006,2,0
MX,MX,fauna,2007,56,0
MX,MX,fauna,2008,19,0
MX,MX,fauna,2009,11,0
MX,MX,flora,2007,1,0
MX,MX,flora,2008,1,0
MX,MY,fauna,2015,2,0
MX,NC,fauna,1996,3,0
MX,NI,fauna,1992,1,0
MX,NI,fauna,1997,1,0
MX,NI,fauna,2015,1,0
MX,NI,fauna,2016,1,0
MX,NI,fauna,2017,1,0
MX,NI,fauna,2018,2,0
MX,NI,fauna,2019,2,0
MX,NI,fauna,2023,2,0
MX,NI,fauna,2024,6,0
MX,NI,flora,2015,1,0
MX,NI,flora,2016,1,0
MX,NI,flora,2017,2,0
MX,NI,flora,2021,8,0
MX,NI,flora,2022,11,0
MX,NI,flora,2023,5,0
MX,NI,flora,2024,16,0
MX,NL,fauna,1984,1,1
MX,NL,fauna,1987,1,1
MX,NL,fauna,1998,1,1
MX,NL,fauna,2000,3,0
MX,NL,fauna,2002,2,0
MX,NL,fauna,2003,1,0
MX,NL,fauna,2005,7,0
MX,NL,fauna,2006,9,0
MX,NL,fauna,2007,18,2
MX,NL,fauna,2008,10,1
MX,NL,fauna,2011,4,0
MX,NL,fauna,2012,14,0
MX,NL,fauna,2013,3,0
MX,NL,fauna,2014,6,0
MX,NL,fauna,2015,14,0
MX,NL,fauna,2016,2,0
MX,NL,fauna,2018,1,0
MX,NL,fauna,2019,4,0
MX,NL,fauna,2020,7,0
MX,NL,fauna,2021,1,0
MX,NL,fauna,2022,3,0
MX,NL,flora,1986,1,0
MX,NL,flora,1987,2,2
MX,NL,flora,1996,1,0
MX,NL,flora,1997,1,1
MX,NL,flora,1998,1,1
MX,NL,flora,1999,2,0
MX,NL,flora,2004,3,0
MX,NL,flora,2005,1,0
MX,NL,flora,2006,106,0
MX,NL,flora,2007,171,0
MX,NL,flora,2008,372,0
MX,NL,flora,2009,376,0
MX,NL,flora,2010,110,0
MX,NL,flora,2011,4,0
MX,NL,flora,2012,3,0
MX,NL,flora,2015,7,0
MX,NL,flora,2017,28,0
MX,NL,flora,2018,7,0
MX,NL,flora,2019,12,0
MX,NL,flora,2020,25,0
MX,NL,flora,2021,27,0
MX,NL,flora,2022,26,0
MX,NL,flora,2023,23,0
MX,NL,flora,2024,5,0
MX,NO,fauna,1995,2,0
MX,NO,fauna,1997,1,0
MX,NO,fauna,2001,1,1
MX,NO,fauna,2004,12,0
MX,NO,fauna,2005,31,0
MX,NO,fauna,2006,20,0
MX,NO,fauna,2007,16,0
MX,NO,fauna,2008,12,0
MX,NO,fauna,2009,12,0
MX,NO,fauna,2010,2,0
MX,NO,fauna,2011,46,0
MX,NO,fauna,2012,94,0
MX,NO,fauna,2013,31,0
MX,NO,fauna,2016,6,0
MX,NO,fauna,2017,6,0
MX,NO,fauna,2020,3,0
MX,NO,fauna,2022,3,0
MX,NO,fauna,2023,4,0
MX,NO,flora,1992,45,0
MX,NO,flora,2000,73,0
MX,NZ,fauna,1991,1,0
MX,NZ,fauna,1992,1,1
MX,NZ,fauna,1995,1,1
MX,NZ,fauna,1996,3,3
MX,NZ,fauna,1997,6,2
MX,NZ,fauna,1998,11,6
MX,NZ,fauna,1999,4,4
MX,NZ,fauna,2000,1,1
MX,NZ,fauna,2001,7,7
MX,NZ,fauna,2002,11,11
MX,NZ,fauna,2003,2,2
MX,NZ,fauna,2004,2,2
MX,NZ,fauna,2005,9,1
MX,NZ,fauna,2007,2,2
MX,NZ,fauna,2010,1,1
MX,NZ,fauna,2013,8,0
MX,NZ,fauna,2014,6,0
MX,NZ,flora,1998,2,2
MX,NZ,flora,1999,2,2
MX,NZ,flora,2002,1,1
MX,NZ,flora,2003,1,1
MX,PA,fauna,1996,1,0
MX,PA,fauna,1997,7,0
MX,PA,fauna,1998,1,0
MX,PA,fauna,1999,21,0
MX,PA,fauna,2000,23,0
MX,PA,fauna,2001,39,0
MX,PA,fauna,2002,16,0
MX,PA,fauna,2003,2,0
MX,PA,fauna,2004,4,0
MX,PA,fauna,2005,1,0
MX,PA,fauna,2008,1,0
MX,PA,fauna,2009,2,0
MX,PA,fauna,2010,2,0
MX,PA,fauna,2011,2,0
MX,PA,fauna,2013,3,0
MX,PA,fauna,2018,4,0
MX,PA,fauna,2019,1,0
MX,PA,fauna,2022,13,0
MX,PA,fauna,2023,2,0
MX,PA,fauna,2024,2,0
MX,PA,fauna,2025,2,0
MX,PA,flora,2012,1,0
MX,PA,flora,2013,1,0
MX,PA,flora,2024,1,0
MX,PE,fauna,1994,1,0
MX,PE,fauna,1995,2,0
MX,PE,fauna,1996,8,0
MX,PE,fauna,1997,7,0
MX,PE,fauna,1998,1,0
MX,PE,fauna,1999,1,0
MX,PE,fauna,2000,2,0
MX,PE,fauna,2011,2,0
MX,PE,fauna,2013,4,0
MX,PE,fauna,2014,25,0
MX,PE,fauna,2015,31,0
MX,PE,fauna,2016,27,0
MX,PE,fauna,2017,64,0
MX,PE,fauna,2018,4,0
MX,PE,fauna,2019,1,0
MX,PE,fauna,2021,7,0
MX,PE,flora,2012,1,0
MX,PE,flora,2021,1,0
MX,PE,flora,2023,1,0
MX,PH,fauna,1993,4,0
MX,PH,fauna,1994,3,0
MX,PH,fauna,2000,1,0
MX,PH,fauna,2001,2,0
MX,PH,fauna,2009,2,0
MX,PH,flora,1992,2,0
MX,PH,flora,1996,3,0
MX,PH,flora,1997,3,0
MX,PH,flora,2003,2,0
MX,PH,flora,2004,4,0
MX,PH,flora,2005,2,0
MX,PH,flora,2006,2,0
MX,PH,flora,2007,2,0
MX,PH,flora,2009,5,0
MX,PH,flora,2010,4,0
MX,PH,flora,2011,3,0
MX,PH,flora,2012,2,0
MX,PH,flora,2013,2,0
MX,PH,flora,2014,4,0
MX,PH,flora,2015,2,0
MX,PH,flora,2016,1,0
MX,PH,flora,2017,1,0
MX,PH,flora,2018,1,0
MX,PH,flora,2019,1,0
MX,PH,flora,2020,1,0
MX,PH,flora,2023,1,0
MX,PK,fauna,2011,2,0
MX,PK,fauna,2012,1,0
MX,PL,fauna,1999,1,0
MX,PL,fauna,2000,3,0
MX,PL,fauna,2004,7,7
MX,PL,fauna,2005,3,3
MX,PL,fauna,2008,1,1
MX,PL,fauna,2009,5,5
MX,PL,fauna,2010,3,1
MX,PL,fauna,2011,2,0
MX,PL,fauna,2012,4,0
MX,PL,fauna,2018,20,0
MX,PL,fauna,2019,10,0
MX,PL,fauna,2020,16,0
MX,PL,fauna,2021,4,0
MX,PL,flora,2023,2,0
MX,PR,fauna,1992,2,0
MX,PR,fauna,2001,2,0
MX,PR,fauna,2005,1,0
MX,PR,fauna,2010,4,0
MX,PR,flora,2019,1,0
MX,PT,fauna,1994,1,0
MX,PT,fauna,1995,4,0
MX,PT,fauna,2000,1,0
MX,PT,fauna,2001,3,0
MX,PT,fauna,2003,1,0
MX,PT,fauna,2005,2,0
MX,PT,fauna,2009,21,0
MX,PT,fauna,2011,6,0
MX,PT,fauna,2017,6,0
MX,PT,fauna,2021,2,0
MX,PT,fauna,2022,4,0
MX,PY,fauna,2010,2,0
MX,QA,flora,2016,2,0
MX,RO,fauna,2011,2,0
MX,RU,fauna,1992,2,0
MX,RU,fauna,1995,2,0
MX,RU,fauna,2006,1,0
MX,RU,fauna,2007,9,0
MX,RU,fauna,2008,10,0
MX,RU,fauna,2009,2,0
MX,RU,fauna,2011,12,0
MX,RU,fauna,2012,4,0
MX,RU,fauna,2013,13,0
MX,RU,fauna,2014,8,0
MX,RU,fauna,2016,1,0
MX,RU,fauna,2017,5,0
MX,RU,fauna,2018,4,0
MX,RU,fauna,2019,3,0
MX,RU,fauna,2020,1,0
MX,RU,fauna,2021,8,0
MX,RU,fauna,2023,5,0
MX,RU,fauna,2024,12,0
MX,RU,flora,2001,28,0
MX,RU,flora,2004,74,0
MX,RU,flora,2005,77,0
MX,RU,flora,2006,71,0
MX,RU,flora,2007,122,0
MX,RU,flora,2011,210,0
MX,RU,flora,2012,240,0
MX,RU,flora,2013,221,0
MX,RU,flora,2014,68,0
MX,RU,flora,2016,11,0
MX,RU,flora,2017,64,0
MX,RU,flora,2018,71,0
MX,RU,flora,2019,104,0
MX,RU,flora,2022,39,0
MX,RU,flora,2023,1,0
MX,SA,fauna,2003,1,0
MX,SA,fauna,2004,2,0
MX,SE,fauna,1982,6,0
MX,SE,fauna,1986,2,0
MX,SE,fauna,1992,2,0
MX,SE,fauna,2000,2,0
MX,SE,fauna,2005,1,0
MX,SE,fauna,2006,3,0
MX,SE,fauna,2007,7,0
MX,SE,fauna,2008,8,0
MX,SE,fauna,2009,5,0
MX,SE,fauna,2010,14,0
MX,SE,fauna,2011,19,0
MX,SE,fauna,2012,5,0
MX,SE,fauna,2013,8,0
MX,SE,fauna,2014,10,0
MX,SE,flora,2003,54,0
MX,SG,fauna,1995,3,0
MX,SG,fauna,2000,20,0
MX,SG,fauna,2001,49,0
MX,SG,fauna,2002,2,0
MX,SG,fauna,2003,5,0
MX,SG,fauna,2004,2,0
MX,SG,fauna,2005,6,0
MX,SG,fauna,2007,20,0
MX,SG,fauna,2008,2,0
MX,SG,fauna,2009,4,0
MX,SG,fauna,2010,5,0
MX,SG,fauna,2011,1,0
MX,SG,fauna,2014,13,0
MX,SG,fauna,2018,1,0
MX,SG,fauna,2023,24,0
MX,SG,flora,1993,2,0
MX,SG,flora,1994,1,0
MX,SG,flora,2003,1,0
MX,SG,flora,2006,1,0
MX,SG,flora,2023,21,0
MX,SI,fauna,2006,4,4
MX,SI,flora,2004,1,1
MX,SI,flora,2014,2,0
MX,SI,flora,2021,2,0
MX,SI,flora,2023,2,0
MX,SI,flora,2024,2,0
MX,SR,fauna,2004,3,0
MX,SU,fauna,1991,3,0
MX,SU,fauna,2010,1,0
MX,SV,fauna,1992,3,0
MX,SV,fauna,1995,3,0
MX,SV,fauna,1996,12,0
MX,SV,fauna,1997,9,0
MX,SV,fauna,1998,4,0
MX,SV,fauna,1999,6,0
MX,SV,fauna,2000,4,0
MX,SV,fauna,2001,1,0
MX,SV,fauna,2004,1,0
MX,SV,fauna,2005,1,0
MX,SV,fauna,2006,4,0
MX,SV,fauna,2007,4,0
MX,SV,fauna,2008,1,0
MX,SV,fauna,2010,27,0
MX,SV,fauna,2016,1,0
MX,SV,fauna,2017,2,0
MX,SV,fauna,2018,2,0
MX,SV,fauna,2023,7,0
MX,SV,flora,2022,3,0
MX,SV,flora,2023,1,0
MX,SV,flora,2024,5,0
MX,SY,fauna,2008,2,0
MX,SZ,fauna,2014,4,0
MX,TH,fauna,2000,2,0
MX,TH,fauna,2006,2,0
MX,TH,fauna,2007,2,0
MX,TH,fauna,2012,2,0
MX,TH,fauna,2013,2,0
MX,TH,fauna,2014,14,0
MX,TH,fauna,2020,2,0
MX,TH,fauna,2022,10,0
MX,TH,flora,1999,1,0
MX,TH,flora,2012,1,0
MX,TR,fauna,2007,8,0
MX,TR,fauna,2015,4,0
MX,TR,fauna,2018,2,0
MX,TR,fauna,2020,1,0
MX,TR,flora,1998,1,0
MX,TR,flora,2011,1,0
MX,TR,flora,2012,2,0
MX,TR,flora,2022,2,0
MX,TT,fauna,2003,1,0
MX,TT,fauna,2006,2,0
MX,TW,fauna,2002,1,0
MX,TW,fauna,2005,3,0
MX,TW,fauna,2006,2,0
MX,TW,fauna,2007,2,0
MX,TW,fauna,2009,1,0
MX,TW,fauna,2010,1,0
MX,TW,fauna,2012,2,0
MX,TW,fauna,2017,2,0
MX,TW,fauna,2023,1,0
MX,TW,flora,2004,3,0
MX,TW,flora,2005,140,0
MX,TW,flora,2007,72,0
MX,TW,flora,2008,77,0
MX,TW,flora,2009,55,0
MX,TW,flora,2012,26,0
MX,TW,flora,2014,2,0
MX,TW,flora,2015,2,0
MX,TW,flora,2016,14,0
MX,TW,flora,2017,2,0
MX,TW,flora,2018,7,0
MX,TW,flora,2020,2,0
MX,TW,flora,2021,2,0
MX,UA,fauna,2004,2,0
MX,UA,fauna,2008,1,0
MX,UA,fauna,2010,4,0
MX,UA,fauna,2012,1,0
MX,UA,flora,2008,181,0
MX,UA,flora,2009,122,0
MX,UA,flora,2010,206,0
MX,UA,flora,2011,57,0
MX,UA,flora,2012,136,0
MX,UA,flora,2018,43,0
MX,UA,flora,2021,22,0
MX,US,fauna,1977,1,0
MX,US,fauna,1978,8,0
MX,US,fauna,1979,24,0
MX,US,fauna,1980,191,0
MX,US,fauna,1981,1228,0
MX,US,fauna,1982,1287,393
MX,US,fauna,1983,1724,467
MX,US,fauna,1984,1507,287
MX,US,fauna,1985,1509,420
MX,US,fauna,1986,1979,643
MX,US,fauna,1987,2926,1312
MX,US,fauna,1988,2802,1325
MX,US,fauna,1989,3401,1342
MX,US,fauna,1990,2718,2134
MX,US,fauna,1991,2007,1463
MX,US,fauna,1992,1911,879
MX,US,fauna,1993,1737,829
MX,US,fauna,1994,1294,617
MX,US,fauna,1995,1439,485
MX,US,fauna,1996,1668,477
MX,US,fauna,1997,1480,495
MX,US,fauna,1998,1902,601
MX,US,fauna,1999,2070,526
MX,US,fauna,2000,4669,273
MX,US,fauna,2001,4015,274
MX,US,fauna,2002,2030,278
MX,US,fauna,2003,3728,317
MX,US,fauna,2004,4552,275
MX,US,fauna,2005,5235,384
MX,US,fauna,2006,6013,411
MX,US,fauna,2007,6609,354
MX,US,fauna,2008,7898,494
MX,US,fauna,2009,9868,520
MX,US,fauna,2010,11037,609
MX,US,fauna,2011,10903,489
MX,US,fauna,2012,12215,345
MX,US,fauna,2013,11548,396
MX,US,fauna,2014,9794,447
MX,US,fauna,2015,10433,326
MX,US,fauna,2016,8755,384
MX,US,fauna,2017,10262,443
MX,US,fauna,2018,11143,333
MX,US,fauna,2019,11304,409
MX,US,fauna,2020,6531,374
MX,US,fauna,2021,10848,759
MX,US,fauna,2022,13476,644
MX,US,fauna,2023,12189,619
MX,US,fauna,2024,15882,10
MX,US,flora,1977,2,0
MX,US,flora,1978,10,0
MX,US,flora,1979,66,0
MX,US,flora,1980,66,0
MX,US,flora,1981,297,0
MX,US,flora,1982,409,0
MX,US,flora,1983,469,0
MX,US,flora,1984,538,18
MX,US,flora,1985,446,5
MX,US,flora,1986,510,36
MX,US,flora,1987,399,35
MX,US,flora,1988,479,29
MX,US,flora,1989,743,62
MX,US,flora,1990,747,345
MX,US,flora,1991,1047,514
MX,US,flora,1992,762,569
MX,US,flora,1993,488,432
MX,US,flora,1994,440,412
MX,US,flora,1995,474,374
MX,US,flora,1996,461,277
MX,US,flora,1997,395,281
MX,US,flora,1998,427,349
MX,US,flora,1999,346,289
MX,US,flora,2000,822,227
MX,US,flora,2001,1244,236
MX,US,flora,2002,375,264
MX,US,flora,2003,438,253
MX,US,flora,2004,397,253
MX,US,flora,2005,250,191
MX,US,flora,2006,313,188
MX,US,flora,2007,316,119
MX,US,flora,2008,349,78
MX,US,flora,2009,268,31
MX,US,flora,2010,226,61
MX,US,flora,2011,170,19
MX,US,flora,2012,203,10
MX,US,flora,2013,418,12
MX,US,flora,2014,364,17
MX,US,flora,2015,362,32
MX,US,flora,2016,200,25
MX,US,flora,2017,513,9
MX,US,flora,2018,501,6
MX,US,flora,2019,559,0
MX,US,flora,2020,82,6
MX,US,flora,2021,73,14
MX,US,flora,2022,74,6
MX,US,flora,2023,69,20
MX,US,flora,2024,58,0
MX,UY,fauna,2003,2,0
MX,UY,fauna,2004,1,0
MX,UY,fauna,2009,1,0
MX,VA,flora,2019,2,0
MX,VE,fauna,1988,14,0
MX,VE,fauna,1993,3,0
MX,VE,fauna,1997,3,0
MX,VE,fauna,1998,13,0
MX,VE,fauna,1999,18,0
MX,VE,fauna,2000,1,0
MX,VE,fauna,2001,6,0
MX,VE,fauna,2002,3,0
MX,VE,fauna,2005,3,0
MX,VE,fauna,2006,8,0
MX,VE,fauna,2007,8,0
MX,VE,fauna,2008,11,0
MX,VE,fauna,2009,4,0
MX,VE,fauna,2012,5,0
MX,VE,flora,2007,1,0
MX,VE,flora,2008,1,0
MX,VE,flora,2009,1,0
MX,VE,flora,2011,1,0
MX,VE,flora,2012,1,0
MX,VG,fauna,2002,1,0
MX,VG,fauna,2005,4,0
MX,VI,fauna,2012,1,0
MX,VN,fauna,2008,2,0
MX,VN,fauna,2011,8,0
MX,VN,fauna,2012,15,0
MX,VN,fauna,2013,1,0
MX,VN,flora,2015,1,0
MX,XV,fauna,2000,1,0
MX,XV,fauna,2003,8,0
MX,XV,fauna,2004,1,0
MX,XV,fauna,2006,25,0
MX,XV,fauna,2010,17,0
MX,XX,fauna,2005,7,0
MX,XX,fauna,2007,9,0
MX,XX,fauna,2008,27,0
MX,XX,fauna,2010,10,0
MX,XX,fauna,2011,21,0
MX,XX,fauna,2013,32,0
MX,XX,fauna,2015,10,0
MX,XX,fauna,2016,43,0
MX,XX,fauna,2019,1,0
MX,XX,fauna,2020,3,0
MX,XX,fauna,2021,15,0
MX,XX,fauna,2024,1,0
MX,XX,flora,2010,110,0
MX,XX,flora,2017,2,0
MX,XX,flora,2020,1,0
MX,XX,flora,2021,1,0
MX,YU,fauna,2002,1,0
MX,ZA,fauna,1996,1,0
MX,ZA,fauna,1999,5,0
MX,ZA,fauna,2000,7,0
MX,ZA,fauna,2001,20,0
MX,ZA,fauna,2010,1,0
MX,ZA,fauna,2011,5,0
MX,ZA,fauna,2013,1,0
MX,ZA,fauna,2014,1,0
MX,ZA,fauna,2015,4,0
MX,ZA,fauna,2018,1,0
MX,ZA,fauna,2019,2,0
MX,ZA,fauna,2022,1,0
MX,ZA,fauna,2024,1,0
MX,ZA,flora,1992,20,0
MX,ZA,flora,2001,4,0
MX,ZA,flora,2002,1,0
MX,ZA,flora,2007,1,0
MX,ZA,flora,2009,69,0
MX,ZA,flora,2010,103,0
MX,ZA,flora,2013,55,0
MY,AR,fauna,1988,1,0
MY,AR,fauna,1990,1,0
MY,AR,fauna,1997,14,0
MY,AR,fauna,1999,1,0
MY,AR,fauna,2003,6,0
MY,AR,fauna,2021,5,0
MY,AR,fauna,2022,4,0
MY,AR,fauna,2023,1,0
MY,AR,flora,2006,4,0
MY,AR,flora,2017,3,0
MY,AR,flora,2018,21,0
MY,BB,flora,1999,4,0
MY,BB,flora,2002,3,0
MY,BB,flora,2005,3,0
MY,BB,flora,2019,1,0
MY,BR,fauna,1989,1,0
MY,BR,fauna,1990,1,0
MY,BR,fauna,1991,1,0
MY,BR,fauna,1996,1,0
MY,BR,fauna,1997,9,0
MY,BR,fauna,2006,2,0
MY,BR,fauna,2007,23,0
MY,BR,fauna,2008,21,0
MY,BR,fauna,2010,8,0
MY,BR,fauna,2012,32,0
MY,BR,fauna,2013,22,0
MY,BR,fauna,2014,262,0
MY,BR,fauna,2015,251,0
MY,BR,fauna,2016,220,0
MY,BR,fauna,2017,152,0
MY,BR,fauna,2018,99,0
MY,BR,fauna,2019,22,0
MY,BR,fauna,2020,327,0
MY,BR,fauna,2021,12,0
MY,BR,fauna,2022,19,0
MY,BR,fauna,2023,16,0
MY,BR,fauna,2024,3,0
MY,BR,flora,1996,3,0
MY,BR,flora,1999,4,0
MY,BR,flora,2006,5,0
MY,BR,flora,2007,4,0
MY,BR,flora,2013,1,0
MY,BR,flora,2018,13,0
MY,BR,flora,2019,12,0
MY,BS,fauna,1990,1,0
MY,BS,flora,1986,1,0
MY,CL,fauna,2004,4,0
MY,CL,flora,2018,1,0
MY,CL,flora,2019,7,0
MY,CO,fauna,2008,1,0
MY,CO,fauna,2011,4,0
MY,CO,fauna,2012,2,0
MY,CO,fauna,2014,1,0
MY,CO,fauna,2015,2,0
MY,CO,fauna,2020,1,0
MY,CO,flora,1992,5,0
MY,CO,flora,2009,13,0
MY,CO,flora,2018,11,0
MY,CO,flora,2019,9,0
MY,CR,fauna,2005,1,0
MY,CR,flora,1990,2,0
MY,CR,flora,2005,33,0
MY,CR,flora,2006,18,0
MY,CR,flora,2019,2,0
MY,CR,flora,2020,4,0
MY,CR,flora,2022,10,0
MY,CR,flora,2023,8,0
MY,CU,fauna,2001,1,0
MY,DM,flora,2001,18,0
MY,DO,flora,1992,1,0
MY,DO,flora,2001,7,0
MY,EC,flora,2005,1,0
MY,EC,flora,2012,6,0
MY,EC,flora,2013,4,0
MY,EC,flora,2017,50,0
MY,EC,flora,2018,6,0
MY,EC,flora,2019,4,0
MY,GT,flora,2018,5,0
MY,GT,flora,2019,4,0
MY,HN,fauna,2007,1,0
MY,HN,fauna,2010,1,0
MY,LC,fauna,1994,1,0
MY,MX,fauna,1995,1,0
MY,MX,fauna,1997,4,0
MY,MX,fauna,1998,12,0
MY,MX,fauna,1999,11,0
MY,MX,fauna,2000,9,0
MY,MX,fauna,2001,10,0
MY,MX,fauna,2002,17,0
MY,MX,fauna,2003,11,0
MY,MX,fauna,2004,3,0
MY,MX,fauna,2005,11,0
MY,MX,fauna,2006,7,0
MY,MX,fauna,2007,17,0
MY,MX,fauna,2008,34,0
MY,MX,fauna,2009,3,0
MY,MX,fauna,2010,2,0
MY,MX,fauna,2011,3,0
MY,MX,fauna,2012,4,0
MY,MX,fauna,2013,6,0
MY,MX,fauna,2014,10,0
MY,MX,fauna,2015,5,0
MY,MX,fauna,2016,1,0
MY,MX,fauna,2017,2,0
MY,MX,fauna,2018,4,0
MY,MX,fauna,2019,5,0
MY,MX,fauna,2020,29,0
MY,MX,fauna,2021,37,0
MY,MX,fauna,2022,22,0
MY,MX,fauna,2023,34,0
MY,MX,fauna,2024,25,0
MY,MX,flora,2013,4,0
MY,MX,flora,2017,1,0
MY,MX,flora,2018,7,0
MY,MX,flora,2019,13,0
MY,PA,fauna,2001,3,0
MY,PA,fauna,2018,2,0
MY,PA,flora,2012,2,0
MY,PA,flora,2017,3,0
MY,PA,flora,2018,26,0
MY,PA,flora,2019,14,0
MY,PE,fauna,2010,1,0
MY,PE,fauna,2018,2,0
MY,SR,fauna,2021,2,0
MY,SR,flora,2000,26,0
MY,SR,flora,2001,36,0
MY,SR,flora,2002,27,0
MY,SR,flora,2004,4,0
MY,SR,flora,2005,3,0
MY,SR,flora,2012,5,0
MY,SR,flora,2017,4,0
MY,SR,flora,2018,2,0
MY,TT,fauna,1991,1,0
MY,TT,fauna,2019,1,0
MY,TT,fauna,2020,1,0
MY,UY,flora,2006,15,0
MY,UY,flora,2018,10,0
MY,UY,flora,2019,39,0
MY,VE,flora,2000,4,0
MZ,AR,fauna,1993,2,0
MZ,AR,fauna,2009,1,0
MZ,AR,fauna,2010,3,0
MZ,AR,fauna,2011,9,0
MZ,AR,fauna,2012,10,0
MZ,AR,fauna,2013,11,0
MZ,AR,fauna,2014,1,0
MZ,AR,fauna,2015,7,0
MZ,AR,fauna,2016,10,0
MZ,AR,fauna,2017,6,0
MZ,AR,fauna,2018,2,0
MZ,AR,fauna,2020,2,0
MZ,AR,fauna,2021,1,0
MZ,AR,fauna,2023,4,0
MZ,BR,fauna,1984,1,0
MZ,BR,fauna,2000,2,0
MZ,BR,fauna,2005,1,0
MZ,BR,flora,2004,5,0
MZ,CL,fauna,1984,1,0
MZ,CL,fauna,1988,2,0
MZ,CO,fauna,1988,1,0
MZ,CR,flora,2004,8,0
MZ,CR,flora,2005,6,0
MZ,CU,fauna,1983,1,0
MZ,MX,fauna,1988,4,0
MZ,MX,fauna,1989,2,0
MZ,MX,fauna,1990,5,0
MZ,MX,fauna,1997,1,0
MZ,MX,fauna,2002,3,0
MZ,MX,fauna,2004,2,0
MZ,MX,fauna,2005,11,0
MZ,MX,fauna,2006,30,0
MZ,MX,fauna,2007,54,0
MZ,MX,fauna,2008,18,0
MZ,MX,fauna,2009,11,0
MZ,MX,fauna,2010,28,0
MZ,MX,fauna,2011,11,0
MZ,MX,fauna,2012,18,0
MZ,MX,fauna,2013,4,0
MZ,MX,fauna,2014,5,0
MZ,MX,fauna,2015,14,0
MZ,MX,fauna,2016,22,0
MZ,MX,fauna,2017,33,0
MZ,MX,fauna,2019,1,0
MZ,MX,fauna,2020,7,0
MZ,MX,fauna,2024,7,0
MZ,PA,fauna,1994,2,0
MZ,PE,fauna,2016,3,0
MZ,VE,fauna,2009,2,0
NA,AR,fauna,1991,1,0
NA,AR,fauna,1992,5,0
NA,AR,fauna,1993,11,0
NA,AR,fauna,1994,4,0
NA,AR,fauna,1995,6,0
NA,AR,fauna,1996,11,0
NA,AR,fauna,1997,1,0
NA,AR,fauna,1998,3,0
NA,AR,fauna,1999,8,0
NA,AR,fauna,2000,2,0
NA,AR,fauna,2001,14,0
NA,AR,fauna,2002,1,0
NA,AR,fauna,2004,5,0
NA,AR,fauna,2005,3,0
NA,AR,fauna,2006,2,0
NA,AR,fauna,2008,4,0
NA,AR,fauna,2009,20,0
NA,AR,fauna,2010,4,0
NA,AR,fauna,2011,5,0
NA,AR,fauna,2012,22,0
NA,AR,fauna,2013,17,0
NA,AR,fauna,2014,30,0
NA,AR,fauna,2015,13,0
NA,AR,fauna,2016,39,0
NA,AR,fauna,2017,22,0
NA,AR,fauna,2018,11,0
NA,AR,fauna,2019,14,0
NA,AR,fauna,2020,1,0
NA,AR,fauna,2021,7,0
NA,AR,fauna,2022,1,0
NA,AR,fauna,2024,6,0
NA,BR,fauna,1992,1,0
NA,BR,fauna,1993,3,0
NA,BR,fauna,1994,3,0
NA,BR,fauna,1995,3,0
NA,BR,fauna,1996,3,0
NA,BR,fauna,1997,1,0
NA,BR,fauna,1998,4,0
NA,BR,fauna,1999,1,0
NA,BR,fauna,2000,2,0
NA,BR,fauna,2001,1,0
NA,BR,fauna,2002,2,0
NA,BR,fauna,2003,7,0
NA,BR,fauna,2004,6,0
NA,BR,fauna,2005,2,0
NA,BR,fauna,2006,5,0
NA,BR,fauna,2007,3,0
NA,BR,fauna,2008,16,0
NA,BR,fauna,2009,2,0
NA,BR,fauna,2010,1,0
NA,BR,fauna,2011,4,0
NA,BR,fauna,2012,8,0
NA,BR,fauna,2013,5,0
NA,BR,fauna,2014,4,0
NA,BR,fauna,2015,20,0
NA,BR,fauna,2016,24,0
NA,BR,fauna,2017,2,0
NA,BR,fauna,2018,24,0
NA,BR,fauna,2019,1,0
NA,BR,fauna,2020,4,0
NA,BR,fauna,2024,3,0
NA,BS,fauna,2006,1,0
NA,BZ,fauna,2006,1,0
NA,BZ,fauna,2015,1,0
NA,CL,fauna,2002,1,0
NA,CL,fauna,2006,1,0
NA,CL,fauna,2009,1,0
NA,CL,fauna,2010,1,0
NA,CL,fauna,2011,4,0
NA,CL,fauna,2012,2,0
NA,CL,fauna,2013,3,0
NA,CL,flora,2006,1,0
NA,CL,flora,2012,1,0
NA,CO,fauna,1993,1,0
NA,CO,fauna,1996,1,0
NA,CO,fauna,2002,2,0
NA,CO,fauna,2011,1,0
NA,CO,fauna,2020,1,0
NA,CR,fauna,2005,8,0
NA,CR,fauna,2006,4,0
NA,CR,fauna,2011,1,0
NA,CR,fauna,2018,3,0
NA,CR,fauna,2019,2,0
NA,CR,flora,1992,3,0
NA,CU,fauna,2012,12,0
NA,CU,fauna,2013,16,0
NA,CU,fauna,2014,1,0
NA,CU,fauna,2018,2,0
NA,DO,fauna,2024,1,0
NA,EC,fauna,1999,1,0
NA,EC,fauna,2002,2,0
NA,EC,fauna,2004,1,0
NA,EC,fauna,2005,2,0
NA,HT,fauna,1999,1,0
NA,JM,fauna,1998,2,0
NA,MX,fauna,1992,4,0
NA,MX,fauna,1993,1,0
NA,MX,fauna,1994,20,0
NA,MX,fauna,1998,7,0
NA,MX,fauna,1999,8,0
NA,MX,fauna,2000,11,0
NA,MX,fauna,2001,1,0
NA,MX,fauna,2002,7,0
NA,MX,fauna,2003,8,0
NA,MX,fauna,2004,10,0
NA,MX,fauna,2005,9,0
NA,MX,fauna,2006,28,0
NA,MX,fauna,2007,28,0
NA,MX,fauna,2008,34,0
NA,MX,fauna,2009,68,0
NA,MX,fauna,2010,12,0
NA,MX,fauna,2011,46,0
NA,MX,fauna,2012,75,0
NA,MX,fauna,2013,63,0
NA,MX,fauna,2014,40,0
NA,MX,fauna,2015,89,0
NA,MX,fauna,2016,112,0
NA,MX,fauna,2017,77,0
NA,MX,fauna,2018,95,0
NA,MX,fauna,2019,57,0
NA,MX,fauna,2020,51,0
NA,MX,fauna,2021,75,0
NA,MX,fauna,2022,93,0
NA,MX,fauna,2023,57,0
NA,MX,fauna,2024,83,0
NA,PA,fauna,1998,1,0
NA,PA,fauna,2013,6,0
NA,PA,fauna,2014,1,0
NA,PA,fauna,2023,6,0
NA,PE,fauna,2002,2,0
NA,PE,fauna,2011,1,0
NA,PE,fauna,2012,4,0
NA,PE,fauna,2013,4,0
NA,PY,fauna,1997,2,0
NA,PY,fauna,2005,2,0
NA,PY,fauna,2021,1,0
NA,SR,fauna,1993,1,0
NA,SV,fauna,2000,34,0
NA,SV,fauna,2001,4,0
NA,SV,fauna,2011,1,0
NA,TT,fauna,2013,2,0
NA,TT,fauna,2020,4,0
NA,TT,fauna,2021,1,0
NA,TT,fauna,2022,1,0
NA,TT,flora,2015,1,0
NA,UY,fauna,1994,1,0
NA,UY,fauna,2005,5,0
NA,UY,fauna,2006,1,0
NA,UY,fauna,2016,1,0
NA,UY,fauna,2018,2,0
NA,UY,fauna,2021,1,0
NA,UY,fauna,2023,6,0
NA,UY,fauna,2024,21,0
NA,VE,fauna,2009,1,0
NA,VE,fauna,2016,1,0
NC,AR,fauna,2001,3,0
NC,BR,fauna,2000,2,0
NC,BS,fauna,1998,1,0
NC,CL,fauna,1998,3,0
NC,CL,fauna,2001,2,0
NC,PE,flora,2003,1,0
NE,GT,fauna,1996,1,0
NE,SV,fauna,2019,4,0
NE,SV,fauna,2020,1,0
NG,BR,fauna,1992,1,0
NG,BS,fauna,1988,1,0
NI,AD,fauna,2012,1,0
NI,AE,fauna,2008,1,0
NI,AE,fauna,2010,2,0
NI,AE,fauna,2011,2,0
NI,AE,fauna,2012,4,0
NI,AE,fauna,2019,1,0
NI,AE,fauna,2020,6,0
NI,AE,fauna,2021,7,0
NI,AE,fauna,2022,17,0
NI,AE,fauna,2023,9,0
NI,AE,fauna,2024,8,0
NI,AL,fauna,1990,2,0
NI,AN,fauna,2017,1,0
NI,AR,fauna,2000,2,0
NI,AT,fauna,1990,2,0
NI,AT,fauna,1991,1,0
NI,AT,fauna,1992,6,0
NI,AT,fauna,1994,2,0
NI,AT,fauna,1995,8,0
NI,AT,fauna,2000,5,0
NI,AT,fauna,2001,2,0
NI,AU,fauna,2008,4,0
NI,AU,fauna,2011,2,0
NI,BE,fauna,1986,1,0
NI,BE,fauna,1988,14,0
NI,BE,fauna,1989,17,0
NI,BE,fauna,1990,21,0
NI,BE,fauna,1991,6,0
NI,BE,fauna,1992,26,0
NI,BE,fauna,1993,32,0
NI,BE,fauna,1994,48,0
NI,BE,fauna,1995,19,0
NI,BE,fauna,1996,50,0
NI,BE,fauna,1997,83,0
NI,BE,fauna,1998,43,0
NI,BE,fauna,1999,56,0
NI,BE,fauna,2000,48,0
NI,BE,fauna,2001,11,0
NI,BE,fauna,2003,2,0
NI,BE,fauna,2006,2,0
NI,BE,fauna,2007,2,0
NI,BE,fauna,2011,1,0
NI,BE,fauna,2012,3,0
NI,BE,fauna,2013,3,0
NI,BE,fauna,2014,3,0
NI,BE,fauna,2015,10,0
NI,BE,fauna,2016,4,0
NI,BE,fauna,2017,2,0
NI,BE,fauna,2022,1,0
NI,BE,flora,2004,2,0
NI,BE,flora,2005,3,0
NI,BF,fauna,1983,2,0
NI,BG,fauna,1983,5,0
NI,BG,fauna,1984,8,0
NI,BG,fauna,1985,1,0
NI,BO,fauna,1992,4,0
NI,BR,fauna,1999,1,0
NI,BS,fauna,2021,1,0
NI,BS,fauna,2022,1,0
NI,BZ,fauna,2006,6,0
NI,BZ,fauna,2008,8,0
NI,CA,fauna,1981,1,0
NI,CA,fauna,1982,4,0
NI,CA,fauna,1983,2,0
NI,CA,fauna,1985,1,0
NI,CA,fauna,1986,1,0
NI,CA,fauna,1988,1,0
NI,CA,fauna,1989,1,0
NI,CA,fauna,1991,1,0
NI,CA,fauna,1992,1,0
NI,CA,fauna,1993,5,0
NI,CA,fauna,1994,2,0
NI,CA,fauna,1995,2,0
NI,CA,fauna,1996,1,0
NI,CA,fauna,1997,15,0
NI,CA,fauna,1998,27,0
NI,CA,fauna,1999,17,0
NI,CA,fauna,2000,3,0
NI,CA,fauna,2002,5,0
NI,CA,fauna,2003,3,0
NI,CA,fauna,2004,6,0
NI,CA,fauna,2005,24,0
NI,CA,fauna,2006,25,0
NI,CA,fauna,2007,13,0
NI,CA,fauna,2008,17,0
NI,CA,fauna,2009,1,0
NI,CA,fauna,2010,9,0
NI,CA,fauna,2011,7,0
NI,CA,fauna,2012,13,0
NI,CA,fauna,2013,8,0
NI,CA,fauna,2014,8,0
NI,CA,fauna,2015,8,0
NI,CA,fauna,2016,8,0
NI,CA,fauna,2017,13,0
NI,CA,fauna,2018,25,0
NI,CA,fauna,2019,31,0
NI,CA,fauna,2020,42,0
NI,CA,fauna,2021,53,0
NI,CA,fauna,2022,52,0
NI,CA,flora,1997,1,0
NI,CA,flora,2009,1,0
NI,CA,flora,2019,1,0
NI,CA,flora,2020,1,0
NI,CA,flora,2021,1,0
NI,CA,flora,2022,2,0
NI,CH,fauna,1975,1,0
NI,CH,fauna,1976,1,0
NI,CH,fauna,1977,1,0
NI,CH,fauna,1983,5,0
NI,CH,fauna,1989,3,0
NI,CH,fauna,1990,8,0
NI,CH,fauna,1997,2,0
NI,CH,fauna,2003,2,0
NI,CH,fauna,2004,2,0
NI,CH,fauna,2006,5,0
NI,CH,flora,1998,1,0
NI,CH,flora,2010,7,0
NI,CH,flora,2020,10,0
NI,CK,fauna,2000,1,0
NI,CL,fauna,1990,2,0
NI,CL,fauna,1992,4,0
NI,CL,fauna,1997,1,0
NI,CL,fauna,1999,4,0
NI,CL,fauna,2002,1,0
NI,CL,fauna,2005,8,0
NI,CL,fauna,2015,1,0
NI,CN,fauna,1985,1,0
NI,CN,fauna,1996,4,0
NI,CN,fauna,1998,2,0
NI,CN,fauna,2001,2,0
NI,CN,fauna,2002,3,0
NI,CN,fauna,2013,4,0
NI,CN,fauna,2017,1,0
NI,CN,flora,2011,6,0
NI,CN,flora,2012,2,0
NI,CN,flora,2013,81,0
NI,CN,flora,2014,403,0
NI,CN,flora,2015,389,0
NI,CN,flora,2016,145,0
NI,CN,flora,2017,181,0
NI,CN,flora,2018,69,0
NI,CN,flora,2019,193,0
NI,CN,flora,2020,185,0
NI,CN,flora,2021,182,0
NI,CN,flora,2022,73,0
NI,CN,flora,2023,50,0
NI,CN,flora,2024,44,0
NI,CO,fauna,1987,1,0
NI,CO,fauna,1991,24,0
NI,CO,fauna,1992,1,0
NI,CO,fauna,2012,3,0
NI,CO,flora,1996,2,0
NI,CR,fauna,1979,5,0
NI,CR,fauna,1981,4,0
NI,CR,fauna,1982,17,4
NI,CR,fauna,1983,3,0
NI,CR,fauna,1984,2,0
NI,CR,fauna,1985,6,0
NI,CR,fauna,1986,4,0
NI,CR,fauna,1987,6,0
NI,CR,fauna,1988,7,0
NI,CR,fauna,1990,8,0
NI,CR,fauna,1992,1,0
NI,CR,fauna,1994,6,0
NI,CR,fauna,1996,1,0
NI,CR,fauna,1997,29,0
NI,CR,fauna,1998,11,0
NI,CR,fauna,1999,2,0
NI,CR,fauna,2000,8,0
NI,CR,fauna,2002,4,0
NI,CR,fauna,2003,1,0
NI,CR,fauna,2004,1,0
NI,CR,fauna,2005,2,0
NI,CR,fauna,2008,1,0
NI,CR,fauna,2009,1,0
NI,CR,fauna,2010,4,0
NI,CR,fauna,2011,5,0
NI,CR,fauna,2017,2,0
NI,CR,flora,1996,3,0
NI,CR,flora,1997,3,0
NI,CR,flora,1998,1,0
NI,CR,flora,1999,1,0
NI,CR,flora,2003,2,0
NI,CR,flora,2004,1,0
NI,CR,flora,2007,1,0
NI,CR,flora,2008,2,0
NI,CR,flora,2009,3,0
NI,CR,flora,2010,1,0
NI,CR,flora,2011,5,0
NI,CR,flora,2012,1,0
NI,CR,flora,2014,1,0
NI,CR,flora,2015,1,0
NI,CR,flora,2017,7,0
NI,CR,flora,2018,6,0
NI,CR,flora,2019,6,0
NI,CU,fauna,1980,1,0
NI,CU,fauna,1982,5,0
NI,CU,fauna,1983,7,0
NI,CU,fauna,1984,5,0
NI,CU,fauna,1986,5,0
NI,CU,fauna,1987,8,0
NI,CU,fauna,1988,14,0
NI,CU,fauna,1989,7,0
NI,CU,fauna,1990,8,0
NI,CU,fauna,1997,1,0
NI,CU,fauna,1998,2,0
NI,CU,fauna,2008,1,0
NI,CU,fauna,2009,6,0
NI,CU,fauna,2010,2,0
NI,CU,fauna,2011,1,0
NI,CU,fauna,2012,1,0
NI,CU,flora,1995,5,0
NI,CU,flora,1996,10,0
NI,CU,flora,1997,7,0
NI,CU,flora,1998,2,0
NI,CU,flora,1999,1,0
NI,CU,flora,2003,2,0
NI,CU,flora,2017,1,0
NI,CW,fauna,2016,2,0
NI,CW,fauna,2017,3,0
NI,CW,fauna,2018,2,0
NI,CW,fauna,2019,2,0
NI,CW,fauna,2020,12,0
NI,CW,fauna,2021,1,0
NI,CZ,fauna,1995,7,0
NI,CZ,fauna,1996,6,0
NI,CZ,fauna,1997,10,0
NI,CZ,fauna,1998,2,0
NI,CZ,fauna,1999,2,0
NI,CZ,fauna,2019,3,0
NI,CZ,fauna,2020,11,0
NI,CZ,flora,1997,86,0
NI,CZ,flora,1998,55,0
NI,DD,fauna,1983,1,0
NI,DD,fauna,1985,5,0
NI,DD,fauna,1986,1,0
NI,DD,fauna,1988,2,0
NI,DD,fauna,1989,2,2
NI,DD,fauna,1990,1,0
NI,DE,fauna,1978,1,0
NI,DE,fauna,1979,1,0
NI,DE,fauna,1980,2,0
NI,DE,fauna,1981,2,0
NI,DE,fauna,1983,4,0
NI,DE,fauna,1984,1,0
NI,DE,fauna,1985,1,0
NI,DE,fauna,1986,36,0
NI,DE,fauna,1987,8,0
NI,DE,fauna,1988,18,0
NI,DE,fauna,1989,48,0
NI,DE,fauna,1990,75,0
NI,DE,fauna,1991,29,0
NI,DE,fauna,1992,100,0
NI,DE,fauna,1993,116,0
NI,DE,fauna,1994,104,0
NI,DE,fauna,1995,78,0
NI,DE,fauna,1996,31,0
NI,DE,fauna,1997,43,0
NI,DE,fauna,1998,29,0
NI,DE,fauna,1999,47,0
NI,DE,fauna,2000,6,0
NI,DE,fauna,2001,2,0
NI,DE,fauna,2003,5,0
NI,DE,fauna,2004,2,0
NI,DE,fauna,2005,5,0
NI,DE,fauna,2006,5,0
NI,DE,fauna,2007,3,0
NI,DE,fauna,2008,7,0
NI,DE,fauna,2012,5,0
NI,DE,fauna,2013,1,0
NI,DE,fauna,2014,3,0
NI,DE,fauna,2015,7,0
NI,DE,fauna,2016,11,0
NI,DE,fauna,2017,2,0
NI,DE,fauna,2018,1,0
NI,DE,fauna,2019,2,0
NI,DE,fauna,2021,8,0
NI,DE,fauna,2022,6,0
NI,DE,fauna,2024,7,0
NI,DE,flora,1997,2,0
NI,DE,flora,1998,2,0
NI,DE,flora,2001,76,0
NI,DE,flora,2002,6,0
NI,DE,flora,2003,6,0
NI,DE,flora,2006,2,0
NI,DE,flora,2014,2,0
NI,DE,flora,2015,1,0
NI,DE,flora,2017,2,0
NI,DK,fauna,1989,4,0
NI,DK,fauna,1990,24,0
NI,DK,fauna,1991,8,0
NI,DK,fauna,1992,2,0
NI,DK,fauna,1996,2,0
NI,DK,fauna,1997,9,0
NI,DK,fauna,2000,2,0
NI,DK,fauna,2009,2,0
NI,DK,flora,2003,1,0
NI,DK,flora,2004,5,0
NI,DK,flora,2005,1,0
NI,DM,fauna,1996,1,0
NI,DM,flora,1995,4,0
NI,DM,flora,1996,2,0
NI,DO,fauna,1986,2,0
NI,DO,fauna,2000,1,0
NI,DO,fauna,2001,1,0
NI,DO,fauna,2007,2,0
NI,DO,flora,1996,33,0
NI,DO,flora,1997,35,0
NI,DO,flora,1998,11,0
NI,DO,flora,1999,12,0
NI,DO,flora,2000,22,0
NI,DO,flora,2001,21,0
NI,DO,flora,2002,64,0
NI,DO,flora,2003,41,0
NI,DO,flora,2004,68,0
NI,DO,flora,2005,30,0
NI,DO,flora,2006,15,0
NI,DO,flora,2008,6,0
NI,DO,flora,2009,4,0
NI,DO,flora,2010,2,0
NI,EC,fauna,1993,1,0
NI,EE,flora,2016,1,0
NI,ES,fauna,1979,1,0
NI,ES,fauna,1981,3,0
NI,ES,fauna,1982,10,0
NI,ES,fauna,1983,12,0
NI,ES,fauna,1984,1,0
NI,ES,fauna,1985,5,0
NI,ES,fauna,1986,5,0
NI,ES,fauna,1987,6,0
NI,ES,fauna,1988,6,0
NI,ES,fauna,1989,4,0
NI,ES,fauna,1990,34,0
NI,ES,fauna,1991,2,0
NI,ES,fauna,1992,2,0
NI,ES,fauna,1993,9,0
NI,ES,fauna,1994,17,0
NI,ES,fauna,1995,144,0
NI,ES,fauna,1996,219,0
NI,ES,fauna,1997,203,0
NI,ES,fauna,1998,224,2
NI,ES,fauna,1999,77,0
NI,ES,fauna,2000,69,0
NI,ES,fauna,2001,26,0
NI,ES,fauna,2002,17,2
NI,ES,fauna,2003,112,0
NI,ES,fauna,2004,137,0
NI,ES,fauna,2005,76,0
NI,ES,fauna,2006,49,0
NI,ES,fauna,2007,8,0
NI,ES,fauna,2009,3,1
NI,ES,fauna,2010,6,0
NI,ES,fauna,2011,9,0
NI,ES,fauna,2012,6,0
NI,ES,fauna,2013,11,0
NI,ES,fauna,2014,21,0
NI,ES,fauna,2015,27,0
NI,ES,fauna,2016,24,0
NI,ES,fauna,2017,30,0
NI,ES,fauna,2018,29,0
NI,ES,fauna,2019,26,0
NI,ES,fauna,2020,15,0
NI,ES,fauna,2021,11,0
NI,ES,flora,1995,3,0
NI,ES,flora,1996,8,0
NI,ES,flora,1997,13,0
NI,ES,flora,1998,16,0
NI,ES,flora,1999,19,0
NI,ES,flora,2000,16,0
NI,ES,flora,2001,16,0
NI,ES,flora,2002,48,1
NI,ES,flora,2003,38,0
NI,ES,flora,2004,6,0
NI,ES,flora,2005,2,0
NI,ES,flora,2006,6,0
NI,ES,flora,2009,1,0
NI,ES,flora,2010,1,0
NI,ES,flora,2011,2,0
NI,ES,flora,2012,1,0
NI,ES,flora,2016,2,0
NI,ES,flora,2019,1,0
NI,FI,fauna,1988,1,0
NI,FI,fauna,1990,21,0
NI,FI,fauna,1992,4,0
NI,FI,fauna,1997,1,0
NI,FR,fauna,1985,1,0
NI,FR,fauna,1986,1,0
NI,FR,fauna,1987,1,0
NI,FR,fauna,1990,2,0
NI,FR,fauna,1994,7,0
NI,FR,fauna,1995,1,0
NI,FR,fauna,1996,12,0
NI,FR,fauna,1997,4,0
NI,FR,fauna,1998,2,0
NI,FR,fauna,1999,15,0
NI,FR,fauna,2001,1,0
NI,FR,fauna,2002,2,0
NI,FR,fauna,2003,10,0
NI,FR,fauna,2007,2,0
NI,FR,fauna,2008,8,0
NI,FR,fauna,2009,8,0
NI,FR,fauna,2010,12,0
NI,FR,fauna,2011,5,0
NI,FR,fauna,2012,3,0
NI,FR,fauna,2014,1,0
NI,FR,fauna,2022,6,0
NI,FR,fauna,2023,1,0
NI,FR,fauna,2024,3,0
NI,FR,flora,1995,6,0
NI,FR,flora,1996,14,0
NI,FR,flora,1997,8,0
NI,FR,flora,2010,2,0
NI,FR,flora,2016,2,0
NI,GB,fauna,1986,32,0
NI,GB,fauna,1987,23,0
NI,GB,fauna,1990,30,0
NI,GB,fauna,1991,18,0
NI,GB,fauna,1992,39,0
NI,GB,fauna,1993,6,0
NI,GB,fauna,1994,7,0
NI,GB,fauna,1995,3,0
NI,GB,fauna,1996,46,0
NI,GB,fauna,1997,4,0
NI,GB,fauna,1998,10,0
NI,GB,fauna,2000,1,1
NI,GB,fauna,2002,48,0
NI,GB,fauna,2003,8,0
NI,GB,fauna,2006,2,0
NI,GB,fauna,2007,1,0
NI,GB,fauna,2010,1,0
NI,GB,fauna,2011,1,0
NI,GB,fauna,2015,15,0
NI,GB,fauna,2016,11,0
NI,GB,fauna,2017,1,0
NI,GB,fauna,2019,10,0
NI,GB,fauna,2020,21,0
NI,GB,fauna,2021,4,0
NI,GB,fauna,2022,1,0
NI,GB,fauna,2023,4,0
NI,GB,fauna,2024,5,0
NI,GB,flora,1995,3,0
NI,GR,fauna,1990,1,0
NI,GR,fauna,1998,25,0
NI,GR,fauna,1999,12,0
NI,GT,fauna,1979,2,0
NI,GT,fauna,1982,1,0
NI,GT,fauna,1983,1,0
NI,GT,fauna,1984,3,0
NI,GT,fauna,1985,3,0
NI,GT,fauna,1986,7,0
NI,GT,fauna,1988,1,0
NI,GT,fauna,1992,1,0
NI,GT,fauna,1994,2,0
NI,GT,fauna,1996,2,0
NI,GT,fauna,1997,15,0
NI,GT,fauna,1998,8,0
NI,GT,fauna,2002,1,0
NI,GT,fauna,2008,5,0
NI,GT,fauna,2009,6,0
NI,GT,flora,1995,4,0
NI,GT,flora,1996,11,0
NI,GT,flora,1997,4,0
NI,GT,flora,2005,1,0
NI,GT,flora,2008,1,0
NI,GT,flora,2010,1,0
NI,HK,fauna,1996,1,0
NI,HK,fauna,1997,25,0
NI,HK,fauna,1998,18,0
NI,HK,fauna,1999,8,0
NI,HK,fauna,2002,1,0
NI,HK,fauna,2008,2,0
NI,HK,fauna,2010,2,0
NI,HK,fauna,2011,4,0
NI,HK,fauna,2012,1,0
NI,HK,fauna,2013,7,0
NI,HK,fauna,2014,4,0
NI,HK,fauna,2015,12,0
NI,HK,fauna,2016,27,0
NI,HK,fauna,2017,13,0
NI,HK,fauna,2018,9,0
NI,HK,fauna,2019,17,0
NI,HK,fauna,2020,9,0
NI,HK,fauna,2021,57,0
NI,HK,fauna,2022,92,0
NI,HK,fauna,2023,42,0
NI,HK,fauna,2024,67,0
NI,HK,flora,2010,1,0
NI,HK,flora,2012,2,0
NI,HK,flora,2015,8,0
NI,HK,flora,2017,6,0
NI,HN,fauna,1980,2,0
NI,HN,fauna,1981,1,0
NI,HN,fauna,1982,4,0
NI,HN,fauna,1983,2,0
NI,HN,fauna,1984,1,0
NI,HN,fauna,1988,1,0
NI,HN,fauna,1996,2,0
NI,HN,fauna,2000,3,0
NI,HN,fauna,2002,5,0
NI,HN,fauna,2003,5,0
NI,HN,fauna,2008,2,0
NI,HN,fauna,2010,2,0
NI,HN,fauna,2011,2,0
NI,HN,fauna,2012,7,0
NI,HN,fauna,2013,1,0
NI,HN,fauna,2017,2,0
NI,HN,flora,1995,1,0
NI,HN,flora,1996,11,0
NI,HN,flora,1997,5,0
NI,HN,flora,2000,9,0
NI,HN,flora,2002,16,0
NI,HN,flora,2004,1,0
NI,HN,flora,2005,54,0
NI,HN,flora,2006,6,0
NI,HN,flora,2007,9,0
NI,HN,flora,2008,7,0
NI,HN,flora,2009,14,0
NI,HN,flora,2010,6,0
NI,HU,fauna,1983,4,0
NI,HU,fauna,1984,4,0
NI,HU,fauna,1985,2,0
NI,ID,fauna,2022,3,0
NI,ID,fauna,2023,2,0
NI,ID,fauna,2024,6,0
NI,IE,fauna,2008,1,0
NI,IN,fauna,2009,3,0
NI,IT,fauna,1981,5,0
NI,IT,fauna,1982,7,0
NI,IT,fauna,1983,11,0
NI,IT,fauna,1984,7,0
NI,IT,fauna,1985,6,0
NI,IT,fauna,1986,2,0
NI,IT,fauna,1987,13,0
NI,IT,fauna,1988,1,0
NI,IT,fauna,1989,6,0
NI,IT,fauna,1990,21,0
NI,IT,fauna,1992,8,0
NI,IT,fauna,1993,6,0
NI,IT,fauna,1994,13,0
NI,IT,fauna,1995,55,0
NI,IT,fauna,1996,49,0
NI,IT,fauna,1997,82,0
NI,IT,fauna,1998,12,0
NI,IT,fauna,1999,32,0
NI,IT,fauna,2000,39,0
NI,IT,fauna,2001,26,0
NI,IT,fauna,2002,39,0
NI,IT,fauna,2003,25,0
NI,IT,fauna,2004,24,0
NI,IT,fauna,2006,28,0
NI,IT,fauna,2007,3,0
NI,IT,fauna,2008,4,0
NI,IT,fauna,2012,5,0
NI,JO,fauna,1994,6,0
NI,JO,fauna,2000,1,0
NI,JP,fauna,1985,4,0
NI,JP,fauna,1986,26,0
NI,JP,fauna,1989,1,0
NI,JP,fauna,1990,40,0
NI,JP,fauna,1991,18,0
NI,JP,fauna,1992,19,0
NI,JP,fauna,1993,53,0
NI,JP,fauna,1994,51,0
NI,JP,fauna,1995,50,0
NI,JP,fauna,1996,73,0
NI,JP,fauna,1997,45,0
NI,JP,fauna,1998,58,0
NI,JP,fauna,1999,77,0
NI,JP,fauna,2000,33,0
NI,JP,fauna,2002,14,0
NI,JP,fauna,2003,8,0
NI,JP,fauna,2007,2,0
NI,JP,fauna,2008,1,0
NI,JP,fauna,2010,1,0
NI,JP,fauna,2011,5,0
NI,JP,fauna,2012,3,0
NI,JP,fauna,2013,5,0
NI,JP,fauna,2014,2,0
NI,JP,fauna,2015,19,0
NI,JP,fauna,2016,29,0
NI,JP,fauna,2017,38,0
NI,JP,fauna,2018,33,0
NI,JP,fauna,2019,66,0
NI,JP,fauna,2020,119,0
NI,JP,fauna,2021,94,0
NI,JP,fauna,2022,83,0
NI,JP,fauna,2023,55,0
NI,JP,fauna,2024,80,0
NI,JP,flora,2024,1,0
NI,KE,fauna,2007,1,0
NI,KR,fauna,1995,1,0
NI,KR,fauna,1997,1,0
NI,KR,fauna,2011,2,0
NI,KR,fauna,2012,1,0
NI,KR,fauna,2013,1,0
NI,KR,fauna,2016,1,0
NI,KR,fauna,2018,2,0
NI,KR,fauna,2022,1,0
NI,KR,flora,2018,5,0
NI,KR,flora,2019,6,0
NI,KW,fauna,1998,3,0
NI,KW,fauna,2021,2,0
NI,KY,fauna,1980,1,0
NI,LV,fauna,2008,1,0
NI,LY,fauna,1984,1,0
NI,MD,fauna,2017,1,0
NI,MG,fauna,1998,2,0
NI,MX,fauna,1981,1,0
NI,MX,fauna,1982,1,0
NI,MX,fauna,1983,3,0
NI,MX,fauna,1984,2,0
NI,MX,fauna,1986,4,0
NI,MX,fauna,1988,3,0
NI,MX,fauna,1994,2,0
NI,MX,fauna,1996,3,0
NI,MX,fauna,1997,4,0
NI,MX,fauna,1998,13,0
NI,MX,fauna,1999,3,0
NI,MX,fauna,2000,15,0
NI,MX,fauna,2001,9,0
NI,MX,fauna,2003,11,0
NI,MX,fauna,2004,10,0
NI,MX,fauna,2005,8,0
NI,MX,fauna,2006,1,0
NI,MX,fauna,2007,23,0
NI,MX,fauna,2012,2,0
NI,MX,fauna,2017,5,0
NI,MX,fauna,2019,1,0
NI,MX,fauna,2020,2,0
NI,MX,fauna,2022,2,0
NI,MX,fauna,2024,1,0
NI,MX,flora,1997,5,0
NI,MX,flora,1998,2,0
NI,MX,flora,2002,1,0
NI,MX,flora,2003,5,0
NI,MX,flora,2004,2,0
NI,MX,flora,2005,4,0
NI,MY,fauna,1995,2,0
NI,MY,fauna,1996,3,0
NI,MY,fauna,2000,1,0
NI,MY,fauna,2001,3,0
NI,MZ,fauna,1986,2,0
NI,NI,fauna,1985,1,0
NI,NL,fauna,1986,11,0
NI,NL,fauna,1987,25,4
NI,NL,fauna,1988,4,0
NI,NL,fauna,1989,8,2
NI,NL,fauna,1992,32,0
NI,NL,fauna,1993,38,0
NI,NL,fauna,1994,38,0
NI,NL,fauna,1995,101,0
NI,NL,fauna,1996,121,0
NI,NL,fauna,1997,160,0
NI,NL,fauna,1998,154,0
NI,NL,fauna,1999,163,0
NI,NL,fauna,2000,187,0
NI,NL,fauna,2001,60,0
NI,NL,fauna,2002,101,0
NI,NL,fauna,2003,68,0
NI,NL,fauna,2004,4,0
NI,NL,fauna,2005,2,0
NI,NL,fauna,2006,2,0
NI,NL,fauna,2008,10,0
NI,NL,fauna,2011,3,0
NI,NL,fauna,2012,2,0
NI,NL,fauna,2013,3,0
NI,NL,fauna,2016,1,0
NI,NL,fauna,2017,4,0
NI,NL,fauna,2018,4,0
NI,NL,fauna,2019,4,0
NI,NO,fauna,1982,1,0
NI,NO,fauna,1986,3,0
NI,NO,fauna,1991,2,0
NI,NO,fauna,1997,1,0
NI,NO,fauna,1998,6,0
NI,NZ,fauna,1993,1,1
NI,NZ,flora,1998,2,0
NI,PA,fauna,1982,1,0
NI,PA,fauna,1983,4,0
NI,PA,fauna,1985,5,0
NI,PA,fauna,1986,2,0
NI,PA,fauna,1991,1,0
NI,PA,fauna,1995,1,0
NI,PA,fauna,1997,1,0
NI,PA,fauna,1999,2,0
NI,PA,fauna,2000,11,0
NI,PA,fauna,2002,1,0
NI,PA,fauna,2003,4,0
NI,PA,fauna,2004,8,0
NI,PA,fauna,2008,3,0
NI,PA,fauna,2009,5,0
NI,PA,fauna,2010,1,0
NI,PA,fauna,2011,1,0
NI,PA,fauna,2012,10,0
NI,PA,fauna,2013,1,0
NI,PA,fauna,2014,5,0
NI,PA,flora,2003,4,0
NI,PA,flora,2019,5,0
NI,PE,fauna,1990,1,0
NI,PE,fauna,2006,1,0
NI,PE,fauna,2007,2,0
NI,PH,fauna,1993,1,0
NI,PH,fauna,1994,16,0
NI,PH,fauna,1997,1,0
NI,PH,fauna,2006,1,0
NI,PK,fauna,1987,4,0
NI,PK,fauna,1996,5,0
NI,PK,fauna,2002,5,0
NI,PL,fauna,1983,1,0
NI,PL,fauna,1985,1,0
NI,PL,fauna,2015,2,0
NI,PR,fauna,1982,2,0
NI,PR,fauna,1985,3,0
NI,PR,fauna,1997,1,0
NI,PR,fauna,1998,3,0
NI,PR,fauna,2003,8,0
NI,PR,fauna,2004,9,0
NI,PR,fauna,2011,1,0
NI,PR,fauna,2012,2,0
NI,PR,fauna,2013,3,0
NI,PR,fauna,2014,5,0
NI,PR,fauna,2015,4,0
NI,PR,fauna,2016,6,0
NI,PR,fauna,2017,4,0
NI,PR,fauna,2018,11,0
NI,PR,fauna,2019,9,0
NI,PR,fauna,2020,8,0
NI,PR,fauna,2021,8,0
NI,PR,fauna,2022,8,0
NI,PR,flora,1995,1,0
NI,PR,flora,1996,4,0
NI,PR,flora,1997,10,0
NI,PR,flora,1999,1,0
NI,PR,flora,2000,4,0
NI,PR,flora,2002,3,0
NI,PR,flora,2003,1,0
NI,PR,flora,2005,1,0
NI,PT,fauna,1992,4,0
NI,PT,fauna,1993,6,0
NI,PT,fauna,1994,2,0
NI,PT,fauna,1995,2,0
NI,PT,fauna,1996,4,0
NI,PT,fauna,1997,11,0
NI,PT,fauna,1998,69,0
NI,PT,fauna,1999,113,0
NI,PT,fauna,2000,62,0
NI,PT,fauna,2001,32,0
NI,PT,fauna,2002,36,0
NI,QA,fauna,1994,1,0
NI,QA,fauna,1995,3,0
NI,QA,fauna,1996,1,0
NI,QA,fauna,1997,3,0
NI,QA,fauna,1998,3,0
NI,QA,fauna,1999,10,0
NI,QA,fauna,2000,3,0
NI,RU,fauna,1993,2,0
NI,RU,fauna,1994,3,0
NI,RU,fauna,1995,1,0
NI,RU,fauna,1996,1,0
NI,RU,fauna,1999,10,0
NI,RU,fauna,2002,1,0
NI,RU,fauna,2003,11,0
NI,RU,fauna,2013,3,0
NI,RU,flora,2004,1,0
NI,SA,fauna,2019,1,0
NI,SA,fauna,2020,4,0
NI,SA,fauna,2021,8,0
NI,SA,fauna,2022,4,0
NI,SA,fauna,2023,2,0
NI,SE,fauna,1983,1,0
NI,SE,fauna,1989,5,0
NI,SE,fauna,1990,2,0
NI,SE,fauna,1992,2,0
NI,SE,fauna,1993,7,0
NI,SE,flora,2016,1,0
NI,SG,fauna,1992,23,0
NI,SG,fauna,1993,10,0
NI,SG,fauna,1994,11,0
NI,SG,fauna,1995,12,0
NI,SG,fauna,1996,3,0
NI,SG,fauna,1997,4,0
NI,SG,fauna,1998,2,0
NI,SG,fauna,1999,10,0
NI,SG,fauna,2003,16,0
NI,SG,fauna,2004,12,0
NI,SG,fauna,2005,7,0
NI,SG,fauna,2012,4,0
NI,SG,fauna,2013,1,0
NI,SG,fauna,2014,1,0
NI,SI,fauna,1994,1,0
NI,SK,fauna,1995,6,0
NI,SK,fauna,1996,28,0
NI,SK,fauna,1997,16,0
NI,SK,fauna,2016,1,0
NI,SK,fauna,2019,2,0
NI,SK,flora,1997,18,0
NI,SK,flora,1998,20,0
NI,SK,flora,1999,56,0
NI,SK,flora,2000,89,0
NI,SK,flora,2001,85,0
NI,SU,fauna,1983,2,0
NI,SU,fauna,1984,9,0
NI,SU,fauna,1985,13,0
NI,SU,fauna,1986,5,0
NI,SU,fauna,1987,11,0
NI,SU,fauna,1988,1,0
NI,SU,fauna,1990,1,0
NI,SU,fauna,1991,3,0
NI,SU,flora,1985,4,0
NI,SV,fauna,1979,2,0
NI,SV,fauna,1981,2,0
NI,SV,fauna,1982,1,0
NI,SV,fauna,1983,2,0
NI,SV,fauna,1984,5,0
NI,SV,fauna,1985,2,0
NI,SV,fauna,1988,1,0
NI,SV,fauna,1990,1,0
NI,SV,fauna,1991,1,0
NI,SV,fauna,1992,3,0
NI,SV,fauna,1996,2,0
NI,SV,fauna,1998,4,0
NI,SV,fauna,2000,1,0
NI,SV,fauna,2003,2,0
NI,SV,fauna,2004,4,0
NI,SV,fauna,2005,1,0
NI,SV,fauna,2008,5,0
NI,SV,fauna,2010,1,0
NI,SV,fauna,2016,1,0
NI,SV,fauna,2020,1,0
NI,SV,fauna,2021,1,0
NI,SV,flora,1995,1,0
NI,SV,flora,1996,6,0
NI,SV,flora,1997,2,0
NI,SV,flora,2003,2,0
NI,TH,fauna,2012,2,0
NI,TR,flora,2015,1,0
NI,TR,flora,2016,1,0
NI,TW,fauna,1996,1,0
NI,TW,fauna,2008,1,0
NI,TW,fauna,2009,2,0
NI,TW,fauna,2011,2,0
NI,TW,fauna,2012,1,0
NI,TW,fauna,2016,3,0
NI,TW,fauna,2017,7,0
NI,TW,fauna,2018,3,0
NI,TW,fauna,2019,2,0
NI,TW,fauna,2020,3,0
NI,TW,fauna,2021,14,0
NI,TW,fauna,2022,3,0
NI,TW,flora,2017,1,0
NI,TW,flora,2019,1,0
NI,UA,fauna,1997,2,0
NI,UA,fauna,2003,2,0
NI,UA,fauna,2004,8,0
NI,UA,fauna,2009,2,0
NI,UA,fauna,2017,3,0
NI,US,fauna,1978,1,0
NI,US,fauna,1979,1,0
NI,US,fauna,1980,8,0
NI,US,fauna,1981,86,0
NI,US,fauna,1982,86,4
NI,US,fauna,1983,95,4
NI,US,fauna,1984,64,6
NI,US,fauna,1985,64,2
NI,US,fauna,1986,76,11
NI,US,fauna,1987,41,2
NI,US,fauna,1988,32,0
NI,US,fauna,1989,49,13
NI,US,fauna,1990,110,25
NI,US,fauna,1991,201,45
NI,US,fauna,1992,123,37
NI,US,fauna,1993,273,21
NI,US,fauna,1994,222,16
NI,US,fauna,1995,263,18
NI,US,fauna,1996,633,36
NI,US,fauna,1997,360,26
NI,US,fauna,1998,200,16
NI,US,fauna,1999,294,10
NI,US,fauna,2000,326,24
NI,US,fauna,2001,124,17
NI,US,fauna,2002,244,32
NI,US,fauna,2003,248,23
NI,US,fauna,2004,230,21
NI,US,fauna,2005,199,7
NI,US,fauna,2006,294,19
NI,US,fauna,2007,209,10
NI,US,fauna,2008,296,20
NI,US,fauna,2009,226,29
NI,US,fauna,2010,321,14
NI,US,fauna,2011,251,12
NI,US,fauna,2012,338,15
NI,US,fauna,2013,351,16
NI,US,fauna,2014,347,16
NI,US,fauna,2015,405,9
NI,US,fauna,2016,416,18
NI,US,fauna,2017,510,23
NI,US,fauna,2018,517,19
NI,US,fauna,2019,545,16
NI,US,fauna,2020,821,3
NI,US,fauna,2021,823,5
NI,US,fauna,2022,651,4
NI,US,fauna,2023,329,9
NI,US,fauna,2024,288,0
NI,US,flora,1978,1,0
NI,US,flora,1979,5,0
NI,US,flora,1980,9,0
NI,US,flora,1981,6,0
NI,US,flora,1982,2,1
NI,US,flora,1983,7,0
NI,US,flora,1984,7,0
NI,US,flora,1985,10,0
NI,US,flora,1989,1,1
NI,US,flora,1990,2,0
NI,US,flora,1991,42,1
NI,US,flora,1992,17,1
NI,US,flora,1994,3,3
NI,US,flora,1995,11,0
NI,US,flora,1996,180,1
NI,US,flora,1997,148,0
NI,US,flora,1998,29,1
NI,US,flora,1999,39,2
NI,US,flora,2000,35,0
NI,US,flora,2001,75,3
NI,US,flora,2002,140,1
NI,US,flora,2003,150,0
NI,US,flora,2004,119,0
NI,US,flora,2005,166,1
NI,US,flora,2006,65,0
NI,US,flora,2007,67,1
NI,US,flora,2008,66,0
NI,US,flora,2009,26,0
NI,US,flora,2010,38,1
NI,US,flora,2011,17,0
NI,US,flora,2012,3,0
NI,US,flora,2013,4,0
NI,US,flora,2014,1,0
NI,US,flora,2015,16,10
NI,US,flora,2016,14,1
NI,US,flora,2017,10,5
NI,US,flora,2018,7,0
NI,US,flora,2019,18,0
NI,US,flora,2020,10,0
NI,US,flora,2021,12,1
NI,US,flora,2022,8,0
NI,US,flora,2023,1,0
NI,US,flora,2024,3,0
NI,UY,fauna,2004,4,0
NI,VE,fauna,1983,1,0
NI,VE,fauna,1993,1,0
NI,VE,fauna,2003,2,0
NI,VE,flora,2013,1,0
NI,VN,fauna,2013,1,0
NI,VN,fauna,2016,1,0
NI,XX,fauna,1983,2,0
NI,XX,fauna,1999,1,0
NI,XX,fauna,2011,5,0
NI,XX,fauna,2013,1,0
NI,XX,fauna,2016,3,0
NI,XX,fauna,2020,2,0
NI,XX,fauna,2021,4,0
NI,ZA,fauna,1992,6,0
NI,ZA,fauna,1993,3,0
NI,ZA,fauna,1994,32,0
NI,ZA,fauna,1995,26,0
NI,ZA,fauna,1996,5,0
NI,ZA,fauna,1997,12,0
NI,ZA,fauna,1998,3,0
NI,ZA,fauna,1999,7,0
NI,ZA,fauna,2000,5,0
NI,ZA,fauna,2002,23,0
NI,ZA,fauna,2003,22,0
NI,ZA,fauna,2004,5,0
NI,ZA,fauna,2005,8,0
NI,ZA,fauna,2006,3,0
NI,ZA,fauna,2007,9,0
NI,ZC,fauna,1985,1,0
NI,ZC,flora,1989,2,0
NI,ZW,fauna,1994,2,0
NI,ZW,fauna,1995,3,0
NL,AG,flora,2010,11,0
NL,AG,flora,2011,10,0
NL,AG,flora,2012,33,0
NL,AG,flora,2013,53,0
NL,AG,flora,2014,3,0
NL,AG,flora,2015,63,0
NL,AG,flora,2016,19,0
NL,AG,flora,2017,22,0
NL,AG,flora,2018,24,0
NL,AG,flora,2019,15,0
NL,AG,flora,2020,9,0
NL,AG,flora,2021,3,0
NL,AG,flora,2022,17,0
NL,AG,flora,2023,36,0
NL,AG,flora,2024,24,0
NL,AR,fauna,1984,1,0
NL,AR,fauna,1989,7,0
NL,AR,fauna,1990,11,0
NL,AR,fauna,1993,22,0
NL,AR,fauna,1994,7,0
NL,AR,fauna,1995,8,0
NL,AR,fauna,1997,15,0
NL,AR,fauna,1998,15,0
NL,AR,fauna,1999,6,0
NL,AR,fauna,2000,21,0
NL,AR,fauna,2001,16,0
NL,AR,fauna,2002,6,0
NL,AR,fauna,2004,2,0
NL,AR,fauna,2008,1,0
NL,AR,fauna,2009,6,0
NL,AR,flora,1992,3,0
NL,AR,flora,2013,3,0
NL,AR,flora,2014,3,0
NL,AR,flora,2017,3,0
NL,AR,flora,2018,3,0
NL,BB,fauna,1992,1,0
NL,BB,flora,2002,23,0
NL,BB,flora,2003,2,0
NL,BB,flora,2005,5,0
NL,BB,flora,2009,11,0
NL,BB,flora,2010,21,0
NL,BB,flora,2011,1,0
NL,BB,flora,2012,27,0
NL,BB,flora,2013,25,0
NL,BB,flora,2014,26,0
NL,BB,flora,2015,206,0
NL,BB,flora,2016,501,0
NL,BB,flora,2017,643,0
NL,BB,flora,2018,703,0
NL,BB,flora,2019,731,0
NL,BB,flora,2020,362,0
NL,BB,flora,2021,502,0
NL,BB,flora,2022,652,0
NL,BB,flora,2023,559,0
NL,BB,flora,2024,477,0
NL,BR,fauna,1984,9,0
NL,BR,fauna,1987,14,0
NL,BR,fauna,1989,5,0
NL,BR,fauna,1990,43,0
NL,BR,fauna,1991,37,0
NL,BR,fauna,1992,115,2
NL,BR,fauna,1993,38,0
NL,BR,fauna,1994,201,0
NL,BR,fauna,1995,478,0
NL,BR,fauna,1996,281,0
NL,BR,fauna,1997,146,0
NL,BR,fauna,1998,21,0
NL,BR,fauna,1999,2,0
NL,BR,fauna,2000,3,2
NL,BR,fauna,2001,4,0
NL,BR,fauna,2003,1,0
NL,BR,fauna,2004,4,0
NL,BR,fauna,2005,2,0
NL,BR,fauna,2008,1,0
NL,BR,fauna,2009,2,0
NL,BR,fauna,2011,12,0
NL,BR,fauna,2012,28,0
NL,BR,fauna,2013,48,0
NL,BR,fauna,2014,33,0
NL,BR,fauna,2015,2,0
NL,BR,fauna,2016,14,0
NL,BR,fauna,2017,1,0
NL,BR,fauna,2020,1,0
NL,BR,fauna,2022,1,0
NL,BR,fauna,2024,4,0
NL,BR,flora,1984,3,0
NL,BR,flora,1986,3,0
NL,BR,flora,1988,1,0
NL,BR,flora,1990,3,0
NL,BR,flora,1991,5,0
NL,BR,flora,1992,7,0
NL,BR,flora,2013,1,0
NL,BR,flora,2014,3,0
NL,BR,flora,2015,1,0
NL,BR,flora,2016,1,0
NL,BR,flora,2017,3,0
NL,BR,flora,2018,26,0
NL,BR,flora,2019,12,0
NL,BR,flora,2020,6,0
NL,BR,flora,2021,8,0
NL,BR,flora,2022,7,0
NL,BR,flora,2023,3,0
NL,BR,flora,2024,3,0
NL,BS,fauna,1984,36,0
NL,BS,fauna,1985,57,0
NL,BS,fauna,1986,31,0
NL,BS,fauna,1987,17,0
NL,BS,fauna,1988,9,0
NL,BS,fauna,1989,3,0
NL,BS,fauna,1990,3,0
NL,BS,fauna,1995,4,0
NL,BS,fauna,1997,19,0
NL,BS,fauna,1998,34,0
NL,BS,fauna,1999,12,0
NL,BS,fauna,2000,25,0
NL,BS,fauna,2001,28,0
NL,BS,fauna,2002,32,0
NL,BS,fauna,2003,21,0
NL,BS,fauna,2004,41,0
NL,BS,fauna,2005,22,0
NL,BS,fauna,2010,1,0
NL,BS,fauna,2011,4,0
NL,BS,fauna,2013,1,0
NL,BS,fauna,2014,10,0
NL,BS,fauna,2015,1,0
NL,BS,fauna,2016,1,0
NL,BS,fauna,2017,7,0
NL,BS,fauna,2019,1,0
NL,BS,flora,2012,1,0
NL,BZ,fauna,1999,1,0
NL,CL,fauna,1986,3,0
NL,CL,fauna,1988,1,0
NL,CL,fauna,1989,8,0
NL,CL,fauna,1990,17,0
NL,CL,fauna,1991,15,0
NL,CL,fauna,1992,3,0
NL,CL,fauna,1993,46,0
NL,CL,fauna,1994,14,0
NL,CL,fauna,1995,51,0
NL,CL,fauna,1996,20,0
NL,CL,fauna,1997,7,0
NL,CL,fauna,1998,61,0
NL,CL,fauna,1999,57,0
NL,CL,fauna,2000,25,0
NL,CL,fauna,2001,5,2
NL,CL,fauna,2003,8,2
NL,CL,fauna,2004,2,1
NL,CL,fauna,2009,8,0
NL,CL,fauna,2010,1,0
NL,CL,fauna,2014,2,0
NL,CL,fauna,2016,2,0
NL,CL,fauna,2019,1,0
NL,CL,flora,1987,1,0
NL,CL,flora,2003,1,1
NL,CL,flora,2009,1,0
NL,CL,flora,2015,2,0
NL,CL,flora,2017,4,0
NL,CL,flora,2018,2,0
NL,CL,flora,2024,5,0
NL,CO,fauna,1984,6,0
NL,CO,fauna,1985,2,0
NL,CO,fauna,1986,3,0
NL,CO,fauna,1987,5,0
NL,CO,fauna,1995,15,0
NL,CO,fauna,1996,6,0
NL,CO,fauna,1997,9,0
NL,CO,fauna,1998,16,0
NL,CO,fauna,1999,8,0
NL,CO,fauna,2009,1,0
NL,CO,fauna,2013,4,0
NL,CO,fauna,2014,7,0
NL,CO,fauna,2015,1,0
NL,CO,fauna,2022,3,0
NL,CO,flora,1984,4,0
NL,CO,flora,1986,1,0
NL,CO,flora,1990,2,0
NL,CO,flora,1991,1,0
NL,CO,flora,2015,6,0
NL,CO,flora,2016,13,0
NL,CO,flora,2017,22,0
NL,CO,flora,2018,14,0
NL,CO,flora,2019,3,0
NL,CO,flora,2020,5,0
NL,CO,flora,2021,11,0
NL,CO,flora,2022,6,0
NL,CR,fauna,1984,1,0
NL,CR,fauna,1986,3,0
NL,CR,fauna,1987,7,0
NL,CR,fauna,1988,11,0
NL,CR,fauna,1989,7,0
NL,CR,fauna,1990,12,0
NL,CR,fauna,1991,18,0
NL,CR,fauna,1992,15,0
NL,CR,fauna,1993,50,0
NL,CR,fauna,1994,1,0
NL,CR,fauna,1995,1,0
NL,CR,fauna,1996,19,0
NL,CR,fauna,1997,23,0
NL,CR,fauna,1998,33,0
NL,CR,fauna,1999,1,0
NL,CR,fauna,2000,5,0
NL,CR,fauna,2001,13,0
NL,CR,fauna,2002,16,0
NL,CR,fauna,2003,5,0
NL,CR,fauna,2004,20,0
NL,CR,fauna,2005,8,0
NL,CR,fauna,2007,1,0
NL,CR,fauna,2008,1,0
NL,CR,flora,1987,3,0
NL,CR,flora,1989,4,0
NL,CR,flora,1990,9,0
NL,CR,flora,1991,11,0
NL,CR,flora,1992,3,0
NL,CR,flora,1993,2,0
NL,CR,flora,2004,2,0
NL,CR,flora,2015,2,0
NL,CR,flora,2021,14,0
NL,CR,flora,2022,16,0
NL,CR,flora,2023,10,0
NL,CR,flora,2024,15,0
NL,CU,fauna,1985,13,0
NL,CU,fauna,1987,5,0
NL,CU,fauna,1996,8,0
NL,CU,fauna,1997,8,0
NL,CU,fauna,1998,2,0
NL,CU,fauna,1999,3,0
NL,CU,fauna,2009,7,0
NL,CU,fauna,2010,37,0
NL,CU,fauna,2011,6,0
NL,CU,fauna,2012,8,0
NL,CU,flora,2010,2,0
NL,CU,flora,2017,1,0
NL,DM,fauna,1996,1,0
NL,DM,flora,2008,2,0
NL,DO,fauna,1984,12,0
NL,DO,fauna,1985,15,0
NL,DO,fauna,1986,6,0
NL,DO,fauna,1987,22,0
NL,DO,fauna,1988,28,0
NL,DO,fauna,1989,5,0
NL,DO,fauna,1990,3,0
NL,DO,fauna,1991,8,0
NL,DO,fauna,1992,14,0
NL,DO,fauna,1993,42,0
NL,DO,fauna,1994,51,0
NL,DO,fauna,1995,65,0
NL,DO,fauna,1996,11,0
NL,DO,fauna,1997,28,0
NL,DO,fauna,1998,59,0
NL,DO,fauna,1999,16,0
NL,DO,fauna,2000,107,0
NL,DO,fauna,2001,40,0
NL,DO,fauna,2002,82,0
NL,DO,fauna,2011,3,0
NL,DO,fauna,2012,2,0
NL,DO,fauna,2014,2,0
NL,DO,fauna,2015,1,0
NL,DO,fauna,2016,1,0
NL,DO,fauna,2018,2,0
NL,DO,flora,1985,3,0
NL,DO,flora,1999,2,0
NL,DO,flora,2001,9,0
NL,DO,flora,2002,7,0
NL,DO,flora,2004,4,0
NL,DO,flora,2006,4,0
NL,DO,flora,2007,5,0
NL,DO,flora,2008,5,0
NL,DO,flora,2009,4,0
NL,DO,flora,2010,9,0
NL,DO,flora,2011,13,0
NL,DO,flora,2012,15,0
NL,DO,flora,2013,6,0
NL,DO,flora,2014,2,0
NL,DO,flora,2015,58,0
NL,DO,flora,2016,43,0
NL,DO,flora,2017,121,0
NL,DO,flora,2018,154,0
NL,DO,flora,2019,203,0
NL,DO,flora,2020,441,0
NL,DO,flora,2021,324,0
NL,DO,flora,2022,262,0
NL,DO,flora,2023,262,0
NL,DO,flora,2024,253,0
NL,EC,fauna,1984,3,0
NL,EC,fauna,1985,4,0
NL,EC,fauna,2008,2,0
NL,EC,fauna,2011,1,0
NL,EC,fauna,2012,3,0
NL,EC,fauna,2013,1,0
NL,EC,fauna,2014,9,0
NL,EC,fauna,2015,5,0
NL,EC,fauna,2016,6,0
NL,EC,fauna,2017,6,0
NL,EC,fauna,2018,2,0
NL,EC,fauna,2019,1,0
NL,EC,flora,1985,2,0
NL,EC,flora,2004,1,0
NL,EC,flora,2010,2,2
NL,EC,flora,2014,1,1
NL,EC,flora,2018,3,0
NL,EC,flora,2019,4,0
NL,EC,flora,2020,2,0
NL,EC,flora,2021,4,0
NL,EC,flora,2022,9,0
NL,EC,flora,2023,4,0
NL,GD,fauna,1990,1,0
NL,GD,flora,2016,1,0
NL,GD,flora,2017,2,0
NL,GD,flora,2020,1,0
NL,GD,flora,2024,2,0
NL,GT,fauna,1992,4,0
NL,GT,fauna,1993,5,0
NL,GT,fauna,1994,11,0
NL,GT,fauna,1995,10,0
NL,GT,fauna,1996,17,0
NL,GT,fauna,1997,22,0
NL,GT,fauna,1998,30,0
NL,GT,fauna,1999,13,0
NL,GT,fauna,2000,15,0
NL,GT,fauna,2001,1,0
NL,GT,fauna,2011,7,0
NL,GT,fauna,2015,8,0
NL,GT,fauna,2016,27,0
NL,GT,fauna,2017,18,0
NL,GT,fauna,2018,39,0
NL,GT,fauna,2019,69,0
NL,GT,fauna,2020,33,0
NL,GT,flora,1985,3,0
NL,GT,flora,1990,2,0
NL,GT,flora,1991,1,0
NL,GT,flora,2008,2,0
NL,GT,flora,2012,4,0
NL,GT,flora,2014,1,0
NL,GT,flora,2016,3,0
NL,GT,flora,2017,9,0
NL,GT,flora,2018,5,0
NL,GT,flora,2019,6,0
NL,GT,flora,2020,4,0
NL,GT,flora,2021,11,0
NL,GT,flora,2022,8,0
NL,GT,flora,2023,2,0
NL,GT,flora,2024,1,0
NL,GY,fauna,1985,3,0
NL,GY,fauna,1986,1,0
NL,GY,fauna,1994,1,0
NL,GY,fauna,2015,1,1
NL,GY,flora,2008,2,0
NL,GY,flora,2009,6,0
NL,GY,flora,2011,2,0
NL,GY,flora,2013,4,0
NL,GY,flora,2015,1,0
NL,GY,flora,2024,13,0
NL,HN,fauna,1985,2,0
NL,HN,fauna,1987,2,0
NL,HN,fauna,1990,1,0
NL,HN,fauna,1991,1,0
NL,HN,fauna,1992,2,0
NL,HN,fauna,1993,11,0
NL,HN,fauna,1994,4,0
NL,HN,fauna,1995,3,0
NL,HN,fauna,1996,6,0
NL,HN,fauna,1997,2,0
NL,HN,fauna,1998,16,0
NL,HN,fauna,1999,12,0
NL,HN,fauna,2000,10,0
NL,HN,flora,2022,6,0
NL,HT,fauna,1998,5,0
NL,HT,fauna,2004,8,0
NL,JM,flora,2013,2,0
NL,JM,flora,2015,9,0
NL,JM,flora,2019,1,0
NL,JM,flora,2022,10,0
NL,JM,flora,2023,12,0
NL,JM,flora,2024,8,0
NL,KN,flora,1990,4,0
NL,MX,fauna,1984,14,0
NL,MX,fauna,1985,1,0
NL,MX,fauna,1986,9,0
NL,MX,fauna,1987,32,0
NL,MX,fauna,1988,126,0
NL,MX,fauna,1989,247,0
NL,MX,fauna,1990,174,0
NL,MX,fauna,1991,227,0
NL,MX,fauna,1992,316,0
NL,MX,fauna,1993,165,0
NL,MX,fauna,1994,335,0
NL,MX,fauna,1995,211,0
NL,MX,fauna,1996,124,0
NL,MX,fauna,1997,1,0
NL,MX,fauna,1998,4,0
NL,MX,fauna,1999,65,0
NL,MX,fauna,2000,10,0
NL,MX,fauna,2001,137,0
NL,MX,fauna,2002,169,0
NL,MX,fauna,2003,70,0
NL,MX,fauna,2008,4,0
NL,MX,fauna,2009,3,0
NL,MX,fauna,2010,2,0
NL,MX,fauna,2011,2,0
NL,MX,fauna,2013,9,0
NL,MX,fauna,2014,14,0
NL,MX,fauna,2015,21,0
NL,MX,fauna,2016,18,0
NL,MX,fauna,2017,16,0
NL,MX,fauna,2018,25,0
NL,MX,fauna,2019,19,0
NL,MX,fauna,2020,18,0
NL,MX,fauna,2021,11,0
NL,MX,fauna,2022,4,0
NL,MX,fauna,2024,2,0
NL,MX,flora,1987,3,0
NL,MX,flora,2000,35,0
NL,MX,flora,2003,1,0
NL,MX,flora,2006,20,0
NL,MX,flora,2007,29,0
NL,MX,flora,2008,1,0
NL,MX,flora,2010,2,0
NL,MX,flora,2011,4,0
NL,MX,flora,2012,4,0
NL,MX,flora,2013,2,0
NL,MX,flora,2014,3,0
NL,MX,flora,2015,10,0
NL,MX,flora,2016,44,0
NL,MX,flora,2017,65,0
NL,MX,flora,2018,62,0
NL,MX,flora,2019,69,0
NL,MX,flora,2020,54,0
NL,MX,flora,2021,53,0
NL,MX,flora,2022,70,0
NL,MX,flora,2023,67,0
NL,MX,flora,2024,92,0
NL,NI,fauna,1994,5,0
NL,NI,fauna,1995,5,0
NL,NI,fauna,1996,10,0
NL,NI,fauna,1997,9,0
NL,NI,fauna,1998,15,0
NL,NI,fauna,2000,11,0
NL,NI,fauna,2001,2,0
NL,PA,fauna,1983,2,0
NL,PA,fauna,1984,13,0
NL,PA,fauna,1985,20,0
NL,PA,fauna,1986,12,0
NL,PA,fauna,1987,20,0
NL,PA,fauna,1988,11,0
NL,PA,fauna,1989,20,0
NL,PA,fauna,1990,16,0
NL,PA,fauna,1991,16,0
NL,PA,fauna,1992,15,0
NL,PA,fauna,1993,2,0
NL,PA,fauna,1997,9,0
NL,PA,fauna,1998,37,0
NL,PA,fauna,1999,7,0
NL,PA,fauna,2000,14,0
NL,PA,fauna,2001,1,0
NL,PA,fauna,2003,11,0
NL,PA,fauna,2006,2,0
NL,PA,fauna,2009,24,0
NL,PA,fauna,2010,25,0
NL,PA,fauna,2011,22,0
NL,PA,fauna,2012,83,0
NL,PA,fauna,2013,273,0
NL,PA,fauna,2014,147,0
NL,PA,fauna,2015,162,0
NL,PA,fauna,2016,126,0
NL,PA,fauna,2017,127,0
NL,PA,fauna,2018,62,0
NL,PA,fauna,2019,23,0
NL,PA,fauna,2024,7,0
NL,PA,flora,1996,1,0
NL,PA,flora,2018,1,0
NL,PE,fauna,1985,13,0
NL,PE,fauna,1986,18,0
NL,PE,fauna,1987,2,0
NL,PE,fauna,1990,6,0
NL,PE,fauna,1991,2,0
NL,PE,fauna,1992,14,0
NL,PE,fauna,1995,1,0
NL,PE,fauna,1996,9,0
NL,PE,fauna,1997,8,0
NL,PE,fauna,2013,4,0
NL,PE,fauna,2014,2,0
NL,PE,fauna,2017,1,0
NL,PE,fauna,2018,5,5
NL,PE,fauna,2024,11,0
NL,PE,flora,2010,2,0
NL,PE,flora,2011,1,0
NL,PE,flora,2012,2,0
NL,PE,flora,2013,4,0
NL,PE,flora,2015,1,0
NL,PE,flora,2016,2,0
NL,PE,flora,2017,2,0
NL,PE,flora,2018,2,0
NL,PE,flora,2019,4,0
NL,PE,flora,2022,2,0
NL,PE,flora,2023,12,0
NL,PE,flora,2024,4,0
NL,PY,fauna,2015,1,0
NL,SR,fauna,1984,8,0
NL,SR,fauna,1985,1,0
NL,SR,fauna,1986,3,0
NL,SR,fauna,1987,15,0
NL,SR,fauna,1990,1,0
NL,SR,fauna,1992,1,0
NL,SR,fauna,1993,2,0
NL,SR,fauna,1994,39,0
NL,SR,fauna,1995,13,0
NL,SR,fauna,1996,3,0
NL,SR,fauna,1997,6,0
NL,SR,fauna,1998,3,0
NL,SR,fauna,1999,4,0
NL,SR,fauna,2000,6,0
NL,SR,fauna,2003,5,0
NL,SR,fauna,2004,9,0
NL,SR,fauna,2005,4,0
NL,SR,fauna,2007,3,0
NL,SR,fauna,2008,4,0
NL,SR,fauna,2009,7,0
NL,SR,fauna,2010,9,0
NL,SR,fauna,2011,6,0
NL,SR,fauna,2012,36,0
NL,SR,fauna,2013,35,1
NL,SR,fauna,2014,17,0
NL,SR,fauna,2015,13,0
NL,SR,fauna,2016,16,0
NL,SR,fauna,2017,3,2
NL,SR,fauna,2018,6,0
NL,SR,fauna,2020,3,0
NL,SR,fauna,2021,5,0
NL,SR,fauna,2022,6,0
NL,SR,fauna,2023,16,0
NL,SR,fauna,2024,9,0
NL,SR,flora,1984,5,0
NL,SR,flora,1986,2,0
NL,SR,flora,1988,1,0
NL,SR,flora,1989,4,0
NL,SR,flora,1990,1,0
NL,SR,flora,1991,1,0
NL,SR,flora,1992,1,0
NL,SR,flora,2008,35,0
NL,SR,flora,2009,9,0
NL,SR,flora,2010,118,0
NL,SR,flora,2011,164,0
NL,SR,flora,2012,151,0
NL,SR,flora,2013,181,0
NL,SR,flora,2014,227,0
NL,SR,flora,2015,1697,0
NL,SR,flora,2016,693,0
NL,SR,flora,2017,581,0
NL,SR,flora,2018,900,0
NL,SR,flora,2019,937,0
NL,SR,flora,2020,848,0
NL,SR,flora,2021,1564,0
NL,SR,flora,2022,958,0
NL,SR,flora,2023,1028,0
NL,SR,flora,2024,1176,0
NL,SV,fauna,1984,4,0
NL,SV,fauna,1985,2,0
NL,SV,fauna,1987,5,0
NL,SV,fauna,1988,7,0
NL,SV,fauna,1989,8,0
NL,SV,fauna,1991,8,0
NL,SV,fauna,1992,8,0
NL,SV,fauna,1993,8,0
NL,SV,fauna,1994,6,0
NL,SV,fauna,1995,6,0
NL,SV,fauna,1996,2,0
NL,SV,fauna,1997,4,0
NL,SV,fauna,1998,6,0
NL,SV,fauna,1999,5,0
NL,SV,fauna,2001,5,0
NL,SV,flora,2012,3,0
NL,SV,flora,2014,4,0
NL,SV,flora,2015,14,0
NL,SV,flora,2016,10,0
NL,SV,flora,2017,8,0
NL,TT,fauna,1984,79,0
NL,TT,fauna,1985,26,0
NL,TT,fauna,1986,6,0
NL,TT,fauna,1987,12,0
NL,TT,fauna,1988,11,0
NL,TT,fauna,1989,2,0
NL,TT,fauna,1990,26,0
NL,TT,fauna,1991,15,0
NL,TT,fauna,1992,5,0
NL,TT,fauna,1993,1,0
NL,TT,fauna,1994,96,0
NL,TT,fauna,1995,31,0
NL,TT,fauna,1996,14,0
NL,TT,fauna,1997,29,0
NL,TT,fauna,1998,75,0
NL,TT,fauna,1999,42,0
NL,TT,fauna,2000,35,0
NL,TT,fauna,2001,27,0
NL,TT,fauna,2002,54,0
NL,TT,fauna,2003,12,0
NL,TT,fauna,2005,39,0
NL,TT,fauna,2015,1,0
NL,TT,flora,1992,1,0
NL,TT,flora,1994,1,0
NL,TT,flora,2024,4,0
NL,UY,fauna,1985,2,0
NL,UY,fauna,2013,3,0
NL,UY,fauna,2018,3,0
NL,UY,fauna,2021,2,0
NL,UY,flora,2009,1,0
NL,UY,flora,2010,1,0
NL,UY,flora,2013,1,0
NL,UY,flora,2015,4,0
NL,UY,flora,2016,4,0
NL,UY,flora,2017,2,0
NL,UY,flora,2018,3,0
NL,UY,flora,2019,2,0
NL,UY,flora,2020,2,0
NL,UY,flora,2021,6,0
NL,UY,flora,2022,1,0
NL,UY,flora,2023,2,0
NL,UY,flora,2024,4,0
NL,VC,flora,2020,3,0
NL,VC,flora,2023,4,0
NL,VC,flora,2024,20,0
NL,VE,fauna,1986,1,0
NL,VE,fauna,1989,3,0
NL,VE,fauna,1990,27,0
NL,VE,fauna,1991,126,0
NL,VE,fauna,1992,158,0
NL,VE,fauna,1993,53,0
NL,VE,fauna,1994,24,0
NL,VE,fauna,1995,28,0
NL,VE,fauna,1996,8,0
NL,VE,fauna,1997,26,0
NL,VE,fauna,1998,33,0
NL,VE,fauna,1999,34,0
NL,VE,fauna,2000,75,0
NL,VE,fauna,2001,73,0
NL,VE,fauna,2002,53,0
NL,VE,fauna,2003,7,0
NL,VE,fauna,2004,24,0
NL,VE,fauna,2005,8,0
NL,VE,fauna,2009,7,0
NL,VE,fauna,2010,2,0
NL,VE,fauna,2011,2,0
NL,VE,fauna,2012,2,0
NL,VE,fauna,2013,1,0
NL,VE,fauna,2018,66,0
NL,VE,fauna,2019,17,0
NL,VE,fauna,2021,2,0
NL,VE,fauna,2022,32,0
NL,VE,fauna,2023,7,0
NL,VE,fauna,2024,34,0
NL,VE,flora,1985,1,0
NL,VE,flora,1987,2,0
NL,VE,flora,2001,2,0
NL,VE,flora,2007,2,0
NL,VE,flora,2008,1,0
NL,VE,flora,2014,2,0
NL,VE,flora,2016,2,0
NL,VE,flora,2017,2,0
NL,VE,flora,2019,1,0
NO,BR,fauna,1999,1,0
NO,BR,fauna,2022,3,0
NO,BR,flora,2023,1,0
NO,CR,flora,1991,27,0
NO,DO,fauna,1989,2,0
NO,MX,fauna,1995,2,0
NO,MX,fauna,1996,2,0
NO,MX,fauna,1997,1,0
NO,MX,fauna,2003,2,0
NO,MX,fauna,2004,2,0
NO,MX,fauna,2015,1,0
NO,MX,fauna,2019,1,0
NO,VE,fauna,1994,1,0
NP,MX,fauna,1981,2,0
NP,MX,fauna,1992,4,0
NP,MX,fauna,2015,2,0
NP,MX,fauna,2016,2,0
NP,MX,fauna,2022,2,0
NP,MX,fauna,2023,1,0
NP,MX,fauna,2024,3,0
NZ,AR,fauna,1991,5,0
NZ,AR,fauna,1998,1,0
NZ,AR,fauna,2001,1,0
NZ,AR,fauna,2016,1,0
NZ,AR,flora,1998,8,0
NZ,AR,flora,1999,5,0
NZ,BR,fauna,1990,1,0
NZ,BR,fauna,2014,41,0
NZ,BR,fauna,2015,39,0
NZ,BR,fauna,2016,17,0
NZ,BR,fauna,2017,1,0
NZ,BR,fauna,2018,88,0
NZ,BR,fauna,2019,52,0
NZ,BR,flora,1990,3,0
NZ,BR,flora,1991,4,0
NZ,BR,flora,1992,1,0
NZ,CL,fauna,1997,1,0
NZ,CL,fauna,2000,8,0
NZ,CL,fauna,2002,1,0
NZ,CL,fauna,2003,2,0
NZ,CL,fauna,2011,1,0
NZ,CL,fauna,2013,10,0
NZ,CL,fauna,2018,2,0
NZ,CO,fauna,1995,1,0
NZ,CO,fauna,2008,2,0
NZ,CO,fauna,2018,3,0
NZ,CR,fauna,2000,1,0
NZ,MX,fauna,1998,5,0
NZ,MX,fauna,1999,3,0
NZ,MX,fauna,2000,13,0
NZ,MX,fauna,2001,28,0
NZ,MX,fauna,2002,21,0
NZ,MX,fauna,2003,1,0
NZ,NI,fauna,1998,1,0
NZ,PY,fauna,2012,2,0
NZ,VE,flora,1998,1,0
NZ,VE,flora,1999,2,0
OM,GY,fauna,2021,6,0
OM,SR,fauna,2016,1,0
OM,SR,fauna,2017,1,0
PA,AN,fauna,1981,1,0
PA,AN,fauna,1998,1,0
PA,AN,fauna,2000,1,0
PA,AR,fauna,1979,1,0
PA,AR,fauna,1983,6,0
PA,AR,fauna,2009,1,0
PA,AR,fauna,2011,3,0
PA,AR,fauna,2012,2,0
PA,AR,fauna,2013,2,0
PA,AR,fauna,2014,1,0
PA,AR,fauna,2016,3,0
PA,AR,fauna,2017,2,0
PA,AR,fauna,2024,2,0
PA,AR,fauna,2025,4,0
PA,AT,fauna,1993,3,0
PA,AT,fauna,1994,7,0
PA,AT,fauna,1999,2,0
PA,AT,fauna,2009,1,0
PA,AT,flora,2009,31,0
PA,AT,flora,2010,3,0
PA,AU,fauna,2000,4,0
PA,AU,fauna,2008,1,0
PA,AU,fauna,2011,3,0
PA,AW,fauna,2016,1,0
PA,AW,flora,2005,3,0
PA,BE,fauna,2003,2,0
PA,BE,fauna,2011,14,0
PA,BE,fauna,2012,18,0
PA,BE,fauna,2013,22,0
PA,BE,fauna,2014,20,0
PA,BE,fauna,2015,2,0
PA,BO,fauna,2005,1,0
PA,BO,fauna,2007,1,0
PA,BR,fauna,1983,2,0
PA,BR,fauna,1990,1,0
PA,BR,fauna,1999,1,0
PA,BR,fauna,2000,1,0
PA,BR,fauna,2003,4,0
PA,BR,fauna,2004,56,0
PA,BR,fauna,2005,195,0
PA,BR,fauna,2006,72,0
PA,BR,fauna,2007,103,0
PA,BR,fauna,2008,4,0
PA,BR,fauna,2009,11,0
PA,BR,fauna,2010,1,0
PA,BR,fauna,2011,3,0
PA,BR,fauna,2014,1,0
PA,BR,fauna,2015,2,0
PA,BR,fauna,2016,4,0
PA,BR,fauna,2019,1,0
PA,BR,fauna,2022,1,0
PA,BR,fauna,2023,17,0
PA,BR,fauna,2024,2,0
PA,BR,fauna,2025,1,0
PA,BR,flora,1990,1,0
PA,BR,flora,1991,1,0
PA,BR,flora,2017,1,0
PA,BS,fauna,1995,1,0
PA,BS,flora,2025,2,0
PA,BT,fauna,1993,1,0
PA,BZ,fauna,2001,2,0
PA,BZ,fauna,2004,1,0
PA,BZ,fauna,2005,4,0
PA,BZ,fauna,2007,2,0
PA,BZ,fauna,2009,3,0
PA,BZ,fauna,2010,1,0
PA,CA,fauna,1982,1,0
PA,CA,fauna,1989,1,0
PA,CA,fauna,1996,1,0
PA,CA,fauna,1999,9,0
PA,CA,fauna,2000,2,0
PA,CA,fauna,2001,5,0
PA,CA,fauna,2002,1,0
PA,CA,fauna,2005,10,0
PA,CA,fauna,2006,4,0
PA,CA,fauna,2010,4,0
PA,CA,fauna,2012,2,0
PA,CA,fauna,2013,16,0
PA,CA,fauna,2015,1,0
PA,CA,fauna,2017,1,0
PA,CA,fauna,2018,2,0
PA,CA,fauna,2023,1,0
PA,CA,flora,1980,35,0
PA,CA,flora,1996,1,0
PA,CA,flora,1999,31,0
PA,CA,flora,2009,60,0
PA,CA,flora,2011,3,0
PA,CA,flora,2015,1,0
PA,CA,flora,2018,2,0
PA,CH,fauna,1984,1,0
PA,CH,fauna,1992,3,0
PA,CH,fauna,1993,7,0
PA,CH,fauna,1995,2,0
PA,CH,fauna,1996,4,0
PA,CH,fauna,1997,1,0
PA,CH,fauna,1999,11,0
PA,CH,fauna,2003,1,0
PA,CH,fauna,2004,4,0
PA,CH,fauna,2009,1,0
PA,CH,fauna,2010,8,0
PA,CH,fauna,2012,1,0
PA,CH,fauna,2016,2,0
PA,CH,fauna,2017,3,0
PA,CH,fauna,2022,1,0
PA,CH,fauna,2024,5,0
PA,CH,flora,1980,52,0
PA,CH,flora,2004,3,0
PA,CH,flora,2007,1,0
PA,CH,flora,2011,33,0
PA,CH,flora,2012,34,0
PA,CI,fauna,1994,1,0
PA,CL,fauna,1989,1,0
PA,CL,fauna,1995,1,0
PA,CL,fauna,1996,1,0
PA,CL,fauna,2002,9,0
PA,CL,fauna,2003,11,0
PA,CL,fauna,2004,9,0
PA,CL,fauna,2005,1,0
PA,CL,fauna,2007,2,0
PA,CL,fauna,2010,4,0
PA,CL,fauna,2016,2,0
PA,CL,fauna,2019,2,0
PA,CL,fauna,2023,1,0
PA,CL,fauna,2024,2,0
PA,CL,flora,1993,1,0
PA,CL,flora,2023,1,1
PA,CN,fauna,2007,1,0
PA,CN,fauna,2010,1,0
PA,CN,fauna,2013,3,0
PA,CN,flora,2012,4,0
PA,CN,flora,2013,432,0
PA,CN,flora,2014,1322,0
PA,CN,flora,2015,75,0
PA,CN,flora,2016,271,0
PA,CN,flora,2017,334,0
PA,CN,flora,2018,371,0
PA,CN,flora,2019,209,0
PA,CN,flora,2020,67,0
PA,CN,flora,2021,71,0
PA,CN,flora,2022,154,0
PA,CN,flora,2023,26,0
PA,CN,flora,2024,1,0
PA,CN,flora,2025,10,0
PA,CO,fauna,1979,1,0
PA,CO,fauna,1985,5,0
PA,CO,fauna,1986,4,0
PA,CO,fauna,1993,1,0
PA,CO,fauna,1994,1,0
PA,CO,fauna,1995,1,0
PA,CO,fauna,1997,1,0
PA,CO,fauna,1999,3,0
PA,CO,fauna,2001,1,0
PA,CO,fauna,2002,4,0
PA,CO,fauna,2003,6,0
PA,CO,fauna,2004,2,0
PA,CO,fauna,2006,2,0
PA,CO,fauna,2009,6,0
PA,CO,fauna,2012,1,0
PA,CO,fauna,2014,2,0
PA,CO,fauna,2017,1,0
PA,CO,fauna,2019,1,0
PA,CO,flora,1989,10,0
PA,CO,flora,1990,1,0
PA,CO,flora,1996,1,0
PA,CO,flora,2000,125,0
PA,CR,fauna,1981,1,0
PA,CR,fauna,1983,1,0
PA,CR,fauna,1986,1,0
PA,CR,fauna,1988,1,0
PA,CR,fauna,1993,1,0
PA,CR,fauna,1994,4,0
PA,CR,fauna,1995,12,0
PA,CR,fauna,1996,4,0
PA,CR,fauna,1998,1,0
PA,CR,fauna,1999,1,0
PA,CR,fauna,2000,7,0
PA,CR,fauna,2001,5,0
PA,CR,fauna,2003,2,0
PA,CR,fauna,2004,1,0
PA,CR,fauna,2005,2,0
PA,CR,fauna,2010,2,0
PA,CR,fauna,2017,3,0
PA,CR,fauna,2018,3,0
PA,CR,fauna,2019,4,0
PA,CR,fauna,2020,2,0
PA,CR,fauna,2022,2,0
PA,CR,fauna,2023,1,0
PA,CR,flora,1986,1,0
PA,CR,flora,1990,2,0
PA,CR,flora,1995,3,0
PA,CR,flora,2006,23,0
PA,CR,flora,2008,16,0
PA,CR,flora,2009,24,0
PA,CR,flora,2024,2,0
PA,CR,flora,2025,30,0
PA,CU,fauna,1988,1,0
PA,CU,fauna,1989,1,0
PA,CU,fauna,2002,3,0
PA,CU,fauna,2003,1,0
PA,CU,fauna,2017,2,0
PA,CW,fauna,2010,3,0
PA,CW,fauna,2016,1,0
PA,CW,flora,2009,19,0
PA,CW,flora,2010,3,0
PA,CY,fauna,2019,6,0
PA,CY,fauna,2020,1,0
PA,CZ,fauna,2008,2,2
PA,CZ,fauna,2013,4,0
PA,CZ,flora,1999,50,0
PA,CZ,flora,2003,121,0
PA,DE,fauna,1977,8,0
PA,DE,fauna,1978,7,0
PA,DE,fauna,1979,8,0
PA,DE,fauna,1980,9,0
PA,DE,fauna,1981,2,0
PA,DE,fauna,1985,1,0
PA,DE,fauna,1988,2,0
PA,DE,fauna,1989,3,0
PA,DE,fauna,1990,4,0
PA,DE,fauna,1991,5,0
PA,DE,fauna,1992,4,0
PA,DE,fauna,1993,6,0
PA,DE,fauna,1994,2,0
PA,DE,fauna,1996,5,0
PA,DE,fauna,1997,3,0
PA,DE,fauna,1998,13,0
PA,DE,fauna,1999,13,0
PA,DE,fauna,2000,3,0
PA,DE,fauna,2001,19,0
PA,DE,fauna,2002,2,0
PA,DE,fauna,2003,8,0
PA,DE,fauna,2004,2,0
PA,DE,fauna,2005,5,0
PA,DE,fauna,2009,15,0
PA,DE,fauna,2010,24,0
PA,DE,fauna,2011,24,0
PA,DE,fauna,2012,12,0
PA,DE,fauna,2014,3,0
PA,DE,fauna,2015,2,0
PA,DE,fauna,2016,8,0
PA,DE,fauna,2017,2,0
PA,DE,fauna,2018,4,0
PA,DE,fauna,2019,3,0
PA,DE,fauna,2021,3,0
PA,DE,fauna,2022,9,0
PA,DE,fauna,2023,3,0
PA,DE,fauna,2025,6,0
PA,DE,flora,1996,2,0
PA,DE,flora,1997,55,0
PA,DE,flora,1999,1,0
PA,DE,flora,2000,138,0
PA,DE,flora,2001,377,0
PA,DE,flora,2002,62,0
PA,DE,flora,2004,25,0
PA,DE,flora,2009,113,0
PA,DE,flora,2010,26,0
PA,DE,flora,2011,192,0
PA,DE,flora,2012,72,0
PA,DE,flora,2013,122,0
PA,DE,flora,2014,34,0
PA,DE,flora,2015,16,0
PA,DE,flora,2016,100,0
PA,DE,flora,2017,142,0
PA,DE,flora,2018,325,0
PA,DE,flora,2019,174,0
PA,DK,fauna,2015,6,0
PA,DK,fauna,2016,6,0
PA,DK,flora,2004,5,5
PA,DO,fauna,1993,2,0
PA,DO,fauna,2000,17,0
PA,DO,fauna,2001,16,0
PA,DO,fauna,2016,1,0
PA,DO,flora,1985,1,0
PA,DO,flora,2001,34,0
PA,DO,flora,2002,17,0
PA,DO,flora,2003,9,0
PA,DO,flora,2010,9,0
PA,DO,flora,2011,1,0
PA,DO,flora,2022,3,0
PA,EC,fauna,1981,1,0
PA,EC,fauna,1988,1,0
PA,EC,fauna,2017,1,0
PA,EC,fauna,2019,1,0
PA,EC,fauna,2025,2,0
PA,EC,flora,1988,2,0
PA,EC,flora,1996,5,0
PA,EC,flora,2001,6,0
PA,EC,flora,2005,2,0
PA,EC,flora,2007,76,0
PA,EG,fauna,1991,1,0
PA,ES,fauna,1983,3,0
PA,ES,fauna,1984,3,0
PA,ES,fauna,1985,5,0
PA,ES,fauna,1986,3,0
PA,ES,fauna,1987,1,0
PA,ES,fauna,1988,1,0
PA,ES,fauna,1990,1,0
PA,ES,fauna,1991,1,0
PA,ES,fauna,1993,4,0
PA,ES,fauna,1994,17,0
PA,ES,fauna,1995,1,0
PA,ES,fauna,1996,3,1
PA,ES,fauna,1997,16,0
PA,ES,fauna,1998,17,0
PA,ES,fauna,1999,67,0
PA,ES,fauna,2000,155,0
PA,ES,fauna,2001,224,0
PA,ES,fauna,2002,228,0
PA,ES,fauna,2003,220,0
PA,ES,fauna,2004,232,0
PA,ES,fauna,2005,179,0
PA,ES,fauna,2006,444,0
PA,ES,fauna,2007,266,0
PA,ES,fauna,2008,52,0
PA,ES,fauna,2009,9,3
PA,ES,fauna,2010,5,0
PA,ES,fauna,2011,8,0
PA,ES,fauna,2012,19,0
PA,ES,fauna,2013,11,0
PA,ES,fauna,2014,2,0
PA,ES,fauna,2015,7,0
PA,ES,fauna,2016,6,0
PA,ES,fauna,2017,13,0
PA,ES,fauna,2018,6,0
PA,ES,fauna,2019,3,0
PA,ES,fauna,2021,6,0
PA,ES,fauna,2022,3,0
PA,ES,fauna,2023,1,0
PA,ES,flora,1994,2,0
PA,ES,flora,1996,3,0
PA,ES,flora,2000,3,0
PA,ES,flora,2001,1,0
PA,ES,flora,2022,1,0
PA,FI,fauna,2025,1,0
PA,FR,fauna,1985,1,0
PA,FR,fauna,1991,2,0
PA,FR,fauna,1994,5,0
PA,FR,fauna,1995,3,0
PA,FR,fauna,1996,7,0
PA,FR,fauna,1997,6,0
PA,FR,fauna,1998,7,0
PA,FR,fauna,1999,8,0
PA,FR,fauna,2001,3,0
PA,FR,fauna,2004,13,0
PA,FR,fauna,2005,29,0
PA,FR,fauna,2006,4,0
PA,FR,fauna,2007,15,0
PA,FR,fauna,2008,10,0
PA,FR,fauna,2009,2,0
PA,FR,fauna,2013,2,0
PA,FR,fauna,2014,1,0
PA,FR,fauna,2016,13,0
PA,FR,fauna,2017,2,0
PA,FR,fauna,2018,16,0
PA,FR,fauna,2020,5,0
PA,FR,fauna,2021,3,0
PA,FR,fauna,2023,4,0
PA,FR,fauna,2024,2,0
PA,FR,flora,2003,1,0
PA,FR,flora,2004,2,0
PA,FR,flora,2005,4,0
PA,FR,flora,2006,3,0
PA,FR,flora,2010,14,0
PA,FR,flora,2012,8,0
PA,FR,flora,2016,21,0
PA,GB,fauna,1976,1,0
PA,GB,fauna,1977,9,0
PA,GB,fauna,1978,7,0
PA,GB,fauna,1979,1,0
PA,GB,fauna,1981,3,0
PA,GB,fauna,1983,3,0
PA,GB,fauna,1985,1,0
PA,GB,fauna,1986,2,0
PA,GB,fauna,1988,2,0
PA,GB,fauna,1990,2,0
PA,GB,fauna,1992,1,0
PA,GB,fauna,1994,2,0
PA,GB,fauna,1998,1,0
PA,GB,fauna,1999,6,2
PA,GB,fauna,2003,3,0
PA,GB,fauna,2004,3,0
PA,GB,fauna,2009,1,0
PA,GB,fauna,2010,1,0
PA,GB,fauna,2011,2,0
PA,GB,fauna,2012,2,0
PA,GB,fauna,2013,2,0
PA,GB,fauna,2016,2,0
PA,GB,fauna,2017,4,0
PA,GB,fauna,2018,9,0
PA,GB,fauna,2019,5,0
PA,GB,fauna,2023,4,0
PA,GB,flora,1977,4,0
PA,GB,flora,1978,6,0
PA,GB,flora,1979,32,0
PA,GB,flora,1980,19,0
PA,GB,flora,1981,37,0
PA,GB,flora,1982,18,0
PA,GB,flora,1984,1,0
PA,GB,flora,2019,4,0
PA,GH,flora,2017,4,0
PA,GP,flora,2007,34,0
PA,GP,flora,2008,126,0
PA,GP,flora,2010,10,0
PA,GR,fauna,1995,1,0
PA,GT,fauna,1980,2,0
PA,GT,fauna,2001,2,0
PA,GT,fauna,2008,4,0
PA,GT,fauna,2009,1,0
PA,GT,fauna,2013,1,0
PA,GT,fauna,2014,5,0
PA,GT,fauna,2018,2,0
PA,GT,flora,1996,8,0
PA,GT,flora,2001,4,0
PA,GT,flora,2024,1,0
PA,GT,flora,2025,1,0
PA,GY,fauna,2006,1,0
PA,GY,fauna,2009,2,0
PA,GY,fauna,2015,1,0
PA,HK,fauna,1985,2,0
PA,HK,fauna,1994,21,0
PA,HK,fauna,1995,2,0
PA,HK,fauna,1997,2,0
PA,HK,fauna,2007,6,0
PA,HK,fauna,2013,4,0
PA,HK,fauna,2020,1,0
PA,HK,fauna,2024,10,0
PA,HK,flora,2013,3,0
PA,HN,fauna,1989,1,0
PA,HN,fauna,1999,1,0
PA,HN,fauna,2004,1,0
PA,HN,fauna,2007,1,0
PA,HN,fauna,2009,9,0
PA,HN,fauna,2011,2,0
PA,HN,fauna,2012,3,0
PA,HN,flora,2003,2,0
PA,HT,flora,2013,1,0
PA,HU,fauna,1990,1,0
PA,HU,fauna,2015,4,0
PA,IN,fauna,2024,49,0
PA,IN,fauna,2025,118,0
PA,IS,fauna,2012,1,0
PA,IT,fauna,1980,3,0
PA,IT,fauna,1981,4,0
PA,IT,fauna,1982,11,0
PA,IT,fauna,1983,40,0
PA,IT,fauna,1984,58,0
PA,IT,fauna,1985,49,3
PA,IT,fauna,1986,12,0
PA,IT,fauna,1987,8,0
PA,IT,fauna,1988,15,0
PA,IT,fauna,1990,1,0
PA,IT,fauna,1991,19,0
PA,IT,fauna,1992,56,0
PA,IT,fauna,1993,25,0
PA,IT,fauna,1994,76,0
PA,IT,fauna,1995,71,0
PA,IT,fauna,1996,37,0
PA,IT,fauna,1997,79,0
PA,IT,fauna,1998,55,0
PA,IT,fauna,1999,38,0
PA,IT,fauna,2000,13,0
PA,IT,fauna,2001,6,0
PA,IT,fauna,2002,4,0
PA,IT,fauna,2003,6,0
PA,IT,fauna,2004,10,0
PA,IT,fauna,2005,9,0
PA,IT,fauna,2007,6,0
PA,IT,fauna,2008,8,0
PA,IT,fauna,2009,2,0
PA,IT,fauna,2011,7,0
PA,IT,fauna,2014,2,0
PA,IT,fauna,2017,6,0
PA,IT,fauna,2019,2,0
PA,IT,fauna,2022,22,0
PA,IT,fauna,2023,4,0
PA,IT,fauna,2025,1,0
PA,IT,flora,2018,1,0
PA,JM,flora,1995,1,0
PA,JP,fauna,1980,1,0
PA,JP,fauna,1981,1,0
PA,JP,fauna,1982,1,0
PA,JP,fauna,1991,1,0
PA,JP,fauna,1993,7,0
PA,JP,fauna,1994,1,0
PA,JP,fauna,1995,13,0
PA,JP,fauna,1996,2,0
PA,JP,fauna,1997,1,0
PA,JP,fauna,1998,2,0
PA,JP,fauna,2001,1,0
PA,JP,fauna,2002,1,0
PA,JP,fauna,2004,7,0
PA,JP,fauna,2005,1,0
PA,JP,fauna,2007,1,0
PA,JP,fauna,2010,11,0
PA,JP,fauna,2011,2,0
PA,JP,fauna,2012,2,0
PA,JP,fauna,2013,5,0
PA,JP,fauna,2014,21,0
PA,JP,fauna,2015,9,0
PA,JP,fauna,2016,10,0
PA,JP,fauna,2017,3,0
PA,JP,fauna,2018,2,0
PA,JP,flora,1981,1,0
PA,JP,flora,1982,2,0
PA,JP,flora,1983,1,0
PA,JP,flora,1995,4,0
PA,JP,flora,1997,3,0
PA,JP,flora,2000,190,0
PA,JP,flora,2001,57,0
PA,JP,flora,2002,4,0
PA,JP,flora,2003,27,0
PA,JP,flora,2004,1,0
PA,JP,flora,2005,27,0
PA,JP,flora,2006,35,0
PA,JP,flora,2007,9,0
PA,JP,flora,2008,9,0
PA,JP,flora,2009,11,0
PA,JP,flora,2010,2,0
PA,JP,flora,2019,1,0
PA,JP,flora,2023,2,0
PA,KE,flora,2013,119,0
PA,KP,fauna,1994,1,0
PA,KR,fauna,1985,1,0
PA,KR,fauna,1994,1,0
PA,KR,fauna,2007,2,0
PA,KR,fauna,2011,2,0
PA,KR,fauna,2013,2,0
PA,KR,fauna,2015,2,0
PA,KR,fauna,2017,1,0
PA,KR,flora,2019,6,0
PA,KR,flora,2020,1,0
PA,KR,flora,2021,1,0
PA,KY,fauna,1990,1,0
PA,KY,fauna,2016,2,0
PA,KY,fauna,2017,4,0
PA,KY,flora,1996,1,0
PA,MA,fauna,2010,1,0
PA,MC,fauna,2003,1,0
PA,MC,flora,2003,1,0
PA,MF,fauna,2016,1,0
PA,MG,fauna,2011,1,0
PA,ML,fauna,2009,4,0
PA,MX,fauna,1994,11,0
PA,MX,fauna,1995,29,0
PA,MX,fauna,1996,26,0
PA,MX,fauna,1997,45,0
PA,MX,fauna,1998,57,0
PA,MX,fauna,1999,71,0
PA,MX,fauna,2000,40,0
PA,MX,fauna,2001,22,0
PA,MX,fauna,2002,12,0
PA,MX,fauna,2003,17,0
PA,MX,fauna,2004,4,0
PA,MX,fauna,2005,7,0
PA,MX,fauna,2006,1,0
PA,MX,fauna,2007,1,0
PA,MX,fauna,2008,37,0
PA,MX,fauna,2009,46,0
PA,MX,fauna,2010,66,0
PA,MX,fauna,2011,73,0
PA,MX,fauna,2012,24,0
PA,MX,fauna,2013,37,0
PA,MX,fauna,2014,36,0
PA,MX,fauna,2015,21,0
PA,MX,fauna,2016,2,0
PA,MX,fauna,2017,2,0
PA,MX,fauna,2018,3,0
PA,MX,fauna,2019,14,0
PA,MX,fauna,2020,4,0
PA,MX,fauna,2021,1,0
PA,MX,fauna,2022,6,0
PA,MX,fauna,2023,3,0
PA,MX,fauna,2024,7,0
PA,MX,flora,2001,6,0
PA,MX,flora,2013,2,0
PA,MX,flora,2014,9,0
PA,MX,flora,2024,1,0
PA,MX,flora,2025,3,0
PA,MY,fauna,2008,2,0
PA,NG,fauna,2009,1,0
PA,NI,fauna,2004,6,0
PA,NI,fauna,2005,1,0
PA,NI,fauna,2009,1,0
PA,NI,fauna,2010,2,0
PA,NI,fauna,2014,3,0
PA,NI,fauna,2022,1,0
PA,NL,fauna,1987,3,3
PA,NL,fauna,1997,2,2
PA,NL,fauna,2000,1,0
PA,NL,fauna,2001,2,0
PA,NL,fauna,2006,1,0
PA,NL,fauna,2009,3,0
PA,NL,fauna,2010,1,0
PA,NL,fauna,2011,3,0
PA,NL,fauna,2014,1,0
PA,NL,fauna,2015,1,0
PA,NL,fauna,2023,3,0
PA,NL,fauna,2024,5,0
PA,NL,flora,1984,1,1
PA,NL,flora,1985,2,0
PA,NL,flora,1998,2,2
PA,NZ,fauna,1998,1,1
PA,NZ,fauna,2000,1,1
PA,NZ,fauna,2009,1,1
PA,NZ,flora,2011,1,0
PA,NZ,flora,2017,1,0
PA,PA,fauna,2000,3,0
PA,PE,fauna,1981,2,0
PA,PE,fauna,1986,1,0
PA,PE,fauna,2003,15,0
PA,PE,fauna,2007,1,0
PA,PE,fauna,2008,34,0
PA,PE,fauna,2019,2,0
PA,PL,fauna,2004,2,0
PA,PL,fauna,2019,1,0
PA,PL,flora,2016,44,0
PA,PR,fauna,1987,1,0
PA,PR,fauna,1988,1,0
PA,PR,fauna,1994,1,0
PA,PR,fauna,1995,1,0
PA,PR,fauna,1996,1,0
PA,PR,fauna,2019,2,0
PA,PR,flora,2000,1,0
PA,PR,flora,2002,2,0
PA,PR,flora,2019,2,0
PA,PT,fauna,1992,2,0
PA,PT,fauna,2000,3,0
PA,PT,fauna,2008,2,0
PA,PT,fauna,2014,1,0
PA,PT,fauna,2023,1,0
PA,RS,fauna,2007,1,0
PA,RU,flora,2013,40,0
PA,RU,flora,2014,58,0
PA,RU,flora,2017,54,0
PA,RU,flora,2018,114,0
PA,SD,fauna,2001,1,0
PA,SE,fauna,1986,1,0
PA,SE,fauna,1988,2,0
PA,SE,fauna,2003,1,0
PA,SE,fauna,2004,1,0
PA,SE,fauna,2005,1,0
PA,SE,fauna,2007,1,0
PA,SE,fauna,2009,1,0
PA,SE,fauna,2015,1,0
PA,SG,fauna,1994,1,0
PA,SG,fauna,1995,2,0
PA,SG,fauna,2002,6,0
PA,SG,fauna,2005,1,0
PA,SG,fauna,2006,1,0
PA,SG,fauna,2007,4,0
PA,SG,fauna,2008,2,0
PA,SG,fauna,2022,2,0
PA,SG,flora,2013,53,0
PA,SG,flora,2014,181,0
PA,SG,flora,2015,77,0
PA,SG,flora,2016,66,0
PA,SI,fauna,2004,1,1
PA,SK,fauna,2016,2,0
PA,SV,fauna,2014,1,0
PA,SV,flora,1991,14,0
PA,SV,flora,2002,1,0
PA,SV,flora,2011,30,0
PA,SV,flora,2012,45,0
PA,SV,flora,2013,30,0
PA,SV,flora,2015,38,0
PA,SX,fauna,2017,3,0
PA,TC,fauna,2016,1,0
PA,TC,fauna,2017,1,0
PA,TH,fauna,2001,2,0
PA,TH,fauna,2007,2,0
PA,TH,fauna,2009,1,0
PA,TH,fauna,2013,2,0
PA,TH,fauna,2014,3,0
PA,TH,fauna,2015,4,0
PA,TH,fauna,2016,4,0
PA,TH,flora,2005,7,0
PA,TH,flora,2009,4,0
PA,TH,flora,2010,18,0
PA,TH,flora,2013,26,0
PA,TH,flora,2014,4,0
PA,TH,flora,2015,1,0
PA,TH,flora,2017,4,0
PA,TN,fauna,2017,2,0
PA,TO,fauna,2006,1,0
PA,TT,fauna,2003,1,0
PA,TW,fauna,1994,4,0
PA,TW,fauna,2004,4,0
PA,TW,fauna,2005,2,0
PA,TW,fauna,2011,5,0
PA,TW,fauna,2014,2,0
PA,TW,fauna,2015,1,0
PA,TW,fauna,2020,2,0
PA,TW,fauna,2024,8,0
PA,TW,flora,2005,2,0
PA,TW,flora,2011,1,0
PA,TW,flora,2012,101,0
PA,TW,flora,2013,49,0
PA,UA,fauna,2012,2,0
PA,UA,fauna,2017,4,0
PA,US,fauna,1977,8,0
PA,US,fauna,1978,29,0
PA,US,fauna,1979,37,0
PA,US,fauna,1980,13,0
PA,US,fauna,1981,36,0
PA,US,fauna,1982,162,0
PA,US,fauna,1983,109,2
PA,US,fauna,1984,112,4
PA,US,fauna,1985,113,6
PA,US,fauna,1986,74,3
PA,US,fauna,1987,64,2
PA,US,fauna,1988,84,3
PA,US,fauna,1989,82,3
PA,US,fauna,1990,99,7
PA,US,fauna,1991,93,5
PA,US,fauna,1992,117,8
PA,US,fauna,1993,128,3
PA,US,fauna,1994,191,2
PA,US,fauna,1995,257,1
PA,US,fauna,1996,252,1
PA,US,fauna,1997,156,1
PA,US,fauna,1998,98,2
PA,US,fauna,1999,116,1
PA,US,fauna,2000,68,0
PA,US,fauna,2001,65,1
PA,US,fauna,2002,80,1
PA,US,fauna,2003,104,0
PA,US,fauna,2004,169,7
PA,US,fauna,2005,172,3
PA,US,fauna,2006,192,16
PA,US,fauna,2007,284,3
PA,US,fauna,2008,160,5
PA,US,fauna,2009,122,16
PA,US,fauna,2010,129,12
PA,US,fauna,2011,100,12
PA,US,fauna,2012,52,2
PA,US,fauna,2013,60,4
PA,US,fauna,2014,76,6
PA,US,fauna,2015,51,2
PA,US,fauna,2016,45,3
PA,US,fauna,2017,64,4
PA,US,fauna,2018,99,2
PA,US,fauna,2019,43,8
PA,US,fauna,2020,6,0
PA,US,fauna,2021,21,7
PA,US,fauna,2022,52,4
PA,US,fauna,2023,109,12
PA,US,fauna,2024,77,0
PA,US,fauna,2025,50,0
PA,US,flora,1978,4,0
PA,US,flora,1979,208,0
PA,US,flora,1980,215,0
PA,US,flora,1981,338,0
PA,US,flora,1982,342,0
PA,US,flora,1983,372,0
PA,US,flora,1984,89,7
PA,US,flora,1985,42,4
PA,US,flora,1986,34,7
PA,US,flora,1987,21,2
PA,US,flora,1988,21,2
PA,US,flora,1989,24,3
PA,US,flora,1990,25,3
PA,US,flora,1991,7,4
PA,US,flora,1992,26,3
PA,US,flora,1993,90,6
PA,US,flora,1994,9,3
PA,US,flora,1995,8,3
PA,US,flora,1996,45,0
PA,US,flora,1997,12,1
PA,US,flora,1998,16,2
PA,US,flora,1999,31,1
PA,US,flora,2000,80,1
PA,US,flora,2001,131,2
PA,US,flora,2002,72,1
PA,US,flora,2003,31,0
PA,US,flora,2004,49,0
PA,US,flora,2005,96,1
PA,US,flora,2006,29,0
PA,US,flora,2007,9,0
PA,US,flora,2008,7,1
PA,US,flora,2009,32,0
PA,US,flora,2011,8,0
PA,US,flora,2012,58,0
PA,US,flora,2013,81,0
PA,US,flora,2014,90,0
PA,US,flora,2015,123,0
PA,US,flora,2016,25,0
PA,US,flora,2017,33,0
PA,US,flora,2018,42,1
PA,US,flora,2019,3,0
PA,US,flora,2021,6,0
PA,US,flora,2022,10,0
PA,US,flora,2023,8,0
PA,US,flora,2024,24,0
PA,US,flora,2025,45,0
PA,UY,fauna,1991,1,0
PA,UY,fauna,2009,4,0
PA,UY,fauna,2016,4,0
PA,UZ,fauna,2014,4,0
PA,VE,fauna,1979,2,0
PA,VE,fauna,1981,1,0
PA,VE,fauna,1985,3,0
PA,VE,fauna,2001,6,0
PA,VE,fauna,2004,1,0
PA,VE,fauna,2006,7,0
PA,VE,fauna,2007,53,0
PA,VE,fauna,2008,4,0
PA,VE,fauna,2013,1,0
PA,VE,flora,2000,1,0
PA,VG,flora,2025,4,0
PA,VN,flora,2022,10,0
PA,XX,fauna,2006,18,0
PA,XX,fauna,2007,18,0
PA,XX,fauna,2010,1,0
PA,XX,fauna,2011,1,0
PA,XX,fauna,2017,3,0
PA,XX,fauna,2018,9,0
PA,XX,fauna,2019,5,0
PA,XX,fauna,2021,1,0
PA,XX,fauna,2022,35,0
PA,XX,fauna,2023,4,0
PA,XX,fauna,2024,3,0
PA,XX,flora,2006,29,0
PA,XX,flora,2009,22,0
PA,XX,flora,2012,4,0
PA,XX,flora,2015,4,0
PA,XX,flora,2022,5,0
PA,XX,flora,2025,1,0
PA,ZA,fauna,1983,1,0
PA,ZA,fauna,1999,1,0
PA,ZA,fauna,2019,2,0
PA,ZA,fauna,2023,2,0
PA,ZA,flora,2005,2,0
PA,ZA,flora,2009,192,0
PA,ZA,flora,2011,1,0
PA,ZA,flora,2012,40,0
PA,ZA,flora,2013,2,0
PE,AE,fauna,1997,2,0
PE,AE,fauna,2007,1,0
PE,AE,fauna,2008,28,0
PE,AE,fauna,2011,2,0
PE,AE,fauna,2015,1,0
PE,AE,fauna,2016,1,0
PE,AE,fauna,2023,8,0
PE,AE,flora,2012,1,0
PE,AG,flora,2003,1,0
PE,AG,flora,2005,1,0
PE,AG,flora,2007,2,0
PE,AL,fauna,2019,1,0
PE,AN,flora,2002,5,0
PE,AN,flora,2003,7,0
PE,AN,flora,2004,6,0
PE,AN,flora,2005,3,0
PE,AN,flora,2008,6,0
PE,AR,fauna,1982,1,0
PE,AR,fauna,1983,1,0
PE,AR,fauna,1986,2,0
PE,AR,fauna,1995,6,0
PE,AR,fauna,1996,1,0
PE,AR,fauna,1997,1,0
PE,AR,fauna,1998,1,0
PE,AR,fauna,1999,2,0
PE,AR,fauna,2000,21,0
PE,AR,fauna,2003,23,0
PE,AR,fauna,2004,5,0
PE,AR,fauna,2005,1,0
PE,AR,fauna,2007,1,0
PE,AR,fauna,2008,11,0
PE,AR,fauna,2009,3,0
PE,AR,fauna,2010,6,0
PE,AR,fauna,2011,19,0
PE,AR,fauna,2012,16,0
PE,AR,fauna,2013,2,0
PE,AR,fauna,2014,2,0
PE,AR,fauna,2015,3,0
PE,AR,fauna,2016,2,0
PE,AR,fauna,2017,1,0
PE,AR,flora,1992,14,0
PE,AR,flora,1997,9,0
PE,AR,flora,1999,4,0
PE,AR,flora,2002,32,0
PE,AR,flora,2005,19,0
PE,AR,flora,2007,4,0
PE,AR,flora,2008,4,0
PE,AR,flora,2011,1,0
PE,AR,flora,2013,1,0
PE,AT,fauna,1984,8,0
PE,AT,fauna,1985,9,0
PE,AT,fauna,1987,1,0
PE,AT,fauna,1988,6,0
PE,AT,fauna,1989,9,0
PE,AT,fauna,1990,6,0
PE,AT,fauna,1993,1,0
PE,AT,fauna,1998,1,1
PE,AT,fauna,2001,1,0
PE,AT,fauna,2003,1,0
PE,AT,fauna,2007,1,0
PE,AT,fauna,2008,1,0
PE,AT,fauna,2009,2,0
PE,AT,fauna,2011,2,0
PE,AT,fauna,2012,2,0
PE,AT,fauna,2013,3,0
PE,AT,fauna,2014,2,0
PE,AT,fauna,2017,1,0
PE,AT,fauna,2018,2,0
PE,AT,fauna,2023,4,0
PE,AT,fauna,2024,3,0
PE,AT,flora,1976,1,0
PE,AT,flora,1977,1,0
PE,AT,flora,1978,4,0
PE,AT,flora,1979,1,0
PE,AT,flora,1980,1,0
PE,AT,flora,1982,1,0
PE,AT,flora,1985,2,0
PE,AT,flora,1986,1,0
PE,AT,flora,1991,21,0
PE,AT,flora,1998,1,1
PE,AT,flora,2000,1,0
PE,AT,flora,2001,1,0
PE,AT,flora,2005,9,0
PE,AT,flora,2007,14,0
PE,AT,flora,2009,49,1
PE,AT,flora,2010,4,0
PE,AT,flora,2011,2,0
PE,AT,flora,2013,1,0
PE,AT,flora,2018,1,0
PE,AT,flora,2024,1,0
PE,AU,fauna,1999,1,0
PE,AU,fauna,2004,2,0
PE,AU,fauna,2008,1,0
PE,AU,fauna,2009,1,1
PE,AU,fauna,2011,2,0
PE,AU,fauna,2012,6,0
PE,AU,fauna,2013,9,0
PE,AU,fauna,2015,6,0
PE,AU,fauna,2016,1,0
PE,AU,fauna,2017,1,0
PE,AU,fauna,2018,20,0
PE,AU,fauna,2019,38,0
PE,AU,fauna,2023,1,0
PE,AU,flora,1980,1,0
PE,AU,flora,1984,2,0
PE,AU,flora,1985,59,0
PE,AU,flora,1986,135,0
PE,AU,flora,1987,17,0
PE,AU,flora,1988,36,0
PE,AU,flora,1989,8,0
PE,AU,flora,1994,3,0
PE,AU,flora,1996,15,0
PE,AU,flora,1997,66,0
PE,AU,flora,1998,21,0
PE,AU,flora,1999,19,0
PE,AU,flora,2000,4,0
PE,AU,flora,2001,142,0
PE,AU,flora,2002,4,0
PE,AU,flora,2003,6,0
PE,AU,flora,2010,31,0
PE,AU,flora,2011,4,0
PE,AU,flora,2012,2,0
PE,AU,flora,2013,3,0
PE,AU,flora,2014,1,0
PE,AU,flora,2017,1,0
PE,AW,flora,2003,5,0
PE,AW,flora,2004,6,0
PE,AW,flora,2005,1,0
PE,AW,flora,2008,2,0
PE,BB,flora,2001,2,0
PE,BB,flora,2004,1,0
PE,BB,flora,2007,1,0
PE,BB,flora,2008,3,0
PE,BD,fauna,2017,2,0
PE,BD,fauna,2022,4,0
PE,BE,fauna,1979,1,0
PE,BE,fauna,1982,20,0
PE,BE,fauna,1983,18,0
PE,BE,fauna,1984,14,0
PE,BE,fauna,1985,20,0
PE,BE,fauna,1986,4,0
PE,BE,fauna,1989,1,0
PE,BE,fauna,1990,5,0
PE,BE,fauna,1991,14,0
PE,BE,fauna,1992,14,0
PE,BE,fauna,1993,16,0
PE,BE,fauna,1994,24,0
PE,BE,fauna,1996,1,0
PE,BE,fauna,1997,81,0
PE,BE,fauna,1998,4,0
PE,BE,fauna,1999,118,0
PE,BE,fauna,2000,70,0
PE,BE,fauna,2002,1,0
PE,BE,fauna,2003,3,0
PE,BE,fauna,2005,4,0
PE,BE,fauna,2008,30,0
PE,BE,fauna,2009,2,0
PE,BE,fauna,2010,4,0
PE,BE,fauna,2011,11,0
PE,BE,fauna,2012,3,0
PE,BE,fauna,2013,5,0
PE,BE,fauna,2014,2,0
PE,BE,fauna,2015,2,0
PE,BE,fauna,2016,1,0
PE,BE,fauna,2017,1,0
PE,BE,fauna,2019,3,0
PE,BE,fauna,2021,4,0
PE,BE,flora,1977,2,0
PE,BE,flora,1978,4,0
PE,BE,flora,1979,2,0
PE,BE,flora,1980,1,0
PE,BE,flora,1989,48,0
PE,BE,flora,1994,27,0
PE,BE,flora,1997,3,0
PE,BE,flora,1999,1,0
PE,BE,flora,2000,45,0
PE,BE,flora,2001,152,0
PE,BE,flora,2002,165,0
PE,BE,flora,2003,210,0
PE,BE,flora,2005,133,0
PE,BE,flora,2006,294,0
PE,BE,flora,2007,262,0
PE,BE,flora,2008,394,0
PE,BE,flora,2009,169,0
PE,BE,flora,2010,396,0
PE,BE,flora,2011,214,0
PE,BE,flora,2012,209,0
PE,BE,flora,2013,142,0
PE,BE,flora,2014,1,0
PE,BE,flora,2022,21,0
PE,BE,flora,2023,46,0
PE,BE,flora,2024,44,0
PE,BG,fauna,2010,3,0
PE,BH,fauna,2013,1,0
PE,BM,flora,1986,18,0
PE,BM,flora,1990,1,1
PE,BO,fauna,1997,2,0
PE,BO,fauna,2000,1,0
PE,BO,fauna,2001,8,0
PE,BO,fauna,2002,1,0
PE,BO,fauna,2005,3,0
PE,BO,fauna,2010,1,0
PE,BO,fauna,2015,2,0
PE,BO,fauna,2020,1,0
PE,BO,fauna,2022,2,0
PE,BO,fauna,2023,1,0
PE,BO,fauna,2024,6,0
PE,BO,flora,1976,1,0
PE,BO,flora,1999,2,0
PE,BO,flora,2000,8,0
PE,BO,flora,2002,1,0
PE,BR,fauna,1983,1,0
PE,BR,fauna,1984,3,0
PE,BR,fauna,1994,1,0
PE,BR,fauna,1995,2,0
PE,BR,fauna,1996,7,0
PE,BR,fauna,1997,7,0
PE,BR,fauna,2000,1,0
PE,BR,fauna,2004,3,0
PE,BR,fauna,2007,4,0
PE,BR,fauna,2008,15,0
PE,BR,fauna,2009,6,0
PE,BR,fauna,2010,2,0
PE,BR,fauna,2011,1,0
PE,BR,fauna,2013,8,0
PE,BR,fauna,2014,9,0
PE,BR,fauna,2017,21,0
PE,BR,fauna,2021,2,0
PE,BR,fauna,2022,1,0
PE,BR,flora,1991,95,0
PE,BR,flora,1992,44,0
PE,BR,flora,1994,47,0
PE,BR,flora,2004,1,0
PE,BR,flora,2007,3,0
PE,BR,flora,2010,5,0
PE,BR,flora,2011,4,0
PE,BS,fauna,1984,1,0
PE,CA,fauna,1978,1,0
PE,CA,fauna,1980,1,0
PE,CA,fauna,1981,1,0
PE,CA,fauna,1982,1,0
PE,CA,fauna,1983,1,0
PE,CA,fauna,1984,1,0
PE,CA,fauna,1985,2,0
PE,CA,fauna,1986,5,0
PE,CA,fauna,1987,1,0
PE,CA,fauna,1991,2,0
PE,CA,fauna,1992,1,0
PE,CA,fauna,1993,1,0
PE,CA,fauna,1998,4,0
PE,CA,fauna,1999,7,0
PE,CA,fauna,2000,1,0
PE,CA,fauna,2001,9,0
PE,CA,fauna,2002,13,0
PE,CA,fauna,2003,10,0
PE,CA,fauna,2004,8,0
PE,CA,fauna,2005,6,0
PE,CA,fauna,2006,14,0
PE,CA,fauna,2007,18,0
PE,CA,fauna,2008,24,0
PE,CA,fauna,2009,27,0
PE,CA,fauna,2010,2,0
PE,CA,fauna,2011,9,0
PE,CA,fauna,2012,13,0
PE,CA,fauna,2013,16,0
PE,CA,fauna,2014,96,0
PE,CA,fauna,2015,124,0
PE,CA,fauna,2016,21,0
PE,CA,fauna,2017,21,0
PE,CA,fauna,2018,35,0
PE,CA,fauna,2019,7,0
PE,CA,fauna,2020,12,0
PE,CA,fauna,2021,6,0
PE,CA,fauna,2022,16,0
PE,CA,fauna,2023,11,0
PE,CA,fauna,2024,2,0
PE,CA,flora,1979,1,0
PE,CA,flora,1995,1,0
PE,CA,flora,1996,1,0
PE,CA,flora,1998,1,0
PE,CA,flora,1999,50,0
PE,CA,flora,2000,66,0
PE,CA,flora,2001,75,0
PE,CA,flora,2002,329,0
PE,CA,flora,2003,36,0
PE,CA,flora,2004,3,0
PE,CA,flora,2005,2,0
PE,CA,flora,2007,3,0
PE,CA,flora,2008,22,0
PE,CA,flora,2009,1,0
PE,CA,flora,2010,12,0
PE,CA,flora,2011,79,0
PE,CA,flora,2012,9,0
PE,CA,flora,2013,76,0
PE,CA,flora,2014,79,0
PE,CA,flora,2015,140,0
PE,CA,flora,2016,66,0
PE,CA,flora,2020,3,0
PE,CA,flora,2021,1,0
PE,CA,flora,2022,2,0
PE,CA,flora,2024,297,0
PE,CH,fauna,1978,10,0
PE,CH,fauna,1979,2,0
PE,CH,fauna,1981,1,0
PE,CH,fauna,1982,6,0
PE,CH,fauna,1984,1,0
PE,CH,fauna,1985,6,0
PE,CH,fauna,1986,6,0
PE,CH,fauna,1987,1,0
PE,CH,fauna,1988,1,0
PE,CH,fauna,1989,5,0
PE,CH,fauna,1990,3,0
PE,CH,fauna,1992,3,0
PE,CH,fauna,1994,24,0
PE,CH,fauna,1995,6,0
PE,CH,fauna,1997,21,0
PE,CH,fauna,1998,8,0
PE,CH,fauna,1999,3,0
PE,CH,fauna,2000,11,0
PE,CH,fauna,2001,7,0
PE,CH,fauna,2002,3,0
PE,CH,fauna,2003,13,0
PE,CH,fauna,2004,24,0
PE,CH,fauna,2005,10,0
PE,CH,fauna,2007,3,0
PE,CH,fauna,2008,10,0
PE,CH,fauna,2009,10,0
PE,CH,fauna,2010,8,0
PE,CH,fauna,2011,4,0
PE,CH,fauna,2012,2,0
PE,CH,fauna,2013,20,0
PE,CH,fauna,2014,63,0
PE,CH,fauna,2015,14,0
PE,CH,fauna,2016,8,0
PE,CH,fauna,2017,5,0
PE,CH,fauna,2018,3,0
PE,CH,fauna,2019,24,0
PE,CH,fauna,2020,43,0
PE,CH,fauna,2021,5,0
PE,CH,fauna,2022,22,0
PE,CH,flora,1978,2,0
PE,CH,flora,1979,6,0
PE,CH,flora,1980,1,0
PE,CH,flora,1984,1,0
PE,CH,flora,1986,2,0
PE,CH,flora,1989,1,0
PE,CH,flora,1991,22,0
PE,CH,flora,1994,17,0
PE,CH,flora,2001,27,0
PE,CH,flora,2002,2,0
PE,CH,flora,2003,57,0
PE,CH,flora,2004,4,0
PE,CH,flora,2005,35,0
PE,CH,flora,2007,219,0
PE,CH,flora,2008,62,0
PE,CH,flora,2009,1,0
PE,CH,flora,2010,105,0
PE,CH,flora,2011,151,0
PE,CH,flora,2012,222,0
PE,CH,flora,2013,2,0
PE,CH,flora,2015,170,0
PE,CH,flora,2021,1,0
PE,CK,flora,2012,1,0
PE,CL,fauna,1992,1,0
PE,CL,fauna,1994,2,0
PE,CL,fauna,1995,11,0
PE,CL,fauna,1996,2,0
PE,CL,fauna,1998,1,0
PE,CL,fauna,2000,2,0
PE,CL,fauna,2001,1,0
PE,CL,fauna,2002,36,0
PE,CL,fauna,2003,11,0
PE,CL,fauna,2004,3,0
PE,CL,fauna,2005,11,0
PE,CL,fauna,2008,3,0
PE,CL,fauna,2009,4,0
PE,CL,fauna,2011,37,0
PE,CL,fauna,2012,39,0
PE,CL,fauna,2013,45,0
PE,CL,fauna,2014,24,0
PE,CL,fauna,2015,66,0
PE,CL,fauna,2016,102,0
PE,CL,fauna,2017,47,0
PE,CL,fauna,2018,67,0
PE,CL,fauna,2019,31,0
PE,CL,fauna,2020,6,0
PE,CL,fauna,2021,23,0
PE,CL,fauna,2022,2,0
PE,CL,fauna,2023,17,0
PE,CL,fauna,2024,6,0
PE,CL,fauna,2025,1,0
PE,CL,flora,1977,2,0
PE,CL,flora,1979,2,0
PE,CL,flora,1996,1,0
PE,CL,flora,1999,14,0
PE,CL,flora,2000,2,0
PE,CL,flora,2001,29,0
PE,CL,flora,2002,26,0
PE,CL,flora,2003,2,0
PE,CL,flora,2005,20,0
PE,CL,flora,2007,5,0
PE,CL,flora,2008,5,0
PE,CL,flora,2009,1,0
PE,CL,flora,2010,1,0
PE,CL,flora,2012,1,0
PE,CL,flora,2013,1,0
PE,CL,flora,2019,3,0
PE,CL,flora,2024,1,0
PE,CM,fauna,2023,6,0
PE,CN,fauna,2003,5,0
PE,CN,fauna,2004,9,0
PE,CN,fauna,2005,1,0
PE,CN,fauna,2007,7,0
PE,CN,fauna,2008,5,0
PE,CN,fauna,2009,22,0
PE,CN,fauna,2010,1,0
PE,CN,fauna,2011,4,0
PE,CN,fauna,2012,7,0
PE,CN,fauna,2013,30,0
PE,CN,fauna,2014,26,0
PE,CN,fauna,2015,151,0
PE,CN,fauna,2016,11,0
PE,CN,fauna,2017,77,0
PE,CN,fauna,2018,91,0
PE,CN,fauna,2019,70,0
PE,CN,fauna,2020,4,0
PE,CN,fauna,2021,4,0
PE,CN,fauna,2022,23,2
PE,CN,fauna,2023,50,2
PE,CN,fauna,2024,26,0
PE,CN,fauna,2025,3,0
PE,CN,flora,2003,1,0
PE,CN,flora,2004,3,0
PE,CN,flora,2005,6,0
PE,CN,flora,2007,30,0
PE,CN,flora,2008,55,0
PE,CN,flora,2009,36,0
PE,CN,flora,2010,42,0
PE,CN,flora,2013,2,0
PE,CN,flora,2015,2,0
PE,CN,flora,2017,13,0
PE,CN,flora,2018,5,0
PE,CN,flora,2019,7,0
PE,CN,flora,2020,2,0
PE,CN,flora,2021,11,0
PE,CN,flora,2022,7,0
PE,CN,flora,2023,5,0
PE,CN,flora,2024,46,0
PE,CO,fauna,1999,1,0
PE,CO,fauna,2000,1,0
PE,CO,fauna,2002,6,0
PE,CO,fauna,2008,3,0
PE,CO,fauna,2010,1,0
PE,CO,fauna,2011,1,0
PE,CO,fauna,2018,4,0
PE,CO,fauna,2022,20,0
PE,CO,flora,1980,1,0
PE,CO,flora,1991,37,0
PE,CO,flora,1994,54,0
PE,CO,flora,1998,26,0
PE,CO,flora,1999,25,0
PE,CO,flora,2000,14,0
PE,CO,flora,2001,2,0
PE,CO,flora,2003,59,0
PE,CO,flora,2008,1,0
PE,CO,flora,2009,4,0
PE,CO,flora,2012,2,0
PE,CR,fauna,2000,2,0
PE,CR,fauna,2001,1,0
PE,CR,fauna,2002,2,0
PE,CR,fauna,2008,1,0
PE,CR,fauna,2017,1,0
PE,CR,flora,2011,1,0
PE,CR,flora,2012,20,0
PE,CU,fauna,2001,2,0
PE,CY,flora,2003,2,0
PE,CZ,fauna,1996,15,0
PE,CZ,fauna,1997,3,0
PE,CZ,fauna,1998,3,0
PE,CZ,fauna,1999,19,1
PE,CZ,fauna,2000,4,4
PE,CZ,fauna,2002,2,0
PE,CZ,fauna,2003,2,0
PE,CZ,fauna,2007,4,0
PE,CZ,fauna,2008,4,0
PE,CZ,fauna,2009,6,0
PE,CZ,fauna,2018,5,0
PE,CZ,fauna,2019,10,0
PE,CZ,fauna,2020,5,0
PE,CZ,fauna,2021,5,0
PE,CZ,fauna,2022,9,0
PE,CZ,fauna,2023,2,0
PE,CZ,fauna,2024,3,0
PE,CZ,flora,1994,10,0
PE,CZ,flora,1999,20,0
PE,CZ,flora,2000,31,0
PE,CZ,flora,2001,66,0
PE,CZ,flora,2003,27,0
PE,CZ,flora,2007,47,0
PE,CZ,flora,2008,325,0
PE,CZ,flora,2009,164,0
PE,CZ,flora,2010,88,0
PE,CZ,flora,2011,11,0
PE,CZ,flora,2012,232,0
PE,CZ,flora,2013,1,0
PE,CZ,flora,2015,3,0
PE,CZ,flora,2024,2,0
PE,DE,fauna,1977,3,0
PE,DE,fauna,1978,4,0
PE,DE,fauna,1979,9,0
PE,DE,fauna,1980,7,0
PE,DE,fauna,1981,7,0
PE,DE,fauna,1982,34,0
PE,DE,fauna,1983,44,1
PE,DE,fauna,1984,26,0
PE,DE,fauna,1985,66,2
PE,DE,fauna,1986,11,0
PE,DE,fauna,1987,28,0
PE,DE,fauna,1988,46,0
PE,DE,fauna,1989,34,0
PE,DE,fauna,1990,41,0
PE,DE,fauna,1991,106,0
PE,DE,fauna,1992,93,0
PE,DE,fauna,1993,87,0
PE,DE,fauna,1994,79,0
PE,DE,fauna,1995,84,0
PE,DE,fauna,1996,158,0
PE,DE,fauna,1997,129,0
PE,DE,fauna,1998,122,0
PE,DE,fauna,1999,128,0
PE,DE,fauna,2000,105,0
PE,DE,fauna,2001,55,0
PE,DE,fauna,2002,84,0
PE,DE,fauna,2003,107,0
PE,DE,fauna,2004,135,0
PE,DE,fauna,2005,140,0
PE,DE,fauna,2006,50,0
PE,DE,fauna,2007,107,0
PE,DE,fauna,2008,102,0
PE,DE,fauna,2009,90,0
PE,DE,fauna,2010,64,0
PE,DE,fauna,2011,28,0
PE,DE,fauna,2012,33,0
PE,DE,fauna,2013,72,0
PE,DE,fauna,2014,52,0
PE,DE,fauna,2015,41,0
PE,DE,fauna,2016,54,0
PE,DE,fauna,2017,38,0
PE,DE,fauna,2018,33,0
PE,DE,fauna,2019,44,0
PE,DE,fauna,2020,97,0
PE,DE,fauna,2021,38,0
PE,DE,fauna,2022,25,0
PE,DE,fauna,2023,35,0
PE,DE,fauna,2024,20,0
PE,DE,fauna,2025,4,0
PE,DE,flora,1976,6,0
PE,DE,flora,1977,5,0
PE,DE,flora,1978,19,0
PE,DE,flora,1979,18,0
PE,DE,flora,1980,1,0
PE,DE,flora,1982,2,0
PE,DE,flora,1984,19,0
PE,DE,flora,1985,48,0
PE,DE,flora,1986,119,0
PE,DE,flora,1987,133,0
PE,DE,flora,1988,146,0
PE,DE,flora,1989,125,0
PE,DE,flora,1991,81,0
PE,DE,flora,1992,22,0
PE,DE,flora,1993,55,0
PE,DE,flora,1994,608,0
PE,DE,flora,1995,496,0
PE,DE,flora,1996,355,0
PE,DE,flora,1997,384,0
PE,DE,flora,1998,288,0
PE,DE,flora,1999,168,0
PE,DE,flora,2000,112,0
PE,DE,flora,2001,27,0
PE,DE,flora,2002,216,0
PE,DE,flora,2003,366,0
PE,DE,flora,2004,207,0
PE,DE,flora,2005,96,0
PE,DE,flora,2006,5,0
PE,DE,flora,2007,217,0
PE,DE,flora,2008,251,0
PE,DE,flora,2009,822,0
PE,DE,flora,2010,397,0
PE,DE,flora,2011,395,0
PE,DE,flora,2012,501,0
PE,DE,flora,2013,548,0
PE,DE,flora,2014,779,0
PE,DE,flora,2015,903,0
PE,DE,flora,2016,1724,0
PE,DE,flora,2017,998,0
PE,DE,flora,2018,1656,0
PE,DE,flora,2019,1482,0
PE,DE,flora,2020,418,0
PE,DE,flora,2021,193,0
PE,DE,flora,2022,858,0
PE,DE,flora,2023,867,0
PE,DE,flora,2024,2201,0
PE,DK,fauna,1981,2,0
PE,DK,fauna,1982,4,0
PE,DK,fauna,1983,16,0
PE,DK,fauna,1984,17,0
PE,DK,fauna,1985,19,0
PE,DK,fauna,1988,8,0
PE,DK,fauna,1989,5,0
PE,DK,fauna,1990,4,0
PE,DK,fauna,1991,15,0
PE,DK,fauna,1999,1,0
PE,DK,fauna,2003,25,0
PE,DK,fauna,2004,19,0
PE,DK,fauna,2005,6,0
PE,DK,fauna,2007,4,0
PE,DK,fauna,2011,3,0
PE,DK,fauna,2013,2,0
PE,DK,fauna,2018,4,0
PE,DK,fauna,2021,2,0
PE,DK,flora,1978,1,0
PE,DK,flora,1979,2,0
PE,DK,flora,1992,18,9
PE,DK,flora,1994,34,0
PE,DK,flora,2001,1,0
PE,DK,flora,2002,10,0
PE,DK,flora,2003,17,0
PE,DK,flora,2004,6,0
PE,DK,flora,2005,21,0
PE,DK,flora,2006,92,0
PE,DK,flora,2007,17,0
PE,DK,flora,2008,13,0
PE,DK,flora,2010,4,0
PE,DK,flora,2014,1,0
PE,DK,flora,2024,5,0
PE,DO,fauna,2004,1,0
PE,DO,fauna,2022,1,0
PE,DO,flora,1996,1,0
PE,DO,flora,1999,41,0
PE,DO,flora,2000,16,0
PE,DO,flora,2001,43,0
PE,DO,flora,2002,82,0
PE,DO,flora,2003,43,0
PE,DO,flora,2004,82,0
PE,DO,flora,2005,39,0
PE,DO,flora,2006,3,0
PE,DO,flora,2007,35,0
PE,DO,flora,2008,41,0
PE,DO,flora,2009,19,0
PE,DO,flora,2010,11,0
PE,DO,flora,2011,2,0
PE,DO,flora,2015,1,0
PE,DO,flora,2017,2,0
PE,DO,flora,2018,4,0
PE,DO,flora,2019,2,0
PE,DO,flora,2020,6,0
PE,DO,flora,2021,5,0
PE,DO,flora,2022,4,0
PE,EC,fauna,1997,2,0
PE,EC,fauna,1999,2,0
PE,EC,fauna,2000,11,0
PE,EC,fauna,2001,2,0
PE,EC,fauna,2002,6,0
PE,EC,fauna,2003,3,0
PE,EC,fauna,2004,3,0
PE,EC,fauna,2005,2,0
PE,EC,fauna,2008,2,0
PE,EC,fauna,2009,1,0
PE,EC,fauna,2010,5,0
PE,EC,fauna,2012,2,0
PE,EC,fauna,2015,21,0
PE,EC,fauna,2016,4,0
PE,EC,fauna,2017,4,3
PE,EC,fauna,2018,1,1
PE,EC,fauna,2019,13,0
PE,EC,fauna,2022,3,0
PE,EC,fauna,2023,1,0
PE,EC,flora,1994,58,0
PE,EC,flora,2001,20,0
PE,EC,flora,2002,41,0
PE,EC,flora,2004,18,0
PE,EC,flora,2008,1,0
PE,EC,flora,2012,40,0
PE,EE,fauna,2004,6,0
PE,EE,fauna,2005,16,0
PE,EE,fauna,2009,1,0
PE,EE,flora,2012,1,0
PE,EE,flora,2014,1,0
PE,EG,flora,2014,1,0
PE,ES,fauna,1983,12,0
PE,ES,fauna,1984,6,0
PE,ES,fauna,1985,6,0
PE,ES,fauna,1986,6,0
PE,ES,fauna,1988,8,0
PE,ES,fauna,1989,10,0
PE,ES,fauna,1990,13,0
PE,ES,fauna,1991,31,0
PE,ES,fauna,1992,8,0
PE,ES,fauna,1993,21,0
PE,ES,fauna,1994,50,2
PE,ES,fauna,1995,56,2
PE,ES,fauna,1996,13,3
PE,ES,fauna,1997,96,1
PE,ES,fauna,1998,30,0
PE,ES,fauna,1999,205,0
PE,ES,fauna,2000,148,0
PE,ES,fauna,2001,38,1
PE,ES,fauna,2002,25,0
PE,ES,fauna,2003,61,1
PE,ES,fauna,2004,83,2
PE,ES,fauna,2005,70,1
PE,ES,fauna,2006,22,0
PE,ES,fauna,2007,54,0
PE,ES,fauna,2008,1,0
PE,ES,fauna,2009,1,0
PE,ES,fauna,2010,4,0
PE,ES,fauna,2011,20,0
PE,ES,fauna,2012,24,0
PE,ES,fauna,2013,28,0
PE,ES,fauna,2014,41,0
PE,ES,fauna,2015,31,0
PE,ES,fauna,2016,48,0
PE,ES,fauna,2017,38,0
PE,ES,fauna,2018,6,0
PE,ES,fauna,2019,20,0
PE,ES,fauna,2020,94,0
PE,ES,fauna,2021,1,0
PE,ES,fauna,2022,2,0
PE,ES,fauna,2023,2,0
PE,ES,fauna,2024,9,0
PE,ES,flora,1978,2,0
PE,ES,flora,1997,1,0
PE,ES,flora,1998,7,0
PE,ES,flora,1999,35,0
PE,ES,flora,2000,11,0
PE,ES,flora,2001,81,0
PE,ES,flora,2002,30,0
PE,ES,flora,2003,653,0
PE,ES,flora,2004,9,0
PE,ES,flora,2005,63,0
PE,ES,flora,2006,4,0
PE,ES,flora,2007,69,0
PE,ES,flora,2008,27,0
PE,ES,flora,2009,2,0
PE,ES,flora,2010,8,0
PE,ES,flora,2011,3,0
PE,ES,flora,2012,9,0
PE,ES,flora,2013,2,0
PE,ES,flora,2014,2,0
PE,ES,flora,2015,36,0
PE,ES,flora,2016,38,0
PE,ES,flora,2020,6,0
PE,ES,flora,2022,8,0
PE,ES,flora,2024,4,0
PE,FI,fauna,2009,2,0
PE,FI,fauna,2011,2,0
PE,FI,fauna,2012,2,0
PE,FI,fauna,2013,2,0
PE,FI,fauna,2019,6,0
PE,FI,flora,2001,1,0
PE,FI,flora,2002,2,0
PE,FI,flora,2018,12,0
PE,FR,fauna,1979,1,0
PE,FR,fauna,1982,6,0
PE,FR,fauna,1983,1,0
PE,FR,fauna,1984,4,0
PE,FR,fauna,1985,1,0
PE,FR,fauna,1986,2,0
PE,FR,fauna,1987,1,0
PE,FR,fauna,1988,1,0
PE,FR,fauna,1989,3,0
PE,FR,fauna,1990,1,0
PE,FR,fauna,1993,2,0
PE,FR,fauna,1994,12,0
PE,FR,fauna,1996,2,0
PE,FR,fauna,1997,4,0
PE,FR,fauna,1999,2,0
PE,FR,fauna,2000,7,0
PE,FR,fauna,2001,15,0
PE,FR,fauna,2002,42,0
PE,FR,fauna,2003,21,0
PE,FR,fauna,2004,38,0
PE,FR,fauna,2005,21,0
PE,FR,fauna,2006,5,0
PE,FR,fauna,2007,41,0
PE,FR,fauna,2008,22,0
PE,FR,fauna,2009,37,0
PE,FR,fauna,2010,37,0
PE,FR,fauna,2011,13,0
PE,FR,fauna,2012,16,0
PE,FR,fauna,2013,20,0
PE,FR,fauna,2014,12,0
PE,FR,fauna,2015,5,0
PE,FR,fauna,2016,15,0
PE,FR,fauna,2017,18,0
PE,FR,fauna,2018,31,0
PE,FR,fauna,2019,52,0
PE,FR,fauna,2020,22,0
PE,FR,fauna,2021,4,0
PE,FR,fauna,2022,34,0
PE,FR,fauna,2023,13,0
PE,FR,fauna,2024,5,0
PE,FR,fauna,2025,1,0
PE,FR,flora,1979,1,0
PE,FR,flora,1991,25,0
PE,FR,flora,1992,11,0
PE,FR,flora,1997,2,0
PE,FR,flora,1998,2,0
PE,FR,flora,1999,7,0
PE,FR,flora,2000,8,0
PE,FR,flora,2001,6,0
PE,FR,flora,2002,4,0
PE,FR,flora,2003,2,0
PE,FR,flora,2004,1,0
PE,FR,flora,2005,251,0
PE,FR,flora,2006,60,0
PE,FR,flora,2007,11,0
PE,FR,flora,2008,1,0
PE,FR,flora,2009,1,0
PE,FR,flora,2010,7,0
PE,FR,flora,2011,5,0
PE,FR,flora,2012,7,0
PE,FR,flora,2013,6,0
PE,FR,flora,2014,4,0
PE,FR,flora,2015,3,0
PE,FR,flora,2016,4,0
PE,FR,flora,2017,10,0
PE,FR,flora,2018,9,0
PE,FR,flora,2019,10,0
PE,FR,flora,2020,28,0
PE,FR,flora,2021,13,0
PE,FR,flora,2022,36,0
PE,FR,flora,2023,75,0
PE,FR,flora,2024,227,0
PE,GB,fauna,1978,2,0
PE,GB,fauna,1981,3,0
PE,GB,fauna,1982,5,0
PE,GB,fauna,1984,24,0
PE,GB,fauna,1985,7,0
PE,GB,fauna,1986,5,0
PE,GB,fauna,1987,1,0
PE,GB,fauna,1988,24,0
PE,GB,fauna,1990,6,0
PE,GB,fauna,1991,36,0
PE,GB,fauna,1992,14,0
PE,GB,fauna,1993,8,0
PE,GB,fauna,1995,2,0
PE,GB,fauna,1997,5,1
PE,GB,fauna,1998,12,1
PE,GB,fauna,1999,11,0
PE,GB,fauna,2000,20,0
PE,GB,fauna,2001,14,0
PE,GB,fauna,2002,48,1
PE,GB,fauna,2003,36,0
PE,GB,fauna,2004,73,1
PE,GB,fauna,2005,11,0
PE,GB,fauna,2007,7,0
PE,GB,fauna,2008,5,0
PE,GB,fauna,2009,16,0
PE,GB,fauna,2010,11,0
PE,GB,fauna,2011,7,0
PE,GB,fauna,2012,2,0
PE,GB,fauna,2013,16,0
PE,GB,fauna,2014,4,0
PE,GB,fauna,2015,15,0
PE,GB,fauna,2016,18,0
PE,GB,fauna,2017,5,0
PE,GB,fauna,2018,18,0
PE,GB,fauna,2019,9,0
PE,GB,fauna,2020,14,0
PE,GB,fauna,2021,34,0
PE,GB,fauna,2022,9,0
PE,GB,fauna,2023,10,0
PE,GB,fauna,2024,10,0
PE,GB,fauna,2025,2,0
PE,GB,flora,1976,15,0
PE,GB,flora,1977,44,0
PE,GB,flora,1978,68,0
PE,GB,flora,1979,63,0
PE,GB,flora,1980,2,0
PE,GB,flora,1982,1,0
PE,GB,flora,1983,33,0
PE,GB,flora,1990,1,0
PE,GB,flora,1991,41,0
PE,GB,flora,1992,4,0
PE,GB,flora,1994,5,0
PE,GB,flora,1997,34,0
PE,GB,flora,1998,6,0
PE,GB,flora,1999,15,2
PE,GB,flora,2000,4,0
PE,GB,flora,2001,34,29
PE,GB,flora,2002,6,0
PE,GB,flora,2003,153,0
PE,GB,flora,2004,184,7
PE,GB,flora,2005,325,0
PE,GB,flora,2006,59,0
PE,GB,flora,2007,15,0
PE,GB,flora,2008,7,2
PE,GB,flora,2009,2,0
PE,GB,flora,2010,39,0
PE,GB,flora,2011,12,0
PE,GB,flora,2012,6,0
PE,GB,flora,2013,3,0
PE,GB,flora,2014,15,0
PE,GB,flora,2015,5,0
PE,GB,flora,2017,2,0
PE,GB,flora,2018,3,0
PE,GB,flora,2019,4,0
PE,GB,flora,2020,5,0
PE,GB,flora,2021,4,0
PE,GB,flora,2022,5,0
PE,GB,flora,2023,3,0
PE,GB,flora,2024,3,0
PE,GE,fauna,2009,40,0
PE,GR,fauna,1996,1,0
PE,GR,flora,2001,1,0
PE,GR,flora,2002,1,0
PE,GR,flora,2003,1,0
PE,GR,flora,2004,2,0
PE,GR,flora,2005,1,0
PE,GR,flora,2010,5,0
PE,GR,flora,2011,1,0
PE,GR,flora,2012,5,0
PE,GR,flora,2013,2,0
PE,GR,flora,2014,1,0
PE,GT,fauna,1991,1,0
PE,GT,flora,2003,29,0
PE,GT,flora,2005,2,0
PE,GT,flora,2016,126,0
PE,GT,flora,2017,87,0
PE,GT,flora,2018,227,0
PE,GT,flora,2019,188,0
PE,GT,flora,2020,85,0
PE,GT,flora,2021,60,0
PE,GT,flora,2022,58,0
PE,GT,flora,2023,336,0
PE,GT,flora,2024,64,0
PE,HK,fauna,1999,1,0
PE,HK,fauna,2002,5,0
PE,HK,fauna,2003,6,0
PE,HK,fauna,2004,4,0
PE,HK,fauna,2006,3,0
PE,HK,fauna,2007,8,0
PE,HK,fauna,2008,21,0
PE,HK,fauna,2009,47,0
PE,HK,fauna,2010,36,0
PE,HK,fauna,2011,83,0
PE,HK,fauna,2012,123,0
PE,HK,fauna,2013,175,0
PE,HK,fauna,2014,151,0
PE,HK,fauna,2015,165,0
PE,HK,fauna,2016,260,0
PE,HK,fauna,2017,218,0
PE,HK,fauna,2018,351,0
PE,HK,fauna,2019,149,0
PE,HK,fauna,2020,146,0
PE,HK,fauna,2021,308,0
PE,HK,fauna,2022,187,0
PE,HK,fauna,2023,226,0
PE,HK,fauna,2024,294,0
PE,HK,fauna,2025,15,0
PE,HK,flora,1994,12,0
PE,HK,flora,2002,1,0
PE,HK,flora,2003,31,0
PE,HK,flora,2005,2,0
PE,HK,flora,2014,3,0
PE,HN,fauna,2007,3,0
PE,HT,flora,2004,1,0
PE,HT,flora,2007,15,0
PE,HT,flora,2008,5,0
PE,HT,flora,2009,2,0
PE,HT,flora,2010,2,0
PE,HT,flora,2022,1,0
PE,HU,fauna,2000,2,0
PE,HU,fauna,2001,1,0
PE,HU,fauna,2002,5,0
PE,HU,fauna,2003,3,0
PE,HU,fauna,2004,10,0
PE,HU,fauna,2005,4,0
PE,HU,fauna,2007,4,0
PE,HU,fauna,2008,3,0
PE,HU,fauna,2009,2,0
PE,HU,fauna,2010,9,0
PE,HU,fauna,2011,6,0
PE,HU,fauna,2012,3,0
PE,HU,fauna,2013,5,0
PE,HU,fauna,2014,11,0
PE,HU,fauna,2015,11,0
PE,HU,fauna,2016,13,0
PE,HU,fauna,2017,5,0
PE,HU,fauna,2018,2,0
PE,HU,fauna,2023,1,0
PE,HU,flora,1999,1,0
PE,HU,flora,2007,110,0
PE,HU,flora,2009,280,0
PE,HU,flora,2010,9,0
PE,HU,flora,2012,201,0
PE,HU,flora,2013,3,0
PE,HU,flora,2014,6,0
PE,HU,flora,2015,17,0
PE,HU,flora,2016,4,0
PE,ID,fauna,2003,9,0
PE,ID,fauna,2007,10,0
PE,ID,fauna,2008,1,0
PE,ID,fauna,2009,4,0
PE,ID,fauna,2010,4,0
PE,ID,fauna,2011,3,0
PE,ID,fauna,2012,14,0
PE,ID,fauna,2013,5,0
PE,ID,fauna,2014,1,0
PE,ID,fauna,2015,1,0
PE,ID,fauna,2019,12,0
PE,ID,fauna,2020,4,0
PE,ID,fauna,2021,5,0
PE,ID,fauna,2022,7,0
PE,ID,fauna,2023,35,0
PE,ID,fauna,2024,25,0
PE,ID,fauna,2025,4,0
PE,ID,flora,2005,6,0
PE,IE,fauna,2020,2,0
PE,IE,fauna,2021,1,0
PE,IE,fauna,2023,2,0
PE,IE,flora,1998,2,0
PE,IE,flora,1999,1,0
PE,IE,flora,2001,1,0
PE,IE,flora,2002,1,0
PE,IE,flora,2003,1,0
PE,IE,flora,2004,1,0
PE,IE,flora,2008,1,0
PE,IE,flora,2011,2,0
PE,IE,flora,2014,1,0
PE,IL,fauna,2013,1,0
PE,IL,fauna,2015,1,0
PE,IL,flora,1991,1,0
PE,IL,flora,2000,1,0
PE,IL,flora,2001,1,0
PE,IL,flora,2004,1,0
PE,IL,flora,2009,1,0
PE,IL,flora,2012,4,0
PE,IL,flora,2013,1,0
PE,IL,flora,2014,1,0
PE,IN,fauna,2011,1,0
PE,IN,fauna,2013,1,0
PE,IN,fauna,2018,1,0
PE,IN,fauna,2020,1,0
PE,IN,fauna,2021,2,0
PE,IN,fauna,2022,1,0
PE,IT,fauna,1982,8,0
PE,IT,fauna,1983,4,0
PE,IT,fauna,1984,2,1
PE,IT,fauna,1985,5,0
PE,IT,fauna,1986,3,1
PE,IT,fauna,1987,1,1
PE,IT,fauna,1988,1,0
PE,IT,fauna,1989,6,0
PE,IT,fauna,1990,3,0
PE,IT,fauna,1991,37,0
PE,IT,fauna,1992,15,0
PE,IT,fauna,1993,36,0
PE,IT,fauna,1994,54,0
PE,IT,fauna,1995,70,0
PE,IT,fauna,1996,106,0
PE,IT,fauna,1997,84,0
PE,IT,fauna,1998,76,0
PE,IT,fauna,1999,50,0
PE,IT,fauna,2000,51,0
PE,IT,fauna,2001,77,0
PE,IT,fauna,2002,84,0
PE,IT,fauna,2003,112,0
PE,IT,fauna,2004,122,0
PE,IT,fauna,2005,124,0
PE,IT,fauna,2006,49,0
PE,IT,fauna,2007,106,0
PE,IT,fauna,2008,99,0
PE,IT,fauna,2009,144,0
PE,IT,fauna,2010,107,0
PE,IT,fauna,2011,85,0
PE,IT,fauna,2012,92,0
PE,IT,fauna,2013,93,0
PE,IT,fauna,2014,94,0
PE,IT,fauna,2015,126,0
PE,IT,fauna,2016,109,0
PE,IT,fauna,2017,89,0
PE,IT,fauna,2018,81,0
PE,IT,fauna,2019,69,0
PE,IT,fauna,2020,38,0
PE,IT,fauna,2021,73,0
PE,IT,fauna,2022,73,0
PE,IT,fauna,2023,64,0
PE,IT,fauna,2024,49,0
PE,IT,fauna,2025,6,0
PE,IT,flora,1977,1,0
PE,IT,flora,1991,3,0
PE,IT,flora,1992,83,0
PE,IT,flora,1994,68,0
PE,IT,flora,1996,2,0
PE,IT,flora,1997,98,0
PE,IT,flora,1999,53,0
PE,IT,flora,2000,8,0
PE,IT,flora,2001,20,0
PE,IT,flora,2002,11,0
PE,IT,flora,2003,32,0
PE,IT,flora,2004,12,0
PE,IT,flora,2005,9,0
PE,IT,flora,2006,23,0
PE,IT,flora,2007,3,0
PE,IT,flora,2010,3,0
PE,IT,flora,2012,10,0
PE,IT,flora,2013,1,0
PE,IT,flora,2014,2,0
PE,IT,flora,2015,7,0
PE,IT,flora,2018,14,0
PE,IT,flora,2019,4,0
PE,IT,flora,2023,3,0
PE,JM,fauna,2014,1,0
PE,JM,flora,1999,4,0
PE,JM,flora,2008,1,0
PE,JM,flora,2023,4,0
PE,JO,fauna,1998,1,0
PE,JO,flora,1999,2,0
PE,JP,fauna,1981,7,0
PE,JP,fauna,1982,37,0
PE,JP,fauna,1983,26,0
PE,JP,fauna,1984,20,0
PE,JP,fauna,1985,16,0
PE,JP,fauna,1986,4,0
PE,JP,fauna,1987,2,0
PE,JP,fauna,1988,18,0
PE,JP,fauna,1989,6,0
PE,JP,fauna,1990,8,0
PE,JP,fauna,1991,44,0
PE,JP,fauna,1992,13,0
PE,JP,fauna,1993,23,0
PE,JP,fauna,1994,70,0
PE,JP,fauna,1995,11,0
PE,JP,fauna,1996,85,0
PE,JP,fauna,1997,197,0
PE,JP,fauna,1998,83,0
PE,JP,fauna,1999,218,0
PE,JP,fauna,2000,124,0
PE,JP,fauna,2001,24,0
PE,JP,fauna,2002,48,0
PE,JP,fauna,2003,93,0
PE,JP,fauna,2004,119,0
PE,JP,fauna,2005,180,0
PE,JP,fauna,2006,47,0
PE,JP,fauna,2007,84,0
PE,JP,fauna,2008,48,0
PE,JP,fauna,2009,88,0
PE,JP,fauna,2010,91,0
PE,JP,fauna,2011,78,0
PE,JP,fauna,2012,123,0
PE,JP,fauna,2013,123,0
PE,JP,fauna,2014,89,0
PE,JP,fauna,2015,71,0
PE,JP,fauna,2016,23,0
PE,JP,fauna,2017,53,0
PE,JP,fauna,2018,51,0
PE,JP,fauna,2019,26,0
PE,JP,fauna,2020,50,0
PE,JP,fauna,2021,26,0
PE,JP,fauna,2022,64,0
PE,JP,fauna,2023,37,0
PE,JP,fauna,2024,65,0
PE,JP,fauna,2025,2,0
PE,JP,flora,1976,1,0
PE,JP,flora,1978,1,0
PE,JP,flora,1979,2,0
PE,JP,flora,1980,1,0
PE,JP,flora,1981,5,0
PE,JP,flora,1982,4,0
PE,JP,flora,1983,2,0
PE,JP,flora,1984,4,0
PE,JP,flora,1985,11,0
PE,JP,flora,1986,76,0
PE,JP,flora,1987,35,0
PE,JP,flora,1988,1,0
PE,JP,flora,1989,2,0
PE,JP,flora,1990,1,0
PE,JP,flora,1991,294,0
PE,JP,flora,1992,170,0
PE,JP,flora,1993,16,0
PE,JP,flora,1994,534,0
PE,JP,flora,1995,219,0
PE,JP,flora,1996,545,0
PE,JP,flora,1997,492,0
PE,JP,flora,1998,171,0
PE,JP,flora,1999,47,0
PE,JP,flora,2000,125,0
PE,JP,flora,2001,161,0
PE,JP,flora,2002,210,0
PE,JP,flora,2003,204,0
PE,JP,flora,2004,216,0
PE,JP,flora,2005,120,0
PE,JP,flora,2006,58,0
PE,JP,flora,2007,286,0
PE,JP,flora,2008,346,0
PE,JP,flora,2009,193,0
PE,JP,flora,2010,104,0
PE,JP,flora,2011,450,0
PE,JP,flora,2012,339,0
PE,JP,flora,2013,315,0
PE,JP,flora,2014,282,0
PE,JP,flora,2015,256,0
PE,JP,flora,2016,304,0
PE,JP,flora,2017,794,0
PE,JP,flora,2018,667,0
PE,JP,flora,2019,668,0
PE,JP,flora,2020,599,0
PE,JP,flora,2021,4,0
PE,JP,flora,2022,234,0
PE,JP,flora,2023,593,0
PE,JP,flora,2024,240,0
PE,KP,fauna,2012,1,0
PE,KP,fauna,2016,1,0
PE,KP,fauna,2023,5,0
PE,KP,flora,2021,1,0
PE,KR,fauna,1997,3,0
PE,KR,fauna,2001,6,0
PE,KR,fauna,2005,5,0
PE,KR,fauna,2006,1,0
PE,KR,fauna,2007,6,0
PE,KR,fauna,2008,4,0
PE,KR,fauna,2009,4,0
PE,KR,fauna,2010,3,0
PE,KR,fauna,2011,6,0
PE,KR,fauna,2012,5,0
PE,KR,fauna,2013,13,0
PE,KR,fauna,2016,8,0
PE,KR,fauna,2017,1,0
PE,KR,fauna,2018,93,0
PE,KR,fauna,2019,8,0
PE,KR,fauna,2020,14,0
PE,KR,fauna,2021,30,0
PE,KR,fauna,2022,14,0
PE,KR,fauna,2023,19,0
PE,KR,fauna,2024,28,0
PE,KR,flora,2001,1,0
PE,KR,flora,2003,1,0
PE,KR,flora,2008,3,0
PE,KR,flora,2017,2,0
PE,KR,flora,2021,1,0
PE,KR,flora,2022,1,0
PE,KR,flora,2024,1,0
PE,KW,fauna,1992,8,0
PE,KW,fauna,2013,1,0
PE,KW,fauna,2014,7,0
PE,KW,fauna,2015,2,0
PE,KY,flora,1999,48,0
PE,KZ,fauna,2019,1,0
PE,KZ,flora,2023,6,0
PE,LB,fauna,2022,1,0
PE,LB,flora,2005,2,0
PE,LB,flora,2007,2,0
PE,LB,flora,2014,1,0
PE,LC,flora,2007,1,0
PE,LU,fauna,1990,1,1
PE,LU,fauna,1992,2,2
PE,LU,fauna,1993,3,3
PE,LU,fauna,1995,1,1
PE,LU,fauna,2005,4,0
PE,LV,fauna,2013,2,0
PE,MC,flora,1976,1,0
PE,MC,flora,1978,1,0
PE,MG,flora,2005,7,0
PE,MK,fauna,2017,1,0
PE,MT,flora,2013,1,0
PE,MX,fauna,1982,3,0
PE,MX,fauna,1995,2,0
PE,MX,fauna,1996,43,0
PE,MX,fauna,1997,32,0
PE,MX,fauna,1999,1,0
PE,MX,fauna,2000,1,0
PE,MX,fauna,2001,2,0
PE,MX,fauna,2002,15,0
PE,MX,fauna,2003,21,0
PE,MX,fauna,2004,22,0
PE,MX,fauna,2005,19,0
PE,MX,fauna,2006,8,0
PE,MX,fauna,2007,76,0
PE,MX,fauna,2008,32,0
PE,MX,fauna,2009,15,0
PE,MX,fauna,2010,8,0
PE,MX,fauna,2011,41,0
PE,MX,fauna,2012,33,0
PE,MX,fauna,2013,40,0
PE,MX,fauna,2014,35,0
PE,MX,fauna,2015,29,0
PE,MX,fauna,2016,22,0
PE,MX,fauna,2017,16,0
PE,MX,fauna,2018,24,0
PE,MX,fauna,2019,8,0
PE,MX,fauna,2020,5,0
PE,MX,fauna,2021,4,0
PE,MX,fauna,2022,9,0
PE,MX,fauna,2023,32,0
PE,MX,fauna,2024,21,0
PE,MX,flora,1978,1,0
PE,MX,flora,1998,2,0
PE,MX,flora,1999,30,0
PE,MX,flora,2000,17,0
PE,MX,flora,2001,45,0
PE,MX,flora,2002,138,0
PE,MX,flora,2003,205,0
PE,MX,flora,2004,229,0
PE,MX,flora,2005,274,0
PE,MX,flora,2006,163,0
PE,MX,flora,2007,492,0
PE,MX,flora,2008,289,0
PE,MX,flora,2009,164,0
PE,MX,flora,2010,88,0
PE,MX,flora,2011,21,0
PE,MX,flora,2012,17,0
PE,MX,flora,2013,27,0
PE,MX,flora,2014,11,0
PE,MX,flora,2015,9,0
PE,MX,flora,2016,6,0
PE,MX,flora,2017,6,0
PE,MX,flora,2018,8,0
PE,MX,flora,2020,2,0
PE,MX,flora,2021,83,0
PE,MX,flora,2022,103,0
PE,MX,flora,2023,158,0
PE,MX,flora,2024,32,0
PE,MY,fauna,1982,1,0
PE,MY,fauna,1994,2,0
PE,MY,fauna,1996,2,0
PE,MY,fauna,1997,5,0
PE,MY,fauna,1998,4,0
PE,MY,fauna,2002,10,0
PE,MY,fauna,2004,4,0
PE,MY,fauna,2005,9,0
PE,MY,fauna,2007,2,0
PE,MY,fauna,2009,2,0
PE,MY,fauna,2011,2,0
PE,MY,fauna,2012,2,0
PE,MY,fauna,2013,5,0
PE,MY,fauna,2016,3,0
PE,MY,fauna,2017,6,0
PE,MY,fauna,2019,3,0
PE,MY,fauna,2021,8,0
PE,MY,fauna,2022,1,0
PE,MY,fauna,2023,1,0
PE,MY,fauna,2024,6,0
PE,MZ,flora,2021,1,0
PE,NC,flora,2013,1,0
PE,NI,flora,2000,1,0
PE,NI,flora,2001,1,0
PE,NI,flora,2002,2,0
PE,NI,flora,2007,4,0
PE,NL,fauna,1980,1,0
PE,NL,fauna,1982,8,0
PE,NL,fauna,1983,12,0
PE,NL,fauna,1984,41,1
PE,NL,fauna,1985,22,0
PE,NL,fauna,1986,11,0
PE,NL,fauna,1987,14,3
PE,NL,fauna,1988,19,0
PE,NL,fauna,1989,31,2
PE,NL,fauna,1990,46,0
PE,NL,fauna,1991,118,0
PE,NL,fauna,1992,169,0
PE,NL,fauna,1993,124,0
PE,NL,fauna,1994,160,0
PE,NL,fauna,1996,18,0
PE,NL,fauna,1997,127,0
PE,NL,fauna,1998,57,6
PE,NL,fauna,1999,204,0
PE,NL,fauna,2000,113,0
PE,NL,fauna,2002,7,0
PE,NL,fauna,2003,11,0
PE,NL,fauna,2004,7,0
PE,NL,fauna,2005,17,0
PE,NL,fauna,2006,4,0
PE,NL,fauna,2007,5,0
PE,NL,fauna,2008,6,0
PE,NL,fauna,2009,2,0
PE,NL,fauna,2010,3,0
PE,NL,fauna,2011,5,0
PE,NL,fauna,2012,8,0
PE,NL,fauna,2013,5,0
PE,NL,fauna,2015,3,0
PE,NL,fauna,2016,26,0
PE,NL,fauna,2017,5,0
PE,NL,fauna,2018,12,0
PE,NL,fauna,2019,2,0
PE,NL,fauna,2020,10,0
PE,NL,fauna,2021,6,0
PE,NL,fauna,2022,5,0
PE,NL,fauna,2024,5,0
PE,NL,flora,1976,2,0
PE,NL,flora,1977,1,0
PE,NL,flora,1980,1,0
PE,NL,flora,1984,8,0
PE,NL,flora,1985,12,0
PE,NL,flora,1986,15,1
PE,NL,flora,1987,12,0
PE,NL,flora,1997,3,1
PE,NL,flora,1998,5,2
PE,NL,flora,1999,4,0
PE,NL,flora,2000,20,0
PE,NL,flora,2001,6,0
PE,NL,flora,2002,24,0
PE,NL,flora,2003,6,0
PE,NL,flora,2004,1,0
PE,NL,flora,2005,3,0
PE,NL,flora,2007,85,0
PE,NL,flora,2009,1,0
PE,NL,flora,2010,62,0
PE,NL,flora,2011,48,0
PE,NL,flora,2012,13,0
PE,NL,flora,2013,2,0
PE,NL,flora,2014,1,0
PE,NL,flora,2015,14,0
PE,NL,flora,2023,1,0
PE,NL,flora,2024,3,0
PE,NO,fauna,2000,5,5
PE,NO,fauna,2003,4,4
PE,NO,fauna,2004,2,0
PE,NO,fauna,2005,2,0
PE,NO,fauna,2011,1,1
PE,NO,fauna,2012,2,0
PE,NO,fauna,2013,4,0
PE,NO,fauna,2014,1,0
PE,NO,fauna,2015,5,0
PE,NO,fauna,2016,7,0
PE,NO,fauna,2017,3,0
PE,NO,fauna,2018,3,0
PE,NO,fauna,2019,1,0
PE,NO,fauna,2020,2,0
PE,NO,fauna,2021,4,0
PE,NO,fauna,2022,55,0
PE,NO,fauna,2023,45,0
PE,NO,fauna,2025,1,0
PE,NO,flora,2002,2,0
PE,NO,flora,2003,35,0
PE,NO,flora,2005,111,0
PE,NO,flora,2010,1,0
PE,NO,flora,2011,27,0
PE,NO,flora,2012,6,0
PE,NO,flora,2015,3,0
PE,NT,flora,2009,9,0
PE,NT,flora,2010,1,0
PE,NZ,fauna,1996,2,2
PE,NZ,fauna,1998,5,3
PE,NZ,fauna,1999,6,6
PE,NZ,fauna,2000,1,1
PE,NZ,fauna,2001,3,3
PE,NZ,fauna,2002,2,1
PE,NZ,fauna,2003,3,3
PE,NZ,fauna,2005,1,1
PE,NZ,fauna,2007,1,1
PE,NZ,fauna,2008,1,1
PE,NZ,fauna,2010,1,1
PE,NZ,flora,1979,1,0
PE,NZ,flora,1997,5,5
PE,NZ,flora,1998,4,4
PE,NZ,flora,1999,6,6
PE,NZ,flora,2000,7,7
PE,NZ,flora,2001,5,5
PE,NZ,flora,2002,2,2
PE,PA,fauna,1986,1,0
PE,PA,fauna,1990,1,0
PE,PA,fauna,1996,12,0
PE,PA,fauna,1997,8,0
PE,PA,fauna,1998,20,0
PE,PA,fauna,1999,22,0
PE,PA,fauna,2000,8,0
PE,PA,fauna,2003,20,0
PE,PA,fauna,2004,3,0
PE,PA,fauna,2005,3,0
PE,PA,fauna,2006,6,0
PE,PA,fauna,2007,44,0
PE,PA,fauna,2008,23,0
PE,PA,fauna,2009,19,0
PE,PA,fauna,2010,15,0
PE,PA,fauna,2011,7,0
PE,PA,fauna,2012,16,0
PE,PA,flora,1995,1,0
PE,PA,flora,1996,1,0
PE,PA,flora,1997,3,0
PE,PA,flora,2009,4,0
PE,PA,flora,2011,55,0
PE,PH,fauna,2001,3,0
PE,PH,fauna,2002,2,0
PE,PH,fauna,2005,1,0
PE,PH,fauna,2009,7,0
PE,PH,fauna,2010,1,0
PE,PH,fauna,2013,1,0
PE,PH,fauna,2014,2,0
PE,PH,fauna,2015,4,0
PE,PH,fauna,2016,1,0
PE,PH,fauna,2018,3,0
PE,PH,fauna,2019,2,0
PE,PH,fauna,2020,1,0
PE,PH,fauna,2022,6,0
PE,PH,fauna,2023,4,0
PE,PH,fauna,2024,2,0
PE,PK,fauna,2017,3,0
PE,PL,fauna,1996,1,0
PE,PL,fauna,2007,6,0
PE,PL,fauna,2008,6,2
PE,PL,fauna,2009,4,2
PE,PL,fauna,2010,15,3
PE,PL,fauna,2012,4,0
PE,PL,fauna,2014,2,0
PE,PL,fauna,2016,2,0
PE,PL,fauna,2017,9,0
PE,PL,fauna,2018,29,0
PE,PL,fauna,2019,18,0
PE,PL,fauna,2020,9,0
PE,PL,fauna,2021,4,0
PE,PL,fauna,2022,7,0
PE,PL,fauna,2023,6,0
PE,PL,fauna,2024,2,0
PE,PL,flora,2004,2,0
PE,PL,flora,2010,2,0
PE,PL,flora,2019,1,0
PE,PR,fauna,1985,1,0
PE,PR,flora,1999,13,0
PE,PR,flora,2000,2,0
PE,PR,flora,2001,23,0
PE,PR,flora,2002,10,0
PE,PR,flora,2003,32,0
PE,PR,flora,2004,43,0
PE,PR,flora,2005,43,0
PE,PR,flora,2007,30,0
PE,PR,flora,2008,18,0
PE,PR,flora,2009,15,0
PE,PR,flora,2010,2,0
PE,PR,flora,2011,3,0
PE,PR,flora,2013,1,0
PE,PR,flora,2023,1,0
PE,PR,flora,2024,2,0
PE,PT,fauna,1989,8,0
PE,PT,fauna,1990,7,0
PE,PT,fauna,1991,14,0
PE,PT,fauna,1993,1,0
PE,PT,fauna,1994,11,0
PE,PT,fauna,1995,5,0
PE,PT,fauna,1996,25,0
PE,PT,fauna,1997,7,0
PE,PT,fauna,2000,29,0
PE,PT,fauna,2002,2,2
PE,PT,fauna,2003,12,0
PE,PT,fauna,2004,23,1
PE,PT,fauna,2005,20,0
PE,PT,fauna,2006,10,0
PE,PT,fauna,2007,40,0
PE,PT,fauna,2008,19,0
PE,PT,fauna,2009,27,0
PE,PT,fauna,2010,6,0
PE,PT,fauna,2011,26,0
PE,PT,fauna,2012,22,0
PE,PT,fauna,2013,15,0
PE,PT,fauna,2014,21,0
PE,PT,fauna,2015,16,0
PE,PT,fauna,2016,16,0
PE,PT,fauna,2017,13,0
PE,PT,fauna,2018,14,0
PE,PT,fauna,2019,27,0
PE,PT,fauna,2020,7,0
PE,PT,fauna,2022,2,0
PE,PT,fauna,2023,4,0
PE,PT,fauna,2025,2,0
PE,PT,flora,1996,13,3
PE,PT,flora,2008,6,0
PE,PT,flora,2010,1,0
PE,PT,flora,2022,2,0
PE,PT,flora,2024,16,0
PE,PY,fauna,2007,1,0
PE,PY,fauna,2019,4,0
PE,QA,fauna,2013,4,0
PE,QA,fauna,2022,4,0
PE,QA,fauna,2023,2,0
PE,RO,fauna,1993,1,0
PE,RO,fauna,2017,3,0
PE,RO,fauna,2018,1,0
PE,RO,fauna,2019,3,0
PE,RO,fauna,2020,4,0
PE,RO,fauna,2021,5,0
PE,RO,fauna,2022,1,0
PE,RO,fauna,2024,2,0
PE,RO,flora,2011,1,0
PE,RO,flora,2013,2,0
PE,RU,fauna,1992,3,0
PE,RU,fauna,1997,2,0
PE,RU,fauna,1998,11,11
PE,RU,fauna,1999,15,12
PE,RU,fauna,2002,5,0
PE,RU,fauna,2007,1,0
PE,RU,fauna,2008,3,0
PE,RU,fauna,2011,1,0
PE,RU,fauna,2012,11,0
PE,RU,fauna,2013,1,0
PE,RU,fauna,2023,14,0
PE,RU,fauna,2024,5,0
PE,RU,flora,2003,5,0
PE,RU,flora,2005,196,0
PE,RU,flora,2007,37,0
PE,RU,flora,2008,56,0
PE,RU,flora,2009,50,0
PE,RU,flora,2010,6,0
PE,RU,flora,2011,141,0
PE,RU,flora,2012,2,0
PE,RU,flora,2014,32,0
PE,RU,flora,2015,17,0
PE,RU,flora,2018,21,0
PE,RU,flora,2019,69,0
PE,RU,flora,2021,76,0
PE,SA,fauna,2017,9,0
PE,SA,fauna,2021,6,0
PE,SA,fauna,2023,1,0
PE,SE,fauna,1982,1,0
PE,SE,fauna,1984,2,0
PE,SE,fauna,1985,7,0
PE,SE,fauna,1986,1,0
PE,SE,fauna,1990,1,0
PE,SE,fauna,2003,2,0
PE,SE,fauna,2007,9,0
PE,SE,fauna,2021,2,0
PE,SE,fauna,2022,1,0
PE,SE,fauna,2024,2,0
PE,SE,flora,1994,18,0
PE,SE,flora,1999,6,0
PE,SE,flora,2000,4,0
PE,SE,flora,2001,9,0
PE,SE,flora,2002,76,0
PE,SE,flora,2003,4,0
PE,SE,flora,2004,42,0
PE,SE,flora,2005,45,0
PE,SE,flora,2010,2,0
PE,SE,flora,2011,1,0
PE,SE,flora,2012,16,0
PE,SE,flora,2013,17,0
PE,SE,flora,2014,2,0
PE,SE,flora,2015,2,0
PE,SE,flora,2024,1,0
PE,SG,fauna,1994,10,0
PE,SG,fauna,1996,2,0
PE,SG,fauna,1997,45,0
PE,SG,fauna,1998,22,0
PE,SG,fauna,1999,120,0
PE,SG,fauna,2000,73,0
PE,SG,fauna,2002,20,0
PE,SG,fauna,2003,16,0
PE,SG,fauna,2004,2,0
PE,SG,fauna,2005,39,0
PE,SG,fauna,2006,3,0
PE,SG,fauna,2011,3,0
PE,SG,fauna,2012,1,0
PE,SG,fauna,2013,4,0
PE,SG,fauna,2015,1,0
PE,SG,fauna,2017,2,0
PE,SG,fauna,2018,1,0
PE,SG,fauna,2019,8,0
PE,SG,fauna,2020,47,0
PE,SG,fauna,2021,51,0
PE,SG,fauna,2022,31,0
PE,SG,fauna,2023,50,0
PE,SG,fauna,2024,32,0
PE,SG,flora,2009,23,0
PE,SG,flora,2010,13,0
PE,SG,flora,2011,115,0
PE,SG,flora,2012,84,0
PE,SG,flora,2014,62,0
PE,SG,flora,2015,212,0
PE,SG,flora,2016,113,0
PE,SG,flora,2017,79,0
PE,SG,flora,2018,79,0
PE,SG,flora,2021,215,0
PE,SG,flora,2023,263,0
PE,SI,fauna,2019,1,0
PE,SI,flora,2011,2,0
PE,SI,flora,2013,2,0
PE,SK,fauna,1994,2,0
PE,SK,flora,2006,7,0
PE,SR,fauna,2008,1,0
PE,SU,fauna,1985,1,0
PE,SU,fauna,1988,2,0
PE,SU,fauna,2005,1,0
PE,SU,fauna,2009,1,0
PE,SU,fauna,2010,1,0
PE,SU,fauna,2013,4,0
PE,SU,flora,2013,143,0
PE,SV,fauna,2016,3,0
PE,SV,fauna,2021,1,0
PE,SV,fauna,2022,9,0
PE,SV,fauna,2023,11,0
PE,SV,fauna,2024,3,0
PE,SV,flora,2003,25,0
PE,TH,fauna,2001,2,0
PE,TH,fauna,2004,7,0
PE,TH,fauna,2005,9,0
PE,TH,fauna,2007,31,0
PE,TH,fauna,2008,1,0
PE,TH,fauna,2009,9,0
PE,TH,fauna,2010,3,0
PE,TH,fauna,2011,21,0
PE,TH,fauna,2012,5,0
PE,TH,fauna,2013,3,0
PE,TH,fauna,2016,1,0
PE,TH,fauna,2017,1,0
PE,TH,fauna,2018,1,0
PE,TH,fauna,2019,18,0
PE,TH,fauna,2020,2,0
PE,TH,fauna,2021,12,0
PE,TH,fauna,2022,4,0
PE,TH,fauna,2023,3,0
PE,TH,fauna,2024,8,0
PE,TH,flora,1979,2,0
PE,TH,flora,2002,28,0
PE,TH,flora,2008,9,0
PE,TH,flora,2009,9,0
PE,TH,flora,2011,1,0
PE,TH,flora,2019,3,0
PE,TR,fauna,2016,2,0
PE,TR,fauna,2021,2,0
PE,TR,fauna,2025,2,0
PE,TR,flora,1977,2,0
PE,TR,flora,2014,1,0
PE,TR,flora,2019,1,0
PE,TT,fauna,2024,1,0
PE,TT,flora,1999,3,0
PE,TT,flora,2002,1,0
PE,TT,flora,2012,1,0
PE,TW,fauna,2001,2,0
PE,TW,fauna,2005,7,0
PE,TW,fauna,2007,11,0
PE,TW,fauna,2008,7,0
PE,TW,fauna,2009,7,0
PE,TW,fauna,2011,6,0
PE,TW,fauna,2012,5,0
PE,TW,fauna,2013,11,0
PE,TW,fauna,2014,1,0
PE,TW,fauna,2016,6,0
PE,TW,fauna,2017,5,0
PE,TW,fauna,2018,3,0
PE,TW,fauna,2019,6,0
PE,TW,fauna,2020,7,0
PE,TW,fauna,2021,19,0
PE,TW,fauna,2022,12,0
PE,TW,fauna,2023,13,0
PE,TW,fauna,2024,8,0
PE,TW,flora,1994,8,0
PE,TW,flora,2002,2,0
PE,TW,flora,2003,1,0
PE,TW,flora,2004,2,0
PE,TW,flora,2005,179,0
PE,TW,flora,2007,38,0
PE,TW,flora,2008,35,0
PE,TW,flora,2009,5,0
PE,TW,flora,2011,1,0
PE,TW,flora,2013,137,0
PE,TW,flora,2014,89,0
PE,TW,flora,2015,128,0
PE,TW,flora,2016,59,0
PE,TW,flora,2018,52,0
PE,TW,flora,2021,1,0
PE,TW,flora,2022,2,0
PE,TW,flora,2023,1,0
PE,TW,flora,2024,8,0
PE,UA,fauna,2018,1,0
PE,UA,fauna,2019,1,0
PE,UA,fauna,2023,1,0
PE,UA,flora,2007,1,0
PE,UA,flora,2008,70,0
PE,UA,flora,2009,7,0
PE,UA,flora,2010,113,0
PE,UA,flora,2011,60,0
PE,UA,flora,2012,1,0
PE,UA,flora,2013,2,0
PE,UA,flora,2014,1,0
PE,UA,flora,2021,35,0
PE,US,fauna,1977,18,0
PE,US,fauna,1978,27,0
PE,US,fauna,1979,26,0
PE,US,fauna,1980,49,0
PE,US,fauna,1981,63,0
PE,US,fauna,1982,113,9
PE,US,fauna,1983,81,7
PE,US,fauna,1984,164,2
PE,US,fauna,1985,105,7
PE,US,fauna,1986,170,5
PE,US,fauna,1987,119,14
PE,US,fauna,1988,98,11
PE,US,fauna,1989,70,4
PE,US,fauna,1990,144,18
PE,US,fauna,1991,283,12
PE,US,fauna,1992,145,17
PE,US,fauna,1993,116,25
PE,US,fauna,1994,114,6
PE,US,fauna,1995,80,15
PE,US,fauna,1996,120,13
PE,US,fauna,1997,61,14
PE,US,fauna,1998,198,17
PE,US,fauna,1999,163,19
PE,US,fauna,2000,126,10
PE,US,fauna,2001,163,24
PE,US,fauna,2002,254,6
PE,US,fauna,2003,292,6
PE,US,fauna,2004,388,18
PE,US,fauna,2005,294,15
PE,US,fauna,2006,60,11
PE,US,fauna,2007,252,18
PE,US,fauna,2008,612,42
PE,US,fauna,2009,296,51
PE,US,fauna,2010,601,48
PE,US,fauna,2011,654,19
PE,US,fauna,2012,444,21
PE,US,fauna,2013,223,17
PE,US,fauna,2014,502,67
PE,US,fauna,2015,374,80
PE,US,fauna,2016,258,30
PE,US,fauna,2017,523,46
PE,US,fauna,2018,541,60
PE,US,fauna,2019,373,89
PE,US,fauna,2020,368,23
PE,US,fauna,2021,357,23
PE,US,fauna,2022,321,16
PE,US,fauna,2023,218,17
PE,US,fauna,2024,215,0
PE,US,fauna,2025,12,0
PE,US,flora,1976,4,0
PE,US,flora,1977,11,0
PE,US,flora,1978,31,0
PE,US,flora,1979,25,0
PE,US,flora,1980,22,0
PE,US,flora,1981,51,0
PE,US,flora,1982,52,0
PE,US,flora,1983,132,0
PE,US,flora,1984,186,11
PE,US,flora,1985,261,19
PE,US,flora,1986,494,24
PE,US,flora,1987,424,4
PE,US,flora,1988,651,10
PE,US,flora,1989,602,1
PE,US,flora,1990,110,7
PE,US,flora,1991,359,113
PE,US,flora,1992,243,5
PE,US,flora,1993,500,7
PE,US,flora,1994,620,64
PE,US,flora,1995,28,6
PE,US,flora,1996,192,5
PE,US,flora,1997,126,5
PE,US,flora,1998,156,8
PE,US,flora,1999,669,5
PE,US,flora,2000,403,16
PE,US,flora,2001,1399,6
PE,US,flora,2002,2268,11
PE,US,flora,2003,2314,3
PE,US,flora,2004,1891,5
PE,US,flora,2005,1668,2
PE,US,flora,2006,582,1
PE,US,flora,2007,1403,1
PE,US,flora,2008,875,0
PE,US,flora,2009,411,0
PE,US,flora,2010,423,1
PE,US,flora,2011,452,11
PE,US,flora,2012,124,0
PE,US,flora,2013,404,0
PE,US,flora,2014,618,0
PE,US,flora,2015,1009,0
PE,US,flora,2016,1345,0
PE,US,flora,2017,1245,0
PE,US,flora,2018,1376,0
PE,US,flora,2019,1042,0
PE,US,flora,2020,725,0
PE,US,flora,2021,1023,0
PE,US,flora,2022,1701,0
PE,US,flora,2023,2249,0
PE,US,flora,2024,2520,0
PE,US,flora,2025,2,0
PE,UY,fauna,1992,6,0
PE,UY,fauna,2013,5,0
PE,UY,fauna,2017,2,0
PE,UY,flora,2007,15,0
PE,UY,flora,2010,1,0
PE,VE,fauna,1983,1,0
PE,VE,fauna,1989,1,0
PE,VE,fauna,1990,1,0
PE,VE,fauna,1992,10,0
PE,VE,fauna,1993,11,0
PE,VE,fauna,1997,8,0
PE,VE,fauna,1998,2,0
PE,VE,fauna,1999,1,0
PE,VE,fauna,2005,1,0
PE,VE,fauna,2011,2,0
PE,VE,flora,1999,5,0
PE,VE,flora,2000,9,0
PE,VE,flora,2001,123,0
PE,VE,flora,2002,110,0
PE,VE,flora,2003,25,0
PE,VE,flora,2004,26,0
PE,VE,flora,2005,3,0
PE,VE,flora,2007,98,0
PE,VE,flora,2008,3,0
PE,VE,flora,2009,4,0
PE,VE,flora,2011,70,0
PE,VN,fauna,2018,15,0
PE,VN,fauna,2020,2,0
PE,VN,fauna,2021,2,0
PE,XV,fauna,2009,3,0
PE,XV,fauna,2010,4,0
PE,XX,fauna,1991,5,0
PE,XX,fauna,1998,3,0
PE,XX,fauna,2010,8,0
PE,XX,fauna,2014,4,0
PE,XX,flora,1977,1,0
PE,XX,flora,1991,2,0
PE,XX,flora,2023,1,0
PE,ZA,fauna,1985,1,0
PE,ZA,fauna,1995,5,0
PE,ZA,fauna,1996,3,0
PE,ZA,fauna,1997,34,0
PE,ZA,fauna,1998,27,0
PE,ZA,fauna,1999,5,0
PE,ZA,fauna,2002,1,0
PE,ZA,fauna,2003,3,0
PE,ZA,fauna,2004,6,0
PE,ZA,fauna,2008,31,0
PE,ZA,fauna,2009,13,0
PE,ZA,fauna,2012,14,0
PE,ZA,fauna,2013,2,0
PE,ZA,fauna,2014,2,0
PE,ZA,fauna,2016,8,8
PE,ZA,fauna,2022,2,0
PE,ZA,fauna,2023,3,0
PE,ZA,fauna,2024,7,0
PE,ZA,flora,2005,1,0
PE,ZA,flora,2012,1,0
PE,ZA,flora,2013,2,0
PE,ZA,flora,2014,129,0
PE,ZC,fauna,1991,5,0
PE,ZC,fauna,1993,7,0
PE,ZC,flora,1978,1,0
PF,BR,fauna,2011,4,0
PF,BR,fauna,2012,2,0
PF,BR,fauna,2013,3,0
PF,BR,fauna,2022,4,0
PG,AR,fauna,1992,2,0
PG,AR,fauna,1996,4,0
PG,AR,fauna,1998,3,0
PG,AR,fauna,2008,3,0
PG,AR,flora,2021,1,0
PG,BR,fauna,1995,1,0
PG,BR,fauna,1996,2,0
PG,BR,fauna,2016,1,0
PG,BR,fauna,2020,1,0
PG,CL,fauna,2006,2,0
PG,CL,fauna,2007,7,0
PG,CL,fauna,2019,1,0
PG,CO,fauna,2024,1,0
PG,CU,fauna,2012,1,0
PG,EC,fauna,1987,4,0
PG,JM,fauna,2007,2,0
PG,MX,fauna,2024,2,0
PG,MX,flora,1989,15,0
PG,PA,fauna,1993,2,0
PG,PA,fauna,1994,2,0
PG,PA,fauna,2003,1,0
PH,AR,fauna,1987,3,0
PH,AR,fauna,1992,2,0
PH,BB,flora,2009,2,0
PH,BR,fauna,1987,1,0
PH,BR,fauna,1991,6,0
PH,BR,fauna,1992,3,0
PH,BR,fauna,1995,1,0
PH,BR,fauna,1996,8,0
PH,BR,fauna,1997,3,0
PH,BR,fauna,2000,1,0
PH,BR,fauna,2011,5,0
PH,BR,fauna,2014,22,0
PH,BR,flora,1987,1,0
PH,BR,flora,1989,3,0
PH,BS,fauna,1991,2,0
PH,BS,flora,1996,4,0
PH,BS,flora,2003,3,0
PH,CL,fauna,2013,4,0
PH,CO,fauna,2012,2,0
PH,CO,flora,1989,1,0
PH,CO,flora,2016,1,0
PH,CR,flora,1990,6,0
PH,CR,flora,2010,51,0
PH,CR,flora,2015,101,0
PH,DO,fauna,1996,1,0
PH,DO,flora,2007,7,0
PH,DO,flora,2009,2,0
PH,DO,flora,2013,55,0
PH,DO,flora,2014,36,0
PH,DO,flora,2015,27,0
PH,DO,flora,2016,10,0
PH,DO,flora,2018,1,0
PH,HT,fauna,1986,1,0
PH,HT,flora,1986,1,0
PH,JM,fauna,1984,4,0
PH,JM,flora,2009,1,0
PH,MX,fauna,1984,2,0
PH,MX,fauna,1985,1,0
PH,MX,fauna,1986,1,0
PH,MX,fauna,1987,1,0
PH,MX,fauna,1993,6,0
PH,MX,fauna,1994,10,0
PH,MX,fauna,1995,3,0
PH,MX,fauna,1996,5,0
PH,MX,fauna,1997,4,0
PH,MX,fauna,2000,2,0
PH,MX,fauna,2003,32,0
PH,MX,fauna,2007,1,0
PH,MX,flora,2003,2,0
PH,NI,fauna,1994,1,0
PH,PA,fauna,1993,1,0
PH,PA,fauna,2013,1,0
PH,PA,flora,1997,8,0
PH,PA,flora,1999,1,0
PH,PA,flora,2001,4,0
PH,PA,flora,2002,1,0
PH,PA,flora,2003,2,0
PH,PA,flora,2009,1,0
PH,PE,fauna,2017,1,0
PH,PY,flora,2014,60,0
PH,VE,fauna,1992,4,0
PK,AR,fauna,2007,3,0
PK,AR,fauna,2009,2,0
PK,AR,fauna,2010,1,0
PK,AR,fauna,2011,1,0
PK,MX,fauna,2000,5,0
PK,MX,fauna,2001,2,0
PK,MX,fauna,2004,2,0
PK,MX,fauna,2005,1,0
PK,MX,fauna,2006,5,0
PK,MX,fauna,2007,5,0
PK,MX,fauna,2008,8,0
PK,MX,fauna,2009,6,0
PK,MX,fauna,2011,2,0
PK,MX,fauna,2012,9,0
PK,MX,fauna,2013,10,0
PK,MX,fauna,2014,63,0
PK,MX,fauna,2015,16,0
PK,MX,fauna,2016,9,0
PK,MX,fauna,2017,6,0
PK,MX,fauna,2018,18,0
PK,MX,fauna,2019,29,0
PK,MX,fauna,2020,3,0
PK,MX,fauna,2021,4,0
PK,MX,fauna,2022,8,0
PK,MX,fauna,2024,2,0
PL,AR,fauna,2001,2,0
PL,AR,fauna,2008,2,0
PL,AR,fauna,2022,2,0
PL,BR,fauna,1994,3,0
PL,BR,fauna,1995,1,0
PL,BR,fauna,2023,1,0
PL,BR,fauna,2024,1,0
PL,CL,fauna,2023,3,0
PL,CL,flora,2017,7,0
PL,EC,fauna,1990,1,0
PL,EC,fauna,2017,1,0
PL,GT,fauna,2023,1,0
PL,MX,fauna,2000,6,0
PL,MX,fauna,2016,1,0
PL,MX,fauna,2022,23,0
PL,MX,fauna,2023,32,0
PL,MX,fauna,2024,33,0
PL,MX,flora,2017,2,0
PL,PE,fauna,2022,1,0
PL,PE,fauna,2023,2,0
PL,PE,fauna,2024,1,0
PL,PE,flora,2019,2,0
PL,UY,fauna,1996,1,0
PL,UY,fauna,2011,5,0
PL,UY,fauna,2012,7,0
PL,UY,fauna,2013,2,0
PL,UY,fauna,2014,1,0
PL,UY,fauna,2015,2,0
PL,UY,fauna,2016,2,0
PL,UY,fauna,2017,2,0
PL,UY,fauna,2018,2,0
PL,UY,fauna,2019,2,0
PL,UY,fauna,2022,2,0
PL,VE,fauna,2024,1,0
PR,BR,fauna,2006,2,0
PR,BS,fauna,1995,1,0
PR,CR,flora,2017,1,0
PR,DO,fauna,1989,1,0
PR,DO,fauna,1991,1,0
PR,DO,fauna,1993,2,0
PR,DO,fauna,1997,1,0
PR,DO,fauna,2000,4,0
PR,DO,fauna,2001,2,0
PR,DO,fauna,2008,2,0
PR,DO,fauna,2012,2,0
PR,DO,flora,2001,7,0
PR,DO,flora,2023,1,0
PR,MX,fauna,2004,1,0
PR,VE,fauna,1990,6,0
PR,VE,fauna,1993,1,0
PR,VE,fauna,2000,2,0
PT,AR,fauna,1989,1,0
PT,AR,fauna,1993,2,0
PT,AR,fauna,1997,24,0
PT,AR,fauna,1999,19,0
PT,AR,fauna,2002,1,0
PT,AR,fauna,2003,42,0
PT,AR,fauna,2004,21,0
PT,AR,fauna,2006,1,0
PT,AR,fauna,2007,1,0
PT,AR,fauna,2008,2,0
PT,AR,fauna,2009,2,0
PT,AR,fauna,2010,5,0
PT,AR,fauna,2011,3,0
PT,AR,fauna,2012,3,0
PT,AR,fauna,2013,26,0
PT,AR,fauna,2014,9,0
PT,AR,fauna,2015,87,0
PT,AR,fauna,2016,45,0
PT,AR,fauna,2018,12,0
PT,AR,fauna,2019,33,0
PT,AR,fauna,2021,1,0
PT,AR,fauna,2023,17,0
PT,AR,fauna,2024,22,0
PT,BB,flora,2023,1,0
PT,BR,fauna,1989,2,0
PT,BR,fauna,1990,1,0
PT,BR,fauna,1991,2,0
PT,BR,fauna,1992,12,0
PT,BR,fauna,1993,5,0
PT,BR,fauna,1994,8,0
PT,BR,fauna,1995,5,0
PT,BR,fauna,1996,3,1
PT,BR,fauna,1998,5,0
PT,BR,fauna,1999,3,0
PT,BR,fauna,2000,2,0
PT,BR,fauna,2001,24,0
PT,BR,fauna,2002,9,0
PT,BR,fauna,2003,3,0
PT,BR,fauna,2004,20,0
PT,BR,fauna,2005,9,2
PT,BR,fauna,2006,10,0
PT,BR,fauna,2007,21,0
PT,BR,fauna,2008,12,0
PT,BR,fauna,2009,22,0
PT,BR,fauna,2010,6,0
PT,BR,fauna,2011,20,1
PT,BR,fauna,2012,61,0
PT,BR,fauna,2013,40,0
PT,BR,fauna,2014,397,0
PT,BR,fauna,2015,714,1
PT,BR,fauna,2016,389,0
PT,BR,fauna,2017,661,0
PT,BR,fauna,2018,775,0
PT,BR,fauna,2019,86,0
PT,BR,fauna,2020,413,0
PT,BR,fauna,2021,139,0
PT,BR,fauna,2022,512,0
PT,BR,fauna,2023,49,0
PT,BR,fauna,2024,389,0
PT,BR,flora,2005,1,0
PT,BR,flora,2012,1,0
PT,BR,flora,2014,1,0
PT,BR,flora,2017,1,0
PT,BR,flora,2018,1,0
PT,BR,flora,2023,2,0
PT,BR,flora,2024,1,0
PT,CL,fauna,1991,2,0
PT,CL,fauna,1994,1,0
PT,CL,fauna,2010,5,0
PT,CL,fauna,2012,1,0
PT,CL,fauna,2018,26,0
PT,CL,fauna,2019,19,0
PT,CL,fauna,2020,7,0
PT,CL,flora,2021,1,0
PT,CO,fauna,2018,1,0
PT,DO,fauna,2017,1,0
PT,DO,fauna,2022,5,0
PT,GT,fauna,2023,2,0
PT,MX,fauna,1995,1,0
PT,MX,fauna,2003,2,0
PT,MX,fauna,2004,4,0
PT,MX,fauna,2005,2,0
PT,MX,fauna,2006,12,0
PT,MX,fauna,2007,3,0
PT,MX,fauna,2009,1,0
PT,MX,fauna,2013,6,0
PT,MX,fauna,2014,4,0
PT,MX,fauna,2015,21,0
PT,MX,fauna,2016,99,0
PT,MX,fauna,2017,49,0
PT,MX,fauna,2018,83,0
PT,MX,fauna,2019,83,0
PT,MX,fauna,2020,42,0
PT,MX,fauna,2021,78,0
PT,MX,fauna,2022,26,0
PT,MX,fauna,2023,37,0
PT,MX,fauna,2024,133,0
PT,MX,flora,2017,8,0
PT,MX,flora,2018,8,0
PT,MX,flora,2019,3,0
PT,MX,flora,2020,4,0
PT,MX,flora,2021,6,0
PT,MX,flora,2022,8,0
PT,MX,flora,2023,1,0
PT,NI,fauna,1999,5,0
PT,PA,fauna,2011,2,0
PT,PA,fauna,2012,2,0
PT,PA,fauna,2013,5,0
PT,PA,fauna,2018,2,0
PT,PE,fauna,2012,4,0
PT,PE,fauna,2014,1,0
PT,PE,fauna,2020,2,0
PT,PE,fauna,2023,18,0
PT,PE,fauna,2024,36,0
PT,UY,fauna,2024,1,0
PT,VE,fauna,1987,2,0
PT,VE,fauna,2000,1,0
PT,VE,fauna,2001,39,0
PT,VE,fauna,2002,56,0
PT,VE,fauna,2003,22,0
PT,VE,fauna,2004,85,0
PT,VE,fauna,2005,6,0
PT,VE,fauna,2006,24,0
PT,VE,fauna,2007,54,0
PT,VE,fauna,2008,18,0
PT,VE,fauna,2009,14,0
PT,VE,fauna,2010,27,0
PT,VE,fauna,2012,13,0
PT,VE,fauna,2019,22,0
PT,VE,fauna,2021,66,0
PT,VE,fauna,2022,64,0
PT,VE,fauna,2023,20,0
PT,VE,fauna,2024,12,0
PW,CL,fauna,2018,1,0
PW,LC,fauna,2019,2,0
PY,AD,fauna,1995,1,0
PY,AE,flora,2009,1,0
PY,AE,flora,2014,1,0
PY,AE,flora,2015,2,0
PY,AE,flora,2016,1,0
PY,AE,flora,2017,1,0
PY,AE,flora,2019,7,0
PY,AE,flora,2020,5,0
PY,AE,flora,2022,1,0
PY,AE,flora,2023,3,0
PY,AR,fauna,1981,18,0
PY,AR,fauna,1991,1,0
PY,AR,fauna,1994,3,0
PY,AR,fauna,1995,5,0
PY,AR,fauna,1996,1,0
PY,AR,fauna,1997,2,0
PY,AR,fauna,2000,1,0
PY,AR,fauna,2001,2,0
PY,AR,fauna,2002,2,0
PY,AR,fauna,2003,2,0
PY,AR,fauna,2005,50,0
PY,AR,fauna,2012,20,0
PY,AR,fauna,2015,36,0
PY,AR,fauna,2016,1,0
PY,AR,fauna,2017,2,0
PY,AR,fauna,2020,2,0
PY,AR,fauna,2022,2,0
PY,AR,fauna,2023,2,0
PY,AR,flora,1991,1,0
PY,AR,flora,1992,5,0
PY,AR,flora,1993,31,0
PY,AR,flora,2010,10,0
PY,AR,flora,2011,1,0
PY,AR,flora,2012,13,0
PY,AR,flora,2013,13,0
PY,AR,flora,2014,16,0
PY,AR,flora,2015,17,0
PY,AR,flora,2016,14,0
PY,AR,flora,2017,24,0
PY,AR,flora,2018,5,0
PY,AR,flora,2019,11,0
PY,AR,flora,2020,10,0
PY,AR,flora,2021,1,0
PY,AR,flora,2022,12,0
PY,AR,flora,2023,12,0
PY,AR,flora,2024,1,0
PY,AT,fauna,1986,1,1
PY,AT,fauna,1990,3,0
PY,AT,fauna,1991,1,0
PY,AT,fauna,1996,1,0
PY,AT,flora,1996,4,0
PY,AT,flora,2008,1,1
PY,AU,fauna,2013,1,0
PY,AU,fauna,2017,1,0
PY,AU,flora,2012,2,0
PY,AU,flora,2013,3,0
PY,AU,flora,2014,2,0
PY,AU,flora,2015,5,0
PY,AU,flora,2016,4,0
PY,AU,flora,2017,2,0
PY,AU,flora,2018,6,0
PY,AU,flora,2019,5,0
PY,AU,flora,2020,3,0
PY,AU,flora,2021,2,0
PY,AU,flora,2022,6,0
PY,AU,flora,2023,1,0
PY,BA,fauna,2002,1,0
PY,BE,fauna,2001,12,0
PY,BE,fauna,2011,1,0
PY,BM,flora,1985,10,0
PY,BM,flora,1991,3,0
PY,BO,fauna,1996,1,0
PY,BO,fauna,2000,1,0
PY,BO,fauna,2002,2,0
PY,BO,fauna,2016,1,0
PY,BR,fauna,1987,2,0
PY,BR,fauna,1991,5,0
PY,BR,fauna,1993,13,0
PY,BR,fauna,1994,4,0
PY,BR,fauna,1995,3,0
PY,BR,fauna,1996,1,0
PY,BR,fauna,1998,1,0
PY,BR,fauna,1999,7,0
PY,BR,fauna,2002,1,0
PY,BR,fauna,2003,1,0
PY,BR,fauna,2007,1,0
PY,BR,fauna,2010,2,0
PY,BR,fauna,2011,1,0
PY,BR,fauna,2012,2,0
PY,BR,fauna,2013,2,0
PY,BR,fauna,2016,2,0
PY,BR,fauna,2017,1,0
PY,BR,fauna,2019,1,0
PY,BR,flora,1994,2,0
PY,BR,flora,1996,201,0
PY,BR,flora,1999,1,0
PY,BR,flora,2010,5,0
PY,BR,flora,2011,14,0
PY,BR,flora,2012,29,0
PY,BR,flora,2013,17,0
PY,BR,flora,2014,28,0
PY,BR,flora,2015,20,0
PY,BR,flora,2016,23,0
PY,BR,flora,2017,41,0
PY,BR,flora,2018,25,0
PY,BR,flora,2019,20,0
PY,BR,flora,2020,23,0
PY,BR,flora,2021,1,0
PY,BR,flora,2022,28,0
PY,BR,flora,2023,21,0
PY,BR,flora,2024,22,0
PY,CA,fauna,1982,2,0
PY,CA,fauna,1989,1,0
PY,CA,fauna,1990,5,0
PY,CA,fauna,1991,1,0
PY,CA,fauna,1992,2,0
PY,CA,fauna,1993,1,0
PY,CA,fauna,1994,1,0
PY,CA,fauna,2000,4,0
PY,CA,fauna,2001,4,0
PY,CA,fauna,2002,16,0
PY,CA,fauna,2003,4,0
PY,CA,fauna,2010,6,0
PY,CH,fauna,1975,2,0
PY,CH,fauna,1979,5,0
PY,CH,fauna,1980,7,0
PY,CH,fauna,1985,2,0
PY,CH,fauna,1986,1,0
PY,CH,fauna,1988,3,0
PY,CH,fauna,1994,3,0
PY,CH,fauna,1995,16,0
PY,CH,fauna,1996,16,0
PY,CH,fauna,1997,13,0
PY,CH,fauna,1998,12,0
PY,CH,fauna,2000,1,0
PY,CH,fauna,2001,4,0
PY,CH,fauna,2019,1,0
PY,CH,flora,1986,1,0
PY,CH,flora,1993,1,0
PY,CH,flora,1999,1,0
PY,CH,flora,2008,1,0
PY,CH,flora,2009,5,0
PY,CH,flora,2010,12,0
PY,CH,flora,2011,7,0
PY,CH,flora,2012,12,0
PY,CH,flora,2013,9,0
PY,CH,flora,2014,15,0
PY,CH,flora,2015,18,0
PY,CH,flora,2016,9,0
PY,CH,flora,2017,15,0
PY,CH,flora,2018,18,0
PY,CH,flora,2019,26,0
PY,CH,flora,2020,30,0
PY,CH,flora,2021,77,0
PY,CH,flora,2022,30,0
PY,CH,flora,2023,32,0
PY,CH,flora,2024,5,0
PY,CL,fauna,1991,4,0
PY,CL,fauna,1992,1,0
PY,CL,fauna,1993,1,0
PY,CL,fauna,1996,1,0
PY,CL,fauna,1998,1,0
PY,CL,flora,1991,2,0
PY,CL,flora,1995,1,0
PY,CL,flora,2014,1,0
PY,CL,flora,2022,1,0
PY,CL,flora,2023,1,0
PY,CN,fauna,1994,2,0
PY,CN,flora,2009,1,0
PY,CN,flora,2010,3,0
PY,CN,flora,2011,50,0
PY,CN,flora,2012,41,0
PY,CN,flora,2013,13,0
PY,CN,flora,2014,27,0
PY,CN,flora,2015,54,0
PY,CN,flora,2016,68,0
PY,CN,flora,2017,117,0
PY,CN,flora,2018,118,0
PY,CN,flora,2019,74,0
PY,CN,flora,2020,124,0
PY,CN,flora,2021,56,0
PY,CN,flora,2022,221,0
PY,CN,flora,2023,99,0
PY,CN,flora,2024,135,0
PY,CO,fauna,1991,1,0
PY,CO,fauna,1994,1,0
PY,CO,fauna,1997,1,0
PY,CO,flora,1996,8,0
PY,CO,flora,2011,2,0
PY,CO,flora,2012,2,0
PY,CO,flora,2013,1,0
PY,CO,flora,2014,3,0
PY,CO,flora,2015,2,0
PY,CO,flora,2016,2,0
PY,CO,flora,2017,5,0
PY,CO,flora,2018,3,0
PY,CO,flora,2020,1,0
PY,CO,flora,2022,1,0
PY,CR,flora,2023,1,0
PY,CU,fauna,2000,1,0
PY,CY,fauna,1985,1,0
PY,CZ,fauna,2000,4,0
PY,DE,fauna,1977,10,0
PY,DE,fauna,1978,20,0
PY,DE,fauna,1979,20,0
PY,DE,fauna,1980,23,0
PY,DE,fauna,1981,20,1
PY,DE,fauna,1982,9,1
PY,DE,fauna,1983,6,0
PY,DE,fauna,1984,2,0
PY,DE,fauna,1985,2,0
PY,DE,fauna,1986,1,0
PY,DE,fauna,1987,2,0
PY,DE,fauna,1988,1,1
PY,DE,fauna,1990,4,0
PY,DE,fauna,1991,3,0
PY,DE,fauna,1992,3,0
PY,DE,fauna,1994,3,0
PY,DE,fauna,1995,10,0
PY,DE,fauna,1997,4,0
PY,DE,fauna,1998,5,0
PY,DE,fauna,1999,3,0
PY,DE,fauna,2000,61,0
PY,DE,fauna,2001,53,0
PY,DE,fauna,2002,46,0
PY,DE,fauna,2003,2,0
PY,DE,fauna,2010,2,0
PY,DE,fauna,2011,1,0
PY,DE,fauna,2012,8,0
PY,DE,fauna,2013,8,0
PY,DE,fauna,2016,8,0
PY,DE,fauna,2017,2,0
PY,DE,fauna,2018,1,0
PY,DE,fauna,2019,1,0
PY,DE,flora,1988,6,0
PY,DE,flora,1992,4,0
PY,DE,flora,1993,4,0
PY,DE,flora,1994,2,0
PY,DE,flora,1999,21,0
PY,DE,flora,2009,7,0
PY,DE,flora,2010,13,0
PY,DE,flora,2011,8,0
PY,DE,flora,2012,11,0
PY,DE,flora,2013,8,0
PY,DE,flora,2014,8,0
PY,DE,flora,2015,6,0
PY,DE,flora,2016,6,0
PY,DE,flora,2017,7,0
PY,DE,flora,2018,6,0
PY,DE,flora,2019,6,0
PY,DE,flora,2020,5,0
PY,DE,flora,2021,3,0
PY,DE,flora,2022,5,0
PY,DE,flora,2023,1,0
PY,DK,fauna,1979,2,0
PY,DK,fauna,1995,2,0
PY,DK,fauna,2004,1,0
PY,EG,flora,2014,1,0
PY,EG,flora,2023,1,0
PY,ES,fauna,1988,3,0
PY,ES,fauna,1991,2,0
PY,ES,fauna,1992,1,0
PY,ES,fauna,1994,26,0
PY,ES,fauna,1995,35,0
PY,ES,fauna,1996,29,0
PY,ES,fauna,1997,48,0
PY,ES,fauna,1998,43,1
PY,ES,fauna,1999,56,0
PY,ES,fauna,2000,57,0
PY,ES,fauna,2001,114,0
PY,ES,fauna,2002,36,0
PY,ES,fauna,2003,23,2
PY,ES,fauna,2010,3,0
PY,ES,fauna,2012,6,0
PY,ES,fauna,2013,11,0
PY,ES,fauna,2014,2,0
PY,ES,flora,1992,4,0
PY,ES,flora,2000,1,1
PY,ES,flora,2009,2,0
PY,ES,flora,2010,21,0
PY,ES,flora,2011,22,0
PY,ES,flora,2012,15,0
PY,ES,flora,2013,12,0
PY,ES,flora,2014,30,0
PY,ES,flora,2015,26,0
PY,ES,flora,2016,17,0
PY,ES,flora,2017,29,0
PY,ES,flora,2018,28,0
PY,ES,flora,2019,9,0
PY,ES,flora,2021,1,0
PY,ES,flora,2022,3,0
PY,FR,fauna,1984,6,0
PY,FR,fauna,1985,11,0
PY,FR,fauna,1987,1,0
PY,FR,fauna,1993,8,0
PY,FR,fauna,1994,8,0
PY,FR,fauna,1995,10,0
PY,FR,fauna,1996,2,0
PY,FR,fauna,1997,2,0
PY,FR,fauna,1999,2,0
PY,FR,fauna,2000,11,0
PY,FR,fauna,2001,47,0
PY,FR,fauna,2002,21,0
PY,FR,fauna,2003,8,0
PY,FR,fauna,2004,2,0
PY,FR,fauna,2006,1,0
PY,FR,flora,1993,3,0
PY,FR,flora,2009,8,0
PY,FR,flora,2010,19,0
PY,FR,flora,2011,38,0
PY,FR,flora,2012,16,0
PY,FR,flora,2013,15,0
PY,FR,flora,2014,17,0
PY,FR,flora,2015,20,0
PY,FR,flora,2016,27,0
PY,FR,flora,2017,26,0
PY,FR,flora,2018,29,0
PY,FR,flora,2019,36,0
PY,FR,flora,2020,12,0
PY,FR,flora,2021,7,0
PY,FR,flora,2022,12,0
PY,FR,flora,2023,1,0
PY,GB,fauna,1976,1,0
PY,GB,fauna,1977,4,0
PY,GB,fauna,1978,5,0
PY,GB,fauna,1979,10,0
PY,GB,fauna,1980,7,0
PY,GB,fauna,1981,5,0
PY,GB,fauna,1982,1,0
PY,GB,fauna,1993,9,0
PY,GB,fauna,1994,11,0
PY,GB,fauna,2001,2,0
PY,GB,fauna,2002,89,0
PY,GB,fauna,2003,5,0
PY,GB,fauna,2017,3,0
PY,GB,flora,1982,3,0
PY,GB,flora,1999,1,0
PY,GB,flora,2009,9,0
PY,GB,flora,2010,12,0
PY,GB,flora,2011,15,0
PY,GB,flora,2012,10,0
PY,GB,flora,2013,4,0
PY,GB,flora,2015,7,0
PY,GB,flora,2016,8,0
PY,GB,flora,2017,8,0
PY,GB,flora,2018,7,0
PY,GB,flora,2019,12,0
PY,GB,flora,2020,7,0
PY,GB,flora,2022,7,0
PY,GR,fauna,2000,8,0
PY,GT,flora,2023,1,0
PY,HK,fauna,1987,1,0
PY,HK,fauna,1993,4,0
PY,HK,fauna,1994,13,0
PY,HK,fauna,1995,12,0
PY,HK,fauna,1996,8,0
PY,HK,flora,2011,3,0
PY,HK,flora,2014,1,0
PY,HK,flora,2020,4,0
PY,HK,flora,2021,3,0
PY,HK,flora,2022,1,0
PY,HU,fauna,2000,1,0
PY,ID,fauna,2003,13,0
PY,ID,flora,2009,3,0
PY,ID,flora,2010,3,0
PY,ID,flora,2011,2,0
PY,ID,flora,2012,8,0
PY,ID,flora,2013,5,0
PY,ID,flora,2014,13,0
PY,ID,flora,2015,5,0
PY,ID,flora,2016,8,0
PY,ID,flora,2017,2,0
PY,ID,flora,2018,7,0
PY,ID,flora,2019,6,0
PY,ID,flora,2020,5,0
PY,ID,flora,2021,1,0
PY,ID,flora,2022,3,0
PY,ID,flora,2023,8,0
PY,ID,flora,2024,1,0
PY,IE,flora,2009,1,0
PY,IE,flora,2024,1,0
PY,IL,fauna,1989,6,0
PY,IN,flora,2009,10,0
PY,IN,flora,2010,22,0
PY,IN,flora,2011,16,0
PY,IN,flora,2012,32,0
PY,IN,flora,2013,20,0
PY,IN,flora,2014,26,0
PY,IN,flora,2015,16,0
PY,IN,flora,2016,25,0
PY,IN,flora,2017,37,0
PY,IN,flora,2018,22,0
PY,IN,flora,2019,42,0
PY,IN,flora,2020,27,0
PY,IN,flora,2021,4,0
PY,IN,flora,2022,37,0
PY,IN,flora,2023,36,0
PY,IN,flora,2024,8,0
PY,IR,fauna,2003,2,0
PY,IT,fauna,1980,13,0
PY,IT,fauna,1981,25,0
PY,IT,fauna,1982,12,0
PY,IT,fauna,1983,9,0
PY,IT,fauna,1991,1,0
PY,IT,fauna,1993,10,0
PY,IT,fauna,1994,12,0
PY,IT,fauna,1995,26,0
PY,IT,fauna,1996,14,0
PY,IT,fauna,1997,2,0
PY,IT,fauna,1998,12,0
PY,IT,fauna,2000,6,0
PY,IT,fauna,2001,48,0
PY,IT,fauna,2002,108,0
PY,IT,fauna,2003,55,0
PY,IT,fauna,2004,2,0
PY,IT,fauna,2011,1,0
PY,IT,fauna,2012,2,0
PY,IT,fauna,2013,4,0
PY,IT,fauna,2017,2,0
PY,IT,flora,1991,6,0
PY,IT,flora,1992,11,0
PY,IT,flora,1993,7,0
PY,IT,flora,1995,4,0
PY,IT,flora,2001,4,0
PY,IT,flora,2002,5,0
PY,IT,flora,2003,3,0
PY,IT,flora,2010,5,0
PY,IT,flora,2011,4,0
PY,IT,flora,2014,9,0
PY,IT,flora,2015,1,0
PY,IT,flora,2016,1,0
PY,IT,flora,2017,2,0
PY,IT,flora,2019,1,0
PY,JO,fauna,2003,7,0
PY,JP,fauna,1981,58,0
PY,JP,fauna,1982,98,0
PY,JP,fauna,1983,118,0
PY,JP,fauna,1984,102,0
PY,JP,fauna,1985,33,0
PY,JP,fauna,1991,1,0
PY,JP,fauna,1993,2,0
PY,JP,fauna,1994,5,0
PY,JP,fauna,1995,6,0
PY,JP,fauna,1999,1,0
PY,JP,fauna,2000,3,0
PY,JP,fauna,2002,8,0
PY,JP,fauna,2003,10,0
PY,JP,fauna,2010,3,0
PY,JP,flora,1991,7,0
PY,JP,flora,1993,47,0
PY,JP,flora,1994,20,0
PY,JP,flora,1995,39,0
PY,JP,flora,1996,28,0
PY,JP,flora,1997,5,0
PY,JP,flora,1998,1,0
PY,JP,flora,2000,1,0
PY,JP,flora,2010,3,0
PY,JP,flora,2011,3,0
PY,JP,flora,2013,6,0
PY,JP,flora,2014,7,0
PY,JP,flora,2015,4,0
PY,JP,flora,2016,8,0
PY,JP,flora,2017,5,0
PY,JP,flora,2018,10,0
PY,JP,flora,2019,10,0
PY,JP,flora,2020,7,0
PY,JP,flora,2021,4,0
PY,JP,flora,2022,13,0
PY,JP,flora,2023,8,0
PY,JP,flora,2024,2,0
PY,KR,fauna,2014,1,0
PY,KR,flora,2011,2,0
PY,KR,flora,2012,6,0
PY,KR,flora,2013,4,0
PY,KR,flora,2014,2,0
PY,KR,flora,2015,3,0
PY,KR,flora,2016,3,0
PY,KR,flora,2017,6,0
PY,KR,flora,2018,11,0
PY,KR,flora,2019,4,0
PY,KR,flora,2020,8,0
PY,KR,flora,2021,1,0
PY,KR,flora,2022,6,0
PY,MG,fauna,2009,5,0
PY,MG,fauna,2010,3,0
PY,MO,fauna,2003,4,0
PY,MX,fauna,1994,22,0
PY,MX,fauna,1995,19,0
PY,MX,fauna,1996,34,0
PY,MX,fauna,1997,29,0
PY,MX,fauna,1998,12,0
PY,MX,fauna,1999,40,0
PY,MX,fauna,2000,23,0
PY,MX,fauna,2001,42,0
PY,MX,fauna,2002,16,0
PY,MX,fauna,2003,24,0
PY,MX,fauna,2004,1,0
PY,MX,fauna,2012,9,0
PY,MX,fauna,2013,44,0
PY,MX,fauna,2014,1,0
PY,MX,fauna,2015,2,0
PY,MX,flora,2009,2,0
PY,MX,flora,2010,2,0
PY,MX,flora,2011,1,0
PY,MX,flora,2012,7,0
PY,MX,flora,2013,11,0
PY,MX,flora,2014,20,0
PY,MX,flora,2015,27,0
PY,MX,flora,2016,5,0
PY,MX,flora,2017,15,0
PY,MX,flora,2018,10,0
PY,MX,flora,2019,11,0
PY,MX,flora,2020,9,0
PY,MX,flora,2021,2,0
PY,MX,flora,2022,7,0
PY,MX,flora,2023,11,0
PY,MX,flora,2024,5,0
PY,MY,fauna,2003,2,0
PY,NL,fauna,1984,1,1
PY,NL,fauna,1996,1,0
PY,NL,fauna,2000,16,0
PY,NL,fauna,2001,20,0
PY,NL,fauna,2002,58,0
PY,NL,fauna,2003,5,0
PY,NL,flora,1985,17,0
PY,NL,flora,1988,6,0
PY,NL,flora,1998,1,1
PY,NL,flora,2009,3,0
PY,NL,flora,2010,6,0
PY,NL,flora,2011,4,0
PY,NL,flora,2012,4,0
PY,NL,flora,2013,5,0
PY,NL,flora,2014,10,0
PY,NL,flora,2015,4,0
PY,NL,flora,2016,7,0
PY,NL,flora,2017,20,0
PY,NL,flora,2018,11,0
PY,NL,flora,2019,10,0
PY,NL,flora,2020,2,0
PY,NL,flora,2021,1,0
PY,NL,flora,2022,2,0
PY,NZ,fauna,1997,1,1
PY,NZ,fauna,2000,3,3
PY,NZ,fauna,2003,1,1
PY,NZ,fauna,2004,1,1
PY,PA,fauna,1983,5,0
PY,PA,fauna,1994,2,0
PY,PA,fauna,1995,1,0
PY,PA,fauna,1996,1,0
PY,PE,fauna,1996,1,0
PY,PE,fauna,2001,1,0
PY,PE,fauna,2002,1,0
PY,PH,flora,2019,2,0
PY,PK,flora,2010,1,0
PY,PK,flora,2011,1,0
PY,PK,flora,2012,1,0
PY,PK,flora,2013,1,0
PY,PK,flora,2014,1,0
PY,PK,flora,2016,1,0
PY,PK,flora,2018,1,0
PY,PK,flora,2020,2,0
PY,PK,flora,2022,2,0
PY,PK,flora,2023,1,0
PY,PL,fauna,1991,1,0
PY,PL,fauna,1995,2,0
PY,PL,fauna,1996,2,0
PY,PL,fauna,1997,1,0
PY,PL,flora,2010,1,0
PY,PT,fauna,2000,3,0
PY,PT,fauna,2001,9,0
PY,PT,fauna,2002,1,0
PY,PT,fauna,2003,11,0
PY,PY,fauna,1999,1,0
PY,RS,fauna,2017,2,0
PY,SA,flora,2023,1,0
PY,SE,fauna,1994,30,0
PY,SE,fauna,1995,7,0
PY,SE,fauna,1997,33,0
PY,SE,fauna,1998,25,0
PY,SE,fauna,1999,20,0
PY,SE,fauna,2000,18,0
PY,SG,fauna,2001,6,0
PY,SG,fauna,2003,9,0
PY,SG,flora,2010,2,0
PY,SG,flora,2011,34,0
PY,SG,flora,2012,24,0
PY,SG,flora,2013,31,0
PY,SG,flora,2014,42,0
PY,SG,flora,2015,18,0
PY,SG,flora,2016,25,0
PY,SG,flora,2017,25,0
PY,SG,flora,2018,29,0
PY,SG,flora,2019,20,0
PY,SG,flora,2020,24,0
PY,SG,flora,2021,14,0
PY,SG,flora,2022,30,0
PY,SG,flora,2023,25,0
PY,SG,flora,2024,27,0
PY,SI,fauna,2002,5,0
PY,SV,fauna,2003,1,0
PY,TR,flora,2014,1,0
PY,TR,flora,2015,1,0
PY,TR,flora,2016,2,0
PY,TR,flora,2018,2,0
PY,TR,flora,2019,2,0
PY,TR,flora,2020,1,0
PY,TR,flora,2022,2,0
PY,TR,flora,2023,5,0
PY,TW,fauna,1993,3,0
PY,TW,fauna,2003,3,0
PY,TW,fauna,2018,3,0
PY,TW,flora,2010,1,0
PY,TW,flora,2011,30,0
PY,TW,flora,2012,9,0
PY,TW,flora,2013,3,0
PY,TW,flora,2014,5,0
PY,TW,flora,2015,2,0
PY,TW,flora,2016,4,0
PY,TW,flora,2017,2,0
PY,TW,flora,2018,2,0
PY,TW,flora,2019,3,0
PY,TW,flora,2020,3,0
PY,TW,flora,2021,1,0
PY,TW,flora,2022,4,0
PY,TW,flora,2023,2,0
PY,UA,fauna,2002,4,0
PY,UA,fauna,2003,3,0
PY,UA,fauna,2012,1,0
PY,US,fauna,1977,1,0
PY,US,fauna,1978,6,0
PY,US,fauna,1979,10,0
PY,US,fauna,1980,28,0
PY,US,fauna,1981,145,0
PY,US,fauna,1982,36,1
PY,US,fauna,1983,16,2
PY,US,fauna,1984,6,1
PY,US,fauna,1985,6,2
PY,US,fauna,1986,5,1
PY,US,fauna,1987,6,0
PY,US,fauna,1988,15,0
PY,US,fauna,1989,1,0
PY,US,fauna,1990,4,1
PY,US,fauna,1991,6,0
PY,US,fauna,1992,24,0
PY,US,fauna,1993,92,0
PY,US,fauna,1994,66,0
PY,US,fauna,1995,86,0
PY,US,fauna,1996,111,0
PY,US,fauna,1997,42,0
PY,US,fauna,1998,76,0
PY,US,fauna,1999,75,0
PY,US,fauna,2000,96,0
PY,US,fauna,2001,33,0
PY,US,fauna,2002,88,0
PY,US,fauna,2003,56,0
PY,US,fauna,2004,7,5
PY,US,fauna,2005,1,0
PY,US,fauna,2010,3,1
PY,US,fauna,2011,3,3
PY,US,fauna,2012,10,1
PY,US,fauna,2013,2,0
PY,US,fauna,2014,9,0
PY,US,fauna,2016,1,1
PY,US,fauna,2017,16,0
PY,US,fauna,2018,29,0
PY,US,fauna,2024,2,0
PY,US,flora,1978,1,0
PY,US,flora,1980,2,0
PY,US,flora,1981,2,0
PY,US,flora,1982,13,0
PY,US,flora,1985,24,0
PY,US,flora,1986,8,0
PY,US,flora,1987,38,0
PY,US,flora,1988,30,2
PY,US,flora,1989,59,2
PY,US,flora,1990,10,4
PY,US,flora,1991,57,2
PY,US,flora,1992,16,0
PY,US,flora,1993,3,0
PY,US,flora,1994,48,1
PY,US,flora,1995,24,0
PY,US,flora,1996,2,2
PY,US,flora,1997,7,1
PY,US,flora,1999,3,1
PY,US,flora,2000,62,0
PY,US,flora,2001,1,1
PY,US,flora,2002,2,0
PY,US,flora,2003,5,1
PY,US,flora,2009,7,0
PY,US,flora,2010,6,0
PY,US,flora,2011,28,0
PY,US,flora,2012,17,0
PY,US,flora,2013,27,1
PY,US,flora,2014,38,0
PY,US,flora,2015,28,0
PY,US,flora,2016,25,0
PY,US,flora,2017,25,0
PY,US,flora,2018,26,0
PY,US,flora,2019,21,0
PY,US,flora,2020,23,0
PY,US,flora,2021,12,0
PY,US,flora,2022,25,0
PY,US,flora,2023,25,0
PY,US,flora,2024,14,0
PY,UY,fauna,1996,3,0
PY,UY,fauna,1997,5,0
PY,UY,fauna,1998,1,0
PY,UY,fauna,2014,1,1
PY,UY,flora,2011,2,0
PY,VE,fauna,1994,3,0
PY,VE,fauna,1995,2,0
PY,VE,fauna,1997,4,0
PY,VE,fauna,1998,4,0
PY,VN,flora,2014,7,0
PY,VN,flora,2015,3,0
PY,VN,flora,2016,1,0
PY,VN,flora,2017,14,0
PY,VN,flora,2018,9,0
PY,VN,flora,2020,3,0
PY,VN,flora,2021,1,0
PY,VN,flora,2022,16,0
PY,VN,flora,2024,1,0
PY,XX,fauna,2000,1,0
PY,XX,fauna,2010,11,0
PY,XX,fauna,2017,3,0
PY,XX,flora,2013,1,0
PY,XX,flora,2019,1,0
PY,ZA,fauna,1983,1,0
PY,ZA,fauna,1989,1,0
PY,ZA,fauna,1990,5,0
PY,ZA,fauna,1997,1,0
PY,ZA,fauna,1999,2,0
PY,ZA,fauna,2000,4,0
PY,ZA,fauna,2001,1,0
PY,ZA,fauna,2002,1,0
PY,ZA,fauna,2003,39,0
QA,AR,fauna,2015,1,0
QA,BR,fauna,2006,10,0
QA,BR,fauna,2007,3,0
QA,BR,fauna,2008,4,0
QA,BR,fauna,2009,2,0
QA,BR,fauna,2014,3,0
QA,BR,fauna,2015,5,0
QA,BR,fauna,2016,5,0
QA,CL,fauna,2007,2,0
QA,CL,fauna,2008,1,0
QA,CL,fauna,2009,1,0
QA,CO,fauna,2022,1,0
QA,MX,fauna,2009,1,0
QA,MX,fauna,2022,2,0
RO,AR,fauna,2009,2,0
RO,AR,fauna,2010,1,0
RO,AR,fauna,2011,1,0
RO,AR,fauna,2014,1,0
RO,AR,fauna,2015,2,0
RO,AR,fauna,2016,1,0
RO,CL,fauna,2006,8,0
RO,CL,fauna,2014,2,0
RO,CR,fauna,2010,3,0
RO,MX,fauna,1994,7,0
RO,MX,fauna,1996,1,0
RO,MX,fauna,1998,5,0
RO,MX,fauna,2001,4,0
RO,MX,fauna,2004,3,0
RO,MX,fauna,2005,7,0
RO,MX,fauna,2010,6,0
RO,MX,fauna,2011,2,0
RO,MX,fauna,2012,10,0
RO,MX,fauna,2013,1,0
RO,MX,fauna,2014,3,0
RO,MX,fauna,2015,5,0
RO,MX,fauna,2016,3,0
RO,MX,fauna,2017,3,0
RS,CU,fauna,2013,1,0
RU,AR,fauna,1992,5,0
RU,AR,fauna,1993,5,0
RU,AR,fauna,1994,1,0
RU,AR,fauna,1995,1,0
RU,AR,fauna,1996,3,0
RU,AR,fauna,1997,7,0
RU,AR,fauna,1998,2,0
RU,AR,fauna,1999,7,0
RU,AR,fauna,2001,1,0
RU,AR,fauna,2002,4,0
RU,AR,fauna,2004,1,0
RU,AR,fauna,2007,3,0
RU,AR,fauna,2008,2,0
RU,AR,fauna,2009,1,0
RU,AR,fauna,2018,1,0
RU,AR,fauna,2019,2,0
RU,AR,fauna,2020,3,0
RU,AR,fauna,2021,1,0
RU,AR,fauna,2024,3,0
RU,BR,fauna,1995,5,0
RU,BR,fauna,1998,1,0
RU,BR,fauna,2000,1,1
RU,BR,fauna,2005,4,0
RU,BR,fauna,2009,1,0
RU,BR,fauna,2010,1,0
RU,BR,fauna,2014,8,0
RU,BR,fauna,2018,9,0
RU,BR,fauna,2022,2,0
RU,BR,fauna,2024,1,0
RU,CL,fauna,1992,5,0
RU,CL,fauna,1993,1,0
RU,CL,fauna,1994,5,0
RU,CL,fauna,1995,3,0
RU,CL,fauna,1996,4,0
RU,CL,fauna,1997,1,0
RU,CL,fauna,1998,2,0
RU,CL,fauna,2019,1,0
RU,CL,fauna,2020,1,0
RU,CL,fauna,2021,2,0
RU,CO,fauna,1993,2,0
RU,CO,fauna,1997,1,0
RU,CO,fauna,1998,1,0
RU,CO,fauna,1999,1,0
RU,CO,fauna,2000,1,0
RU,CO,fauna,2011,1,0
RU,CO,fauna,2012,1,0
RU,CR,fauna,1995,2,0
RU,CR,fauna,2001,1,0
RU,CR,fauna,2008,1,0
RU,CR,fauna,2009,1,0
RU,CR,fauna,2010,2,0
RU,CR,fauna,2011,1,0
RU,CR,fauna,2014,2,0
RU,CU,fauna,1993,1,0
RU,CU,fauna,1995,1,0
RU,CU,fauna,2001,1,0
RU,CU,fauna,2002,1,0
RU,DO,fauna,2000,2,0
RU,DO,fauna,2001,2,0
RU,EC,fauna,2005,1,0
RU,GT,fauna,2000,1,0
RU,GT,fauna,2004,2,0
RU,GY,fauna,1995,2,0
RU,HN,fauna,2003,1,0
RU,HN,fauna,2004,1,0
RU,MX,fauna,1992,26,0
RU,MX,fauna,1993,23,0
RU,MX,fauna,1994,20,0
RU,MX,fauna,1995,3,0
RU,MX,fauna,1996,23,0
RU,MX,fauna,1997,8,0
RU,MX,fauna,1998,19,0
RU,MX,fauna,1999,26,0
RU,MX,fauna,2000,42,0
RU,MX,fauna,2001,39,0
RU,MX,fauna,2002,42,0
RU,MX,fauna,2003,52,0
RU,MX,fauna,2004,36,0
RU,MX,fauna,2005,40,0
RU,MX,fauna,2006,27,0
RU,MX,fauna,2007,45,0
RU,MX,fauna,2008,47,0
RU,MX,fauna,2009,18,0
RU,MX,fauna,2010,2,0
RU,MX,fauna,2011,24,0
RU,MX,fauna,2012,2,0
RU,MX,fauna,2013,33,0
RU,MX,fauna,2014,10,0
RU,MX,fauna,2015,12,0
RU,MX,fauna,2017,13,0
RU,MX,fauna,2018,28,0
RU,MX,fauna,2019,30,0
RU,MX,fauna,2020,15,0
RU,MX,fauna,2021,5,0
RU,MX,fauna,2022,8,0
RU,MX,fauna,2023,18,0
RU,MX,fauna,2024,42,0
RU,PE,fauna,1992,3,0
RU,PE,fauna,1993,1,0
RU,PE,fauna,1995,1,0
RU,PE,fauna,1996,5,0
RU,PE,fauna,1997,2,0
RU,PE,fauna,1999,6,0
RU,PE,fauna,2011,1,0
RU,SR,fauna,2021,6,0
RU,SV,fauna,2003,3,0
RU,SV,fauna,2004,1,0
RU,UY,fauna,2019,2,0
RU,VE,fauna,1993,3,0
RU,VE,fauna,1994,3,0
RU,VE,fauna,1998,1,0
RU,VE,fauna,2023,2,0
RU,VE,fauna,2024,3,0
RW,BR,fauna,2015,3,0
SA,PA,fauna,2006,1,0
SA,VE,fauna,2009,1,0
SB,AR,fauna,2010,5,0
SB,BR,fauna,1997,2,0
SB,CR,fauna,2008,12,0
SB,CR,fauna,2009,3,0
SB,CR,fauna,2013,1,0
SB,GT,fauna,2013,3,0
SB,GT,fauna,2014,5,0
SB,MX,fauna,1993,2,0
SB,MX,fauna,1998,5,0
SB,MX,fauna,1999,5,0
SB,MX,fauna,2000,5,0
SB,MX,fauna,2003,1,0
SB,MX,fauna,2007,4,0
SB,MX,fauna,2008,8,0
SB,PA,fauna,2003,1,0
SB,PA,fauna,2008,1,0
SC,AG,fauna,2018,1,0
SC,AR,fauna,1978,1,0
SC,BR,flora,2011,1,0
SD,AR,fauna,1993,1,0
SD,DM,fauna,2011,1,0
SD,MX,fauna,1985,12,0
SD,MX,fauna,2000,1,0
SD,MX,fauna,2008,1,0
SD,PA,fauna,1991,2,0
SD,PA,fauna,1995,2,0
SD,PA,fauna,2000,2,0
SD,PA,fauna,2017,1,0
SD,PA,fauna,2018,2,0
SE,AR,fauna,2019,2,0
SE,AR,fauna,2021,2,0
SE,BR,fauna,1992,5,0
SE,BR,fauna,2017,3,0
SE,CU,fauna,2015,2,0
SE,GT,fauna,1993,1,0
SE,GT,fauna,2016,8,0
SE,GT,fauna,2020,4,0
SE,LC,fauna,1996,3,0
SE,MX,fauna,1985,2,0
SE,MX,fauna,2008,1,0
SE,PA,fauna,2014,2,0
SE,PA,fauna,2025,1,0
SE,TT,fauna,1994,1,0
SE,TT,fauna,2000,2,0
SE,UY,fauna,1999,1,0
SE,UY,fauna,2000,2,0
SE,UY,fauna,2001,14,0
SE,UY,fauna,2003,14,0
SE,VE,flora,2017,1,0
SG,AG,fauna,1989,1,0
SG,AR,fauna,1987,1,0
SG,AR,fauna,1990,1,0
SG,AR,fauna,1992,1,0
SG,AR,fauna,1993,48,0
SG,AR,fauna,1994,1,0
SG,AR,fauna,1995,1,0
SG,AR,fauna,1999,1,0
SG,AR,fauna,2004,1,0
SG,AR,fauna,2005,10,0
SG,AR,fauna,2006,12,0
SG,AR,fauna,2007,14,0
SG,AR,fauna,2008,24,0
SG,AR,fauna,2009,39,0
SG,AR,fauna,2010,26,0
SG,AR,fauna,2011,10,0
SG,AR,fauna,2012,2,0
SG,AR,fauna,2013,5,0
SG,AR,fauna,2014,2,0
SG,AR,fauna,2015,2,0
SG,AR,fauna,2016,2,0
SG,AR,fauna,2018,1,0
SG,BR,fauna,1990,1,0
SG,BR,fauna,1991,22,0
SG,BR,fauna,1992,44,0
SG,BR,fauna,1993,18,0
SG,BR,fauna,1994,2,0
SG,BR,fauna,1995,34,0
SG,BR,fauna,1999,1,0
SG,BR,fauna,2001,2,1
SG,BR,fauna,2008,20,0
SG,BR,fauna,2009,55,0
SG,BR,fauna,2010,61,0
SG,BR,fauna,2011,63,0
SG,BR,fauna,2012,35,0
SG,BR,fauna,2013,25,0
SG,BR,fauna,2014,78,0
SG,BR,fauna,2015,38,0
SG,BR,fauna,2016,6,0
SG,BR,fauna,2017,14,0
SG,BR,fauna,2018,9,0
SG,BR,fauna,2019,6,0
SG,BR,fauna,2020,8,0
SG,BR,fauna,2021,1,0
SG,BR,fauna,2022,11,0
SG,BR,fauna,2023,11,0
SG,BR,fauna,2024,36,0
SG,CL,fauna,2002,1,0
SG,CL,fauna,2011,1,0
SG,CL,fauna,2012,1,0
SG,CL,fauna,2013,1,0
SG,CL,fauna,2019,3,0
SG,CL,fauna,2022,1,0
SG,CO,fauna,1993,1,0
SG,CO,fauna,1995,1,0
SG,CO,fauna,1997,1,0
SG,CO,fauna,2003,1,0
SG,CO,fauna,2005,4,0
SG,CO,fauna,2006,15,0
SG,CO,fauna,2007,32,0
SG,CO,fauna,2008,33,0
SG,CO,fauna,2009,14,0
SG,CO,fauna,2010,12,0
SG,CO,fauna,2011,5,0
SG,CO,fauna,2012,6,0
SG,CO,fauna,2013,7,0
SG,CO,fauna,2014,105,0
SG,CO,fauna,2015,2,0
SG,CO,fauna,2016,5,0
SG,CO,fauna,2019,3,0
SG,CO,fauna,2022,1,0
SG,DO,fauna,2007,1,0
SG,DO,flora,1990,1,0
SG,GD,fauna,1990,12,0
SG,GT,fauna,2024,1,0
SG,GT,flora,2024,1,0
SG,JM,flora,2019,1,0
SG,MX,fauna,1988,71,0
SG,MX,fauna,1989,24,0
SG,MX,fauna,1990,53,0
SG,MX,fauna,1991,27,0
SG,MX,fauna,1992,75,0
SG,MX,fauna,1993,95,0
SG,MX,fauna,1994,315,0
SG,MX,fauna,1995,134,0
SG,MX,fauna,1996,123,0
SG,MX,fauna,1997,450,0
SG,MX,fauna,1998,483,0
SG,MX,fauna,1999,423,0
SG,MX,fauna,2000,627,0
SG,MX,fauna,2001,331,0
SG,MX,fauna,2002,297,0
SG,MX,fauna,2003,291,0
SG,MX,fauna,2004,339,0
SG,MX,fauna,2005,362,4
SG,MX,fauna,2006,534,0
SG,MX,fauna,2007,352,0
SG,MX,fauna,2008,301,0
SG,MX,fauna,2009,193,0
SG,MX,fauna,2010,293,0
SG,MX,fauna,2011,213,0
SG,MX,fauna,2012,343,0
SG,MX,fauna,2013,214,0
SG,MX,fauna,2014,151,0
SG,MX,fauna,2015,168,0
SG,MX,fauna,2016,95,0
SG,MX,fauna,2017,158,0
SG,MX,fauna,2018,144,0
SG,MX,fauna,2019,172,0
SG,MX,fauna,2020,135,0
SG,MX,fauna,2021,184,0
SG,MX,fauna,2022,302,0
SG,MX,fauna,2023,296,0
SG,MX,fauna,2024,383,0
SG,MX,flora,2015,1,0
SG,MX,flora,2024,6,0
SG,PA,fauna,1983,2,0
SG,PA,fauna,1984,1,0
SG,PA,fauna,1985,2,0
SG,PA,fauna,1993,1,0
SG,PA,fauna,1994,3,0
SG,PA,fauna,2008,12,0
SG,PA,fauna,2013,8,0
SG,PA,fauna,2014,7,0
SG,PA,fauna,2022,2,0
SG,PA,flora,1997,4,0
SG,PE,fauna,2021,1,0
SG,SR,fauna,2009,2,0
SG,SV,fauna,2022,1,0
SG,UY,fauna,1990,5,0
SG,VE,fauna,2009,4,0
SH,BR,fauna,2016,3,0
SI,VE,fauna,2004,3,0
SK,AR,fauna,1992,1,0
SK,BR,fauna,2018,3,0
SK,CL,fauna,2020,1,0
SK,MX,fauna,1993,1,0
SK,PY,fauna,2016,1,0
SN,AR,fauna,1988,10,0
SN,AR,fauna,1995,7,0
SN,BR,fauna,1992,1,0
SN,BR,fauna,1995,4,0
SN,BR,fauna,2006,16,0
SN,BR,fauna,2007,1,0
SN,BR,fauna,2008,9,0
SN,BR,fauna,2009,10,0
SN,BR,fauna,2010,8,0
SN,BR,fauna,2012,10,0
SN,BR,fauna,2013,3,0
SN,BR,fauna,2014,10,0
SN,BR,fauna,2015,3,0
SN,BR,fauna,2016,5,0
SN,BR,fauna,2018,5,0
SN,BR,fauna,2019,5,0
SN,BS,fauna,1989,5,0
SN,GT,fauna,1999,1,0
SN,MX,fauna,1991,3,0
SN,MX,fauna,1993,2,0
SN,MX,fauna,1994,5,0
SN,MX,fauna,1998,4,0
SN,MX,fauna,1999,35,0
SN,MX,fauna,2000,33,0
SN,MX,fauna,2001,26,0
SN,MX,fauna,2002,9,0
SN,MX,fauna,2003,34,0
SN,MX,fauna,2004,82,0
SN,MX,fauna,2005,40,0
SN,MX,fauna,2019,1,0
SN,MX,fauna,2021,1,0
SN,MX,fauna,2023,1,0
SN,MX,fauna,2024,1,0
SN,NI,fauna,1989,1,0
SN,PY,fauna,1995,1,0
SR,AE,fauna,1992,2,0
SR,AE,fauna,2000,1,0
SR,AE,fauna,2004,16,0
SR,AE,fauna,2005,12,0
SR,AE,fauna,2007,12,0
SR,AE,fauna,2009,12,0
SR,AE,fauna,2010,14,0
SR,AE,fauna,2011,63,0
SR,AE,fauna,2012,46,0
SR,AE,fauna,2013,6,0
SR,AE,fauna,2019,4,0
SR,AE,fauna,2020,85,0
SR,AE,fauna,2021,136,0
SR,AE,fauna,2022,229,0
SR,AE,fauna,2023,87,0
SR,AE,fauna,2024,141,0
SR,AF,fauna,2020,39,0
SR,AG,flora,1994,4,0
SR,AL,fauna,1986,1,0
SR,AM,fauna,2005,4,0
SR,AM,fauna,2018,10,0
SR,AM,fauna,2019,19,0
SR,AN,fauna,1982,3,0
SR,AN,fauna,1983,2,0
SR,AN,fauna,1984,3,0
SR,AN,fauna,1985,5,0
SR,AN,fauna,1986,5,0
SR,AN,fauna,1987,3,0
SR,AN,fauna,1988,4,0
SR,AN,fauna,1989,1,0
SR,AN,fauna,1990,3,0
SR,AN,fauna,1991,2,0
SR,AN,fauna,1992,9,0
SR,AN,fauna,1993,1,0
SR,AN,fauna,1994,14,0
SR,AN,fauna,1995,21,0
SR,AN,fauna,1996,20,0
SR,AN,fauna,1997,15,0
SR,AN,fauna,1999,26,0
SR,AN,fauna,2003,7,0
SR,AN,fauna,2004,11,0
SR,AN,fauna,2005,3,0
SR,AN,fauna,2006,4,0
SR,AN,fauna,2007,32,0
SR,AN,fauna,2008,64,0
SR,AN,fauna,2011,16,0
SR,AN,fauna,2013,30,0
SR,AN,fauna,2016,30,0
SR,AN,fauna,2017,38,0
SR,AN,flora,1988,5,0
SR,AN,flora,1993,1,0
SR,AN,flora,1994,2,0
SR,AN,flora,2016,1,0
SR,AT,fauna,1989,36,0
SR,AT,fauna,1990,42,0
SR,AT,fauna,1991,24,0
SR,AT,fauna,1996,6,0
SR,AW,fauna,1990,2,0
SR,AW,fauna,1992,1,0
SR,AW,fauna,1995,2,0
SR,AW,fauna,1997,14,0
SR,AW,fauna,1998,24,0
SR,AW,fauna,2003,1,0
SR,AW,fauna,2009,3,0
SR,AW,flora,1992,7,0
SR,AW,flora,1994,1,0
SR,AW,flora,1995,4,0
SR,AW,flora,1997,1,0
SR,AW,flora,1998,1,0
SR,AW,flora,2015,2,0
SR,AW,flora,2016,3,0
SR,AW,flora,2017,1,0
SR,AW,flora,2019,3,0
SR,AW,flora,2020,1,0
SR,BB,fauna,1988,1,0
SR,BB,fauna,2024,1,0
SR,BD,fauna,2016,3,0
SR,BD,fauna,2017,42,0
SR,BD,fauna,2018,1,0
SR,BD,fauna,2020,48,0
SR,BD,fauna,2021,77,0
SR,BD,fauna,2022,26,0
SR,BE,fauna,1982,1,0
SR,BE,fauna,1984,1,0
SR,BE,fauna,1985,7,0
SR,BE,fauna,1987,28,0
SR,BE,fauna,1988,59,0
SR,BE,fauna,1989,4,0
SR,BE,fauna,1990,2,0
SR,BE,fauna,1991,39,0
SR,BE,fauna,1992,27,0
SR,BE,fauna,1993,132,0
SR,BE,fauna,1994,146,0
SR,BE,fauna,1995,260,0
SR,BE,fauna,1996,169,0
SR,BE,fauna,1997,160,0
SR,BE,fauna,1998,108,0
SR,BE,fauna,1999,44,0
SR,BE,fauna,2000,134,0
SR,BE,fauna,2001,34,0
SR,BE,fauna,2002,99,0
SR,BE,fauna,2003,103,0
SR,BE,fauna,2004,86,0
SR,BE,fauna,2005,38,0
SR,BE,fauna,2015,2,0
SR,BE,fauna,2019,1,0
SR,BE,flora,1985,3,0
SR,BE,flora,2004,1,0
SR,BE,flora,2019,1,0
SR,BE,flora,2023,8,0
SR,BE,flora,2024,18,0
SR,BH,fauna,2002,5,0
SR,BH,fauna,2003,12,0
SR,BH,fauna,2004,2,0
SR,BH,fauna,2005,5,0
SR,BH,fauna,2008,11,0
SR,BH,fauna,2009,15,0
SR,BH,fauna,2010,18,0
SR,BH,fauna,2011,17,0
SR,BH,fauna,2013,1,0
SR,BH,fauna,2015,1,0
SR,BH,fauna,2019,1,0
SR,BH,fauna,2020,4,0
SR,BQ,fauna,2009,4,0
SR,BR,fauna,1985,2,0
SR,BR,fauna,1986,1,0
SR,BR,fauna,1987,1,0
SR,BR,fauna,1995,3,0
SR,BR,fauna,1996,1,0
SR,BR,fauna,1997,2,0
SR,BR,fauna,2013,5,0
SR,BS,fauna,1990,1,0
SR,BS,fauna,2002,4,0
SR,CA,fauna,1980,3,0
SR,CA,fauna,1981,2,0
SR,CA,fauna,1982,4,0
SR,CA,fauna,1983,3,0
SR,CA,fauna,1985,7,0
SR,CA,fauna,1988,2,0
SR,CA,fauna,1991,2,0
SR,CA,fauna,1993,16,0
SR,CA,fauna,1994,4,0
SR,CA,fauna,1995,4,0
SR,CA,fauna,1997,8,0
SR,CA,fauna,1998,47,0
SR,CA,fauna,1999,8,0
SR,CA,fauna,2000,67,0
SR,CA,fauna,2001,75,0
SR,CA,fauna,2002,54,0
SR,CA,fauna,2003,6,0
SR,CA,fauna,2004,22,0
SR,CA,fauna,2005,46,0
SR,CA,fauna,2006,68,0
SR,CA,fauna,2007,18,0
SR,CA,fauna,2008,8,0
SR,CA,fauna,2010,3,0
SR,CA,fauna,2011,8,0
SR,CA,fauna,2013,3,0
SR,CA,fauna,2018,12,0
SR,CA,fauna,2023,1,0
SR,CA,fauna,2024,1,0
SR,CA,flora,1984,12,0
SR,CA,flora,1985,9,0
SR,CA,flora,1987,6,0
SR,CH,fauna,1982,1,0
SR,CH,fauna,1983,2,0
SR,CH,fauna,1984,1,0
SR,CH,fauna,1986,5,0
SR,CH,fauna,1988,6,0
SR,CH,fauna,1989,1,0
SR,CH,fauna,1994,13,0
SR,CH,fauna,1995,3,0
SR,CH,fauna,1996,7,0
SR,CH,fauna,1997,4,0
SR,CH,fauna,2006,5,0
SR,CH,fauna,2008,4,0
SR,CH,fauna,2014,2,0
SR,CH,fauna,2017,1,0
SR,CH,fauna,2018,1,0
SR,CH,flora,2014,1,0
SR,CN,fauna,1983,1,0
SR,CN,fauna,1997,5,0
SR,CN,fauna,2001,18,0
SR,CN,fauna,2013,41,0
SR,CN,fauna,2014,24,0
SR,CN,fauna,2015,23,0
SR,CN,fauna,2016,90,0
SR,CN,fauna,2017,110,0
SR,CN,fauna,2018,177,0
SR,CN,fauna,2019,78,0
SR,CN,fauna,2020,5,0
SR,CN,flora,2013,3,0
SR,CN,flora,2015,4,0
SR,CN,flora,2016,2,0
SR,CN,flora,2017,5,0
SR,CN,flora,2018,4,0
SR,CN,flora,2019,9,0
SR,CN,flora,2021,7,0
SR,CN,flora,2022,11,0
SR,CN,flora,2023,7,0
SR,CN,flora,2024,19,0
SR,CO,fauna,2014,6,0
SR,CR,fauna,1999,4,0
SR,CR,fauna,2005,5,0
SR,CR,fauna,2006,1,0
SR,CR,fauna,2009,13,0
SR,CR,fauna,2010,9,0
SR,CR,fauna,2011,6,0
SR,CR,fauna,2014,2,0
SR,CR,flora,1994,4,0
SR,CW,fauna,2009,10,0
SR,CW,fauna,2010,13,0
SR,CW,fauna,2011,19,0
SR,CW,fauna,2013,29,0
SR,CW,fauna,2018,54,0
SR,CW,fauna,2019,32,0
SR,CW,fauna,2021,17,0
SR,CW,fauna,2023,4,0
SR,CW,fauna,2024,2,0
SR,CW,flora,2018,1,0
SR,CW,flora,2019,1,0
SR,CW,flora,2021,1,0
SR,CZ,fauna,1995,10,0
SR,CZ,fauna,1996,64,0
SR,CZ,fauna,1997,20,0
SR,CZ,fauna,1998,17,0
SR,CZ,fauna,1999,58,0
SR,CZ,fauna,2000,30,0
SR,CZ,fauna,2001,12,0
SR,CZ,fauna,2003,28,0
SR,CZ,fauna,2004,8,0
SR,CZ,fauna,2005,46,0
SR,CZ,fauna,2006,13,0
SR,CZ,fauna,2007,14,0
SR,CZ,fauna,2008,27,0
SR,CZ,fauna,2009,14,0
SR,CZ,fauna,2010,17,0
SR,CZ,fauna,2012,3,0
SR,CZ,fauna,2013,10,0
SR,CZ,fauna,2015,8,0
SR,CZ,fauna,2016,2,0
SR,CZ,fauna,2018,6,0
SR,CZ,fauna,2023,3,0
SR,DE,fauna,1976,3,0
SR,DE,fauna,1977,1,0
SR,DE,fauna,1980,2,0
SR,DE,fauna,1981,4,0
SR,DE,fauna,1982,6,0
SR,DE,fauna,1983,1,0
SR,DE,fauna,1986,47,0
SR,DE,fauna,1987,27,0
SR,DE,fauna,1988,50,0
SR,DE,fauna,1989,93,0
SR,DE,fauna,1990,298,0
SR,DE,fauna,1991,109,0
SR,DE,fauna,1992,70,0
SR,DE,fauna,1993,183,0
SR,DE,fauna,1994,167,0
SR,DE,fauna,1995,154,0
SR,DE,fauna,1996,48,0
SR,DE,fauna,1997,4,0
SR,DE,fauna,1998,80,0
SR,DE,fauna,1999,7,0
SR,DE,fauna,2000,62,0
SR,DE,fauna,2001,37,0
SR,DE,fauna,2002,96,0
SR,DE,fauna,2003,37,0
SR,DE,fauna,2004,151,0
SR,DE,fauna,2005,57,0
SR,DE,fauna,2006,66,0
SR,DE,fauna,2007,48,0
SR,DE,fauna,2008,46,0
SR,DE,fauna,2009,50,0
SR,DE,fauna,2010,26,0
SR,DE,fauna,2011,43,0
SR,DE,fauna,2012,35,0
SR,DE,fauna,2013,75,0
SR,DE,fauna,2014,41,0
SR,DE,fauna,2015,36,0
SR,DE,fauna,2016,25,0
SR,DE,fauna,2017,15,0
SR,DE,fauna,2018,19,0
SR,DE,fauna,2019,21,0
SR,DE,fauna,2020,6,0
SR,DE,fauna,2021,33,0
SR,DE,fauna,2022,27,0
SR,DE,fauna,2023,36,0
SR,DE,fauna,2024,16,0
SR,DE,flora,1989,1,0
SR,DE,flora,2009,1,0
SR,DE,flora,2013,2,0
SR,DE,flora,2015,3,0
SR,DE,flora,2016,2,0
SR,DE,flora,2017,2,0
SR,DE,flora,2020,2,0
SR,DE,flora,2022,6,0
SR,DE,flora,2023,9,0
SR,DE,flora,2024,8,0
SR,DK,fauna,1983,2,0
SR,DK,fauna,1985,4,0
SR,DK,fauna,1986,1,0
SR,DK,fauna,1988,2,0
SR,DK,fauna,1997,20,0
SR,DK,fauna,2002,3,0
SR,DK,fauna,2003,65,0
SR,DK,fauna,2004,81,0
SR,DK,fauna,2005,8,0
SR,DK,fauna,2006,5,0
SR,DM,fauna,2017,4,0
SR,DM,fauna,2018,1,0
SR,DO,fauna,1985,1,0
SR,DO,fauna,1996,1,0
SR,DO,fauna,1997,110,0
SR,DO,fauna,1998,28,0
SR,DO,fauna,1999,8,0
SR,DO,fauna,2001,95,0
SR,DO,fauna,2002,49,0
SR,DO,fauna,2003,8,0
SR,DO,fauna,2004,10,0
SR,DO,fauna,2008,68,0
SR,DO,fauna,2009,23,0
SR,DO,fauna,2010,8,0
SR,DO,fauna,2011,30,0
SR,DO,fauna,2012,24,0
SR,DO,fauna,2013,65,0
SR,DO,fauna,2014,11,0
SR,DO,fauna,2015,4,0
SR,DO,fauna,2016,4,0
SR,DO,fauna,2018,5,0
SR,DO,fauna,2019,3,0
SR,DO,fauna,2020,3,0
SR,DO,fauna,2021,26,0
SR,DO,fauna,2024,2,0
SR,DO,flora,1991,3,0
SR,DO,flora,1992,9,0
SR,DO,flora,2017,2,0
SR,DZ,fauna,1984,1,0
SR,EG,fauna,1998,1,0
SR,EG,fauna,2011,15,0
SR,EG,fauna,2013,1,0
SR,EG,fauna,2015,11,0
SR,EG,fauna,2016,8,0
SR,ES,fauna,1995,8,0
SR,ES,fauna,1996,29,0
SR,ES,fauna,1997,85,0
SR,ES,fauna,1998,182,0
SR,ES,fauna,1999,233,0
SR,ES,fauna,2000,211,0
SR,ES,fauna,2001,62,0
SR,ES,fauna,2002,131,0
SR,ES,fauna,2003,51,0
SR,ES,fauna,2004,59,0
SR,ES,fauna,2005,32,0
SR,ES,fauna,2011,26,0
SR,ES,fauna,2012,15,0
SR,ES,fauna,2013,8,0
SR,ES,flora,2021,1,0
SR,ES,flora,2022,1,0
SR,FR,fauna,1982,1,0
SR,FR,fauna,1983,1,0
SR,FR,fauna,1984,1,0
SR,FR,fauna,1985,2,0
SR,FR,fauna,1998,30,0
SR,FR,fauna,2007,2,0
SR,FR,fauna,2011,2,0
SR,FR,fauna,2012,1,0
SR,FR,fauna,2013,1,0
SR,FR,fauna,2014,4,0
SR,FR,fauna,2020,1,0
SR,FR,flora,2003,3,0
SR,FR,flora,2004,1,0
SR,FR,flora,2005,1,0
SR,FR,flora,2022,1,0
SR,FR,flora,2024,1,0
SR,GB,fauna,1976,2,0
SR,GB,fauna,1977,2,0
SR,GB,fauna,1981,1,0
SR,GB,fauna,1983,1,0
SR,GB,fauna,1984,7,0
SR,GB,fauna,1985,1,0
SR,GB,fauna,1986,4,0
SR,GB,fauna,1987,8,0
SR,GB,fauna,1988,4,0
SR,GB,fauna,1994,25,0
SR,GB,fauna,1995,8,0
SR,GB,fauna,1996,1,0
SR,GB,fauna,1998,3,0
SR,GB,fauna,2001,1,0
SR,GB,fauna,2002,123,2
SR,GB,fauna,2003,81,0
SR,GB,fauna,2004,25,1
SR,GB,fauna,2005,14,0
SR,GB,fauna,2006,24,0
SR,GB,fauna,2007,28,0
SR,GB,fauna,2008,26,0
SR,GB,fauna,2010,3,0
SR,GB,fauna,2013,16,0
SR,GB,fauna,2015,2,0
SR,GB,fauna,2016,6,0
SR,GB,fauna,2017,2,0
SR,GB,fauna,2019,1,0
SR,GB,fauna,2020,1,0
SR,GB,fauna,2021,8,0
SR,GB,fauna,2022,4,0
SR,GB,fauna,2024,8,0
SR,GB,flora,1991,9,0
SR,GB,flora,1995,5,0
SR,GB,flora,2013,1,0
SR,GB,flora,2014,1,0
SR,GE,fauna,2009,6,0
SR,GE,fauna,2018,9,0
SR,GF,fauna,1985,3,0
SR,GF,fauna,1986,2,0
SR,GF,fauna,1991,1,0
SR,GF,fauna,1992,1,0
SR,GF,fauna,1994,1,0
SR,GF,fauna,2006,2,0
SR,GF,fauna,2014,4,0
SR,GF,fauna,2015,5,0
SR,GF,fauna,2020,1,0
SR,GF,flora,1987,1,0
SR,GF,flora,1993,1,0
SR,GF,flora,2003,4,0
SR,GF,flora,2006,2,0
SR,GF,flora,2007,5,0
SR,GH,fauna,2015,3,0
SR,GP,flora,2013,1,0
SR,GR,fauna,1998,54,0
SR,GR,fauna,1999,85,0
SR,GR,fauna,2000,80,0
SR,GR,fauna,2001,14,0
SR,GR,fauna,2002,18,0
SR,GY,fauna,1984,1,0
SR,GY,fauna,1993,1,0
SR,GY,fauna,1994,1,0
SR,GY,fauna,2004,1,0
SR,GY,fauna,2007,1,0
SR,HK,fauna,1999,3,0
SR,HK,fauna,2012,22,0
SR,HK,fauna,2013,32,0
SR,HK,fauna,2014,8,0
SR,HK,fauna,2015,12,0
SR,HK,fauna,2016,76,0
SR,HK,fauna,2017,12,0
SR,HK,fauna,2018,4,0
SR,HK,fauna,2019,17,0
SR,HK,fauna,2020,19,0
SR,HK,fauna,2021,14,0
SR,HK,fauna,2022,6,0
SR,HK,fauna,2023,11,0
SR,HK,fauna,2024,23,0
SR,HK,flora,2014,1,0
SR,HN,fauna,2006,1,0
SR,HR,fauna,2003,20,0
SR,HT,fauna,1982,2,0
SR,HT,fauna,2014,1,0
SR,HU,fauna,1999,11,0
SR,HU,fauna,2000,9,0
SR,HU,fauna,2001,123,0
SR,HU,fauna,2002,48,0
SR,HU,fauna,2003,49,0
SR,HU,fauna,2004,35,0
SR,HU,fauna,2005,48,0
SR,HU,fauna,2006,3,0
SR,HU,fauna,2011,6,0
SR,ID,fauna,1987,2,0
SR,ID,fauna,1989,2,0
SR,ID,fauna,1995,9,0
SR,ID,fauna,1996,6,0
SR,ID,fauna,1997,10,0
SR,ID,fauna,2008,25,0
SR,ID,fauna,2020,48,0
SR,ID,fauna,2021,32,0
SR,ID,fauna,2022,37,0
SR,ID,fauna,2023,2,0
SR,ID,fauna,2024,4,0
SR,ID,flora,1990,9,0
SR,IN,fauna,1991,3,0
SR,IN,fauna,1992,8,0
SR,IN,fauna,1999,2,0
SR,IN,fauna,2013,6,0
SR,IQ,fauna,2016,28,0
SR,IT,fauna,1980,1,0
SR,IT,fauna,1985,2,0
SR,IT,fauna,1992,12,0
SR,IT,fauna,1994,12,0
SR,IT,fauna,1995,14,0
SR,IT,fauna,2000,10,0
SR,IT,fauna,2001,51,0
SR,IT,fauna,2002,46,0
SR,IT,fauna,2003,10,0
SR,IT,fauna,2004,110,0
SR,IT,fauna,2005,104,0
SR,IT,fauna,2008,2,0
SR,IT,fauna,2011,4,0
SR,IT,fauna,2014,4,0
SR,IT,fauna,2016,4,0
SR,JM,fauna,2005,1,0
SR,JO,fauna,2004,4,0
SR,JO,fauna,2005,6,0
SR,JO,fauna,2019,4,0
SR,JP,fauna,1995,28,0
SR,JP,fauna,1996,147,0
SR,JP,fauna,1997,99,0
SR,JP,fauna,1998,74,0
SR,JP,fauna,1999,126,0
SR,JP,fauna,2000,24,0
SR,JP,fauna,2002,66,0
SR,JP,fauna,2003,18,0
SR,JP,fauna,2004,66,0
SR,JP,fauna,2005,34,0
SR,JP,fauna,2006,4,0
SR,JP,fauna,2007,8,0
SR,JP,fauna,2009,12,0
SR,JP,fauna,2010,22,0
SR,JP,fauna,2011,17,0
SR,JP,fauna,2012,11,0
SR,JP,fauna,2013,15,0
SR,JP,fauna,2014,30,0
SR,JP,fauna,2015,12,0
SR,JP,fauna,2016,4,0
SR,JP,fauna,2017,11,0
SR,JP,fauna,2018,16,0
SR,JP,fauna,2019,5,0
SR,JP,fauna,2020,14,0
SR,JP,fauna,2021,9,0
SR,JP,fauna,2022,15,0
SR,JP,fauna,2023,23,0
SR,JP,fauna,2024,23,0
SR,KG,fauna,2016,2,0
SR,KR,fauna,1990,1,0
SR,KR,fauna,2001,1,0
SR,KR,fauna,2002,6,0
SR,KR,fauna,2003,14,0
SR,KR,fauna,2007,13,0
SR,KR,fauna,2010,15,0
SR,KR,fauna,2011,2,0
SR,KR,fauna,2012,3,0
SR,KR,fauna,2013,3,0
SR,KR,fauna,2015,8,0
SR,KR,fauna,2016,2,0
SR,KR,fauna,2018,2,0
SR,KR,fauna,2021,2,0
SR,KR,flora,2024,7,0
SR,KW,fauna,2013,8,0
SR,KW,fauna,2014,34,0
SR,KW,fauna,2017,5,0
SR,KW,fauna,2018,26,0
SR,KW,fauna,2019,23,0
SR,KW,fauna,2020,5,0
SR,KW,fauna,2021,52,0
SR,KW,fauna,2022,2,0
SR,KW,fauna,2023,20,0
SR,KW,fauna,2024,7,0
SR,LB,fauna,2004,21,0
SR,LB,fauna,2005,16,0
SR,LB,fauna,2011,8,0
SR,LB,flora,2015,1,0
SR,LK,fauna,2019,2,0
SR,LK,fauna,2021,98,0
SR,LK,fauna,2022,63,0
SR,LK,fauna,2023,76,0
SR,LK,fauna,2024,8,0
SR,LV,fauna,2019,3,0
SR,MA,fauna,2008,1,0
SR,MA,fauna,2018,1,0
SR,MF,fauna,2011,11,0
SR,MF,fauna,2014,11,0
SR,MF,fauna,2022,9,0
SR,MG,fauna,2017,8,0
SR,MQ,fauna,1986,1,0
SR,MV,fauna,2013,6,0
SR,MV,fauna,2021,16,0
SR,MX,fauna,1982,1,0
SR,MX,fauna,1996,59,0
SR,MX,fauna,1997,317,0
SR,MX,fauna,1998,100,0
SR,MX,fauna,1999,132,0
SR,MX,fauna,2000,39,0
SR,MX,fauna,2001,42,0
SR,MX,fauna,2002,73,0
SR,MX,fauna,2003,31,0
SR,MX,fauna,2004,7,0
SR,MX,fauna,2006,14,0
SR,MY,fauna,1993,1,0
SR,MY,fauna,1994,1,0
SR,MY,fauna,1996,1,0
SR,MY,fauna,1997,49,0
SR,MY,fauna,1998,10,0
SR,MY,fauna,1999,21,0
SR,MY,fauna,2000,28,0
SR,MY,fauna,2001,42,0
SR,MY,fauna,2002,166,0
SR,MY,fauna,2003,32,0
SR,MY,fauna,2004,8,0
SR,MY,fauna,2005,9,0
SR,MY,fauna,2012,30,0
SR,MY,fauna,2013,36,0
SR,MY,fauna,2023,10,0
SR,MZ,fauna,2017,4,0
SR,NA,fauna,1992,1,0
SR,NA,fauna,2003,16,0
SR,NL,fauna,1982,13,0
SR,NL,fauna,1983,33,0
SR,NL,fauna,1984,103,2
SR,NL,fauna,1985,275,0
SR,NL,fauna,1986,764,8
SR,NL,fauna,1987,460,11
SR,NL,fauna,1988,427,0
SR,NL,fauna,1989,623,33
SR,NL,fauna,1990,575,0
SR,NL,fauna,1991,594,0
SR,NL,fauna,1992,122,0
SR,NL,fauna,1993,507,0
SR,NL,fauna,1994,629,0
SR,NL,fauna,1995,809,0
SR,NL,fauna,1996,604,0
SR,NL,fauna,1997,722,9
SR,NL,fauna,1998,672,8
SR,NL,fauna,1999,490,0
SR,NL,fauna,2000,539,0
SR,NL,fauna,2001,172,0
SR,NL,fauna,2002,241,0
SR,NL,fauna,2003,61,0
SR,NL,fauna,2004,113,0
SR,NL,fauna,2005,130,0
SR,NL,fauna,2006,63,0
SR,NL,fauna,2007,81,0
SR,NL,fauna,2008,53,0
SR,NL,fauna,2009,48,0
SR,NL,fauna,2010,87,0
SR,NL,fauna,2011,33,0
SR,NL,fauna,2012,24,0
SR,NL,fauna,2013,44,0
SR,NL,fauna,2014,25,0
SR,NL,fauna,2015,18,0
SR,NL,fauna,2016,21,0
SR,NL,fauna,2017,7,0
SR,NL,fauna,2018,4,0
SR,NL,fauna,2019,8,0
SR,NL,fauna,2020,3,0
SR,NL,fauna,2022,27,0
SR,NL,fauna,2023,22,0
SR,NL,fauna,2024,11,0
SR,NL,flora,1982,1,0
SR,NL,flora,1983,15,0
SR,NL,flora,1984,156,0
SR,NL,flora,1985,46,0
SR,NL,flora,1986,6,1
SR,NL,flora,1987,6,0
SR,NL,flora,1988,2,0
SR,NL,flora,1989,57,0
SR,NL,flora,1991,1,0
SR,NL,flora,1992,75,0
SR,NL,flora,1993,16,0
SR,NL,flora,1994,4,0
SR,NL,flora,1995,7,0
SR,NL,flora,1996,10,0
SR,NL,flora,1999,2,0
SR,NL,flora,2001,1,0
SR,NL,flora,2003,16,0
SR,NL,flora,2004,9,0
SR,NL,flora,2005,5,0
SR,NL,flora,2012,1,0
SR,NL,flora,2013,3,0
SR,NL,flora,2014,3,0
SR,NL,flora,2015,1,0
SR,NL,flora,2016,1,0
SR,NL,flora,2017,1,0
SR,NL,flora,2019,5,0
SR,NL,flora,2021,2,0
SR,NL,flora,2022,7,0
SR,NL,flora,2023,28,0
SR,NL,flora,2024,28,0
SR,NP,fauna,2013,11,0
SR,OM,fauna,2013,2,0
SR,OM,fauna,2015,58,0
SR,OM,fauna,2016,105,0
SR,OM,fauna,2017,61,0
SR,OM,fauna,2018,55,0
SR,OM,fauna,2019,69,0
SR,PA,fauna,1994,2,0
SR,PA,fauna,2008,3,0
SR,PA,fauna,2010,27,0
SR,PA,fauna,2011,20,0
SR,PA,fauna,2013,2,0
SR,PA,fauna,2014,32,0
SR,PA,fauna,2015,3,0
SR,PA,fauna,2019,9,0
SR,PA,fauna,2020,9,0
SR,PH,fauna,1993,2,0
SR,PH,fauna,1994,30,0
SR,PH,fauna,1998,1,0
SR,PH,fauna,2006,100,0
SR,PH,fauna,2007,72,0
SR,PH,fauna,2008,33,0
SR,PH,fauna,2009,26,0
SR,PH,fauna,2010,57,0
SR,PH,fauna,2011,44,0
SR,PH,fauna,2012,21,0
SR,PH,fauna,2013,4,0
SR,PH,fauna,2015,6,0
SR,PK,fauna,1996,17,0
SR,PK,fauna,1997,14,0
SR,PK,fauna,2002,31,0
SR,PK,fauna,2004,21,0
SR,PK,fauna,2005,5,0
SR,PK,fauna,2007,13,0
SR,PK,fauna,2011,11,0
SR,PK,fauna,2013,27,0
SR,PK,fauna,2014,6,0
SR,PK,fauna,2016,6,0
SR,PK,fauna,2018,10,0
SR,PK,fauna,2021,6,0
SR,PK,fauna,2022,5,0
SR,PL,fauna,1993,2,0
SR,PT,fauna,1993,10,0
SR,PT,fauna,1997,9,0
SR,PT,fauna,1998,26,0
SR,PT,fauna,1999,29,0
SR,PT,fauna,2000,40,0
SR,PT,fauna,2001,142,0
SR,PT,fauna,2013,1,0
SR,QA,fauna,1996,12,0
SR,QA,fauna,1997,1,0
SR,QA,fauna,1999,16,0
SR,QA,fauna,2000,8,0
SR,QA,fauna,2005,8,0
SR,RU,fauna,1998,4,0
SR,RU,fauna,1999,7,0
SR,RU,fauna,2002,9,0
SR,RU,fauna,2003,36,0
SR,RU,fauna,2004,17,0
SR,RU,fauna,2005,39,0
SR,RU,fauna,2006,37,0
SR,RU,fauna,2007,49,0
SR,RU,fauna,2008,64,0
SR,RU,fauna,2009,34,0
SR,RU,fauna,2010,56,0
SR,RU,fauna,2011,50,0
SR,RU,fauna,2013,120,0
SR,RU,fauna,2014,45,0
SR,RU,fauna,2015,25,0
SR,RU,fauna,2016,6,0
SR,RU,fauna,2017,11,0
SR,RU,fauna,2018,8,0
SR,RU,fauna,2019,18,0
SR,RU,fauna,2021,8,0
SR,SA,fauna,1984,1,0
SR,SA,fauna,1994,1,0
SR,SA,fauna,1995,10,0
SR,SA,fauna,2017,41,0
SR,SA,fauna,2018,3,0
SR,SA,fauna,2020,26,0
SR,SA,fauna,2021,33,0
SR,SA,fauna,2023,1,0
SR,SA,fauna,2024,6,0
SR,SE,fauna,2015,2,0
SR,SG,fauna,1986,1,0
SR,SG,fauna,1989,1,0
SR,SG,fauna,1994,1,0
SR,SG,fauna,1995,2,0
SR,SG,fauna,1996,16,0
SR,SG,fauna,1999,18,0
SR,SG,fauna,2002,29,0
SR,SG,fauna,2003,32,0
SR,SG,fauna,2004,118,0
SR,SG,fauna,2005,132,0
SR,SG,fauna,2006,180,0
SR,SG,fauna,2007,36,0
SR,SG,fauna,2008,80,0
SR,SG,fauna,2009,77,0
SR,SG,fauna,2010,65,0
SR,SG,fauna,2011,52,0
SR,SG,fauna,2012,15,0
SR,SG,fauna,2013,56,0
SR,SG,fauna,2014,57,0
SR,SG,fauna,2015,59,0
SR,SG,fauna,2016,30,0
SR,SG,fauna,2017,38,0
SR,SG,fauna,2018,56,0
SR,SG,fauna,2019,34,0
SR,SG,fauna,2021,8,0
SR,SG,fauna,2022,20,0
SR,SG,fauna,2023,8,0
SR,SG,fauna,2024,23,0
SR,SG,flora,2013,1,0
SR,SI,fauna,1994,1,0
SR,SK,fauna,1996,65,0
SR,SK,fauna,1997,1,0
SR,SK,fauna,2011,8,0
SR,SK,fauna,2013,4,0
SR,SK,fauna,2014,15,0
SR,SK,flora,2024,3,0
SR,SV,fauna,1996,2,0
SR,SX,fauna,2011,9,0
SR,SX,fauna,2013,17,0
SR,SX,fauna,2015,19,0
SR,SX,fauna,2018,11,0
SR,SX,fauna,2019,7,0
SR,SX,fauna,2022,2,0
SR,SX,fauna,2023,2,0
SR,SZ,fauna,1989,9,0
SR,TG,fauna,2024,1,0
SR,TH,fauna,1995,2,0
SR,TH,fauna,1996,10,0
SR,TH,fauna,1998,8,0
SR,TH,fauna,2001,10,0
SR,TH,fauna,2002,38,0
SR,TH,fauna,2003,68,0
SR,TH,fauna,2006,66,0
SR,TH,fauna,2007,48,0
SR,TH,fauna,2008,28,0
SR,TH,fauna,2010,12,0
SR,TH,fauna,2011,15,0
SR,TH,fauna,2012,40,0
SR,TH,fauna,2013,165,0
SR,TH,fauna,2014,194,0
SR,TH,fauna,2015,289,0
SR,TH,fauna,2016,174,0
SR,TH,fauna,2017,122,0
SR,TH,fauna,2018,151,0
SR,TH,fauna,2019,71,0
SR,TH,fauna,2021,38,0
SR,TH,fauna,2022,32,0
SR,TH,fauna,2023,64,0
SR,TH,fauna,2024,96,0
SR,TR,fauna,2007,1,0
SR,TR,fauna,2011,30,0
SR,TR,fauna,2012,11,0
SR,TR,fauna,2013,4,0
SR,TR,fauna,2014,33,0
SR,TR,fauna,2015,54,0
SR,TR,fauna,2016,14,0
SR,TR,fauna,2018,1,0
SR,TR,fauna,2019,19,0
SR,TR,flora,2024,1,0
SR,TR,flora,2025,1,0
SR,TT,fauna,1984,2,0
SR,TT,fauna,1997,10,0
SR,TT,fauna,2007,1,0
SR,TT,fauna,2019,2,0
SR,TT,flora,1990,3,0
SR,TT,flora,2016,1,0
SR,TW,fauna,2003,9,0
SR,TW,fauna,2005,4,0
SR,TW,fauna,2006,6,0
SR,TW,fauna,2010,2,0
SR,TW,fauna,2015,1,0
SR,TW,fauna,2016,2,0
SR,TW,fauna,2017,4,0
SR,TW,fauna,2018,4,0
SR,TW,fauna,2019,2,0
SR,TW,fauna,2020,4,0
SR,TW,fauna,2021,6,0
SR,TW,fauna,2022,4,0
SR,TW,fauna,2023,2,0
SR,TW,fauna,2024,4,0
SR,TW,flora,2016,2,0
SR,TW,flora,2023,1,0
SR,UA,fauna,2002,11,0
SR,UA,fauna,2003,21,0
SR,UA,fauna,2013,17,0
SR,UA,fauna,2014,33,0
SR,UA,fauna,2015,6,0
SR,UA,fauna,2016,4,0
SR,UA,fauna,2017,5,0
SR,US,fauna,1980,10,0
SR,US,fauna,1981,49,0
SR,US,fauna,1982,101,2
SR,US,fauna,1983,145,0
SR,US,fauna,1984,325,1
SR,US,fauna,1985,289,1
SR,US,fauna,1986,255,1
SR,US,fauna,1987,362,6
SR,US,fauna,1988,492,4
SR,US,fauna,1989,365,2
SR,US,fauna,1990,245,5
SR,US,fauna,1991,191,1
SR,US,fauna,1992,241,0
SR,US,fauna,1993,419,1
SR,US,fauna,1994,526,0
SR,US,fauna,1995,973,0
SR,US,fauna,1996,497,5
SR,US,fauna,1997,388,3
SR,US,fauna,1998,180,2
SR,US,fauna,1999,260,0
SR,US,fauna,2000,330,0
SR,US,fauna,2001,685,0
SR,US,fauna,2002,859,1
SR,US,fauna,2003,491,1
SR,US,fauna,2004,379,0
SR,US,fauna,2005,549,1
SR,US,fauna,2006,749,0
SR,US,fauna,2007,477,0
SR,US,fauna,2008,409,6
SR,US,fauna,2009,346,0
SR,US,fauna,2010,244,1
SR,US,fauna,2011,262,1
SR,US,fauna,2012,122,0
SR,US,fauna,2013,433,0
SR,US,fauna,2014,234,1
SR,US,fauna,2015,327,0
SR,US,fauna,2016,252,5
SR,US,fauna,2017,348,0
SR,US,fauna,2018,403,0
SR,US,fauna,2019,426,7
SR,US,fauna,2020,493,0
SR,US,fauna,2021,518,3
SR,US,fauna,2022,470,4
SR,US,fauna,2023,288,1
SR,US,fauna,2024,326,0
SR,US,flora,1978,2,0
SR,US,flora,1979,24,0
SR,US,flora,1981,38,0
SR,US,flora,1982,51,0
SR,US,flora,1983,82,0
SR,US,flora,1984,131,1
SR,US,flora,1985,104,2
SR,US,flora,1986,1,0
SR,US,flora,1989,1,1
SR,US,flora,1991,21,0
SR,US,flora,1992,20,0
SR,US,flora,1993,54,0
SR,US,flora,1998,78,0
SR,US,flora,2004,3,0
SR,US,flora,2005,2,0
SR,US,flora,2013,1,0
SR,US,flora,2014,1,0
SR,US,flora,2024,3,0
SR,UZ,fauna,2016,4,0
SR,UZ,fauna,2019,2,0
SR,UZ,fauna,2020,9,0
SR,UZ,fauna,2023,3,0
SR,VN,flora,2017,2,0
SR,VN,flora,2018,2,0
SR,VN,flora,2024,2,0
SR,XX,fauna,1981,56,0
SR,XX,fauna,1995,1,0
SR,XX,fauna,2021,2,0
SR,XX,fauna,2023,1,0
SR,XX,flora,1981,2,0
SR,ZA,fauna,1988,25,0
SR,ZA,fauna,1989,18,0
SR,ZA,fauna,1994,23,0
SR,ZA,fauna,1995,32,0
SR,ZA,fauna,1997,7,0
SR,ZA,fauna,1998,3,0
SR,ZA,fauna,2001,27,0
SR,ZA,fauna,2002,123,0
SR,ZA,fauna,2003,145,0
SR,ZA,fauna,2004,190,0
SR,ZA,fauna,2005,18,0
SR,ZA,fauna,2008,1,0
SR,ZA,fauna,2009,40,0
SR,ZA,fauna,2010,3,0
SR,ZA,fauna,2011,2,0
SR,ZA,fauna,2017,2,0
SR,ZA,fauna,2018,4,0
SR,ZA,fauna,2019,4,0
SR,ZA,fauna,2020,1,0
SR,ZA,fauna,2023,1,0
SU,AR,fauna,1984,3,0
SU,AR,fauna,1985,10,0
SU,AR,fauna,1986,1,0
SU,AR,fauna,1987,1,0
SU,AR,fauna,1989,8,0
SU,BR,fauna,1988,1,0
SU,BR,fauna,1991,2,0
SU,CL,fauna,1991,2,0
SU,CU,fauna,1985,3,0
SU,CU,fauna,1986,1,0
SU,CU,fauna,1987,1,0
SU,EC,fauna,1989,1,0
SU,MX,fauna,1991,5,0
SU,MX,fauna,2010,4,0
SU,PA,fauna,1980,1,0
SU,PA,fauna,1987,3,0
SU,PA,fauna,1988,6,0
SU,PA,fauna,1989,1,0
SU,PA,fauna,1991,1,0
SU,PE,fauna,1988,1,0
SU,VE,fauna,1991,5,0
SV,AE,fauna,2003,1,0
SV,AE,fauna,2004,3,0
SV,AE,fauna,2005,3,0
SV,AE,fauna,2006,3,0
SV,AE,fauna,2008,4,0
SV,AE,fauna,2009,3,0
SV,AE,fauna,2010,8,0
SV,AE,fauna,2011,10,0
SV,AE,fauna,2012,12,0
SV,AE,fauna,2013,6,0
SV,AE,fauna,2014,2,0
SV,AE,fauna,2015,1,0
SV,AE,fauna,2022,1,0
SV,AR,fauna,1997,5,0
SV,AR,fauna,1998,9,0
SV,AR,fauna,2001,2,0
SV,AR,fauna,2003,2,0
SV,AT,fauna,2007,2,0
SV,AU,fauna,2011,2,0
SV,BE,fauna,1996,1,0
SV,BE,fauna,1997,27,0
SV,BE,fauna,1998,15,0
SV,BE,fauna,1999,24,0
SV,BE,fauna,2000,42,0
SV,BE,fauna,2001,31,0
SV,BE,fauna,2002,30,0
SV,BG,fauna,2005,2,0
SV,BG,fauna,2007,1,0
SV,BH,fauna,2014,1,0
SV,BZ,fauna,1998,1,0
SV,BZ,fauna,2004,4,0
SV,CA,fauna,1978,1,0
SV,CA,fauna,1991,1,0
SV,CA,fauna,1992,1,0
SV,CA,fauna,1994,1,0
SV,CA,fauna,1996,6,0
SV,CA,fauna,1997,21,0
SV,CA,fauna,1998,18,1
SV,CA,fauna,1999,12,0
SV,CA,fauna,2000,14,0
SV,CA,fauna,2001,15,0
SV,CA,fauna,2002,12,0
SV,CA,fauna,2003,5,0
SV,CA,fauna,2004,13,0
SV,CA,fauna,2005,21,0
SV,CA,fauna,2006,11,0
SV,CA,fauna,2007,4,0
SV,CA,fauna,2008,1,0
SV,CA,fauna,2009,6,0
SV,CA,fauna,2010,1,0
SV,CA,fauna,2012,3,0
SV,CA,fauna,2014,2,0
SV,CA,fauna,2015,1,0
SV,CA,fauna,2016,1,0
SV,CA,fauna,2017,1,0
SV,CA,fauna,2019,1,0
SV,CA,fauna,2021,2,0
SV,CA,fauna,2022,3,0
SV,CA,fauna,2023,9,0
SV,CH,fauna,1979,1,0
SV,CH,fauna,1998,1,0
SV,CL,fauna,1996,2,0
SV,CL,fauna,1998,2,0
SV,CL,fauna,2001,5,0
SV,CL,fauna,2021,1,0
SV,CL,fauna,2022,1,0
SV,CL,fauna,2023,23,0
SV,CL,fauna,2024,12,0
SV,CN,fauna,1995,1,0
SV,CN,fauna,2015,1,0
SV,CN,flora,2013,4,0
SV,CN,flora,2014,49,0
SV,CN,flora,2015,3,0
SV,CN,flora,2017,2,0
SV,CN,flora,2018,5,0
SV,CN,flora,2019,3,0
SV,CO,fauna,2014,1,0
SV,CR,fauna,1999,11,0
SV,CR,fauna,2000,1,0
SV,CR,fauna,2004,1,0
SV,CR,fauna,2006,3,0
SV,CR,fauna,2007,8,0
SV,CR,fauna,2009,2,0
SV,CR,fauna,2010,9,0
SV,CR,fauna,2011,2,0
SV,CR,fauna,2015,2,0
SV,CR,fauna,2019,6,0
SV,CR,fauna,2023,1,0
SV,CR,flora,2007,3,0
SV,CZ,fauna,1997,5,0
SV,CZ,fauna,1998,13,0
SV,CZ,fauna,1999,18,0
SV,CZ,fauna,2000,16,0
SV,CZ,fauna,2001,18,0
SV,CZ,fauna,2002,13,0
SV,CZ,fauna,2003,7,0
SV,CZ,fauna,2004,9,0
SV,CZ,fauna,2005,5,0
SV,CZ,fauna,2006,2,0
SV,CZ,fauna,2007,16,0
SV,CZ,fauna,2008,8,0
SV,CZ,fauna,2009,4,0
SV,CZ,fauna,2010,8,0
SV,CZ,fauna,2011,6,0
SV,CZ,fauna,2012,6,0
SV,CZ,fauna,2013,2,0
SV,CZ,fauna,2014,7,0
SV,CZ,fauna,2015,8,0
SV,CZ,fauna,2016,2,0
SV,CZ,fauna,2017,2,0
SV,CZ,fauna,2018,2,0
SV,CZ,fauna,2019,2,0
SV,CZ,fauna,2022,1,0
SV,CZ,fauna,2023,4,0
SV,DE,fauna,1986,1,0
SV,DE,fauna,1989,8,0
SV,DE,fauna,1991,3,0
SV,DE,fauna,1993,2,0
SV,DE,fauna,1997,21,0
SV,DE,fauna,1998,26,0
SV,DE,fauna,1999,42,0
SV,DE,fauna,2000,101,0
SV,DE,fauna,2001,64,0
SV,DE,fauna,2002,81,0
SV,DE,fauna,2003,33,0
SV,DE,fauna,2004,40,0
SV,DE,fauna,2005,29,0
SV,DE,fauna,2006,41,0
SV,DE,fauna,2007,29,0
SV,DE,fauna,2008,8,0
SV,DE,fauna,2009,13,0
SV,DE,fauna,2010,7,0
SV,DE,fauna,2011,8,0
SV,DE,fauna,2012,2,0
SV,DE,fauna,2013,7,0
SV,DE,fauna,2014,14,0
SV,DE,fauna,2015,13,0
SV,DE,fauna,2016,15,0
SV,DE,fauna,2017,8,0
SV,DE,fauna,2018,9,0
SV,DE,fauna,2019,4,0
SV,DE,fauna,2020,4,0
SV,DE,fauna,2021,8,0
SV,DE,fauna,2022,5,0
SV,DE,fauna,2023,3,0
SV,DE,flora,1996,3,0
SV,DE,flora,2003,3,0
SV,DE,flora,2006,1,0
SV,DK,fauna,1996,6,0
SV,DK,fauna,1997,5,0
SV,DK,fauna,1998,6,0
SV,DK,fauna,1999,4,0
SV,DK,fauna,2000,10,0
SV,DK,fauna,2001,5,0
SV,DK,fauna,2002,1,0
SV,DK,fauna,2004,1,0
SV,DK,fauna,2006,1,0
SV,EG,fauna,2014,3,0
SV,EG,fauna,2020,1,0
SV,EG,fauna,2021,1,0
SV,EG,fauna,2023,1,0
SV,ES,fauna,1994,1,0
SV,ES,fauna,1995,2,0
SV,ES,fauna,1996,18,0
SV,ES,fauna,1997,27,0
SV,ES,fauna,1998,30,0
SV,ES,fauna,1999,37,0
SV,ES,fauna,2000,121,0
SV,ES,fauna,2001,116,0
SV,ES,fauna,2002,110,0
SV,ES,fauna,2003,136,0
SV,ES,fauna,2004,155,1
SV,ES,fauna,2005,112,0
SV,ES,fauna,2006,145,0
SV,ES,fauna,2007,91,0
SV,ES,fauna,2008,29,0
SV,ES,fauna,2009,59,0
SV,ES,fauna,2010,53,0
SV,ES,fauna,2011,40,0
SV,ES,fauna,2012,28,0
SV,ES,fauna,2013,8,0
SV,ES,fauna,2014,28,0
SV,ES,fauna,2015,28,0
SV,ES,fauna,2016,8,0
SV,ES,fauna,2017,13,0
SV,ES,fauna,2018,6,0
SV,ES,fauna,2019,8,0
SV,ES,fauna,2020,7,0
SV,ES,fauna,2021,6,0
SV,ES,fauna,2022,3,0
SV,FR,fauna,1984,10,0
SV,FR,fauna,1996,1,0
SV,FR,fauna,1997,2,0
SV,FR,fauna,2000,24,0
SV,FR,fauna,2001,66,0
SV,FR,fauna,2002,41,0
SV,FR,fauna,2003,18,0
SV,FR,fauna,2004,19,0
SV,FR,fauna,2005,9,0
SV,FR,fauna,2006,26,0
SV,FR,fauna,2007,17,0
SV,FR,fauna,2008,6,0
SV,FR,fauna,2009,10,0
SV,FR,fauna,2010,10,0
SV,FR,fauna,2011,8,0
SV,FR,fauna,2012,7,0
SV,FR,fauna,2013,5,0
SV,FR,fauna,2014,2,0
SV,FR,fauna,2016,4,0
SV,FR,fauna,2022,4,0
SV,FR,flora,2015,1,0
SV,FR,flora,2016,1,0
SV,GB,fauna,1992,5,0
SV,GB,fauna,1993,3,0
SV,GB,fauna,1994,8,0
SV,GB,fauna,1995,18,0
SV,GB,fauna,1996,13,0
SV,GB,fauna,1997,10,0
SV,GB,fauna,1998,11,0
SV,GB,fauna,1999,6,0
SV,GB,fauna,2000,16,1
SV,GB,fauna,2001,15,1
SV,GB,fauna,2002,10,0
SV,GB,fauna,2003,7,0
SV,GB,fauna,2004,15,0
SV,GB,fauna,2006,8,0
SV,GB,fauna,2007,2,0
SV,GB,fauna,2009,3,0
SV,GB,fauna,2010,2,0
SV,GB,fauna,2011,2,0
SV,GB,fauna,2012,2,0
SV,GB,fauna,2013,1,0
SV,GB,fauna,2014,3,0
SV,GB,fauna,2015,10,0
SV,GB,fauna,2016,5,0
SV,GB,fauna,2017,2,0
SV,GB,fauna,2018,2,0
SV,GB,fauna,2019,6,0
SV,GB,fauna,2020,4,0
SV,GB,fauna,2021,22,0
SV,GB,fauna,2022,4,0
SV,GB,fauna,2023,4,0
SV,GB,flora,1998,1,1
SV,GB,flora,2008,1,1
SV,GR,fauna,1997,1,0
SV,GR,fauna,1998,4,0
SV,GR,fauna,1999,2,0
SV,GR,fauna,2000,12,0
SV,GR,fauna,2001,10,0
SV,GR,fauna,2002,20,0
SV,GR,fauna,2003,16,0
SV,GR,fauna,2004,30,0
SV,GR,fauna,2005,21,0
SV,GR,fauna,2006,38,0
SV,GR,fauna,2007,18,0
SV,GR,fauna,2008,12,0
SV,GR,fauna,2009,20,0
SV,GR,fauna,2010,10,0
SV,GR,fauna,2011,3,0
SV,GR,fauna,2012,6,0
SV,GR,fauna,2013,1,0
SV,GR,fauna,2014,1,0
SV,GR,fauna,2015,2,0
SV,GR,fauna,2016,2,0
SV,GR,fauna,2022,2,0
SV,GT,fauna,1991,11,0
SV,GT,fauna,1992,8,0
SV,GT,fauna,1996,1,0
SV,GT,fauna,1997,15,0
SV,GT,fauna,1998,6,0
SV,GT,fauna,1999,7,0
SV,GT,fauna,2000,8,0
SV,GT,fauna,2001,21,0
SV,GT,fauna,2002,23,0
SV,GT,fauna,2003,3,0
SV,GT,fauna,2004,11,0
SV,GT,fauna,2007,1,0
SV,GT,fauna,2008,2,0
SV,GT,fauna,2009,4,0
SV,GT,fauna,2010,4,0
SV,GT,fauna,2011,8,0
SV,GT,fauna,2012,2,0
SV,GT,fauna,2015,2,0
SV,GT,fauna,2016,4,0
SV,GT,fauna,2018,2,2
SV,GT,fauna,2021,1,1
SV,GT,fauna,2022,5,0
SV,GT,fauna,2023,10,0
SV,GT,flora,2014,1,0
SV,HK,fauna,2005,8,0
SV,HK,fauna,2006,25,0
SV,HK,fauna,2007,34,0
SV,HK,fauna,2008,14,0
SV,HK,fauna,2009,33,0
SV,HK,fauna,2010,21,0
SV,HK,fauna,2011,51,0
SV,HK,fauna,2012,63,0
SV,HK,fauna,2013,45,0
SV,HK,fauna,2014,127,0
SV,HK,fauna,2015,149,0
SV,HK,fauna,2016,164,0
SV,HK,fauna,2017,92,0
SV,HK,fauna,2018,123,0
SV,HK,fauna,2019,167,0
SV,HK,fauna,2020,81,0
SV,HK,fauna,2021,41,0
SV,HK,fauna,2022,27,0
SV,HK,fauna,2023,66,0
SV,HK,fauna,2024,27,0
SV,HK,flora,2014,1,0
SV,HN,fauna,1992,1,0
SV,HN,fauna,1996,2,0
SV,HN,fauna,1998,1,0
SV,HN,fauna,1999,3,0
SV,HN,fauna,2000,2,0
SV,HN,fauna,2001,3,0
SV,HN,fauna,2003,2,0
SV,HN,fauna,2007,2,0
SV,HN,fauna,2010,9,0
SV,HN,fauna,2012,1,0
SV,HN,fauna,2013,4,0
SV,HN,flora,2014,4,0
SV,HN,flora,2021,10,0
SV,HN,flora,2022,8,0
SV,HN,flora,2023,5,0
SV,HU,fauna,2006,1,0
SV,HU,fauna,2007,1,0
SV,HU,fauna,2010,4,0
SV,HU,fauna,2011,5,0
SV,HU,fauna,2012,1,0
SV,ID,fauna,1996,5,0
SV,ID,fauna,2006,1,0
SV,ID,fauna,2007,1,0
SV,ID,fauna,2009,3,0
SV,ID,fauna,2010,1,0
SV,ID,fauna,2011,2,0
SV,ID,fauna,2012,9,0
SV,ID,fauna,2014,14,0
SV,ID,fauna,2015,13,0
SV,ID,fauna,2016,7,0
SV,ID,fauna,2021,8,0
SV,ID,fauna,2022,6,0
SV,ID,fauna,2023,3,0
SV,IE,fauna,2008,1,0
SV,IL,fauna,1996,1,0
SV,IL,fauna,1997,4,0
SV,IL,fauna,1998,3,0
SV,IL,fauna,1999,1,0
SV,IL,fauna,2000,5,0
SV,IL,fauna,2001,5,0
SV,IL,fauna,2002,1,0
SV,IT,fauna,1984,1,1
SV,IT,fauna,1985,1,0
SV,IT,fauna,1997,5,0
SV,IT,fauna,1998,6,0
SV,IT,fauna,1999,2,0
SV,IT,fauna,2000,42,0
SV,IT,fauna,2001,31,0
SV,IT,fauna,2002,67,0
SV,IT,fauna,2003,73,0
SV,IT,fauna,2004,55,0
SV,IT,fauna,2005,22,0
SV,IT,fauna,2006,43,0
SV,IT,fauna,2007,35,0
SV,IT,fauna,2008,7,0
SV,IT,fauna,2009,22,0
SV,IT,fauna,2010,20,0
SV,IT,fauna,2011,23,0
SV,IT,fauna,2012,19,0
SV,IT,fauna,2013,9,0
SV,IT,fauna,2014,35,0
SV,IT,fauna,2015,22,0
SV,IT,fauna,2016,19,0
SV,IT,fauna,2017,17,0
SV,IT,fauna,2018,30,0
SV,IT,fauna,2019,24,0
SV,IT,fauna,2020,23,0
SV,IT,fauna,2021,23,0
SV,IT,fauna,2022,24,0
SV,IT,fauna,2023,38,0
SV,IT,fauna,2024,11,0
SV,IT,flora,2016,3,0
SV,JO,fauna,2003,2,0
SV,JO,fauna,2004,1,0
SV,JO,fauna,2005,1,0
SV,JO,fauna,2006,1,0
SV,JO,fauna,2007,1,0
SV,JO,fauna,2009,1,0
SV,JO,fauna,2012,1,0
SV,JO,fauna,2022,1,0
SV,JP,fauna,1983,1,0
SV,JP,fauna,1985,5,0
SV,JP,fauna,1986,7,0
SV,JP,fauna,1990,1,0
SV,JP,fauna,1991,24,0
SV,JP,fauna,1992,19,0
SV,JP,fauna,1993,21,0
SV,JP,fauna,1994,9,0
SV,JP,fauna,1995,20,0
SV,JP,fauna,1996,10,0
SV,JP,fauna,1997,10,0
SV,JP,fauna,1998,4,0
SV,JP,fauna,1999,6,0
SV,JP,fauna,2000,14,0
SV,JP,fauna,2002,19,0
SV,JP,fauna,2003,16,0
SV,JP,fauna,2004,4,0
SV,JP,fauna,2006,18,0
SV,JP,fauna,2007,9,0
SV,JP,fauna,2008,5,0
SV,JP,fauna,2009,6,0
SV,JP,fauna,2010,6,0
SV,JP,fauna,2011,6,0
SV,JP,fauna,2012,4,0
SV,JP,fauna,2013,3,0
SV,JP,fauna,2014,22,0
SV,JP,fauna,2015,22,0
SV,JP,fauna,2016,11,0
SV,JP,fauna,2017,8,0
SV,JP,fauna,2018,8,0
SV,JP,fauna,2019,8,0
SV,JP,fauna,2020,10,0
SV,JP,fauna,2021,10,0
SV,JP,fauna,2022,15,0
SV,JP,fauna,2023,32,0
SV,JP,fauna,2024,7,0
SV,KH,fauna,2014,1,0
SV,KP,fauna,2010,2,0
SV,KR,fauna,1997,15,0
SV,KR,fauna,1998,20,0
SV,KR,fauna,1999,13,0
SV,KR,fauna,2000,26,0
SV,KR,fauna,2001,32,0
SV,KR,fauna,2002,42,0
SV,KR,fauna,2003,33,0
SV,KR,fauna,2004,29,0
SV,KR,fauna,2005,5,0
SV,KR,fauna,2006,15,0
SV,KR,fauna,2007,12,0
SV,KR,fauna,2008,9,0
SV,KR,fauna,2009,22,0
SV,KR,fauna,2010,22,0
SV,KR,fauna,2011,17,0
SV,KR,fauna,2012,14,0
SV,KR,fauna,2013,6,0
SV,KR,fauna,2014,11,0
SV,KR,fauna,2015,2,0
SV,KR,fauna,2018,1,0
SV,KR,fauna,2022,5,0
SV,KR,fauna,2023,4,0
SV,KW,fauna,1998,1,0
SV,KW,fauna,2000,2,0
SV,KW,fauna,2003,4,0
SV,KW,fauna,2014,1,0
SV,KW,fauna,2015,5,0
SV,KW,fauna,2016,6,0
SV,KW,fauna,2017,3,0
SV,KW,fauna,2018,1,0
SV,KW,fauna,2019,8,0
SV,KW,fauna,2020,3,0
SV,KW,fauna,2021,3,0
SV,KW,fauna,2022,5,0
SV,KW,fauna,2023,3,0
SV,KW,fauna,2024,1,0
SV,LA,fauna,2015,1,0
SV,LB,fauna,2004,1,0
SV,LB,fauna,2019,1,0
SV,LR,fauna,2018,1,0
SV,MA,fauna,2023,1,0
SV,MO,fauna,2023,3,0
SV,MO,fauna,2024,2,0
SV,MX,fauna,1995,5,0
SV,MX,fauna,1996,2,0
SV,MX,fauna,1997,12,0
SV,MX,fauna,1998,10,0
SV,MX,fauna,1999,11,0
SV,MX,fauna,2000,21,0
SV,MX,fauna,2001,32,0
SV,MX,fauna,2002,33,0
SV,MX,fauna,2003,69,0
SV,MX,fauna,2004,121,0
SV,MX,fauna,2005,152,0
SV,MX,fauna,2006,217,0
SV,MX,fauna,2007,289,0
SV,MX,fauna,2008,112,0
SV,MX,fauna,2009,204,0
SV,MX,fauna,2010,213,0
SV,MX,fauna,2011,143,0
SV,MX,fauna,2012,94,0
SV,MX,fauna,2013,58,0
SV,MX,fauna,2014,40,0
SV,MX,fauna,2015,32,0
SV,MX,fauna,2016,21,0
SV,MX,fauna,2017,7,0
SV,MX,fauna,2018,3,0
SV,MX,fauna,2019,5,0
SV,MX,fauna,2021,10,0
SV,MX,fauna,2022,1,0
SV,MX,fauna,2023,5,0
SV,MX,fauna,2024,5,0
SV,MX,flora,2016,3,0
SV,MY,fauna,1996,1,0
SV,MY,fauna,1997,2,0
SV,MY,fauna,1998,3,0
SV,MY,fauna,1999,7,0
SV,MY,fauna,2000,14,0
SV,MY,fauna,2001,5,0
SV,MY,fauna,2002,12,0
SV,MY,fauna,2003,15,0
SV,MY,fauna,2004,35,0
SV,MY,fauna,2005,4,0
SV,MY,fauna,2006,16,0
SV,MY,fauna,2007,5,0
SV,MY,fauna,2008,5,0
SV,MY,fauna,2009,11,0
SV,MY,fauna,2010,9,0
SV,MY,fauna,2011,4,0
SV,MY,fauna,2012,6,0
SV,MY,fauna,2013,2,0
SV,MY,fauna,2014,5,0
SV,MY,fauna,2016,4,0
SV,MY,fauna,2017,4,0
SV,MY,fauna,2018,4,0
SV,MY,fauna,2019,2,0
SV,MY,fauna,2021,8,0
SV,MY,fauna,2022,5,0
SV,MY,fauna,2023,2,0
SV,MZ,fauna,2004,1,0
SV,NI,fauna,1996,6,0
SV,NI,fauna,2005,2,0
SV,NI,fauna,2007,1,0
SV,NI,fauna,2008,1,0
SV,NI,fauna,2011,4,0
SV,NI,fauna,2015,1,0
SV,NL,fauna,1995,6,0
SV,NL,fauna,1997,9,0
SV,NL,fauna,1998,5,0
SV,NL,fauna,1999,10,0
SV,NL,fauna,2000,3,0
SV,NL,fauna,2001,10,0
SV,NL,fauna,2002,2,0
SV,NL,fauna,2003,13,0
SV,NL,fauna,2004,3,0
SV,NL,fauna,2006,4,0
SV,NL,fauna,2007,3,0
SV,NL,fauna,2008,2,0
SV,NL,fauna,2009,10,0
SV,NL,fauna,2010,10,0
SV,NL,fauna,2011,4,0
SV,NL,fauna,2012,4,0
SV,NL,fauna,2013,2,0
SV,NL,fauna,2014,11,0
SV,NL,fauna,2015,4,0
SV,NL,fauna,2016,5,0
SV,NL,fauna,2017,3,0
SV,NL,fauna,2018,2,0
SV,NL,fauna,2022,4,0
SV,NL,flora,2009,6,0
SV,NL,flora,2010,7,0
SV,NL,flora,2011,5,0
SV,NL,flora,2012,5,0
SV,OM,fauna,2014,6,0
SV,OM,fauna,2015,2,0
SV,PA,fauna,1983,1,0
SV,PA,fauna,1984,1,0
SV,PA,fauna,1985,1,0
SV,PA,fauna,1986,1,0
SV,PA,fauna,2011,2,0
SV,PA,fauna,2014,1,0
SV,PA,fauna,2016,16,0
SV,PA,fauna,2017,2,0
SV,PA,fauna,2018,1,0
SV,PA,fauna,2019,5,0
SV,PA,fauna,2021,2,0
SV,PA,fauna,2022,6,0
SV,PA,fauna,2023,25,0
SV,PA,fauna,2024,8,0
SV,PA,fauna,2025,4,0
SV,PA,flora,1990,1,0
SV,PE,fauna,2006,2,0
SV,PE,fauna,2012,4,0
SV,PE,fauna,2013,2,0
SV,PE,fauna,2014,6,0
SV,PE,fauna,2015,18,0
SV,PE,fauna,2016,22,0
SV,PE,fauna,2017,9,0
SV,PE,fauna,2018,3,0
SV,PE,fauna,2019,8,0
SV,PE,fauna,2020,2,0
SV,PH,fauna,1998,1,0
SV,PH,fauna,2000,1,0
SV,PH,fauna,2015,2,0
SV,PL,fauna,1996,1,0
SV,PL,fauna,2000,3,0
SV,PL,fauna,2001,3,0
SV,PL,fauna,2002,6,0
SV,PL,fauna,2003,13,0
SV,PL,fauna,2004,2,0
SV,PL,fauna,2006,2,0
SV,PL,fauna,2007,2,0
SV,PL,fauna,2008,1,0
SV,PL,fauna,2009,2,0
SV,PL,fauna,2022,1,0
SV,PR,fauna,1993,1,0
SV,PT,fauna,1995,2,0
SV,PT,fauna,1996,7,0
SV,PT,fauna,1997,5,0
SV,PT,fauna,1998,6,0
SV,PT,fauna,1999,4,0
SV,PT,fauna,2000,2,0
SV,PT,fauna,2001,12,0
SV,PT,fauna,2002,4,0
SV,PT,fauna,2003,8,0
SV,PT,fauna,2004,8,0
SV,PT,fauna,2005,11,0
SV,PT,fauna,2006,12,0
SV,PT,fauna,2007,14,0
SV,PT,fauna,2008,5,1
SV,PT,fauna,2009,9,0
SV,PT,fauna,2010,4,0
SV,PT,fauna,2011,2,0
SV,QA,fauna,2005,1,0
SV,QA,fauna,2013,1,0
SV,QA,fauna,2019,4,0
SV,QA,fauna,2022,1,0
SV,QA,fauna,2024,1,0
SV,RO,fauna,2000,1,0
SV,RO,fauna,2002,1,0
SV,RO,fauna,2004,1,0
SV,RO,fauna,2007,2,0
SV,RS,fauna,2007,1,0
SV,RS,fauna,2009,1,0
SV,RS,fauna,2019,1,0
SV,RU,fauna,2000,2,0
SV,RU,fauna,2001,3,0
SV,RU,fauna,2002,1,0
SV,RU,fauna,2003,2,0
SV,RU,fauna,2004,1,0
SV,RU,fauna,2005,5,0
SV,RU,fauna,2006,3,0
SV,RU,fauna,2007,6,0
SV,RU,fauna,2009,4,0
SV,RU,fauna,2010,8,0
SV,RU,fauna,2011,4,0
SV,RU,fauna,2012,5,0
SV,RU,fauna,2014,1,0
SV,RU,fauna,2018,1,0
SV,SA,fauna,2016,4,0
SV,SA,fauna,2019,1,0
SV,SA,fauna,2020,1,0
SV,SA,fauna,2023,1,0
SV,SE,fauna,1996,2,0
SV,SE,fauna,1997,7,0
SV,SE,fauna,1998,2,0
SV,SE,fauna,2000,3,0
SV,SE,fauna,2001,1,0
SV,SE,fauna,2002,4,0
SV,SE,fauna,2003,2,0
SV,SE,fauna,2004,3,0
SV,SE,fauna,2005,1,0
SV,SE,fauna,2006,2,0
SV,SE,fauna,2007,3,0
SV,SE,fauna,2008,1,0
SV,SE,fauna,2009,2,0
SV,SE,fauna,2010,2,0
SV,SG,fauna,1998,4,0
SV,SG,fauna,2004,1,0
SV,SI,fauna,2000,3,0
SV,SK,fauna,1997,2,0
SV,SK,fauna,1998,1,0
SV,SK,fauna,2002,3,0
SV,SK,fauna,2015,2,0
SV,SK,fauna,2016,2,0
SV,SU,fauna,2014,1,0
SV,SU,fauna,2016,1,0
SV,TH,fauna,1995,1,0
SV,TH,fauna,1996,15,0
SV,TH,fauna,1997,2,0
SV,TH,fauna,2001,1,0
SV,TH,fauna,2006,5,0
SV,TH,fauna,2014,8,0
SV,TH,fauna,2015,2,0
SV,TH,fauna,2017,1,0
SV,TH,fauna,2019,1,0
SV,TR,fauna,2002,4,0
SV,TR,fauna,2003,9,0
SV,TR,fauna,2004,6,0
SV,TR,fauna,2005,6,0
SV,TR,fauna,2006,10,0
SV,TR,fauna,2007,11,0
SV,TR,fauna,2008,7,0
SV,TR,fauna,2009,21,0
SV,TR,fauna,2010,19,0
SV,TR,fauna,2011,9,0
SV,TR,fauna,2012,6,0
SV,TR,fauna,2013,1,0
SV,TR,fauna,2014,9,0
SV,TR,fauna,2015,4,0
SV,TR,fauna,2016,6,0
SV,TR,fauna,2017,9,0
SV,TR,fauna,2018,8,0
SV,TR,fauna,2019,5,0
SV,TR,fauna,2020,3,0
SV,TR,fauna,2022,4,0
SV,TR,fauna,2023,8,0
SV,TR,fauna,2024,1,0
SV,TR,fauna,2025,1,0
SV,TW,fauna,1991,2,0
SV,TW,fauna,2001,1,0
SV,TW,fauna,2002,8,0
SV,TW,fauna,2004,10,0
SV,TW,fauna,2005,3,0
SV,TW,fauna,2006,4,0
SV,TW,fauna,2007,7,0
SV,TW,fauna,2009,4,0
SV,TW,fauna,2010,3,0
SV,TW,fauna,2011,2,0
SV,TW,fauna,2012,3,0
SV,TW,fauna,2014,16,0
SV,TW,fauna,2015,12,0
SV,TW,fauna,2016,3,0
SV,TW,fauna,2017,5,0
SV,TW,fauna,2018,5,0
SV,TW,fauna,2020,7,0
SV,TW,fauna,2021,8,0
SV,TW,fauna,2022,9,0
SV,TW,fauna,2023,21,0
SV,TW,flora,2014,7,0
SV,TW,flora,2015,4,0
SV,TW,flora,2016,2,0
SV,TW,flora,2017,1,0
SV,TW,flora,2018,1,0
SV,UA,fauna,2003,1,0
SV,UA,fauna,2004,1,0
SV,UA,fauna,2006,2,0
SV,UA,fauna,2007,8,0
SV,UA,fauna,2010,3,0
SV,US,fauna,1978,11,0
SV,US,fauna,1979,5,0
SV,US,fauna,1980,10,0
SV,US,fauna,1981,17,0
SV,US,fauna,1982,62,10
SV,US,fauna,1983,86,14
SV,US,fauna,1984,102,3
SV,US,fauna,1985,144,30
SV,US,fauna,1986,36,4
SV,US,fauna,1987,37,6
SV,US,fauna,1988,15,3
SV,US,fauna,1989,30,9
SV,US,fauna,1990,39,25
SV,US,fauna,1991,96,12
SV,US,fauna,1992,192,12
SV,US,fauna,1993,483,16
SV,US,fauna,1994,180,33
SV,US,fauna,1995,465,31
SV,US,fauna,1996,344,14
SV,US,fauna,1997,371,11
SV,US,fauna,1998,283,12
SV,US,fauna,1999,339,25
SV,US,fauna,2000,279,28
SV,US,fauna,2001,240,19
SV,US,fauna,2002,389,25
SV,US,fauna,2003,408,22
SV,US,fauna,2004,708,34
SV,US,fauna,2005,343,34
SV,US,fauna,2006,427,36
SV,US,fauna,2007,323,23
SV,US,fauna,2008,164,65
SV,US,fauna,2009,232,56
SV,US,fauna,2010,205,26
SV,US,fauna,2011,184,59
SV,US,fauna,2012,199,23
SV,US,fauna,2013,100,19
SV,US,fauna,2014,143,18
SV,US,fauna,2015,197,18
SV,US,fauna,2016,160,11
SV,US,fauna,2017,216,9
SV,US,fauna,2018,160,6
SV,US,fauna,2019,224,9
SV,US,fauna,2020,214,11
SV,US,fauna,2021,404,20
SV,US,fauna,2022,352,29
SV,US,fauna,2023,250,26
SV,US,fauna,2024,43,0
SV,US,flora,1978,1,0
SV,US,flora,1979,7,0
SV,US,flora,1980,21,0
SV,US,flora,1981,1,0
SV,US,flora,1982,11,0
SV,US,flora,1984,2,2
SV,US,flora,1987,5,4
SV,US,flora,1988,3,3
SV,US,flora,1990,3,3
SV,US,flora,1991,3,3
SV,US,flora,1992,8,8
SV,US,flora,1993,40,8
SV,US,flora,1994,1,1
SV,US,flora,1995,7,7
SV,US,flora,1996,1,1
SV,US,flora,1998,2,2
SV,US,flora,2000,1,1
SV,US,flora,2001,4,4
SV,US,flora,2003,6,3
SV,US,flora,2004,2,2
SV,US,flora,2007,5,0
SV,US,flora,2009,1,1
SV,US,flora,2012,2,0
SV,US,flora,2013,1,0
SV,US,flora,2014,2,0
SV,US,flora,2015,1,0
SV,UY,fauna,1998,1,0
SV,UY,fauna,2009,1,0
SV,VE,flora,2007,1,0
SV,VN,flora,2015,1,0
SV,VN,flora,2016,2,0
SV,VN,flora,2017,1,0
SV,XX,fauna,2010,14,0
SV,XX,fauna,2012,1,0
SV,XX,fauna,2014,2,0
SV,XX,fauna,2021,2,0
SV,XX,flora,2010,7,0
SV,ZA,fauna,1997,1,0
SV,ZA,fauna,1998,3,0
SV,ZA,fauna,1999,5,0
SV,ZA,fauna,2000,2,0
SV,ZA,fauna,2005,1,0
SX,BB,fauna,2014,1,0
SX,KN,fauna,2023,5,0
SX,KN,fauna,2024,7,0
SY,JM,fauna,2006,1,0
TC,AR,fauna,2008,1,0
TC,BB,fauna,2007,1,0
TC,BB,fauna,2009,1,0
TC,BS,fauna,2005,2,0
TC,BS,fauna,2008,14,0
TC,BS,fauna,2009,3,0
TC,DO,fauna,2005,1,0
TC,DO,fauna,2008,2,0
TC,HT,fauna,2008,25,0
TC,HT,fauna,2009,10,0
TC,JM,fauna,2008,1,0
TC,VC,fauna,2008,1,0
TD,AR,fauna,2002,1,0
TD,MX,fauna,1999,8,0
TD,MX,fauna,2000,2,0
TD,PA,fauna,2014,1,0
TD,PA,fauna,2015,1,0
TG,AR,fauna,1996,6,0
TG,AR,fauna,2004,8,0
TG,AR,fauna,2012,1,0
TG,AR,fauna,2013,16,0
TG,AR,fauna,2016,4,0
TG,AR,fauna,2017,10,0
TG,AR,fauna,2018,4,0
TG,AR,fauna,2019,2,0
TG,AR,fauna,2021,7,0
TG,BR,fauna,2024,5,1
TG,CL,fauna,2019,1,0
TG,CO,fauna,2009,1,0
TG,CR,fauna,2008,8,0
TG,CR,fauna,2014,1,0
TG,GT,fauna,2009,1,0
TG,GT,fauna,2017,2,0
TG,GT,fauna,2022,2,0
TG,MX,fauna,2019,3,0
TG,MX,fauna,2022,3,0
TG,MX,fauna,2023,3,0
TG,PA,fauna,2010,1,0
TG,PA,fauna,2013,1,0
TG,PA,fauna,2014,1,0
TH,AG,flora,1992,9,0
TH,AG,flora,1996,1,0
TH,AG,flora,1999,9,0
TH,AG,flora,2000,12,0
TH,AG,flora,2001,7,0
TH,AG,flora,2002,208,0
TH,AG,flora,2003,127,0
TH,AG,flora,2004,38,0
TH,AG,flora,2005,63,0
TH,AG,flora,2006,76,0
TH,AG,flora,2007,18,0
TH,AG,flora,2009,107,0
TH,AG,flora,2011,48,0
TH,AG,flora,2012,53,0
TH,AG,flora,2013,23,0
TH,AG,flora,2014,66,0
TH,AG,flora,2015,46,0
TH,AG,flora,2016,86,0
TH,AG,flora,2017,138,0
TH,AG,flora,2018,88,0
TH,AG,flora,2019,83,0
TH,AG,flora,2020,40,0
TH,AG,flora,2021,90,0
TH,AG,flora,2022,68,0
TH,AG,flora,2023,67,0
TH,AG,flora,2024,65,0
TH,AR,fauna,2008,2,0
TH,AR,fauna,2010,1,0
TH,AR,fauna,2011,1,0
TH,AR,fauna,2012,1,0
TH,AR,fauna,2013,1,0
TH,AR,fauna,2014,6,0
TH,AR,fauna,2015,1,0
TH,AR,fauna,2016,2,0
TH,AR,fauna,2017,2,0
TH,AR,fauna,2018,7,0
TH,AR,fauna,2019,2,0
TH,AR,fauna,2023,3,0
TH,AR,flora,1991,57,0
TH,AR,flora,1992,24,0
TH,AR,flora,1994,77,0
TH,AR,flora,1995,60,0
TH,AR,flora,1997,23,0
TH,AR,flora,1998,12,0
TH,AR,flora,1999,28,0
TH,AR,flora,2001,5,0
TH,AR,flora,2004,13,0
TH,AR,flora,2005,10,0
TH,AR,flora,2006,1,0
TH,AR,flora,2007,7,0
TH,AR,flora,2009,49,0
TH,AR,flora,2011,58,0
TH,AR,flora,2012,137,0
TH,AR,flora,2013,64,0
TH,AR,flora,2014,21,0
TH,AR,flora,2015,40,0
TH,AR,flora,2017,7,0
TH,AR,flora,2018,5,0
TH,AR,flora,2019,17,0
TH,AR,flora,2023,1,0
TH,BB,fauna,2014,1,0
TH,BB,flora,1991,33,0
TH,BB,flora,1994,5,0
TH,BB,flora,1995,10,0
TH,BB,flora,1996,12,0
TH,BB,flora,1998,5,0
TH,BB,flora,1999,1,0
TH,BB,flora,2000,5,0
TH,BB,flora,2001,2,0
TH,BB,flora,2002,95,0
TH,BB,flora,2003,139,0
TH,BB,flora,2004,108,0
TH,BB,flora,2005,87,0
TH,BB,flora,2006,108,0
TH,BB,flora,2007,1,0
TH,BB,flora,2009,73,0
TH,BB,flora,2011,79,0
TH,BB,flora,2012,46,0
TH,BB,flora,2013,35,0
TH,BB,flora,2014,35,0
TH,BB,flora,2015,50,0
TH,BB,flora,2016,28,0
TH,BB,flora,2017,33,0
TH,BB,flora,2018,47,0
TH,BB,flora,2019,24,0
TH,BB,flora,2020,4,0
TH,BB,flora,2021,47,0
TH,BB,flora,2022,30,0
TH,BB,flora,2023,12,0
TH,BB,flora,2024,33,0
TH,BO,flora,2002,1,0
TH,BO,flora,2012,3,0
TH,BO,flora,2013,6,0
TH,BO,flora,2014,2,0
TH,BO,flora,2019,3,0
TH,BR,fauna,1985,10,0
TH,BR,fauna,1986,5,0
TH,BR,fauna,1999,2,0
TH,BR,fauna,2003,1,0
TH,BR,fauna,2005,1,0
TH,BR,fauna,2006,3,0
TH,BR,fauna,2007,3,0
TH,BR,fauna,2008,2,0
TH,BR,fauna,2009,2,0
TH,BR,fauna,2010,5,0
TH,BR,fauna,2011,11,0
TH,BR,fauna,2012,18,0
TH,BR,fauna,2013,9,0
TH,BR,fauna,2014,7,0
TH,BR,fauna,2015,6,0
TH,BR,fauna,2016,1,0
TH,BR,fauna,2017,6,0
TH,BR,fauna,2018,4,0
TH,BR,fauna,2019,2,0
TH,BR,fauna,2022,3,0
TH,BR,fauna,2023,1,0
TH,BR,fauna,2024,3,0
TH,BR,flora,1991,93,0
TH,BR,flora,1992,42,0
TH,BR,flora,1993,77,0
TH,BR,flora,1994,95,0
TH,BR,flora,1995,166,0
TH,BR,flora,1996,211,0
TH,BR,flora,1997,21,0
TH,BR,flora,1998,27,0
TH,BR,flora,1999,3,0
TH,BR,flora,2000,24,0
TH,BR,flora,2001,3,0
TH,BR,flora,2002,30,0
TH,BR,flora,2003,20,0
TH,BR,flora,2004,22,0
TH,BR,flora,2005,43,0
TH,BR,flora,2006,60,0
TH,BR,flora,2007,81,0
TH,BR,flora,2008,15,0
TH,BR,flora,2009,191,0
TH,BR,flora,2010,9,0
TH,BR,flora,2011,204,0
TH,BR,flora,2012,214,0
TH,BR,flora,2013,219,0
TH,BR,flora,2014,281,0
TH,BR,flora,2015,196,0
TH,BR,flora,2016,158,0
TH,BR,flora,2017,249,0
TH,BR,flora,2018,298,0
TH,BR,flora,2019,201,0
TH,BR,flora,2020,186,0
TH,BR,flora,2021,96,0
TH,BR,flora,2022,133,0
TH,BR,flora,2023,90,0
TH,BR,flora,2024,81,0
TH,BS,flora,1988,1,0
TH,BS,flora,1994,4,0
TH,BS,flora,1996,13,0
TH,BS,flora,1998,23,0
TH,BS,flora,1999,17,0
TH,BS,flora,2000,81,0
TH,BS,flora,2001,26,0
TH,BS,flora,2002,32,0
TH,BS,flora,2003,22,0
TH,BS,flora,2004,63,0
TH,BS,flora,2005,30,0
TH,BS,flora,2006,52,0
TH,BS,flora,2007,30,0
TH,BS,flora,2008,4,0
TH,BS,flora,2009,45,0
TH,BS,flora,2010,20,0
TH,BS,flora,2011,32,0
TH,BS,flora,2012,30,0
TH,BS,flora,2013,29,0
TH,BS,flora,2014,10,0
TH,BS,flora,2015,1,0
TH,BS,flora,2016,19,0
TH,BS,flora,2017,32,0
TH,BS,flora,2018,42,0
TH,BS,flora,2019,10,0
TH,BS,flora,2020,2,0
TH,BS,flora,2021,1,0
TH,BS,flora,2022,60,0
TH,BS,flora,2023,72,0
TH,BS,flora,2024,33,0
TH,BZ,fauna,2004,1,0
TH,BZ,fauna,2008,1,0
TH,BZ,fauna,2013,3,0
TH,BZ,fauna,2017,4,0
TH,BZ,fauna,2018,1,0
TH,BZ,flora,2002,8,0
TH,BZ,flora,2003,7,0
TH,BZ,flora,2004,23,0
TH,BZ,flora,2005,15,0
TH,BZ,flora,2006,8,0
TH,BZ,flora,2007,1,0
TH,BZ,flora,2009,2,0
TH,BZ,flora,2011,3,0
TH,BZ,flora,2014,8,0
TH,BZ,flora,2016,1,0
TH,BZ,flora,2019,4,0
TH,CL,fauna,2001,5,0
TH,CL,fauna,2002,6,0
TH,CL,fauna,2004,1,0
TH,CL,fauna,2006,1,0
TH,CL,fauna,2008,1,0
TH,CL,fauna,2009,3,0
TH,CL,fauna,2010,4,0
TH,CL,fauna,2011,3,0
TH,CL,fauna,2013,2,0
TH,CL,fauna,2014,1,0
TH,CL,fauna,2017,3,0
TH,CL,fauna,2019,1,0
TH,CL,fauna,2020,1,0
TH,CL,fauna,2021,4,0
TH,CL,fauna,2022,6,0
TH,CL,flora,2002,1,0
TH,CL,flora,2005,6,0
TH,CL,flora,2011,19,0
TH,CL,flora,2012,25,0
TH,CL,flora,2013,15,0
TH,CL,flora,2014,29,0
TH,CL,flora,2015,19,0
TH,CL,flora,2016,1,0
TH,CL,flora,2018,9,0
TH,CL,flora,2019,13,0
TH,CL,flora,2020,4,0
TH,CL,flora,2022,2,0
TH,CL,flora,2024,7,0
TH,CO,fauna,2001,2,0
TH,CO,fauna,2005,2,0
TH,CO,fauna,2006,9,0
TH,CO,fauna,2007,12,0
TH,CO,fauna,2008,16,0
TH,CO,fauna,2009,1,0
TH,CO,fauna,2010,12,0
TH,CO,fauna,2011,14,0
TH,CO,fauna,2012,6,0
TH,CO,fauna,2013,22,0
TH,CO,fauna,2014,4,0
TH,CO,fauna,2015,1,0
TH,CO,fauna,2016,17,0
TH,CO,fauna,2017,1,0
TH,CO,fauna,2018,3,0
TH,CO,fauna,2019,2,0
TH,CO,fauna,2024,6,0
TH,CO,flora,1991,2,0
TH,CO,flora,1992,5,0
TH,CO,flora,1993,1,0
TH,CO,flora,1994,5,0
TH,CO,flora,1996,2,0
TH,CO,flora,1997,8,0
TH,CO,flora,2000,4,0
TH,CO,flora,2002,33,0
TH,CO,flora,2003,7,0
TH,CO,flora,2004,15,0
TH,CO,flora,2005,2,0
TH,CO,flora,2006,6,0
TH,CO,flora,2009,27,0
TH,CO,flora,2011,100,0
TH,CO,flora,2012,36,0
TH,CO,flora,2013,15,0
TH,CO,flora,2014,5,0
TH,CO,flora,2015,7,0
TH,CO,flora,2016,12,0
TH,CO,flora,2017,17,0
TH,CO,flora,2018,16,0
TH,CO,flora,2019,25,0
TH,CO,flora,2020,9,0
TH,CO,flora,2021,11,0
TH,CO,flora,2022,42,0
TH,CO,flora,2023,15,0
TH,CO,flora,2024,16,0
TH,CR,fauna,2018,1,0
TH,CR,flora,1991,16,0
TH,CR,flora,1992,14,0
TH,CR,flora,1993,6,0
TH,CR,flora,1994,126,0
TH,CR,flora,1995,37,0
TH,CR,flora,1996,44,0
TH,CR,flora,1998,3,0
TH,CR,flora,2001,1,0
TH,CR,flora,2003,1,0
TH,CR,flora,2004,6,0
TH,CR,flora,2005,16,0
TH,CR,flora,2006,5,0
TH,CR,flora,2009,11,0
TH,CR,flora,2011,31,0
TH,CR,flora,2012,86,0
TH,CR,flora,2013,97,0
TH,CR,flora,2014,58,0
TH,CR,flora,2015,10,0
TH,CR,flora,2016,30,0
TH,CR,flora,2017,81,0
TH,CR,flora,2018,13,0
TH,CR,flora,2019,13,0
TH,CR,flora,2020,10,0
TH,CR,flora,2021,6,0
TH,CR,flora,2022,24,0
TH,CR,flora,2023,31,0
TH,CR,flora,2024,17,0
TH,CU,fauna,2011,1,0
TH,CU,flora,1991,1,0
TH,CU,flora,2014,10,0
TH,CU,flora,2022,2,0
TH,DM,fauna,2018,2,0
TH,DM,fauna,2023,1,0
TH,DM,flora,1992,22,0
TH,DM,flora,1993,1,0
TH,DM,flora,1995,2,0
TH,DM,flora,2004,1,0
TH,DM,flora,2005,2,0
TH,DM,flora,2009,12,0
TH,DM,flora,2012,1,0
TH,DM,flora,2014,7,0
TH,DM,flora,2015,2,0
TH,DM,flora,2019,12,0
TH,DM,flora,2020,3,0
TH,DM,flora,2021,2,0
TH,DO,fauna,2018,1,0
TH,DO,flora,1990,6,0
TH,DO,flora,1991,11,0
TH,DO,flora,1992,17,0
TH,DO,flora,1993,87,0
TH,DO,flora,1994,36,0
TH,DO,flora,1995,35,0
TH,DO,flora,1996,7,0
TH,DO,flora,1997,1,0
TH,DO,flora,1999,66,0
TH,DO,flora,2000,67,0
TH,DO,flora,2001,55,0
TH,DO,flora,2002,88,0
TH,DO,flora,2003,55,0
TH,DO,flora,2004,87,0
TH,DO,flora,2005,99,0
TH,DO,flora,2006,158,0
TH,DO,flora,2007,142,0
TH,DO,flora,2008,117,0
TH,DO,flora,2009,324,0
TH,DO,flora,2010,284,0
TH,DO,flora,2011,475,0
TH,DO,flora,2012,549,0
TH,DO,flora,2013,345,0
TH,DO,flora,2014,232,0
TH,DO,flora,2015,307,0
TH,DO,flora,2016,358,0
TH,DO,flora,2017,429,0
TH,DO,flora,2018,365,0
TH,DO,flora,2019,296,0
TH,DO,flora,2020,166,0
TH,DO,flora,2021,242,0
TH,DO,flora,2022,160,0
TH,DO,flora,2023,156,0
TH,DO,flora,2024,176,0
TH,EC,fauna,1987,3,0
TH,EC,fauna,2004,1,0
TH,EC,fauna,2008,1,0
TH,EC,fauna,2013,1,0
TH,EC,fauna,2018,1,0
TH,EC,flora,1993,38,0
TH,EC,flora,1994,6,0
TH,EC,flora,1996,11,0
TH,EC,flora,1997,11,0
TH,EC,flora,1998,7,0
TH,EC,flora,2001,4,0
TH,EC,flora,2002,15,0
TH,EC,flora,2004,13,0
TH,EC,flora,2005,14,0
TH,EC,flora,2006,13,0
TH,EC,flora,2009,37,0
TH,EC,flora,2011,13,0
TH,EC,flora,2012,199,0
TH,EC,flora,2013,33,0
TH,EC,flora,2014,3,0
TH,EC,flora,2015,10,0
TH,EC,flora,2016,48,0
TH,EC,flora,2017,19,0
TH,EC,flora,2018,6,0
TH,EC,flora,2019,8,0
TH,EC,flora,2021,1,0
TH,EC,flora,2022,6,0
TH,EC,flora,2023,25,0
TH,EC,flora,2024,9,0
TH,GD,flora,1993,1,0
TH,GD,flora,2003,2,0
TH,GD,flora,2004,17,0
TH,GD,flora,2005,5,0
TH,GD,flora,2006,26,0
TH,GD,flora,2009,26,0
TH,GD,flora,2011,17,0
TH,GD,flora,2012,55,0
TH,GD,flora,2013,24,0
TH,GD,flora,2014,36,0
TH,GD,flora,2015,59,0
TH,GD,flora,2016,46,0
TH,GD,flora,2017,60,0
TH,GD,flora,2018,47,0
TH,GD,flora,2019,41,0
TH,GD,flora,2020,2,0
TH,GD,flora,2021,17,0
TH,GD,flora,2022,47,0
TH,GD,flora,2023,4,0
TH,GD,flora,2024,61,0
TH,GT,fauna,2011,1,0
TH,GT,flora,2002,5,0
TH,GT,flora,2003,20,0
TH,GT,flora,2004,2,0
TH,GT,flora,2005,10,0
TH,GT,flora,2006,7,0
TH,GT,flora,2008,6,0
TH,GT,flora,2009,11,0
TH,GT,flora,2010,8,0
TH,GT,flora,2011,29,0
TH,GT,flora,2012,38,0
TH,GT,flora,2013,61,0
TH,GT,flora,2014,30,0
TH,GT,flora,2015,67,0
TH,GT,flora,2016,12,0
TH,GT,flora,2017,78,0
TH,GT,flora,2018,22,0
TH,GT,flora,2019,70,0
TH,GT,flora,2020,3,0
TH,GT,flora,2021,2,0
TH,GT,flora,2022,1,0
TH,GT,flora,2023,6,0
TH,GT,flora,2024,2,0
TH,GY,flora,2002,11,0
TH,GY,flora,2003,32,0
TH,GY,flora,2004,23,0
TH,GY,flora,2005,4,0
TH,GY,flora,2006,17,0
TH,GY,flora,2007,7,0
TH,GY,flora,2009,46,0
TH,GY,flora,2011,72,0
TH,GY,flora,2012,43,0
TH,GY,flora,2013,16,0
TH,GY,flora,2014,25,0
TH,GY,flora,2015,23,0
TH,GY,flora,2016,2,0
TH,GY,flora,2017,33,0
TH,GY,flora,2018,41,0
TH,GY,flora,2020,6,0
TH,GY,flora,2021,3,0
TH,GY,flora,2023,2,0
TH,HN,fauna,2014,1,0
TH,HN,flora,2002,3,0
TH,HN,flora,2004,4,0
TH,HN,flora,2005,6,0
TH,HN,flora,2006,1,0
TH,HN,flora,2009,4,0
TH,HN,flora,2010,1,0
TH,HN,flora,2024,6,0
TH,HT,fauna,2015,1,0
TH,HT,flora,1995,11,0
TH,HT,flora,1997,5,0
TH,HT,flora,2000,2,0
TH,HT,flora,2001,4,0
TH,HT,flora,2002,37,0
TH,HT,flora,2003,27,0
TH,HT,flora,2004,14,0
TH,HT,flora,2005,13,0
TH,HT,flora,2006,86,0
TH,HT,flora,2007,2,0
TH,HT,flora,2009,81,0
TH,HT,flora,2011,31,0
TH,HT,flora,2012,23,0
TH,HT,flora,2013,41,0
TH,HT,flora,2014,21,0
TH,HT,flora,2015,12,0
TH,HT,flora,2016,24,0
TH,JM,flora,1991,39,0
TH,JM,flora,1992,10,0
TH,JM,flora,1993,17,0
TH,JM,flora,1994,38,0
TH,JM,flora,1995,27,0
TH,JM,flora,1996,21,0
TH,JM,flora,1997,17,0
TH,JM,flora,1998,31,0
TH,JM,flora,1999,11,0
TH,JM,flora,2000,8,0
TH,JM,flora,2001,5,0
TH,JM,flora,2002,172,0
TH,JM,flora,2003,238,0
TH,JM,flora,2004,147,0
TH,JM,flora,2005,190,0
TH,JM,flora,2006,212,0
TH,JM,flora,2007,21,0
TH,JM,flora,2009,148,0
TH,JM,flora,2011,213,0
TH,JM,flora,2012,278,0
TH,JM,flora,2013,179,0
TH,JM,flora,2014,196,0
TH,JM,flora,2015,180,0
TH,JM,flora,2016,241,0
TH,JM,flora,2017,295,0
TH,JM,flora,2018,302,0
TH,JM,flora,2019,227,0
TH,JM,flora,2020,57,0
TH,JM,flora,2021,60,0
TH,JM,flora,2022,80,0
TH,JM,flora,2023,89,0
TH,JM,flora,2024,141,0
TH,KN,fauna,2010,1,0
TH,KN,flora,2006,35,0
TH,KN,flora,2007,5,0
TH,KN,flora,2009,8,0
TH,KN,flora,2015,1,0
TH,KN,flora,2020,2,0
TH,KN,flora,2021,5,0
TH,KN,flora,2023,10,0
TH,KN,flora,2024,9,0
TH,LC,fauna,2014,1,0
TH,LC,fauna,2022,1,0
TH,LC,flora,1996,9,0
TH,LC,flora,1999,33,0
TH,LC,flora,2000,2,0
TH,LC,flora,2003,6,0
TH,LC,flora,2004,32,0
TH,LC,flora,2005,4,0
TH,LC,flora,2006,33,0
TH,LC,flora,2009,7,0
TH,LC,flora,2012,8,0
TH,LC,flora,2013,25,0
TH,LC,flora,2015,8,0
TH,LC,flora,2016,25,0
TH,LC,flora,2017,55,0
TH,LC,flora,2018,17,0
TH,LC,flora,2019,57,0
TH,LC,flora,2021,12,0
TH,LC,flora,2022,5,0
TH,LC,flora,2023,4,0
TH,LC,flora,2024,8,0
TH,MX,fauna,1990,6,0
TH,MX,fauna,1991,2,0
TH,MX,fauna,1992,12,0
TH,MX,fauna,1993,23,0
TH,MX,fauna,1994,21,0
TH,MX,fauna,1995,15,0
TH,MX,fauna,1996,32,0
TH,MX,fauna,1997,29,0
TH,MX,fauna,1998,17,0
TH,MX,fauna,1999,22,0
TH,MX,fauna,2000,35,0
TH,MX,fauna,2001,10,0
TH,MX,fauna,2002,6,0
TH,MX,fauna,2003,8,0
TH,MX,fauna,2004,1,0
TH,MX,fauna,2005,4,0
TH,MX,fauna,2006,21,0
TH,MX,fauna,2007,17,0
TH,MX,fauna,2008,12,0
TH,MX,fauna,2009,6,0
TH,MX,fauna,2010,42,0
TH,MX,fauna,2011,27,0
TH,MX,fauna,2012,11,0
TH,MX,fauna,2013,6,0
TH,MX,fauna,2015,10,0
TH,MX,fauna,2016,21,0
TH,MX,fauna,2017,3,0
TH,MX,fauna,2018,19,0
TH,MX,fauna,2019,30,0
TH,MX,fauna,2020,14,0
TH,MX,fauna,2021,25,0
TH,MX,fauna,2022,56,0
TH,MX,fauna,2023,78,0
TH,MX,fauna,2024,93,0
TH,MX,flora,1991,65,0
TH,MX,flora,1992,16,0
TH,MX,flora,2002,4,0
TH,MX,flora,2003,2,0
TH,MX,flora,2004,13,0
TH,MX,flora,2005,3,0
TH,MX,flora,2007,20,0
TH,MX,flora,2009,2,0
TH,MX,flora,2010,5,0
TH,MX,flora,2011,11,0
TH,MX,flora,2012,9,0
TH,MX,flora,2013,18,0
TH,MX,flora,2014,10,0
TH,MX,flora,2015,17,0
TH,MX,flora,2016,9,0
TH,MX,flora,2017,13,0
TH,MX,flora,2018,15,0
TH,MX,flora,2019,55,0
TH,MX,flora,2020,21,0
TH,MX,flora,2021,38,0
TH,MX,flora,2022,30,0
TH,MX,flora,2023,109,0
TH,MX,flora,2024,55,0
TH,NI,fauna,2012,1,0
TH,NI,flora,1994,8,0
TH,NI,flora,2004,4,0
TH,NI,flora,2022,2,0
TH,PA,fauna,1983,1,0
TH,PA,fauna,1984,1,0
TH,PA,fauna,1985,4,0
TH,PA,fauna,1986,1,0
TH,PA,fauna,2007,2,0
TH,PA,fauna,2008,7,0
TH,PA,fauna,2024,1,0
TH,PA,flora,1986,4,0
TH,PA,flora,1987,10,0
TH,PA,flora,1989,6,0
TH,PA,flora,1990,5,0
TH,PA,flora,1991,4,0
TH,PA,flora,1992,15,0
TH,PA,flora,1993,12,0
TH,PA,flora,1994,29,0
TH,PA,flora,1995,28,0
TH,PA,flora,1996,26,0
TH,PA,flora,1997,8,0
TH,PA,flora,1998,9,0
TH,PA,flora,1999,6,0
TH,PA,flora,2000,10,0
TH,PA,flora,2001,12,0
TH,PA,flora,2002,5,0
TH,PA,flora,2004,8,0
TH,PA,flora,2005,12,0
TH,PA,flora,2006,1,0
TH,PA,flora,2009,6,0
TH,PA,flora,2010,4,0
TH,PA,flora,2011,21,0
TH,PA,flora,2012,9,0
TH,PA,flora,2013,11,0
TH,PA,flora,2014,13,0
TH,PA,flora,2015,3,0
TH,PA,flora,2016,13,0
TH,PA,flora,2017,29,0
TH,PA,flora,2018,5,0
TH,PA,flora,2020,3,0
TH,PA,flora,2021,3,0
TH,PA,flora,2022,13,0
TH,PA,flora,2023,10,0
TH,PA,flora,2024,16,0
TH,PA,flora,2025,8,0
TH,PE,fauna,2007,1,0
TH,PE,fauna,2011,2,0
TH,PE,fauna,2012,5,0
TH,PE,fauna,2013,1,0
TH,PE,fauna,2017,2,0
TH,PE,fauna,2018,4,0
TH,PE,fauna,2019,5,0
TH,PE,fauna,2020,1,0
TH,PE,fauna,2021,3,0
TH,PE,fauna,2024,12,0
TH,PE,flora,2003,3,0
TH,PE,flora,2007,1,0
TH,PE,flora,2009,2,0
TH,PE,flora,2011,1,0
TH,PE,flora,2012,4,0
TH,PE,flora,2013,2,0
TH,PE,flora,2015,1,0
TH,PE,flora,2016,1,0
TH,PE,flora,2017,2,0
TH,PE,flora,2018,4,0
TH,PE,flora,2019,38,0
TH,PE,flora,2020,1,0
TH,PE,flora,2022,10,0
TH,PE,flora,2023,2,0
TH,PY,fauna,2012,1,0
TH,PY,flora,1995,2,0
TH,PY,flora,1996,10,0
TH,PY,flora,1997,2,0
TH,PY,flora,2011,14,0
TH,PY,flora,2012,11,0
TH,PY,flora,2015,1,0
TH,PY,flora,2016,1,0
TH,PY,flora,2017,5,0
TH,PY,flora,2018,8,0
TH,PY,flora,2019,10,0
TH,PY,flora,2022,47,0
TH,PY,flora,2023,28,0
TH,PY,flora,2024,27,0
TH,SR,fauna,1995,1,0
TH,SR,flora,1991,2,0
TH,SR,flora,1996,2,0
TH,SR,flora,1997,3,0
TH,SR,flora,1998,4,0
TH,SR,flora,1999,14,0
TH,SR,flora,2000,3,0
TH,SR,flora,2001,1,0
TH,SR,flora,2002,150,0
TH,SR,flora,2003,134,0
TH,SR,flora,2004,186,0
TH,SR,flora,2005,199,0
TH,SR,flora,2006,215,0
TH,SR,flora,2007,3,0
TH,SR,flora,2009,288,0
TH,SR,flora,2011,166,0
TH,SR,flora,2012,259,0
TH,SR,flora,2013,303,0
TH,SR,flora,2014,356,0
TH,SR,flora,2015,344,0
TH,SR,flora,2016,151,0
TH,SR,flora,2017,290,0
TH,SR,flora,2018,277,0
TH,SR,flora,2019,240,0
TH,SR,flora,2020,135,0
TH,SR,flora,2021,162,0
TH,SR,flora,2022,95,0
TH,SR,flora,2023,105,0
TH,SR,flora,2024,130,0
TH,SV,flora,2001,3,0
TH,SV,flora,2002,3,0
TH,SV,flora,2003,6,0
TH,SV,flora,2005,1,0
TH,SV,flora,2012,49,0
TH,SV,flora,2019,14,0
TH,SV,flora,2023,2,0
TH,TT,flora,1991,12,0
TH,TT,flora,1999,1,0
TH,TT,flora,2000,1,0
TH,TT,flora,2001,7,0
TH,TT,flora,2002,78,0
TH,TT,flora,2003,129,0
TH,TT,flora,2004,269,0
TH,TT,flora,2005,399,0
TH,TT,flora,2006,519,0
TH,TT,flora,2007,147,0
TH,TT,flora,2009,305,0
TH,TT,flora,2011,694,0
TH,TT,flora,2012,710,0
TH,TT,flora,2013,825,0
TH,TT,flora,2014,925,0
TH,TT,flora,2015,775,0
TH,TT,flora,2016,712,0
TH,TT,flora,2017,518,0
TH,TT,flora,2018,502,0
TH,TT,flora,2019,480,0
TH,TT,flora,2020,204,0
TH,TT,flora,2021,329,0
TH,TT,flora,2022,232,0
TH,TT,flora,2023,384,0
TH,TT,flora,2024,223,0
TH,UY,fauna,2012,1,0
TH,UY,fauna,2016,1,0
TH,UY,flora,1994,8,0
TH,UY,flora,1995,5,0
TH,UY,flora,2006,1,0
TH,UY,flora,2009,2,0
TH,UY,flora,2011,4,0
TH,UY,flora,2013,1,0
TH,UY,flora,2016,11,0
TH,UY,flora,2018,11,0
TH,UY,flora,2019,12,0
TH,VC,flora,2001,2,0
TH,VC,flora,2004,3,0
TH,VC,flora,2014,1,0
TH,VC,flora,2019,2,0
TH,VC,flora,2023,8,0
TH,VE,fauna,2004,2,0
TH,VE,fauna,2006,2,0
TH,VE,fauna,2008,1,0
TH,VE,flora,1991,34,0
TH,VE,flora,1992,14,0
TH,VE,flora,1993,22,0
TH,VE,flora,1994,10,0
TH,VE,flora,1995,6,0
TH,VE,flora,1996,1,0
TH,VE,flora,1998,1,0
TH,VE,flora,2000,11,0
TH,VE,flora,2001,5,0
TH,VE,flora,2002,30,0
TH,VE,flora,2004,1,0
TH,VE,flora,2005,16,0
TH,VE,flora,2006,2,0
TH,VE,flora,2007,11,0
TH,VE,flora,2009,48,0
TH,VE,flora,2011,21,0
TH,VE,flora,2012,92,0
TH,VE,flora,2013,18,0
TH,VE,flora,2014,36,0
TH,VE,flora,2018,3,0
TH,VE,flora,2022,2,0
TH,VE,flora,2023,6,0
TH,VE,flora,2024,1,0
TJ,AR,fauna,2016,2,0
TJ,AR,fauna,2022,1,0
TJ,AR,fauna,2023,1,0
TJ,MX,fauna,2001,1,0
TJ,MX,fauna,2006,4,0
TJ,MX,fauna,2007,1,0
TJ,MX,fauna,2011,9,0
TJ,MX,fauna,2012,3,0
TJ,MX,fauna,2013,9,0
TJ,MX,fauna,2014,11,0
TJ,MX,fauna,2015,3,0
TJ,MX,fauna,2016,9,0
TJ,MX,fauna,2017,30,0
TJ,MX,fauna,2018,17,0
TJ,MX,fauna,2019,12,0
TJ,MX,fauna,2020,6,0
TJ,MX,fauna,2021,11,0
TJ,MX,fauna,2022,28,0
TJ,MX,fauna,2023,21,0
TJ,MX,fauna,2024,27,0
TJ,MX,fauna,2025,5,0
TO,AR,fauna,2019,35,0
TO,BR,fauna,2013,18,0
TO,BR,fauna,2016,60,0
TO,BR,fauna,2017,65,0
TO,BR,fauna,2018,30,0
TO,BR,fauna,2019,217,0
TO,BR,fauna,2020,48,0
TO,BR,fauna,2022,40,0
TO,BR,flora,2019,4,0
TO,CR,fauna,2007,2,0
TO,MX,fauna,2019,93,0
TO,MX,fauna,2020,196,0
TO,MX,fauna,2021,67,0
TO,MX,fauna,2022,124,0
TO,MX,fauna,2023,28,0
TO,MX,fauna,2024,132,0
TR,AR,fauna,2009,1,0
TR,AR,fauna,2010,2,0
TR,AR,fauna,2013,3,0
TR,AR,fauna,2016,1,0
TR,AR,fauna,2018,1,0
TR,AR,fauna,2020,1,0
TR,BR,fauna,2001,8,0
TR,BR,fauna,2002,6,0
TR,BR,fauna,2004,2,0
TR,BR,fauna,2022,1,0
TR,CL,fauna,2013,2,0
TR,CO,fauna,2014,2,0
TR,GY,fauna,2013,4,0
TR,JM,fauna,2022,1,0
TR,MX,fauna,2016,29,0
TR,MX,fauna,2017,20,0
TR,MX,fauna,2018,13,0
TR,MX,fauna,2019,4,0
TR,MX,fauna,2021,1,0
TR,MX,fauna,2022,6,0
TR,MX,fauna,2023,16,0
TR,MX,fauna,2024,27,0
TR,MX,fauna,2025,45,0
TT,AE,fauna,2000,1,0
TT,AG,fauna,1989,3,0
TT,AG,fauna,1994,3,0
TT,AG,fauna,1995,3,0
TT,AG,fauna,1996,2,0
TT,AG,fauna,1997,4,0
TT,AG,fauna,1998,1,0
TT,AG,fauna,1999,3,0
TT,AG,fauna,2000,4,0
TT,AG,fauna,2001,1,0
TT,AG,flora,1992,2,0
TT,AG,flora,1994,2,0
TT,AG,flora,1995,1,0
TT,AI,fauna,2018,3,0
TT,AL,fauna,2017,1,0
TT,AN,fauna,1991,1,0
TT,AN,fauna,1996,2,0
TT,AN,fauna,1999,2,0
TT,AN,fauna,2001,1,0
TT,AN,flora,2001,4,0
TT,AO,fauna,2018,1,0
TT,AO,fauna,2022,1,0
TT,AT,fauna,2001,2,2
TT,AT,fauna,2003,1,1
TT,AT,fauna,2006,1,1
TT,AU,fauna,1988,2,0
TT,AU,fauna,1993,1,0
TT,BB,fauna,1987,1,0
TT,BB,fauna,1988,3,0
TT,BB,fauna,1997,2,0
TT,BB,fauna,2000,5,0
TT,BB,fauna,2001,6,0
TT,BB,fauna,2003,4,0
TT,BB,fauna,2008,3,0
TT,BB,fauna,2012,4,0
TT,BB,fauna,2015,1,0
TT,BB,fauna,2016,14,0
TT,BB,fauna,2017,6,0
TT,BB,fauna,2018,1,0
TT,BB,fauna,2023,1,0
TT,BB,flora,1988,4,0
TT,BB,flora,1989,1,0
TT,BB,flora,1994,1,0
TT,BB,flora,2001,3,0
TT,BB,flora,2004,20,0
TT,BM,fauna,1991,1,0
TT,BR,fauna,1998,1,0
TT,BS,fauna,1996,2,0
TT,BS,fauna,1998,1,0
TT,BS,fauna,2000,2,0
TT,BS,fauna,2002,1,0
TT,BS,fauna,2004,1,0
TT,BS,fauna,2006,1,0
TT,BS,fauna,2011,1,0
TT,BS,fauna,2014,1,0
TT,BS,fauna,2025,1,0
TT,BS,flora,1994,1,0
TT,BS,flora,2001,19,0
TT,BS,flora,2008,8,0
TT,CA,fauna,1982,4,0
TT,CA,fauna,1983,2,0
TT,CA,fauna,1984,3,0
TT,CA,fauna,1985,3,0
TT,CA,fauna,1987,6,0
TT,CA,fauna,1988,7,0
TT,CA,fauna,1989,2,1
TT,CA,fauna,1990,1,0
TT,CA,fauna,1991,6,0
TT,CA,fauna,1992,4,0
TT,CA,fauna,1994,4,0
TT,CA,fauna,1995,4,0
TT,CA,fauna,1996,4,0
TT,CA,fauna,1997,7,0
TT,CA,fauna,1998,5,0
TT,CA,fauna,1999,1,0
TT,CA,fauna,2001,2,0
TT,CA,fauna,2002,1,0
TT,CA,fauna,2003,3,0
TT,CA,fauna,2004,2,0
TT,CA,fauna,2005,3,0
TT,CA,fauna,2006,2,0
TT,CA,fauna,2008,12,0
TT,CA,fauna,2009,3,0
TT,CA,fauna,2010,1,0
TT,CA,fauna,2015,1,0
TT,CA,fauna,2018,2,0
TT,CA,fauna,2020,2,0
TT,CA,fauna,2021,3,0
TT,CA,fauna,2022,1,0
TT,CA,flora,1987,45,0
TT,CA,flora,1988,24,0
TT,CA,flora,1989,14,0
TT,CA,flora,1990,23,0
TT,CA,flora,1991,13,0
TT,CA,flora,1992,12,0
TT,CA,flora,1995,1,0
TT,CA,flora,1996,13,0
TT,CA,flora,1998,30,0
TT,CA,flora,2000,24,0
TT,CA,flora,2009,7,0
TT,CH,fauna,1997,1,0
TT,CH,fauna,1998,2,0
TT,CN,fauna,2025,1,0
TT,CO,fauna,1997,1,0
TT,CO,fauna,2014,2,0
TT,CU,fauna,1998,4,0
TT,DE,fauna,1994,12,0
TT,DE,fauna,1995,1,0
TT,DE,fauna,1996,1,0
TT,DE,fauna,1999,2,0
TT,DE,fauna,2002,2,0
TT,DE,fauna,2003,1,0
TT,DE,fauna,2005,1,0
TT,DE,flora,1988,1,0
TT,DE,flora,1992,21,0
TT,DE,flora,2000,16,0
TT,DK,fauna,1984,1,1
TT,DK,fauna,1999,1,0
TT,DK,fauna,2004,1,0
TT,DK,fauna,2023,5,0
TT,DK,flora,1988,12,0
TT,DM,fauna,1995,1,0
TT,DM,fauna,1996,1,0
TT,DM,flora,2021,1,0
TT,DO,fauna,1996,9,0
TT,EG,fauna,2003,1,0
TT,ES,fauna,1987,1,0
TT,ES,fauna,2022,1,0
TT,FR,fauna,1984,2,0
TT,FR,fauna,1985,1,0
TT,FR,fauna,1987,1,0
TT,FR,fauna,1996,1,0
TT,FR,fauna,1997,1,0
TT,FR,fauna,1998,1,0
TT,FR,fauna,1999,1,0
TT,FR,fauna,2000,4,0
TT,FR,fauna,2003,2,0
TT,FR,fauna,2004,2,0
TT,FR,fauna,2005,1,0
TT,FR,fauna,2007,1,0
TT,FR,fauna,2008,1,0
TT,FR,fauna,2011,2,0
TT,FR,flora,1988,5,0
TT,GB,fauna,1979,1,0
TT,GB,fauna,1981,1,0
TT,GB,fauna,1983,5,1
TT,GB,fauna,1984,1,0
TT,GB,fauna,1985,3,0
TT,GB,fauna,1986,1,0
TT,GB,fauna,1988,2,0
TT,GB,fauna,1989,2,0
TT,GB,fauna,1990,2,0
TT,GB,fauna,1991,9,0
TT,GB,fauna,1995,7,0
TT,GB,fauna,1996,2,0
TT,GB,fauna,1997,5,4
TT,GB,fauna,1999,1,1
TT,GB,fauna,2001,6,6
TT,GB,fauna,2002,5,4
TT,GB,fauna,2003,7,2
TT,GB,fauna,2004,14,10
TT,GB,fauna,2005,5,0
TT,GB,fauna,2006,2,0
TT,GB,fauna,2007,5,1
TT,GB,fauna,2008,5,0
TT,GB,fauna,2009,5,0
TT,GB,fauna,2011,3,0
TT,GB,fauna,2012,2,0
TT,GB,fauna,2013,3,0
TT,GB,fauna,2014,2,0
TT,GB,fauna,2019,3,0
TT,GB,fauna,2020,2,0
TT,GB,fauna,2021,2,0
TT,GB,fauna,2022,6,0
TT,GB,flora,1976,2,0
TT,GB,flora,1984,15,0
TT,GB,flora,1991,8,0
TT,GB,flora,1992,8,0
TT,GB,flora,1994,24,0
TT,GB,flora,1995,6,0
TT,GB,flora,1997,1,1
TT,GB,flora,2002,1,1
TT,GB,flora,2012,1,0
TT,GB,flora,2015,1,0
TT,GD,fauna,1987,1,0
TT,GD,fauna,1988,1,0
TT,GD,fauna,1989,1,0
TT,GD,fauna,1992,1,0
TT,GD,fauna,2002,4,0
TT,GD,fauna,2003,1,0
TT,GD,fauna,2005,1,0
TT,GD,fauna,2007,1,0
TT,GD,fauna,2012,2,0
TT,GD,fauna,2022,1,0
TT,GD,flora,2004,2,0
TT,GD,flora,2011,3,0
TT,GF,fauna,2007,9,0
TT,GP,fauna,1996,1,0
TT,GY,fauna,1997,2,0
TT,GY,fauna,2011,1,0
TT,GY,fauna,2023,1,0
TT,GY,flora,1995,1,0
TT,GY,flora,2001,4,0
TT,IN,fauna,1991,1,0
TT,IN,fauna,1999,6,0
TT,IT,fauna,1985,1,0
TT,IT,fauna,1988,1,0
TT,IT,fauna,2005,1,0
TT,IT,fauna,2006,1,0
TT,JM,fauna,2000,1,0
TT,JM,fauna,2001,1,0
TT,JM,flora,1991,6,0
TT,JM,flora,1995,2,0
TT,JM,flora,2011,5,0
TT,JP,fauna,2003,4,0
TT,KN,fauna,1996,2,0
TT,KN,fauna,1997,1,0
TT,KN,fauna,1998,1,0
TT,KN,fauna,1999,3,0
TT,KN,fauna,2000,3,0
TT,KN,fauna,2001,3,0
TT,KN,fauna,2002,1,0
TT,KW,fauna,1988,1,0
TT,KY,fauna,1995,1,0
TT,KY,flora,1995,2,0
TT,LC,fauna,1994,2,0
TT,LC,fauna,1996,1,0
TT,LC,fauna,1997,2,0
TT,LC,fauna,1998,1,0
TT,LC,fauna,1999,6,0
TT,LC,fauna,2000,1,0
TT,LC,flora,1994,2,0
TT,LC,flora,1995,1,0
TT,MF,fauna,2025,1,0
TT,MF,flora,2023,1,0
TT,MF,flora,2025,2,0
TT,MQ,fauna,1995,1,0
TT,MQ,fauna,2006,1,1
TT,MQ,flora,1994,1,0
TT,MQ,flora,1995,2,0
TT,MQ,flora,2014,4,0
TT,MU,flora,1989,32,0
TT,MU,flora,1990,14,0
TT,MX,fauna,1995,1,0
TT,MY,fauna,1997,1,0
TT,NL,fauna,1984,2,1
TT,NL,fauna,1989,1,1
TT,NL,fauna,1990,1,0
TT,NL,fauna,1996,1,0
TT,NL,fauna,1997,3,0
TT,NL,fauna,2000,3,0
TT,NL,fauna,2004,3,0
TT,NL,fauna,2005,1,0
TT,NL,fauna,2007,1,0
TT,NO,fauna,2005,1,1
TT,NZ,fauna,1987,1,0
TT,NZ,fauna,1995,1,1
TT,NZ,fauna,1996,1,1
TT,NZ,fauna,1999,1,1
TT,NZ,fauna,2000,1,1
TT,NZ,fauna,2002,2,2
TT,NZ,fauna,2003,1,1
TT,PA,fauna,1995,2,0
TT,PH,fauna,2020,1,0
TT,PH,fauna,2021,1,0
TT,PR,flora,1991,5,0
TT,PR,flora,1992,5,0
TT,SR,fauna,1997,4,0
TT,SR,fauna,2007,1,0
TT,SV,flora,2006,1,0
TT,SX,fauna,2019,6,0
TT,SX,flora,2019,1,0
TT,TH,flora,2007,16,0
TT,TT,fauna,1992,1,1
TT,TW,fauna,2001,1,0
TT,TW,fauna,2020,1,0
TT,TW,flora,2000,3,0
TT,US,fauna,1980,2,0
TT,US,fauna,1981,7,0
TT,US,fauna,1982,6,4
TT,US,fauna,1983,11,0
TT,US,fauna,1984,12,0
TT,US,fauna,1985,17,1
TT,US,fauna,1986,3,1
TT,US,fauna,1987,26,0
TT,US,fauna,1988,11,1
TT,US,fauna,1989,44,5
TT,US,fauna,1990,18,5
TT,US,fauna,1991,24,4
TT,US,fauna,1992,65,0
TT,US,fauna,1993,16,1
TT,US,fauna,1994,46,1
TT,US,fauna,1995,51,1
TT,US,fauna,1996,26,0
TT,US,fauna,1997,49,2
TT,US,fauna,1998,40,0
TT,US,fauna,1999,24,1
TT,US,fauna,2000,24,1
TT,US,fauna,2001,18,0
TT,US,fauna,2002,59,1
TT,US,fauna,2003,28,1
TT,US,fauna,2004,63,2
TT,US,fauna,2005,17,5
TT,US,fauna,2006,42,2
TT,US,fauna,2007,11,1
TT,US,fauna,2008,22,4
TT,US,fauna,2009,15,5
TT,US,fauna,2010,10,5
TT,US,fauna,2011,6,5
TT,US,fauna,2012,17,5
TT,US,fauna,2013,24,0
TT,US,fauna,2015,6,3
TT,US,fauna,2016,5,4
TT,US,fauna,2017,13,5
TT,US,fauna,2018,12,5
TT,US,fauna,2019,17,8
TT,US,fauna,2020,8,4
TT,US,fauna,2021,4,0
TT,US,fauna,2022,7,0
TT,US,fauna,2023,7,2
TT,US,fauna,2024,3,0
TT,US,flora,1980,1,0
TT,US,flora,1983,1,0
TT,US,flora,1984,3,2
TT,US,flora,1985,3,2
TT,US,flora,1986,8,1
TT,US,flora,1987,101,10
TT,US,flora,1988,252,6
TT,US,flora,1989,326,4
TT,US,flora,1990,107,2
TT,US,flora,1991,67,8
TT,US,flora,1992,99,4
TT,US,flora,1993,94,6
TT,US,flora,1994,22,0
TT,US,flora,1995,20,0
TT,US,flora,1996,7,0
TT,US,flora,1997,14,1
TT,US,flora,1998,1,0
TT,US,flora,1999,28,0
TT,US,flora,2000,27,0
TT,US,flora,2001,6,1
TT,US,flora,2002,45,0
TT,US,flora,2004,30,0
TT,US,flora,2005,3,1
TT,US,flora,2006,19,0
TT,US,flora,2007,11,0
TT,US,flora,2008,13,0
TT,US,flora,2009,2,0
TT,US,flora,2010,7,0
TT,US,flora,2011,18,0
TT,US,flora,2012,10,0
TT,US,flora,2013,7,0
TT,US,flora,2021,2,0
TT,VC,fauna,1988,1,0
TT,VC,fauna,1990,1,0
TT,VC,fauna,1999,1,0
TT,VC,fauna,2000,6,0
TT,VC,fauna,2001,4,0
TT,VC,fauna,2002,2,0
TT,VC,fauna,2003,1,0
TT,VE,fauna,1988,1,0
TT,VE,fauna,1989,1,0
TT,VE,fauna,1994,1,0
TT,VE,fauna,1996,3,0
TT,VE,fauna,2000,8,0
TT,VE,fauna,2001,8,0
TT,VE,fauna,2002,4,0
TT,VE,flora,2001,21,0
TT,VG,fauna,1996,3,0
TT,VI,fauna,1994,1,0
TT,VI,fauna,1995,2,0
TT,VI,flora,1991,2,0
TT,VI,flora,1992,25,0
TT,XX,fauna,1987,1,0
TT,XX,fauna,1989,5,0
TT,XX,fauna,1990,2,0
TT,ZA,fauna,1999,5,0
TW,BR,fauna,2015,1,0
TW,BR,fauna,2016,1,0
TW,BR,fauna,2017,7,0
TW,BR,fauna,2024,279,0
TW,BR,flora,2015,1,0
TW,BR,flora,2016,46,0
TW,BR,flora,2017,83,0
TW,BR,flora,2020,59,0
TW,BR,flora,2022,29,0
TW,BR,flora,2024,53,0
TW,BS,flora,2001,3,0
TW,BS,flora,2020,3,0
TW,BZ,flora,2007,2,0
TW,BZ,flora,2010,1,0
TW,BZ,flora,2011,2,0
TW,BZ,flora,2012,9,0
TW,BZ,flora,2013,9,0
TW,CL,flora,2016,10,0
TW,CO,flora,1999,5,0
TW,CO,flora,2000,4,0
TW,CO,flora,2001,9,0
TW,CO,flora,2002,4,0
TW,CO,flora,2003,5,0
TW,CR,flora,1999,223,0
TW,CR,flora,2000,41,0
TW,CR,flora,2003,7,0
TW,CR,flora,2005,3,0
TW,CR,flora,2006,1,0
TW,CR,flora,2007,10,0
TW,CR,flora,2008,4,0
TW,CU,fauna,2000,1,0
TW,CU,fauna,2002,1,0
TW,CU,fauna,2003,7,0
TW,CU,fauna,2004,7,0
TW,CU,fauna,2005,54,0
TW,CU,fauna,2006,13,0
TW,DO,fauna,1996,1,0
TW,DO,fauna,1997,5,0
TW,DO,fauna,2004,4,0
TW,DO,fauna,2006,3,0
TW,DO,flora,1990,1,0
TW,DO,flora,1999,1,0
TW,DO,flora,2000,8,0
TW,DO,flora,2001,5,0
TW,DO,flora,2002,25,0
TW,DO,flora,2004,11,0
TW,DO,flora,2006,7,0
TW,DO,flora,2007,10,0
TW,DO,flora,2008,21,0
TW,DO,flora,2009,1,0
TW,DO,flora,2010,13,0
TW,DO,flora,2011,13,0
TW,DO,flora,2012,12,0
TW,DO,flora,2013,19,0
TW,DO,flora,2014,3,0
TW,DO,flora,2015,10,0
TW,DO,flora,2016,14,0
TW,DO,flora,2017,20,0
TW,DO,flora,2018,7,0
TW,DO,flora,2019,6,0
TW,DO,flora,2024,11,0
TW,GT,flora,2010,16,0
TW,GT,flora,2011,21,0
TW,GT,flora,2012,15,0
TW,GT,flora,2013,5,0
TW,GT,flora,2014,6,0
TW,GT,flora,2015,7,0
TW,GT,flora,2018,2,0
TW,GT,flora,2019,4,0
TW,HN,flora,2010,2,0
TW,MX,fauna,2001,2,0
TW,MX,flora,2000,1,0
TW,MX,flora,2005,3,0
TW,MX,flora,2007,1,0
TW,MX,flora,2014,1,0
TW,PA,flora,2012,2,0
TW,PA,flora,2016,1,0
TW,PA,flora,2017,5,0
TW,PA,flora,2018,1,0
TW,PA,flora,2019,4,0
TW,PA,flora,2020,3,0
TW,PA,flora,2021,1,0
TW,PA,flora,2022,2,0
TW,PA,flora,2023,3,0
TW,PA,flora,2025,5,0
TW,PE,flora,2013,9,0
TW,PE,flora,2014,9,0
TW,SV,fauna,2014,1,0
TW,SV,flora,2011,41,0
TW,SV,flora,2012,52,0
TW,SV,flora,2014,9,0
TW,SV,flora,2016,8,0
TW,SV,flora,2017,2,0
TW,SV,flora,2018,9,0
TW,SV,flora,2019,25,0
TW,SV,flora,2020,18,0
TW,SV,flora,2021,24,0
TW,SV,flora,2022,7,0
TW,SV,flora,2023,7,0
TW,VE,fauna,1992,3,0
TW,VE,fauna,1993,1,0
TW,VE,flora,2001,31,0
TW,VE,flora,2002,6,0
TW,VE,flora,2007,5,0
TW,VE,flora,2016,1,0
TW,VE,flora,2018,2,0
TZ,AR,fauna,1983,1,0
TZ,AR,fauna,1984,5,0
TZ,AR,fauna,1985,1,0
TZ,AR,fauna,1986,16,0
TZ,AR,fauna,1987,3,0
TZ,AR,fauna,1988,1,0
TZ,AR,fauna,1991,1,0
TZ,AR,fauna,1996,3,0
TZ,AR,fauna,1997,10,0
TZ,AR,fauna,1998,1,0
TZ,AR,fauna,1999,12,0
TZ,AR,fauna,2000,4,0
TZ,AR,fauna,2001,2,0
TZ,AR,fauna,2002,1,0
TZ,AR,fauna,2005,2,0
TZ,AR,fauna,2006,9,0
TZ,AR,fauna,2007,5,0
TZ,AR,fauna,2009,3,0
TZ,AR,fauna,2010,16,0
TZ,AR,fauna,2015,2,0
TZ,AR,fauna,2016,6,0
TZ,AR,fauna,2017,6,0
TZ,AR,fauna,2021,1,0
TZ,AR,fauna,2023,2,0
TZ,BO,fauna,1982,1,0
TZ,BR,fauna,1982,1,0
TZ,BR,fauna,1983,11,0
TZ,BR,fauna,1994,5,0
TZ,BR,fauna,1995,2,0
TZ,BR,fauna,1996,1,0
TZ,BR,fauna,1997,11,0
TZ,BR,fauna,1998,10,0
TZ,BR,fauna,2001,1,0
TZ,BR,fauna,2006,1,0
TZ,BR,fauna,2009,6,0
TZ,BR,fauna,2010,3,0
TZ,BR,flora,2024,4,0
TZ,CL,fauna,1998,1,0
TZ,CO,fauna,2018,7,0
TZ,CR,fauna,1986,10,0
TZ,CR,fauna,2003,1,0
TZ,CR,flora,2023,1,0
TZ,CU,flora,2023,2,0
TZ,EC,fauna,1996,3,0
TZ,EC,flora,2023,1,0
TZ,JM,fauna,1986,1,0
TZ,JM,fauna,1989,1,0
TZ,JM,fauna,1992,3,0
TZ,JM,fauna,1993,2,0
TZ,JM,fauna,2005,2,0
TZ,JM,fauna,2011,7,0
TZ,MX,fauna,1982,37,0
TZ,MX,fauna,1983,8,0
TZ,MX,fauna,1984,2,0
TZ,MX,fauna,1986,84,0
TZ,MX,fauna,1987,15,0
TZ,MX,fauna,1988,7,0
TZ,MX,fauna,1989,2,0
TZ,MX,fauna,1991,27,0
TZ,MX,fauna,1992,31,0
TZ,MX,fauna,1993,36,0
TZ,MX,fauna,1994,88,0
TZ,MX,fauna,1995,72,0
TZ,MX,fauna,1996,28,0
TZ,MX,fauna,1997,53,0
TZ,MX,fauna,1998,55,0
TZ,MX,fauna,1999,56,0
TZ,MX,fauna,2000,91,0
TZ,MX,fauna,2001,108,0
TZ,MX,fauna,2002,156,0
TZ,MX,fauna,2003,62,0
TZ,MX,fauna,2004,117,0
TZ,MX,fauna,2005,182,0
TZ,MX,fauna,2006,208,0
TZ,MX,fauna,2007,83,0
TZ,MX,fauna,2008,104,0
TZ,MX,fauna,2009,117,0
TZ,MX,fauna,2010,102,0
TZ,MX,fauna,2011,68,0
TZ,MX,fauna,2012,38,0
TZ,MX,fauna,2013,73,0
TZ,MX,fauna,2014,41,0
TZ,MX,fauna,2015,24,0
TZ,MX,fauna,2016,22,0
TZ,MX,fauna,2017,50,0
TZ,MX,fauna,2018,72,0
TZ,MX,fauna,2019,34,0
TZ,MX,fauna,2020,15,0
TZ,MX,fauna,2021,9,0
TZ,MX,fauna,2022,7,0
TZ,MX,fauna,2023,13,0
TZ,MX,fauna,2024,6,0
TZ,MX,flora,2019,2,0
TZ,MX,flora,2021,1,0
TZ,MX,flora,2023,1,0
TZ,MX,flora,2024,1,0
TZ,NI,fauna,2011,1,0
TZ,PA,fauna,2006,1,0
TZ,PA,fauna,2013,2,0
TZ,PA,fauna,2017,1,0
TZ,PA,fauna,2018,1,0
TZ,PA,fauna,2022,2,0
TZ,PA,fauna,2024,1,0
TZ,PA,fauna,2025,2,0
TZ,PE,fauna,1984,1,0
TZ,SR,fauna,1996,1,0
TZ,SV,fauna,1998,6,0
TZ,SV,fauna,1999,3,0
TZ,UY,fauna,1987,1,0
TZ,UY,fauna,2006,1,0
TZ,VE,fauna,1983,2,0
UA,AR,fauna,2014,1,0
UA,BS,fauna,2016,2,0
UA,CL,fauna,2012,1,0
UA,CL,fauna,2013,7,0
UA,CL,fauna,2014,10,0
UA,CL,fauna,2015,3,0
UA,CL,fauna,2021,7,0
UA,EC,fauna,2006,2,0
UA,MX,fauna,2007,6,0
UA,MX,fauna,2008,6,0
UA,MX,fauna,2009,5,0
UA,MX,fauna,2010,10,0
UA,MX,fauna,2011,7,0
UA,MX,fauna,2012,2,0
UA,MX,fauna,2014,10,0
UA,MX,fauna,2015,36,0
UA,MX,fauna,2016,4,0
UA,MX,fauna,2018,1,0
UA,MX,fauna,2019,1,0
UA,SR,fauna,2020,1,0
UA,SV,fauna,2006,12,0
UA,SV,fauna,2019,6,0
UA,UY,fauna,2024,1,0
UA,VE,fauna,1998,1,0
UG,AR,fauna,1997,1,0
UG,AR,fauna,2011,2,0
UG,BB,fauna,1997,2,0
UG,EC,fauna,1992,1,0
UG,MX,fauna,2003,1,0
UG,MX,fauna,2004,2,0
UG,MX,fauna,2013,1,0
UG,MX,fauna,2022,6,0
UG,MX,fauna,2023,2,0
UG,MX,fauna,2024,2,0
US,AG,fauna,1981,13,0
US,AG,fauna,1982,3,0
US,AG,fauna,1988,1,0
US,AG,fauna,1991,10,0
US,AG,fauna,1992,1,0
US,AG,fauna,1998,2,0
US,AG,fauna,1999,2,0
US,AG,fauna,2001,4,0
US,AG,fauna,2002,5,0
US,AG,fauna,2003,6,0
US,AG,fauna,2004,23,0
US,AG,fauna,2005,30,0
US,AG,fauna,2006,27,0
US,AG,fauna,2007,32,0
US,AG,fauna,2008,35,0
US,AG,fauna,2009,32,0
US,AG,fauna,2010,21,0
US,AG,fauna,2011,38,0
US,AG,fauna,2012,20,0
US,AG,fauna,2013,23,0
US,AG,fauna,2014,13,0
US,AG,fauna,2015,23,0
US,AG,fauna,2016,19,0
US,AG,fauna,2017,14,0
US,AG,fauna,2018,16,0
US,AG,fauna,2019,8,0
US,AG,fauna,2020,5,0
US,AG,fauna,2021,1,0
US,AG,fauna,2022,3,0
US,AG,fauna,2023,6,0
US,AG,fauna,2024,4,0
US,AG,flora,1977,1,0
US,AG,flora,1980,6,0
US,AG,flora,1981,5,0
US,AG,flora,1982,7,0
US,AG,flora,1983,34,0
US,AG,flora,1984,5,0
US,AG,flora,1986,30,0
US,AG,flora,1987,2,0
US,AG,flora,1988,2,0
US,AG,flora,1989,17,0
US,AG,flora,1990,22,0
US,AG,flora,1991,2,0
US,AG,flora,1992,2,0
US,AG,flora,1993,1,0
US,AG,flora,1994,4,0
US,AG,flora,1995,5,0
US,AG,flora,1996,1,0
US,AG,flora,1997,19,0
US,AG,flora,1998,16,0
US,AG,flora,1999,12,0
US,AG,flora,2000,27,0
US,AG,flora,2001,20,0
US,AG,flora,2002,47,0
US,AG,flora,2003,47,0
US,AG,flora,2004,46,0
US,AG,flora,2005,61,0
US,AG,flora,2006,46,0
US,AG,flora,2007,37,0
US,AG,flora,2008,26,0
US,AG,flora,2009,7,0
US,AG,flora,2010,7,0
US,AG,flora,2011,8,0
US,AG,flora,2012,5,0
US,AG,flora,2013,4,0
US,AG,flora,2014,10,0
US,AG,flora,2015,15,0
US,AG,flora,2016,17,0
US,AG,flora,2017,17,0
US,AG,flora,2018,11,0
US,AG,flora,2019,3,0
US,AG,flora,2020,5,0
US,AG,flora,2021,3,0
US,AG,flora,2022,1,0
US,AR,fauna,1978,1,0
US,AR,fauna,1979,5,0
US,AR,fauna,1980,14,0
US,AR,fauna,1981,4,0
US,AR,fauna,1982,13,0
US,AR,fauna,1983,23,0
US,AR,fauna,1984,13,0
US,AR,fauna,1985,28,0
US,AR,fauna,1986,3,0
US,AR,fauna,1987,4,0
US,AR,fauna,1988,10,0
US,AR,fauna,1989,15,0
US,AR,fauna,1990,8,0
US,AR,fauna,1991,15,0
US,AR,fauna,1992,49,1
US,AR,fauna,1993,39,0
US,AR,fauna,1994,46,0
US,AR,fauna,1995,24,0
US,AR,fauna,1996,32,0
US,AR,fauna,1997,61,0
US,AR,fauna,1998,41,0
US,AR,fauna,1999,52,0
US,AR,fauna,2000,83,0
US,AR,fauna,2001,172,0
US,AR,fauna,2002,31,0
US,AR,fauna,2003,142,0
US,AR,fauna,2004,222,4
US,AR,fauna,2005,148,0
US,AR,fauna,2006,240,0
US,AR,fauna,2007,185,0
US,AR,fauna,2008,278,4
US,AR,fauna,2009,282,0
US,AR,fauna,2010,250,0
US,AR,fauna,2011,269,0
US,AR,fauna,2012,195,1
US,AR,fauna,2013,165,1
US,AR,fauna,2014,132,0
US,AR,fauna,2015,81,0
US,AR,fauna,2016,123,0
US,AR,fauna,2017,98,0
US,AR,fauna,2018,66,0
US,AR,fauna,2019,55,0
US,AR,fauna,2020,68,0
US,AR,fauna,2021,53,0
US,AR,fauna,2022,54,0
US,AR,fauna,2023,45,0
US,AR,fauna,2024,34,0
US,AR,flora,1977,1,0
US,AR,flora,1979,2,0
US,AR,flora,1980,6,0
US,AR,flora,1981,24,0
US,AR,flora,1983,354,0
US,AR,flora,1984,29,0
US,AR,flora,1985,21,0
US,AR,flora,1986,5,0
US,AR,flora,1987,81,0
US,AR,flora,1988,73,0
US,AR,flora,1989,23,0
US,AR,flora,1990,66,0
US,AR,flora,1991,152,0
US,AR,flora,1992,18,0
US,AR,flora,1993,156,0
US,AR,flora,1994,39,0
US,AR,flora,1995,23,0
US,AR,flora,1996,58,0
US,AR,flora,1997,63,0
US,AR,flora,1998,19,0
US,AR,flora,1999,51,0
US,AR,flora,2000,45,0
US,AR,flora,2001,43,0
US,AR,flora,2002,37,0
US,AR,flora,2003,14,0
US,AR,flora,2004,11,0
US,AR,flora,2005,13,0
US,AR,flora,2008,1,0
US,AR,flora,2009,3,0
US,AR,flora,2010,9,0
US,AR,flora,2011,15,0
US,AR,flora,2012,5,1
US,AR,flora,2013,11,0
US,AR,flora,2014,5,0
US,AR,flora,2015,1,0
US,AR,flora,2017,75,0
US,AR,flora,2018,12,0
US,AR,flora,2019,1,0
US,AR,flora,2023,2,0
US,AR,flora,2024,2,0
US,BB,fauna,1980,2,0
US,BB,fauna,1981,9,0
US,BB,fauna,1982,1,0
US,BB,fauna,1983,1,0
US,BB,fauna,1986,1,0
US,BB,fauna,1987,23,0
US,BB,fauna,1988,18,0
US,BB,fauna,1989,5,0
US,BB,fauna,1990,25,0
US,BB,fauna,1991,12,0
US,BB,fauna,1992,12,0
US,BB,fauna,1994,12,0
US,BB,fauna,1995,62,0
US,BB,fauna,1996,9,0
US,BB,fauna,1997,13,0
US,BB,fauna,1998,1,0
US,BB,fauna,1999,16,0
US,BB,fauna,2000,23,0
US,BB,fauna,2001,34,0
US,BB,fauna,2002,26,0
US,BB,fauna,2003,14,0
US,BB,fauna,2004,40,0
US,BB,fauna,2005,36,0
US,BB,fauna,2006,74,0
US,BB,fauna,2007,78,0
US,BB,fauna,2008,111,0
US,BB,fauna,2009,44,0
US,BB,fauna,2010,89,0
US,BB,fauna,2011,100,0
US,BB,fauna,2012,69,1
US,BB,fauna,2013,39,0
US,BB,fauna,2014,31,0
US,BB,fauna,2015,48,0
US,BB,fauna,2016,27,0
US,BB,fauna,2017,44,0
US,BB,fauna,2018,38,0
US,BB,fauna,2019,28,0
US,BB,fauna,2020,36,0
US,BB,fauna,2021,5,0
US,BB,fauna,2022,26,0
US,BB,fauna,2023,7,0
US,BB,fauna,2024,13,0
US,BB,flora,1979,12,0
US,BB,flora,1980,9,0
US,BB,flora,1981,10,0
US,BB,flora,1982,23,0
US,BB,flora,1983,133,0
US,BB,flora,1984,15,0
US,BB,flora,1985,24,0
US,BB,flora,1986,4,0
US,BB,flora,1987,19,0
US,BB,flora,1988,18,0
US,BB,flora,1989,51,0
US,BB,flora,1990,65,0
US,BB,flora,1991,21,0
US,BB,flora,1992,9,0
US,BB,flora,1993,56,0
US,BB,flora,1994,17,0
US,BB,flora,1995,11,0
US,BB,flora,1996,7,0
US,BB,flora,1997,24,0
US,BB,flora,1998,10,0
US,BB,flora,1999,14,0
US,BB,flora,2000,24,0
US,BB,flora,2001,21,0
US,BB,flora,2002,22,0
US,BB,flora,2003,17,0
US,BB,flora,2004,11,0
US,BB,flora,2005,22,0
US,BB,flora,2006,14,0
US,BB,flora,2007,11,0
US,BB,flora,2008,21,0
US,BB,flora,2009,9,0
US,BB,flora,2010,8,0
US,BB,flora,2011,17,0
US,BB,flora,2012,8,0
US,BB,flora,2013,9,0
US,BB,flora,2014,9,0
US,BB,flora,2015,7,0
US,BB,flora,2016,11,0
US,BB,flora,2017,10,0
US,BB,flora,2018,7,0
US,BB,flora,2019,8,0
US,BB,flora,2021,4,0
US,BB,flora,2022,1,0
US,BB,flora,2023,3,0
US,BB,flora,2024,7,0
US,BO,fauna,1977,2,0
US,BO,fauna,1982,1,0
US,BO,fauna,1983,1,0
US,BO,fauna,1996,4,0
US,BO,fauna,1997,1,0
US,BO,fauna,1998,3,0
US,BO,fauna,1999,1,0
US,BO,fauna,2002,5,0
US,BO,fauna,2003,7,0
US,BO,fauna,2004,4,0
US,BO,fauna,2006,3,0
US,BO,fauna,2007,5,0
US,BO,fauna,2008,4,0
US,BO,fauna,2009,18,0
US,BO,fauna,2010,13,0
US,BO,fauna,2011,13,0
US,BO,fauna,2012,12,0
US,BO,fauna,2013,8,0
US,BO,fauna,2014,11,0
US,BO,fauna,2015,14,0
US,BO,fauna,2016,14,0
US,BO,fauna,2017,10,0
US,BO,fauna,2018,9,0
US,BO,fauna,2019,5,0
US,BO,fauna,2020,6,0
US,BO,fauna,2021,6,0
US,BO,fauna,2022,1,0
US,BO,fauna,2023,4,0
US,BO,fauna,2024,8,0
US,BO,flora,1978,1,0
US,BO,flora,1980,8,0
US,BO,flora,1981,10,0
US,BO,flora,1982,3,0
US,BO,flora,1987,1,0
US,BO,flora,1989,2,0
US,BO,flora,1991,1,0
US,BO,flora,1992,2,0
US,BO,flora,1993,1,0
US,BO,flora,2000,1,0
US,BO,flora,2002,2,0
US,BO,flora,2003,1,0
US,BO,flora,2004,4,0
US,BO,flora,2017,7,0
US,BR,fauna,1978,1,0
US,BR,fauna,1980,10,0
US,BR,fauna,1981,5,0
US,BR,fauna,1982,9,0
US,BR,fauna,1983,19,0
US,BR,fauna,1984,1,0
US,BR,fauna,1985,6,1
US,BR,fauna,1986,4,0
US,BR,fauna,1987,18,0
US,BR,fauna,1988,35,0
US,BR,fauna,1989,24,5
US,BR,fauna,1990,16,0
US,BR,fauna,1991,82,0
US,BR,fauna,1992,33,0
US,BR,fauna,1993,43,0
US,BR,fauna,1994,75,0
US,BR,fauna,1995,258,0
US,BR,fauna,1996,399,0
US,BR,fauna,1997,478,0
US,BR,fauna,1998,296,0
US,BR,fauna,1999,338,0
US,BR,fauna,2000,166,0
US,BR,fauna,2001,292,0
US,BR,fauna,2002,73,0
US,BR,fauna,2003,187,0
US,BR,fauna,2004,104,0
US,BR,fauna,2005,190,0
US,BR,fauna,2006,174,0
US,BR,fauna,2007,188,0
US,BR,fauna,2008,197,0
US,BR,fauna,2009,532,20
US,BR,fauna,2010,944,14
US,BR,fauna,2011,725,1
US,BR,fauna,2012,970,11
US,BR,fauna,2013,884,0
US,BR,fauna,2014,713,0
US,BR,fauna,2015,181,1
US,BR,fauna,2016,326,0
US,BR,fauna,2017,109,0
US,BR,fauna,2018,50,1
US,BR,fauna,2019,54,0
US,BR,fauna,2020,91,1
US,BR,fauna,2021,76,0
US,BR,fauna,2022,162,0
US,BR,fauna,2023,99,7
US,BR,fauna,2024,136,11
US,BR,flora,1977,1,0
US,BR,flora,1978,2,0
US,BR,flora,1979,16,0
US,BR,flora,1980,41,0
US,BR,flora,1981,41,0
US,BR,flora,1982,20,0
US,BR,flora,1983,24,0
US,BR,flora,1984,37,0
US,BR,flora,1985,33,0
US,BR,flora,1986,35,0
US,BR,flora,1987,72,0
US,BR,flora,1988,59,0
US,BR,flora,1989,75,0
US,BR,flora,1990,42,0
US,BR,flora,1991,94,0
US,BR,flora,1992,81,0
US,BR,flora,1993,81,0
US,BR,flora,1994,36,0
US,BR,flora,1995,101,0
US,BR,flora,1996,117,0
US,BR,flora,1997,73,0
US,BR,flora,1998,66,0
US,BR,flora,1999,38,0
US,BR,flora,2000,20,0
US,BR,flora,2001,13,0
US,BR,flora,2002,3,0
US,BR,flora,2003,10,0
US,BR,flora,2004,6,0
US,BR,flora,2005,4,0
US,BR,flora,2006,7,0
US,BR,flora,2007,8,0
US,BR,flora,2008,9,0
US,BR,flora,2009,11,0
US,BR,flora,2010,78,0
US,BR,flora,2011,5,3
US,BR,flora,2012,35,13
US,BR,flora,2013,11,0
US,BR,flora,2014,8,0
US,BR,flora,2015,8,0
US,BR,flora,2016,9,0
US,BR,flora,2017,85,0
US,BR,flora,2018,81,0
US,BR,flora,2019,11,0
US,BR,flora,2020,4,0
US,BR,flora,2021,11,0
US,BR,flora,2022,10,0
US,BR,flora,2023,17,0
US,BR,flora,2024,16,0
US,BS,fauna,1980,3,0
US,BS,fauna,1981,38,0
US,BS,fauna,1982,20,0
US,BS,fauna,1983,39,0
US,BS,fauna,1984,21,0
US,BS,fauna,1985,6,0
US,BS,fauna,1986,8,0
US,BS,fauna,1987,56,0
US,BS,fauna,1988,70,0
US,BS,fauna,1989,14,0
US,BS,fauna,1990,10,0
US,BS,fauna,1991,38,0
US,BS,fauna,1992,70,0
US,BS,fauna,1993,63,0
US,BS,fauna,1994,45,0
US,BS,fauna,1995,103,0
US,BS,fauna,1996,117,0
US,BS,fauna,1997,14,0
US,BS,fauna,1998,43,0
US,BS,fauna,1999,105,0
US,BS,fauna,2000,105,0
US,BS,fauna,2001,120,0
US,BS,fauna,2002,106,0
US,BS,fauna,2003,126,0
US,BS,fauna,2004,166,0
US,BS,fauna,2005,190,0
US,BS,fauna,2006,173,0
US,BS,fauna,2007,163,0
US,BS,fauna,2008,154,0
US,BS,fauna,2009,104,0
US,BS,fauna,2010,165,1
US,BS,fauna,2011,167,1
US,BS,fauna,2012,131,0
US,BS,fauna,2013,116,0
US,BS,fauna,2014,91,0
US,BS,fauna,2015,89,0
US,BS,fauna,2016,70,0
US,BS,fauna,2017,45,0
US,BS,fauna,2018,39,0
US,BS,fauna,2019,59,0
US,BS,fauna,2020,20,0
US,BS,fauna,2021,6,0
US,BS,fauna,2022,19,0
US,BS,fauna,2023,17,0
US,BS,fauna,2024,22,0
US,BS,flora,1977,1,0
US,BS,flora,1978,2,0
US,BS,flora,1979,19,0
US,BS,flora,1980,15,0
US,BS,flora,1981,60,0
US,BS,flora,1982,11,0
US,BS,flora,1983,60,0
US,BS,flora,1984,31,0
US,BS,flora,1985,25,0
US,BS,flora,1986,98,0
US,BS,flora,1987,52,0
US,BS,flora,1988,80,0
US,BS,flora,1989,99,0
US,BS,flora,1990,63,0
US,BS,flora,1991,82,0
US,BS,flora,1992,67,0
US,BS,flora,1993,106,0
US,BS,flora,1994,25,0
US,BS,flora,1995,43,0
US,BS,flora,1996,302,0
US,BS,flora,1997,91,0
US,BS,flora,1998,124,0
US,BS,flora,1999,459,0
US,BS,flora,2000,626,0
US,BS,flora,2001,549,0
US,BS,flora,2002,510,0
US,BS,flora,2003,643,0
US,BS,flora,2004,553,0
US,BS,flora,2005,474,0
US,BS,flora,2006,540,0
US,BS,flora,2007,608,0
US,BS,flora,2008,794,0
US,BS,flora,2009,658,0
US,BS,flora,2010,645,0
US,BS,flora,2011,751,0
US,BS,flora,2012,47,0
US,BS,flora,2013,46,0
US,BS,flora,2014,43,0
US,BS,flora,2015,35,0
US,BS,flora,2016,41,0
US,BS,flora,2017,45,0
US,BS,flora,2018,57,0
US,BS,flora,2019,466,0
US,BS,flora,2020,321,0
US,BS,flora,2021,45,0
US,BS,flora,2022,64,0
US,BS,flora,2023,40,0
US,BS,flora,2024,31,0
US,BZ,fauna,1980,2,0
US,BZ,fauna,1982,2,0
US,BZ,fauna,1983,2,0
US,BZ,fauna,1984,1,0
US,BZ,fauna,1986,1,0
US,BZ,fauna,1987,2,0
US,BZ,fauna,1989,1,0
US,BZ,fauna,1990,4,0
US,BZ,fauna,1991,2,0
US,BZ,fauna,1992,3,0
US,BZ,fauna,1993,3,0
US,BZ,fauna,1994,2,0
US,BZ,fauna,1995,1,0
US,BZ,fauna,1996,5,0
US,BZ,fauna,1997,3,0
US,BZ,fauna,1998,1,0
US,BZ,fauna,1999,2,0
US,BZ,fauna,2002,6,0
US,BZ,fauna,2003,1,0
US,BZ,fauna,2004,4,0
US,BZ,fauna,2005,17,0
US,BZ,fauna,2006,24,0
US,BZ,fauna,2007,27,0
US,BZ,fauna,2008,20,0
US,BZ,fauna,2009,22,0
US,BZ,fauna,2010,18,0
US,BZ,fauna,2011,25,0
US,BZ,fauna,2012,8,0
US,BZ,fauna,2013,11,0
US,BZ,fauna,2014,5,2
US,BZ,fauna,2015,4,0
US,BZ,fauna,2016,9,0
US,BZ,fauna,2017,4,0
US,BZ,fauna,2018,4,0
US,BZ,fauna,2019,3,0
US,BZ,fauna,2020,1,0
US,BZ,fauna,2021,3,0
US,BZ,fauna,2022,6,0
US,BZ,fauna,2023,3,0
US,BZ,fauna,2024,26,25
US,BZ,flora,1978,1,0
US,BZ,flora,1983,1,0
US,BZ,flora,1985,4,0
US,BZ,flora,1986,1,0
US,BZ,flora,1987,1,0
US,BZ,flora,1988,4,0
US,BZ,flora,1990,3,0
US,BZ,flora,1991,4,0
US,BZ,flora,1992,1,0
US,BZ,flora,1993,8,0
US,BZ,flora,1994,2,0
US,BZ,flora,1996,3,0
US,BZ,flora,1997,3,0
US,BZ,flora,1998,9,0
US,BZ,flora,1999,2,0
US,BZ,flora,2000,5,0
US,BZ,flora,2001,3,0
US,BZ,flora,2002,12,0
US,BZ,flora,2003,6,0
US,BZ,flora,2004,10,0
US,BZ,flora,2005,7,0
US,BZ,flora,2006,17,0
US,BZ,flora,2009,4,0
US,BZ,flora,2013,21,0
US,BZ,flora,2018,1,1
US,BZ,flora,2021,6,0
US,CL,fauna,1983,1,0
US,CL,fauna,1985,7,0
US,CL,fauna,1986,2,0
US,CL,fauna,1988,11,0
US,CL,fauna,1989,2,0
US,CL,fauna,1990,3,0
US,CL,fauna,1991,4,0
US,CL,fauna,1992,5,0
US,CL,fauna,1993,7,0
US,CL,fauna,1994,18,0
US,CL,fauna,1995,10,0
US,CL,fauna,1996,6,0
US,CL,fauna,1997,38,0
US,CL,fauna,1998,12,0
US,CL,fauna,1999,28,0
US,CL,fauna,2000,8,0
US,CL,fauna,2001,47,0
US,CL,fauna,2002,46,0
US,CL,fauna,2003,32,0
US,CL,fauna,2004,71,0
US,CL,fauna,2005,100,0
US,CL,fauna,2006,176,0
US,CL,fauna,2007,142,0
US,CL,fauna,2008,252,0
US,CL,fauna,2009,238,0
US,CL,fauna,2010,157,0
US,CL,fauna,2011,199,0
US,CL,fauna,2012,233,0
US,CL,fauna,2013,329,0
US,CL,fauna,2014,453,0
US,CL,fauna,2015,500,0
US,CL,fauna,2016,389,28
US,CL,fauna,2017,397,0
US,CL,fauna,2018,577,0
US,CL,fauna,2019,179,0
US,CL,fauna,2020,130,0
US,CL,fauna,2021,73,0
US,CL,fauna,2022,188,0
US,CL,fauna,2023,47,0
US,CL,fauna,2024,106,0
US,CL,flora,1981,16,0
US,CL,flora,1982,6,0
US,CL,flora,1983,1,0
US,CL,flora,1987,3,0
US,CL,flora,1988,3,0
US,CL,flora,1989,2,0
US,CL,flora,1992,69,0
US,CL,flora,1993,70,0
US,CL,flora,1994,5,0
US,CL,flora,1995,32,0
US,CL,flora,1996,19,0
US,CL,flora,1997,17,0
US,CL,flora,1998,8,0
US,CL,flora,1999,30,0
US,CL,flora,2000,5,0
US,CL,flora,2001,29,0
US,CL,flora,2002,24,0
US,CL,flora,2003,6,0
US,CL,flora,2004,2,0
US,CL,flora,2005,8,0
US,CL,flora,2006,2,0
US,CL,flora,2007,1,0
US,CL,flora,2008,18,0
US,CL,flora,2009,20,0
US,CL,flora,2010,15,0
US,CL,flora,2011,6,1
US,CL,flora,2012,5,0
US,CL,flora,2014,4,0
US,CL,flora,2015,1,0
US,CL,flora,2017,58,0
US,CL,flora,2018,31,0
US,CL,flora,2019,6,0
US,CO,fauna,1980,2,0
US,CO,fauna,1981,11,0
US,CO,fauna,1982,23,0
US,CO,fauna,1983,2,0
US,CO,fauna,1984,8,0
US,CO,fauna,1985,2,0
US,CO,fauna,1986,1,0
US,CO,fauna,1987,3,0
US,CO,fauna,1988,1,0
US,CO,fauna,1989,2,0
US,CO,fauna,1990,5,0
US,CO,fauna,1991,3,0
US,CO,fauna,1992,10,0
US,CO,fauna,1993,16,1
US,CO,fauna,1994,32,0
US,CO,fauna,1995,14,0
US,CO,fauna,1996,34,0
US,CO,fauna,1997,17,0
US,CO,fauna,1998,19,0
US,CO,fauna,1999,13,0
US,CO,fauna,2000,66,0
US,CO,fauna,2001,28,0
US,CO,fauna,2002,36,0
US,CO,fauna,2003,58,0
US,CO,fauna,2004,104,0
US,CO,fauna,2005,115,0
US,CO,fauna,2006,127,0
US,CO,fauna,2007,126,0
US,CO,fauna,2008,101,2
US,CO,fauna,2009,147,0
US,CO,fauna,2010,178,1
US,CO,fauna,2011,126,1
US,CO,fauna,2012,149,4
US,CO,fauna,2013,126,1
US,CO,fauna,2014,136,0
US,CO,fauna,2015,109,1
US,CO,fauna,2016,94,0
US,CO,fauna,2017,92,1
US,CO,fauna,2018,123,0
US,CO,fauna,2019,115,1
US,CO,fauna,2020,77,0
US,CO,fauna,2021,54,0
US,CO,fauna,2022,39,0
US,CO,fauna,2023,37,1
US,CO,fauna,2024,56,0
US,CO,flora,1977,1,0
US,CO,flora,1978,2,0
US,CO,flora,1979,17,0
US,CO,flora,1980,39,0
US,CO,flora,1981,50,0
US,CO,flora,1982,29,0
US,CO,flora,1983,88,0
US,CO,flora,1984,23,0
US,CO,flora,1985,62,0
US,CO,flora,1986,154,0
US,CO,flora,1987,43,0
US,CO,flora,1988,17,0
US,CO,flora,1989,29,0
US,CO,flora,1990,45,0
US,CO,flora,1991,23,0
US,CO,flora,1992,13,0
US,CO,flora,1993,62,0
US,CO,flora,1994,19,0
US,CO,flora,1995,26,0
US,CO,flora,1996,18,0
US,CO,flora,1997,28,1
US,CO,flora,1998,27,0
US,CO,flora,1999,102,0
US,CO,flora,2000,21,0
US,CO,flora,2001,15,0
US,CO,flora,2002,3,0
US,CO,flora,2003,38,0
US,CO,flora,2004,9,0
US,CO,flora,2005,8,0
US,CO,flora,2006,5,0
US,CO,flora,2007,7,0
US,CO,flora,2008,7,0
US,CO,flora,2009,1,0
US,CO,flora,2010,11,0
US,CO,flora,2011,8,1
US,CO,flora,2012,5,0
US,CO,flora,2013,1,0
US,CO,flora,2014,6,1
US,CO,flora,2015,5,0
US,CO,flora,2016,9,2
US,CO,flora,2017,55,0
US,CO,flora,2018,23,0
US,CO,flora,2019,6,0
US,CO,flora,2021,7,0
US,CO,flora,2022,3,0
US,CO,flora,2023,3,0
US,CO,flora,2024,9,0
US,CR,fauna,1978,2,0
US,CR,fauna,1982,1,0
US,CR,fauna,1985,2,0
US,CR,fauna,1987,1,0
US,CR,fauna,1988,1,0
US,CR,fauna,1990,4,0
US,CR,fauna,1991,10,0
US,CR,fauna,1992,16,0
US,CR,fauna,1993,12,0
US,CR,fauna,1994,10,0
US,CR,fauna,1995,4,0
US,CR,fauna,1996,15,0
US,CR,fauna,1997,47,1
US,CR,fauna,1998,19,1
US,CR,fauna,1999,26,0
US,CR,fauna,2000,27,0
US,CR,fauna,2001,73,1
US,CR,fauna,2002,63,0
US,CR,fauna,2003,91,0
US,CR,fauna,2004,89,0
US,CR,fauna,2005,72,0
US,CR,fauna,2006,175,0
US,CR,fauna,2007,124,0
US,CR,fauna,2008,211,0
US,CR,fauna,2009,230,0
US,CR,fauna,2010,167,0
US,CR,fauna,2011,193,0
US,CR,fauna,2012,199,0
US,CR,fauna,2013,278,0
US,CR,fauna,2014,386,0
US,CR,fauna,2015,360,0
US,CR,fauna,2016,311,3
US,CR,fauna,2017,301,0
US,CR,fauna,2018,317,0
US,CR,fauna,2019,92,0
US,CR,fauna,2020,41,0
US,CR,fauna,2021,25,0
US,CR,fauna,2022,16,0
US,CR,fauna,2023,17,0
US,CR,fauna,2024,12,0
US,CR,flora,1977,1,0
US,CR,flora,1978,2,0
US,CR,flora,1979,21,0
US,CR,flora,1980,20,0
US,CR,flora,1981,73,0
US,CR,flora,1982,32,0
US,CR,flora,1983,103,0
US,CR,flora,1984,38,0
US,CR,flora,1985,35,0
US,CR,flora,1986,81,0
US,CR,flora,1987,87,0
US,CR,flora,1988,29,0
US,CR,flora,1989,98,0
US,CR,flora,1990,106,0
US,CR,flora,1991,65,0
US,CR,flora,1992,71,0
US,CR,flora,1993,17,0
US,CR,flora,1994,25,0
US,CR,flora,1995,22,0
US,CR,flora,1996,8,0
US,CR,flora,1997,36,0
US,CR,flora,1998,22,0
US,CR,flora,1999,23,0
US,CR,flora,2000,19,0
US,CR,flora,2001,4,0
US,CR,flora,2002,5,0
US,CR,flora,2003,3,0
US,CR,flora,2004,7,0
US,CR,flora,2005,28,0
US,CR,flora,2006,34,0
US,CR,flora,2007,14,0
US,CR,flora,2008,5,0
US,CR,flora,2009,2,0
US,CR,flora,2010,2,0
US,CR,flora,2011,4,0
US,CR,flora,2012,1,0
US,CR,flora,2013,2,0
US,CR,flora,2014,1,0
US,CR,flora,2015,1,0
US,CR,flora,2016,1,0
US,CR,flora,2017,34,1
US,CR,flora,2018,25,0
US,CR,flora,2019,3,0
US,CR,flora,2020,3,0
US,CR,flora,2022,1,0
US,CR,flora,2023,3,0
US,CU,fauna,2004,1,0
US,CU,fauna,2006,1,0
US,CU,fauna,2009,1,0
US,CU,fauna,2010,1,0
US,CU,fauna,2015,6,0
US,CU,fauna,2016,3,0
US,CU,flora,1987,1,0
US,CU,flora,2002,1,0
US,CU,flora,2015,2,0
US,DM,fauna,1983,1,0
US,DM,fauna,1992,1,0
US,DM,fauna,1994,5,0
US,DM,fauna,1999,2,0
US,DM,fauna,2003,3,0
US,DM,fauna,2004,3,0
US,DM,fauna,2005,3,0
US,DM,fauna,2006,2,0
US,DM,fauna,2007,2,0
US,DM,fauna,2008,6,0
US,DM,fauna,2009,1,0
US,DM,fauna,2010,1,0
US,DM,fauna,2011,1,0
US,DM,fauna,2012,7,0
US,DM,fauna,2013,2,0
US,DM,fauna,2014,1,0
US,DM,fauna,2020,1,0
US,DM,fauna,2021,1,0
US,DM,flora,1985,1,0
US,DM,flora,1997,4,0
US,DM,flora,2001,1,0
US,DM,flora,2005,1,0
US,DM,flora,2013,1,0
US,DM,flora,2014,1,0
US,DO,fauna,1978,1,0
US,DO,fauna,1980,3,0
US,DO,fauna,1981,8,0
US,DO,fauna,1982,4,0
US,DO,fauna,1983,4,0
US,DO,fauna,1984,3,0
US,DO,fauna,1985,2,0
US,DO,fauna,1986,1,0
US,DO,fauna,1987,12,0
US,DO,fauna,1988,11,0
US,DO,fauna,1989,3,0
US,DO,fauna,1990,4,0
US,DO,fauna,1991,21,0
US,DO,fauna,1992,5,0
US,DO,fauna,1993,11,0
US,DO,fauna,1994,18,0
US,DO,fauna,1995,12,0
US,DO,fauna,1996,18,0
US,DO,fauna,1997,43,0
US,DO,fauna,1998,31,0
US,DO,fauna,1999,28,0
US,DO,fauna,2000,28,0
US,DO,fauna,2001,29,0
US,DO,fauna,2002,41,0
US,DO,fauna,2003,20,0
US,DO,fauna,2004,14,0
US,DO,fauna,2005,14,0
US,DO,fauna,2006,29,0
US,DO,fauna,2007,24,0
US,DO,fauna,2008,25,0
US,DO,fauna,2009,78,4
US,DO,fauna,2010,43,0
US,DO,fauna,2011,34,0
US,DO,fauna,2012,47,0
US,DO,fauna,2013,89,0
US,DO,fauna,2014,89,0
US,DO,fauna,2015,67,0
US,DO,fauna,2016,62,0
US,DO,fauna,2017,38,0
US,DO,fauna,2018,33,0
US,DO,fauna,2019,50,0
US,DO,fauna,2020,35,0
US,DO,fauna,2021,17,0
US,DO,fauna,2022,9,0
US,DO,fauna,2023,28,0
US,DO,fauna,2024,30,0
US,DO,flora,1978,2,0
US,DO,flora,1979,10,0
US,DO,flora,1980,29,0
US,DO,flora,1981,87,0
US,DO,flora,1982,40,0
US,DO,flora,1983,69,0
US,DO,flora,1984,30,0
US,DO,flora,1985,50,0
US,DO,flora,1986,34,0
US,DO,flora,1987,31,0
US,DO,flora,1988,22,0
US,DO,flora,1989,29,0
US,DO,flora,1990,28,0
US,DO,flora,1991,12,0
US,DO,flora,1992,19,0
US,DO,flora,1993,10,0
US,DO,flora,1994,11,0
US,DO,flora,1995,9,0
US,DO,flora,1996,17,0
US,DO,flora,1997,24,0
US,DO,flora,1998,10,0
US,DO,flora,1999,54,0
US,DO,flora,2000,44,0
US,DO,flora,2001,35,0
US,DO,flora,2002,25,0
US,DO,flora,2003,20,0
US,DO,flora,2004,47,0
US,DO,flora,2005,10,0
US,DO,flora,2006,18,0
US,DO,flora,2007,49,0
US,DO,flora,2008,47,0
US,DO,flora,2009,34,0
US,DO,flora,2010,33,0
US,DO,flora,2011,19,0
US,DO,flora,2012,57,0
US,DO,flora,2013,27,0
US,DO,flora,2014,8,0
US,DO,flora,2015,17,0
US,DO,flora,2016,14,0
US,DO,flora,2017,20,0
US,DO,flora,2018,20,0
US,DO,flora,2019,13,0
US,DO,flora,2021,4,0
US,DO,flora,2022,11,0
US,DO,flora,2023,3,0
US,DO,flora,2024,1,0
US,EC,fauna,1980,1,0
US,EC,fauna,1984,1,0
US,EC,fauna,1987,3,0
US,EC,fauna,1989,2,0
US,EC,fauna,1991,1,0
US,EC,fauna,1993,1,0
US,EC,fauna,1995,2,0
US,EC,fauna,1996,2,0
US,EC,fauna,1997,5,0
US,EC,fauna,1999,5,0
US,EC,fauna,2001,22,0
US,EC,fauna,2002,19,0
US,EC,fauna,2003,12,0
US,EC,fauna,2004,41,0
US,EC,fauna,2005,28,0
US,EC,fauna,2006,35,0
US,EC,fauna,2007,31,0
US,EC,fauna,2008,54,0
US,EC,fauna,2009,26,0
US,EC,fauna,2010,41,0
US,EC,fauna,2011,55,0
US,EC,fauna,2012,50,0
US,EC,fauna,2013,36,0
US,EC,fauna,2014,37,1
US,EC,fauna,2015,32,0
US,EC,fauna,2016,28,0
US,EC,fauna,2017,36,3
US,EC,fauna,2018,28,0
US,EC,fauna,2019,22,0
US,EC,fauna,2020,19,0
US,EC,fauna,2021,11,0
US,EC,fauna,2022,23,0
US,EC,fauna,2023,26,0
US,EC,fauna,2024,24,0
US,EC,flora,1977,1,0
US,EC,flora,1978,2,0
US,EC,flora,1979,18,0
US,EC,flora,1980,4,0
US,EC,flora,1981,2,0
US,EC,flora,1982,19,0
US,EC,flora,1983,5,0
US,EC,flora,1984,52,0
US,EC,flora,1985,17,0
US,EC,flora,1986,6,0
US,EC,flora,1987,4,0
US,EC,flora,1988,5,0
US,EC,flora,1989,2,0
US,EC,flora,1991,101,0
US,EC,flora,1993,44,0
US,EC,flora,1994,10,0
US,EC,flora,1995,12,0
US,EC,flora,1996,10,0
US,EC,flora,1997,9,0
US,EC,flora,1998,6,0
US,EC,flora,1999,1,0
US,EC,flora,2000,3,0
US,EC,flora,2001,3,0
US,EC,flora,2002,3,0
US,EC,flora,2003,1,0
US,EC,flora,2005,1,0
US,EC,flora,2006,1,0
US,EC,flora,2007,71,0
US,EC,flora,2008,2,0
US,EC,flora,2010,1,0
US,EC,flora,2012,1,0
US,EC,flora,2017,10,0
US,EC,flora,2018,7,0
US,EC,flora,2019,3,0
US,GD,fauna,2001,2,0
US,GD,fauna,2002,1,0
US,GD,fauna,2008,2,0
US,GD,fauna,2009,13,0
US,GD,fauna,2010,6,0
US,GD,fauna,2011,10,0
US,GD,fauna,2013,5,0
US,GD,fauna,2015,1,0
US,GD,fauna,2016,2,0
US,GD,fauna,2017,2,0
US,GD,fauna,2018,2,0
US,GD,fauna,2020,2,0
US,GD,fauna,2021,2,0
US,GD,fauna,2022,2,0
US,GD,flora,1985,1,0
US,GD,flora,1986,1,0
US,GD,flora,1988,1,0
US,GD,flora,1991,1,0
US,GD,flora,1992,7,0
US,GD,flora,1993,1,0
US,GD,flora,1994,8,0
US,GD,flora,1995,5,0
US,GD,flora,1996,2,0
US,GD,flora,1997,2,0
US,GD,flora,1999,2,0
US,GD,flora,2000,2,0
US,GD,flora,2001,1,0
US,GD,flora,2002,3,0
US,GD,flora,2003,3,0
US,GD,flora,2005,4,0
US,GD,flora,2006,4,0
US,GD,flora,2007,1,0
US,GD,flora,2008,3,0
US,GD,flora,2011,3,0
US,GD,flora,2013,1,0
US,GD,flora,2016,3,0
US,GD,flora,2017,2,0
US,GD,flora,2018,1,0
US,GT,fauna,1980,2,0
US,GT,fauna,1981,7,0
US,GT,fauna,1983,3,0
US,GT,fauna,1985,4,0
US,GT,fauna,1987,1,0
US,GT,fauna,1988,2,0
US,GT,fauna,1989,3,0
US,GT,fauna,1990,10,1
US,GT,fauna,1991,13,0
US,GT,fauna,1992,16,0
US,GT,fauna,1993,14,0
US,GT,fauna,1994,20,0
US,GT,fauna,1996,10,0
US,GT,fauna,1997,3,0
US,GT,fauna,1999,3,0
US,GT,fauna,2000,18,0
US,GT,fauna,2001,13,0
US,GT,fauna,2002,89,0
US,GT,fauna,2003,53,0
US,GT,fauna,2004,54,0
US,GT,fauna,2005,36,0
US,GT,fauna,2006,182,0
US,GT,fauna,2007,100,0
US,GT,fauna,2008,196,0
US,GT,fauna,2009,84,0
US,GT,fauna,2010,88,0
US,GT,fauna,2011,188,0
US,GT,fauna,2012,457,0
US,GT,fauna,2013,229,2
US,GT,fauna,2014,379,2
US,GT,fauna,2015,379,0
US,GT,fauna,2016,373,0
US,GT,fauna,2017,363,0
US,GT,fauna,2018,130,0
US,GT,fauna,2019,113,0
US,GT,fauna,2020,122,0
US,GT,fauna,2021,137,0
US,GT,fauna,2022,27,0
US,GT,fauna,2023,44,0
US,GT,fauna,2024,25,0
US,GT,flora,1978,2,0
US,GT,flora,1979,11,0
US,GT,flora,1980,15,0
US,GT,flora,1981,45,0
US,GT,flora,1982,16,0
US,GT,flora,1983,42,0
US,GT,flora,1984,46,0
US,GT,flora,1985,9,0
US,GT,flora,1986,10,0
US,GT,flora,1987,115,0
US,GT,flora,1988,18,0
US,GT,flora,1989,2,0
US,GT,flora,1990,13,0
US,GT,flora,1991,3,0
US,GT,flora,1992,10,0
US,GT,flora,1993,4,0
US,GT,flora,1994,11,0
US,GT,flora,1995,8,0
US,GT,flora,1996,6,0
US,GT,flora,1997,7,0
US,GT,flora,1998,27,0
US,GT,flora,1999,13,0
US,GT,flora,2000,7,0
US,GT,flora,2001,5,0
US,GT,flora,2002,4,0
US,GT,flora,2003,3,0
US,GT,flora,2005,2,0
US,GT,flora,2006,1,0
US,GT,flora,2007,1,0
US,GT,flora,2008,9,0
US,GT,flora,2009,2,0
US,GT,flora,2010,4,0
US,GT,flora,2011,4,0
US,GT,flora,2012,5,0
US,GT,flora,2013,3,0
US,GT,flora,2015,1,0
US,GT,flora,2016,1,0
US,GT,flora,2017,20,0
US,GT,flora,2018,9,0
US,GT,flora,2019,1,0
US,GY,fauna,1982,8,0
US,GY,fauna,1983,1,0
US,GY,fauna,1984,1,0
US,GY,fauna,1985,5,0
US,GY,fauna,1988,1,0
US,GY,fauna,1994,5,0
US,GY,fauna,1995,2,0
US,GY,fauna,1997,6,0
US,GY,fauna,1999,7,0
US,GY,fauna,2000,35,0
US,GY,fauna,2001,5,0
US,GY,fauna,2002,15,0
US,GY,fauna,2003,4,0
US,GY,fauna,2004,1,0
US,GY,fauna,2010,1,0
US,GY,fauna,2011,1,0
US,GY,fauna,2012,1,0
US,GY,fauna,2014,5,0
US,GY,fauna,2015,7,0
US,GY,fauna,2016,16,0
US,GY,fauna,2017,12,0
US,GY,fauna,2018,11,0
US,GY,fauna,2019,12,0
US,GY,fauna,2020,16,0
US,GY,fauna,2021,5,0
US,GY,fauna,2022,1,0
US,GY,fauna,2024,1,0
US,GY,flora,1986,3,0
US,GY,flora,1988,1,0
US,GY,flora,1994,4,0
US,GY,flora,1995,1,0
US,GY,flora,1996,2,0
US,GY,flora,2003,1,0
US,GY,flora,2004,4,0
US,GY,flora,2008,2,0
US,GY,flora,2010,1,0
US,HN,fauna,1982,1,0
US,HN,fauna,1985,2,0
US,HN,fauna,1986,2,0
US,HN,fauna,1988,1,0
US,HN,fauna,1989,2,0
US,HN,fauna,1991,3,0
US,HN,fauna,1994,1,0
US,HN,fauna,1995,2,0
US,HN,fauna,1996,3,0
US,HN,fauna,1997,8,0
US,HN,fauna,1998,2,0
US,HN,fauna,2000,2,0
US,HN,fauna,2002,4,0
US,HN,fauna,2003,6,0
US,HN,fauna,2004,5,0
US,HN,fauna,2005,5,0
US,HN,fauna,2006,18,0
US,HN,fauna,2007,11,0
US,HN,fauna,2008,8,0
US,HN,fauna,2009,20,0
US,HN,fauna,2010,7,0
US,HN,fauna,2011,8,0
US,HN,fauna,2012,12,0
US,HN,fauna,2013,5,0
US,HN,fauna,2014,5,0
US,HN,fauna,2015,7,0
US,HN,fauna,2016,5,0
US,HN,fauna,2017,2,0
US,HN,fauna,2018,7,0
US,HN,fauna,2019,5,0
US,HN,fauna,2020,10,0
US,HN,fauna,2021,2,0
US,HN,fauna,2022,7,0
US,HN,fauna,2023,5,0
US,HN,fauna,2024,10,0
US,HN,flora,1980,9,0
US,HN,flora,1981,11,0
US,HN,flora,1983,2,0
US,HN,flora,1985,17,0
US,HN,flora,1986,1,0
US,HN,flora,1987,12,0
US,HN,flora,1989,1,0
US,HN,flora,1990,1,0
US,HN,flora,1991,1,0
US,HN,flora,1992,18,0
US,HN,flora,1993,38,0
US,HN,flora,1994,1,0
US,HN,flora,1995,7,0
US,HN,flora,1996,8,0
US,HN,flora,1997,4,0
US,HN,flora,1998,5,0
US,HN,flora,1999,4,0
US,HN,flora,2000,5,0
US,HN,flora,2001,18,0
US,HN,flora,2002,5,0
US,HN,flora,2003,4,0
US,HN,flora,2004,6,0
US,HN,flora,2005,3,0
US,HN,flora,2006,4,0
US,HN,flora,2007,5,0
US,HN,flora,2008,11,0
US,HN,flora,2009,1,0
US,HN,flora,2011,1,0
US,HN,flora,2012,4,0
US,HN,flora,2015,2,0
US,HN,flora,2017,16,0
US,HN,flora,2018,8,0
US,HN,flora,2019,1,0
US,HN,flora,2020,2,0
US,HN,flora,2021,1,0
US,HT,fauna,1979,1,0
US,HT,fauna,1980,2,0
US,HT,fauna,1982,1,0
US,HT,fauna,1983,9,0
US,HT,fauna,1985,3,0
US,HT,fauna,1987,1,0
US,HT,fauna,1988,1,0
US,HT,fauna,1989,3,0
US,HT,fauna,1990,2,0
US,HT,fauna,1991,2,0
US,HT,fauna,2000,4,0
US,HT,fauna,2001,1,0
US,HT,fauna,2002,1,0
US,HT,fauna,2003,1,0
US,HT,fauna,2005,2,0
US,HT,fauna,2006,6,0
US,HT,fauna,2007,5,0
US,HT,fauna,2008,11,0
US,HT,fauna,2009,5,0
US,HT,fauna,2010,4,0
US,HT,fauna,2011,9,0
US,HT,fauna,2012,7,0
US,HT,fauna,2013,6,0
US,HT,fauna,2014,10,0
US,HT,fauna,2015,16,0
US,HT,fauna,2016,12,0
US,HT,fauna,2017,9,0
US,HT,fauna,2018,7,0
US,HT,fauna,2019,6,0
US,HT,fauna,2020,5,0
US,HT,fauna,2021,2,0
US,HT,flora,1977,1,0
US,HT,flora,1978,2,0
US,HT,flora,1979,11,0
US,HT,flora,1980,11,0
US,HT,flora,1981,35,0
US,HT,flora,1982,4,0
US,HT,flora,1983,14,0
US,HT,flora,1984,5,0
US,HT,flora,1985,18,0
US,HT,flora,1986,12,0
US,HT,flora,1987,47,0
US,HT,flora,1988,12,0
US,HT,flora,1989,13,0
US,HT,flora,1990,11,0
US,HT,flora,1991,2,0
US,HT,flora,1993,1,0
US,HT,flora,1994,4,0
US,HT,flora,1995,11,0
US,HT,flora,1996,11,0
US,HT,flora,1997,5,0
US,HT,flora,1998,8,0
US,HT,flora,1999,9,0
US,HT,flora,2000,2,0
US,HT,flora,2001,5,0
US,HT,flora,2002,9,0
US,HT,flora,2003,10,0
US,HT,flora,2004,8,0
US,HT,flora,2005,4,0
US,HT,flora,2006,1,0
US,HT,flora,2008,26,0
US,HT,flora,2009,18,0
US,HT,flora,2010,1,0
US,HT,flora,2011,12,0
US,HT,flora,2012,5,0
US,HT,flora,2013,2,0
US,HT,flora,2014,1,0
US,HT,flora,2016,1,0
US,JM,fauna,1980,2,0
US,JM,fauna,1981,3,0
US,JM,fauna,1982,3,0
US,JM,fauna,1983,6,0
US,JM,fauna,1984,3,0
US,JM,fauna,1985,5,0
US,JM,fauna,1986,8,0
US,JM,fauna,1987,7,0
US,JM,fauna,1988,18,0
US,JM,fauna,1989,30,1
US,JM,fauna,1990,22,0
US,JM,fauna,1991,32,0
US,JM,fauna,1992,51,0
US,JM,fauna,1993,34,0
US,JM,fauna,1994,42,0
US,JM,fauna,1995,39,0
US,JM,fauna,1996,43,0
US,JM,fauna,1997,41,0
US,JM,fauna,1998,25,0
US,JM,fauna,1999,26,0
US,JM,fauna,2000,25,0
US,JM,fauna,2001,42,1
US,JM,fauna,2002,59,0
US,JM,fauna,2003,57,0
US,JM,fauna,2004,71,0
US,JM,fauna,2005,62,0
US,JM,fauna,2006,110,0
US,JM,fauna,2007,99,0
US,JM,fauna,2008,88,2
US,JM,fauna,2009,58,1
US,JM,fauna,2010,59,0
US,JM,fauna,2011,100,0
US,JM,fauna,2012,99,0
US,JM,fauna,2013,85,0
US,JM,fauna,2014,81,0
US,JM,fauna,2015,50,0
US,JM,fauna,2016,65,0
US,JM,fauna,2017,68,0
US,JM,fauna,2018,74,1
US,JM,fauna,2019,50,0
US,JM,fauna,2020,40,0
US,JM,fauna,2021,13,0
US,JM,fauna,2022,16,0
US,JM,fauna,2023,13,0
US,JM,fauna,2024,22,0
US,JM,flora,1977,1,0
US,JM,flora,1978,1,0
US,JM,flora,1979,12,0
US,JM,flora,1980,17,0
US,JM,flora,1981,43,0
US,JM,flora,1982,14,0
US,JM,flora,1983,25,0
US,JM,flora,1984,13,0
US,JM,flora,1985,59,0
US,JM,flora,1986,22,0
US,JM,flora,1987,36,0
US,JM,flora,1988,33,0
US,JM,flora,1989,33,0
US,JM,flora,1990,55,0
US,JM,flora,1991,76,0
US,JM,flora,1992,60,0
US,JM,flora,1993,50,0
US,JM,flora,1994,11,0
US,JM,flora,1995,16,0
US,JM,flora,1996,14,0
US,JM,flora,1997,27,1
US,JM,flora,1998,51,0
US,JM,flora,1999,36,0
US,JM,flora,2000,49,0
US,JM,flora,2001,42,0
US,JM,flora,2002,37,0
US,JM,flora,2003,30,0
US,JM,flora,2004,35,0
US,JM,flora,2005,32,0
US,JM,flora,2006,26,0
US,JM,flora,2007,43,0
US,JM,flora,2008,65,0
US,JM,flora,2009,26,0
US,JM,flora,2010,46,0
US,JM,flora,2011,8,0
US,JM,flora,2012,7,0
US,JM,flora,2013,5,0
US,JM,flora,2014,6,0
US,JM,flora,2015,10,0
US,JM,flora,2016,7,0
US,JM,flora,2017,14,0
US,JM,flora,2018,4,0
US,JM,flora,2019,4,0
US,JM,flora,2021,1,0
US,JM,flora,2022,3,0
US,JM,flora,2023,7,0
US,JM,flora,2024,4,0
US,KN,fauna,1977,1,0
US,KN,fauna,1983,2,0
US,KN,fauna,1990,1,0
US,KN,fauna,1992,2,0
US,KN,fauna,1994,2,0
US,KN,fauna,1995,1,0
US,KN,fauna,1996,1,0
US,KN,fauna,1997,1,0
US,KN,fauna,1998,2,0
US,KN,fauna,1999,3,0
US,KN,fauna,2000,3,0
US,KN,fauna,2001,2,0
US,KN,fauna,2002,2,0
US,KN,fauna,2003,5,0
US,KN,fauna,2004,5,0
US,KN,fauna,2005,6,0
US,KN,fauna,2006,12,0
US,KN,fauna,2007,28,0
US,KN,fauna,2008,21,0
US,KN,fauna,2009,22,0
US,KN,fauna,2010,21,0
US,KN,fauna,2011,14,0
US,KN,fauna,2012,5,0
US,KN,fauna,2013,1,0
US,KN,fauna,2014,2,0
US,KN,fauna,2015,11,3
US,KN,fauna,2016,7,0
US,KN,fauna,2017,19,0
US,KN,fauna,2018,23,0
US,KN,fauna,2019,14,0
US,KN,fauna,2020,6,0
US,KN,fauna,2021,17,0
US,KN,fauna,2022,20,0
US,KN,fauna,2023,12,0
US,KN,fauna,2024,14,0
US,KN,flora,1982,11,0
US,KN,flora,1983,3,0
US,KN,flora,1986,1,0
US,KN,flora,1987,89,0
US,KN,flora,1991,1,0
US,KN,flora,1992,1,0
US,KN,flora,1993,1,0
US,KN,flora,1994,7,0
US,KN,flora,1996,1,0
US,KN,flora,1997,9,0
US,KN,flora,1998,3,0
US,KN,flora,1999,2,0
US,KN,flora,2000,12,0
US,KN,flora,2001,9,0
US,KN,flora,2002,9,0
US,KN,flora,2003,11,0
US,KN,flora,2004,10,0
US,KN,flora,2005,7,0
US,KN,flora,2006,5,0
US,KN,flora,2007,10,0
US,KN,flora,2009,4,0
US,KN,flora,2010,4,0
US,KN,flora,2011,8,0
US,KN,flora,2012,1,0
US,KN,flora,2013,3,0
US,KN,flora,2014,9,0
US,KN,flora,2015,4,0
US,KN,flora,2016,14,0
US,KN,flora,2017,7,0
US,KN,flora,2018,5,0
US,KN,flora,2020,2,0
US,KN,flora,2021,4,0
US,LC,fauna,1990,2,0
US,LC,fauna,1991,1,0
US,LC,fauna,1994,3,0
US,LC,fauna,1995,2,0
US,LC,fauna,1996,1,0
US,LC,fauna,1998,2,0
US,LC,fauna,1999,2,2
US,LC,fauna,2001,2,0
US,LC,fauna,2002,6,0
US,LC,fauna,2003,5,0
US,LC,fauna,2004,15,0
US,LC,fauna,2005,23,0
US,LC,fauna,2006,23,0
US,LC,fauna,2007,26,0
US,LC,fauna,2008,31,0
US,LC,fauna,2009,24,0
US,LC,fauna,2010,22,0
US,LC,fauna,2011,21,0
US,LC,fauna,2012,22,0
US,LC,fauna,2013,26,0
US,LC,fauna,2014,6,0
US,LC,fauna,2015,13,0
US,LC,fauna,2016,13,1
US,LC,fauna,2017,2,0
US,LC,fauna,2018,5,0
US,LC,fauna,2019,9,0
US,LC,fauna,2020,6,0
US,LC,fauna,2021,2,0
US,LC,fauna,2022,6,0
US,LC,fauna,2023,2,0
US,LC,fauna,2024,10,0
US,LC,flora,1987,3,0
US,LC,flora,1988,2,0
US,LC,flora,1989,17,0
US,LC,flora,1990,3,0
US,LC,flora,1991,8,0
US,LC,flora,1993,1,0
US,LC,flora,1994,1,0
US,LC,flora,1995,1,0
US,LC,flora,1996,4,0
US,LC,flora,1997,12,0
US,LC,flora,1998,5,0
US,LC,flora,1999,7,0
US,LC,flora,2000,20,0
US,LC,flora,2001,7,0
US,LC,flora,2002,9,0
US,LC,flora,2003,7,0
US,LC,flora,2004,6,0
US,LC,flora,2005,3,0
US,LC,flora,2006,5,0
US,LC,flora,2007,2,0
US,LC,flora,2008,1,0
US,LC,flora,2009,3,0
US,LC,flora,2012,5,0
US,LC,flora,2013,2,0
US,LC,flora,2015,1,0
US,LC,flora,2016,3,0
US,MX,fauna,1978,7,0
US,MX,fauna,1979,29,0
US,MX,fauna,1980,90,0
US,MX,fauna,1981,171,0
US,MX,fauna,1982,148,0
US,MX,fauna,1983,193,0
US,MX,fauna,1984,148,1
US,MX,fauna,1985,307,6
US,MX,fauna,1986,312,1
US,MX,fauna,1987,450,0
US,MX,fauna,1988,414,0
US,MX,fauna,1989,417,1
US,MX,fauna,1990,354,0
US,MX,fauna,1991,396,2
US,MX,fauna,1992,541,1
US,MX,fauna,1993,390,2
US,MX,fauna,1994,483,6
US,MX,fauna,1995,388,4
US,MX,fauna,1996,426,0
US,MX,fauna,1997,663,1
US,MX,fauna,1998,666,1
US,MX,fauna,1999,868,7
US,MX,fauna,2000,1010,5
US,MX,fauna,2001,971,0
US,MX,fauna,2002,1599,0
US,MX,fauna,2003,1538,5
US,MX,fauna,2004,1225,5
US,MX,fauna,2005,1791,1
US,MX,fauna,2006,1863,0
US,MX,fauna,2007,2339,14
US,MX,fauna,2008,1883,2
US,MX,fauna,2009,2162,3
US,MX,fauna,2010,2424,7
US,MX,fauna,2011,2702,6
US,MX,fauna,2012,3010,7
US,MX,fauna,2013,2942,5
US,MX,fauna,2014,2362,1
US,MX,fauna,2015,1905,2
US,MX,fauna,2016,1767,3
US,MX,fauna,2017,1214,3
US,MX,fauna,2018,1062,5
US,MX,fauna,2019,591,9
US,MX,fauna,2020,283,5
US,MX,fauna,2021,262,5
US,MX,fauna,2022,395,30
US,MX,fauna,2023,460,8
US,MX,fauna,2024,393,0
US,MX,flora,1977,1,0
US,MX,flora,1978,1,0
US,MX,flora,1979,8,0
US,MX,flora,1980,27,0
US,MX,flora,1981,29,0
US,MX,flora,1982,7,0
US,MX,flora,1983,22,0
US,MX,flora,1984,16,0
US,MX,flora,1985,19,0
US,MX,flora,1986,26,0
US,MX,flora,1987,50,0
US,MX,flora,1988,51,0
US,MX,flora,1989,14,0
US,MX,flora,1990,43,0
US,MX,flora,1991,34,0
US,MX,flora,1992,139,0
US,MX,flora,1993,168,0
US,MX,flora,1994,89,0
US,MX,flora,1995,39,0
US,MX,flora,1996,13,1
US,MX,flora,1997,63,0
US,MX,flora,1998,120,0
US,MX,flora,1999,82,0
US,MX,flora,2000,44,0
US,MX,flora,2001,67,0
US,MX,flora,2002,88,0
US,MX,flora,2003,163,0
US,MX,flora,2004,177,0
US,MX,flora,2005,75,1
US,MX,flora,2006,58,0
US,MX,flora,2007,67,0
US,MX,flora,2008,28,0
US,MX,flora,2009,61,0
US,MX,flora,2010,158,0
US,MX,flora,2011,143,1
US,MX,flora,2012,119,0
US,MX,flora,2013,158,0
US,MX,flora,2014,124,0
US,MX,flora,2015,68,0
US,MX,flora,2016,46,0
US,MX,flora,2017,647,0
US,MX,flora,2018,971,0
US,MX,flora,2019,382,0
US,MX,flora,2020,123,0
US,MX,flora,2021,91,0
US,MX,flora,2022,73,0
US,MX,flora,2023,78,0
US,MX,flora,2024,91,0
US,NI,fauna,1981,3,0
US,NI,fauna,1982,2,0
US,NI,fauna,1985,1,0
US,NI,fauna,1994,4,0
US,NI,fauna,1995,12,0
US,NI,fauna,1996,2,0
US,NI,fauna,1997,11,0
US,NI,fauna,1999,1,0
US,NI,fauna,2000,1,0
US,NI,fauna,2001,2,0
US,NI,fauna,2002,3,0
US,NI,fauna,2003,4,0
US,NI,fauna,2004,3,0
US,NI,fauna,2005,18,0
US,NI,fauna,2006,4,0
US,NI,fauna,2007,4,0
US,NI,fauna,2008,4,0
US,NI,fauna,2009,3,0
US,NI,fauna,2010,5,0
US,NI,fauna,2011,3,1
US,NI,fauna,2012,4,0
US,NI,fauna,2013,2,0
US,NI,fauna,2014,7,0
US,NI,fauna,2015,19,0
US,NI,fauna,2016,5,0
US,NI,fauna,2017,11,0
US,NI,fauna,2018,1,0
US,NI,fauna,2022,1,0
US,NI,fauna,2023,2,0
US,NI,flora,1992,2,0
US,NI,flora,2010,1,0
US,NI,flora,2017,6,0
US,NI,flora,2018,4,0
US,NI,flora,2023,1,1
US,PA,fauna,1980,2,0
US,PA,fauna,1981,23,0
US,PA,fauna,1982,21,0
US,PA,fauna,1983,32,0
US,PA,fauna,1984,10,0
US,PA,fauna,1985,16,0
US,PA,fauna,1986,13,0
US,PA,fauna,1987,27,0
US,PA,fauna,1988,9,0
US,PA,fauna,1989,8,0
US,PA,fauna,1990,13,0
US,PA,fauna,1991,21,0
US,PA,fauna,1992,20,0
US,PA,fauna,1993,10,0
US,PA,fauna,1994,6,0
US,PA,fauna,1995,15,0
US,PA,fauna,1996,30,0
US,PA,fauna,1997,17,0
US,PA,fauna,1998,20,0
US,PA,fauna,1999,50,0
US,PA,fauna,2000,30,0
US,PA,fauna,2001,93,0
US,PA,fauna,2002,257,0
US,PA,fauna,2003,146,0
US,PA,fauna,2004,151,0
US,PA,fauna,2005,185,0
US,PA,fauna,2006,323,0
US,PA,fauna,2007,329,0
US,PA,fauna,2008,415,0
US,PA,fauna,2009,182,0
US,PA,fauna,2010,213,0
US,PA,fauna,2011,198,0
US,PA,fauna,2012,215,0
US,PA,fauna,2013,183,1
US,PA,fauna,2014,202,0
US,PA,fauna,2015,124,0
US,PA,fauna,2016,117,0
US,PA,fauna,2017,143,0
US,PA,fauna,2018,233,0
US,PA,fauna,2019,209,0
US,PA,fauna,2020,87,0
US,PA,fauna,2021,53,0
US,PA,fauna,2022,67,2
US,PA,fauna,2023,97,0
US,PA,fauna,2024,89,0
US,PA,fauna,2025,16,0
US,PA,flora,1977,1,0
US,PA,flora,1978,2,0
US,PA,flora,1979,3,0
US,PA,flora,1980,16,0
US,PA,flora,1981,5,0
US,PA,flora,1982,15,0
US,PA,flora,1983,29,0
US,PA,flora,1984,7,0
US,PA,flora,1985,27,0
US,PA,flora,1986,10,0
US,PA,flora,1987,7,0
US,PA,flora,1988,14,0
US,PA,flora,1989,6,0
US,PA,flora,1990,51,0
US,PA,flora,1991,19,0
US,PA,flora,1992,25,0
US,PA,flora,1993,24,0
US,PA,flora,1994,15,0
US,PA,flora,1995,39,0
US,PA,flora,1996,55,0
US,PA,flora,1997,10,0
US,PA,flora,1998,14,0
US,PA,flora,1999,37,0
US,PA,flora,2000,16,0
US,PA,flora,2001,9,0
US,PA,flora,2002,16,0
US,PA,flora,2003,5,0
US,PA,flora,2004,5,0
US,PA,flora,2005,5,0
US,PA,flora,2006,5,0
US,PA,flora,2007,10,0
US,PA,flora,2008,4,0
US,PA,flora,2009,90,0
US,PA,flora,2010,33,0
US,PA,flora,2011,50,0
US,PA,flora,2012,58,0
US,PA,flora,2013,22,1
US,PA,flora,2014,10,0
US,PA,flora,2015,11,0
US,PA,flora,2016,32,0
US,PA,flora,2017,49,0
US,PA,flora,2018,59,0
US,PA,flora,2019,45,0
US,PA,flora,2020,12,0
US,PA,flora,2021,47,0
US,PA,flora,2022,19,0
US,PA,flora,2023,16,0
US,PA,flora,2024,25,0
US,PE,fauna,1979,2,0
US,PE,fauna,1980,3,0
US,PE,fauna,1981,1,0
US,PE,fauna,1982,4,0
US,PE,fauna,1983,2,0
US,PE,fauna,1984,1,0
US,PE,fauna,1989,1,0
US,PE,fauna,1992,1,0
US,PE,fauna,1994,5,0
US,PE,fauna,1995,2,0
US,PE,fauna,1996,2,0
US,PE,fauna,1997,3,0
US,PE,fauna,1998,7,0
US,PE,fauna,1999,4,0
US,PE,fauna,2000,7,0
US,PE,fauna,2001,4,0
US,PE,fauna,2002,5,0
US,PE,fauna,2003,4,0
US,PE,fauna,2004,9,0
US,PE,fauna,2005,9,0
US,PE,fauna,2006,15,0
US,PE,fauna,2007,10,0
US,PE,fauna,2008,18,0
US,PE,fauna,2009,16,0
US,PE,fauna,2010,23,0
US,PE,fauna,2011,46,0
US,PE,fauna,2012,70,0
US,PE,fauna,2013,98,0
US,PE,fauna,2014,86,0
US,PE,fauna,2015,93,0
US,PE,fauna,2016,117,0
US,PE,fauna,2017,72,0
US,PE,fauna,2018,97,0
US,PE,fauna,2019,67,0
US,PE,fauna,2020,36,0
US,PE,fauna,2021,38,0
US,PE,fauna,2022,53,0
US,PE,fauna,2023,84,4
US,PE,fauna,2024,50,0
US,PE,flora,1978,2,0
US,PE,flora,1979,9,0
US,PE,flora,1981,4,0
US,PE,flora,1982,11,0
US,PE,flora,1984,1,0
US,PE,flora,1985,1,0
US,PE,flora,1986,1,0
US,PE,flora,1987,9,0
US,PE,flora,1988,1,0
US,PE,flora,1989,2,0
US,PE,flora,1990,3,0
US,PE,flora,1991,11,0
US,PE,flora,1992,6,0
US,PE,flora,1993,3,0
US,PE,flora,1994,9,0
US,PE,flora,1995,36,0
US,PE,flora,1996,17,0
US,PE,flora,1997,16,0
US,PE,flora,1998,17,0
US,PE,flora,1999,30,0
US,PE,flora,2000,21,0
US,PE,flora,2001,35,0
US,PE,flora,2002,27,0
US,PE,flora,2003,1,0
US,PE,flora,2004,37,0
US,PE,flora,2005,34,0
US,PE,flora,2006,8,0
US,PE,flora,2007,24,0
US,PE,flora,2008,4,0
US,PE,flora,2009,4,0
US,PE,flora,2010,4,0
US,PE,flora,2011,2,0
US,PE,flora,2012,36,0
US,PE,flora,2013,2,0
US,PE,flora,2016,5,0
US,PE,flora,2017,32,0
US,PE,flora,2018,12,0
US,PE,flora,2020,1,0
US,PE,flora,2021,1,0
US,PE,flora,2022,3,0
US,PY,fauna,1980,1,0
US,PY,fauna,1983,1,0
US,PY,fauna,1985,2,0
US,PY,fauna,1989,1,0
US,PY,fauna,1990,2,0
US,PY,fauna,1991,7,0
US,PY,fauna,1992,1,0
US,PY,fauna,1993,4,0
US,PY,fauna,1996,6,0
US,PY,fauna,1997,23,0
US,PY,fauna,1999,1,0
US,PY,fauna,2000,2,0
US,PY,fauna,2002,2,0
US,PY,fauna,2004,6,0
US,PY,fauna,2005,27,0
US,PY,fauna,2006,23,0
US,PY,fauna,2007,18,0
US,PY,fauna,2008,19,0
US,PY,fauna,2009,9,0
US,PY,fauna,2010,24,0
US,PY,fauna,2011,27,0
US,PY,fauna,2012,34,0
US,PY,fauna,2013,40,1
US,PY,fauna,2014,21,0
US,PY,fauna,2015,35,0
US,PY,fauna,2016,28,0
US,PY,fauna,2017,30,0
US,PY,fauna,2018,36,0
US,PY,fauna,2019,32,0
US,PY,fauna,2020,25,0
US,PY,fauna,2021,20,0
US,PY,fauna,2022,23,0
US,PY,fauna,2023,20,0
US,PY,fauna,2024,26,0
US,PY,flora,1978,1,0
US,PY,flora,1983,6,0
US,PY,flora,1986,1,0
US,PY,flora,1988,1,0
US,PY,flora,1994,1,0
US,PY,flora,1995,12,0
US,PY,flora,1996,2,0
US,PY,flora,1997,4,0
US,PY,flora,1998,1,0
US,PY,flora,1999,1,0
US,PY,flora,2000,4,0
US,PY,flora,2017,13,0
US,PY,flora,2018,4,0
US,PY,flora,2019,4,0
US,SR,fauna,1982,3,0
US,SR,fauna,1983,4,0
US,SR,fauna,1985,1,0
US,SR,fauna,1994,4,0
US,SR,fauna,1996,2,0
US,SR,fauna,1999,1,0
US,SR,fauna,2000,3,0
US,SR,fauna,2001,1,0
US,SR,fauna,2011,1,0
US,SR,fauna,2015,1,0
US,SR,fauna,2016,3,0
US,SR,fauna,2018,1,0
US,SR,fauna,2021,2,0
US,SR,flora,1979,3,0
US,SR,flora,1980,3,0
US,SR,flora,1981,1,0
US,SR,flora,1982,1,0
US,SR,flora,1983,2,0
US,SR,flora,1984,1,0
US,SR,flora,1985,2,0
US,SR,flora,1986,4,0
US,SR,flora,1992,1,0
US,SR,flora,1997,4,0
US,SR,flora,1999,1,0
US,SR,flora,2000,2,0
US,SR,flora,2011,1,0
US,SR,flora,2013,1,1
US,SR,flora,2015,2,0
US,SV,fauna,1978,1,0
US,SV,fauna,1980,2,0
US,SV,fauna,1981,3,0
US,SV,fauna,1984,2,0
US,SV,fauna,1985,1,0
US,SV,fauna,1986,1,0
US,SV,fauna,1987,2,0
US,SV,fauna,1993,4,0
US,SV,fauna,1994,2,0
US,SV,fauna,1995,2,0
US,SV,fauna,1996,1,0
US,SV,fauna,1997,6,0
US,SV,fauna,1998,4,0
US,SV,fauna,1999,5,0
US,SV,fauna,2000,18,0
US,SV,fauna,2001,28,0
US,SV,fauna,2002,24,0
US,SV,fauna,2003,20,0
US,SV,fauna,2004,20,0
US,SV,fauna,2005,14,0
US,SV,fauna,2006,8,0
US,SV,fauna,2007,15,0
US,SV,fauna,2008,26,0
US,SV,fauna,2009,8,0
US,SV,fauna,2010,29,0
US,SV,fauna,2011,7,0
US,SV,fauna,2012,10,0
US,SV,fauna,2013,14,0
US,SV,fauna,2014,6,0
US,SV,fauna,2015,16,0
US,SV,fauna,2016,4,0
US,SV,fauna,2017,9,0
US,SV,fauna,2018,4,0
US,SV,fauna,2019,10,0
US,SV,fauna,2020,5,0
US,SV,fauna,2021,8,0
US,SV,fauna,2022,2,0
US,SV,fauna,2023,4,0
US,SV,fauna,2024,4,0
US,SV,flora,1977,1,0
US,SV,flora,1978,2,0
US,SV,flora,1979,14,0
US,SV,flora,1980,1,0
US,SV,flora,1982,6,0
US,SV,flora,1983,14,0
US,SV,flora,1984,13,0
US,SV,flora,1985,4,0
US,SV,flora,1986,4,0
US,SV,flora,1987,6,0
US,SV,flora,1988,1,0
US,SV,flora,1989,1,0
US,SV,flora,1990,5,0
US,SV,flora,1991,6,0
US,SV,flora,1992,4,0
US,SV,flora,1993,9,0
US,SV,flora,1994,6,0
US,SV,flora,1995,8,0
US,SV,flora,1996,14,0
US,SV,flora,1997,14,0
US,SV,flora,1998,19,0
US,SV,flora,1999,15,0
US,SV,flora,2000,13,0
US,SV,flora,2001,2,0
US,SV,flora,2002,17,0
US,SV,flora,2003,11,0
US,SV,flora,2004,6,0
US,SV,flora,2005,9,0
US,SV,flora,2006,8,0
US,SV,flora,2007,18,0
US,SV,flora,2008,19,0
US,SV,flora,2009,9,0
US,SV,flora,2010,5,0
US,SV,flora,2012,7,0
US,SV,flora,2015,3,0
US,SV,flora,2017,23,0
US,SV,flora,2018,4,0
US,SV,flora,2023,1,0
US,TT,fauna,1979,3,0
US,TT,fauna,1980,1,0
US,TT,fauna,1981,14,0
US,TT,fauna,1982,4,0
US,TT,fauna,1983,6,0
US,TT,fauna,1985,2,0
US,TT,fauna,1986,1,0
US,TT,fauna,1989,10,0
US,TT,fauna,1990,2,0
US,TT,fauna,1991,5,0
US,TT,fauna,1992,42,0
US,TT,fauna,1993,2,0
US,TT,fauna,1994,15,0
US,TT,fauna,1995,13,0
US,TT,fauna,1996,15,0
US,TT,fauna,1997,32,0
US,TT,fauna,1998,10,0
US,TT,fauna,1999,18,0
US,TT,fauna,2000,18,0
US,TT,fauna,2001,15,1
US,TT,fauna,2002,13,1
US,TT,fauna,2003,15,0
US,TT,fauna,2004,10,0
US,TT,fauna,2005,33,0
US,TT,fauna,2006,46,0
US,TT,fauna,2007,58,0
US,TT,fauna,2008,58,0
US,TT,fauna,2009,41,0
US,TT,fauna,2010,57,0
US,TT,fauna,2011,37,0
US,TT,fauna,2012,151,0
US,TT,fauna,2013,95,0
US,TT,fauna,2014,81,0
US,TT,fauna,2015,124,18
US,TT,fauna,2016,77,10
US,TT,fauna,2017,120,0
US,TT,fauna,2018,152,3
US,TT,fauna,2019,95,0
US,TT,fauna,2020,38,0
US,TT,fauna,2021,33,0
US,TT,fauna,2022,23,0
US,TT,fauna,2023,14,0
US,TT,fauna,2024,38,0
US,TT,fauna,2025,1,0
US,TT,flora,1977,1,0
US,TT,flora,1979,12,0
US,TT,flora,1980,25,0
US,TT,flora,1981,42,0
US,TT,flora,1982,139,0
US,TT,flora,1983,176,0
US,TT,flora,1984,54,0
US,TT,flora,1985,67,0
US,TT,flora,1986,31,0
US,TT,flora,1987,59,0
US,TT,flora,1988,31,0
US,TT,flora,1989,35,0
US,TT,flora,1990,94,0
US,TT,flora,1991,102,0
US,TT,flora,1992,55,0
US,TT,flora,1993,14,0
US,TT,flora,1994,7,0
US,TT,flora,1995,16,0
US,TT,flora,1996,15,0
US,TT,flora,1997,12,0
US,TT,flora,1998,12,0
US,TT,flora,1999,15,0
US,TT,flora,2000,14,0
US,TT,flora,2001,15,0
US,TT,flora,2002,19,0
US,TT,flora,2003,22,0
US,TT,flora,2004,30,0
US,TT,flora,2005,22,0
US,TT,flora,2006,29,0
US,TT,flora,2007,28,0
US,TT,flora,2008,29,0
US,TT,flora,2009,17,0
US,TT,flora,2010,8,0
US,TT,flora,2011,22,0
US,TT,flora,2012,23,0
US,TT,flora,2013,36,0
US,TT,flora,2014,45,0
US,TT,flora,2015,37,0
US,TT,flora,2016,52,0
US,TT,flora,2017,38,0
US,TT,flora,2018,40,0
US,TT,flora,2019,28,0
US,TT,flora,2020,2,0
US,TT,flora,2021,23,0
US,TT,flora,2022,10,0
US,TT,flora,2023,10,0
US,TT,flora,2024,10,0
US,UY,fauna,1982,2,0
US,UY,fauna,1984,2,0
US,UY,fauna,1987,2,0
US,UY,fauna,1989,1,0
US,UY,fauna,1990,1,0
US,UY,fauna,1992,1,0
US,UY,fauna,1993,2,0
US,UY,fauna,1994,3,0
US,UY,fauna,1995,1,0
US,UY,fauna,1998,1,0
US,UY,fauna,1999,2,0
US,UY,fauna,2000,4,1
US,UY,fauna,2001,12,0
US,UY,fauna,2002,8,0
US,UY,fauna,2003,35,0
US,UY,fauna,2004,57,0
US,UY,fauna,2005,49,0
US,UY,fauna,2006,49,0
US,UY,fauna,2007,53,0
US,UY,fauna,2008,44,0
US,UY,fauna,2009,32,0
US,UY,fauna,2010,24,0
US,UY,fauna,2011,18,0
US,UY,fauna,2012,46,0
US,UY,fauna,2013,74,0
US,UY,fauna,2014,86,0
US,UY,fauna,2015,116,0
US,UY,fauna,2016,119,0
US,UY,fauna,2017,69,0
US,UY,fauna,2018,86,0
US,UY,fauna,2019,79,0
US,UY,fauna,2020,75,0
US,UY,fauna,2021,40,0
US,UY,fauna,2022,29,0
US,UY,fauna,2023,40,0
US,UY,fauna,2024,36,0
US,UY,flora,1980,2,0
US,UY,flora,1981,14,0
US,UY,flora,1982,9,0
US,UY,flora,1986,1,0
US,UY,flora,1987,3,0
US,UY,flora,1988,26,0
US,UY,flora,1989,28,0
US,UY,flora,1990,14,0
US,UY,flora,1991,20,0
US,UY,flora,1993,10,0
US,UY,flora,1994,1,0
US,UY,flora,1997,6,0
US,UY,flora,1999,2,0
US,UY,flora,2000,35,0
US,UY,flora,2003,4,0
US,UY,flora,2004,9,0
US,UY,flora,2006,6,0
US,UY,flora,2010,2,0
US,UY,flora,2011,1,0
US,UY,flora,2012,6,0
US,UY,flora,2015,1,0
US,UY,flora,2017,17,0
US,UY,flora,2018,3,0
US,VC,fauna,1988,1,0
US,VC,fauna,1991,1,0
US,VC,fauna,1997,2,0
US,VC,fauna,2005,8,0
US,VC,fauna,2010,4,0
US,VC,fauna,2013,9,0
US,VC,fauna,2014,10,0
US,VC,fauna,2015,6,0
US,VC,flora,1983,8,0
US,VC,flora,1984,1,0
US,VC,flora,1992,14,0
US,VC,flora,1993,1,0
US,VC,flora,1994,2,0
US,VC,flora,1995,4,0
US,VC,flora,1996,2,0
US,VC,flora,1998,3,0
US,VC,flora,1999,2,0
US,VC,flora,2000,4,0
US,VC,flora,2002,6,0
US,VC,flora,2003,2,0
US,VC,flora,2004,3,0
US,VC,flora,2005,1,0
US,VC,flora,2006,1,0
US,VC,flora,2007,4,0
US,VC,flora,2008,5,0
US,VC,flora,2009,2,0
US,VC,flora,2010,6,0
US,VC,flora,2011,7,0
US,VC,flora,2012,6,0
US,VC,flora,2013,5,0
US,VC,flora,2014,2,0
US,VC,flora,2015,1,0
US,VC,flora,2016,2,0
US,VC,flora,2017,1,0
US,VE,fauna,1978,2,0
US,VE,fauna,1979,1,0
US,VE,fauna,1980,5,0
US,VE,fauna,1981,1,0
US,VE,fauna,1982,4,0
US,VE,fauna,1983,1,0
US,VE,fauna,1984,1,0
US,VE,fauna,1985,13,0
US,VE,fauna,1986,5,0
US,VE,fauna,1987,3,0
US,VE,fauna,1988,5,0
US,VE,fauna,1989,2,0
US,VE,fauna,1990,29,0
US,VE,fauna,1991,6,0
US,VE,fauna,1992,12,0
US,VE,fauna,1993,11,0
US,VE,fauna,1994,18,0
US,VE,fauna,1995,8,0
US,VE,fauna,1996,12,0
US,VE,fauna,1997,9,1
US,VE,fauna,1998,10,0
US,VE,fauna,1999,30,0
US,VE,fauna,2000,8,0
US,VE,fauna,2001,69,0
US,VE,fauna,2002,36,0
US,VE,fauna,2003,25,0
US,VE,fauna,2004,56,0
US,VE,fauna,2005,46,0
US,VE,fauna,2006,82,0
US,VE,fauna,2007,58,0
US,VE,fauna,2008,104,0
US,VE,fauna,2009,122,0
US,VE,fauna,2010,102,1
US,VE,fauna,2011,81,3
US,VE,fauna,2012,91,0
US,VE,fauna,2013,43,0
US,VE,fauna,2014,18,0
US,VE,fauna,2015,9,0
US,VE,fauna,2016,5,0
US,VE,fauna,2017,6,0
US,VE,fauna,2018,26,1
US,VE,fauna,2019,31,0
US,VE,fauna,2020,18,0
US,VE,fauna,2021,5,0
US,VE,fauna,2022,1,0
US,VE,fauna,2023,1,0
US,VE,fauna,2024,2,0
US,VE,flora,1977,1,0
US,VE,flora,1978,2,0
US,VE,flora,1979,27,0
US,VE,flora,1980,39,0
US,VE,flora,1981,130,0
US,VE,flora,1982,31,0
US,VE,flora,1983,39,0
US,VE,flora,1984,17,0
US,VE,flora,1985,8,0
US,VE,flora,1986,15,0
US,VE,flora,1987,45,0
US,VE,flora,1988,2,0
US,VE,flora,1989,1,0
US,VE,flora,1990,7,0
US,VE,flora,1991,21,0
US,VE,flora,1992,12,0
US,VE,flora,1993,32,0
US,VE,flora,1994,4,0
US,VE,flora,1995,11,0
US,VE,flora,1996,6,0
US,VE,flora,1997,33,0
US,VE,flora,1998,21,0
US,VE,flora,1999,37,0
US,VE,flora,2000,19,0
US,VE,flora,2001,57,0
US,VE,flora,2002,9,0
US,VE,flora,2007,1,0
US,VE,flora,2008,2,0
US,VE,flora,2009,22,0
US,VE,flora,2010,11,0
US,VE,flora,2012,1,0
US,VE,flora,2014,2,0
US,VE,flora,2017,2,0
UY,AE,fauna,2003,2,0
UY,AE,fauna,2004,2,0
UY,AE,fauna,2005,3,0
UY,AE,fauna,2007,1,0
UY,AE,fauna,2009,3,0
UY,AE,fauna,2012,1,0
UY,AE,fauna,2013,4,0
UY,AE,fauna,2014,7,0
UY,AE,fauna,2015,4,0
UY,AE,fauna,2016,3,0
UY,AE,fauna,2017,3,0
UY,AE,fauna,2018,5,0
UY,AE,fauna,2019,1,0
UY,AE,fauna,2021,2,0
UY,AR,fauna,1980,2,0
UY,AR,fauna,1986,3,0
UY,AR,fauna,1990,2,0
UY,AR,fauna,1991,2,0
UY,AR,fauna,1992,1,0
UY,AR,fauna,1993,1,0
UY,AR,fauna,1994,6,0
UY,AR,fauna,1995,2,0
UY,AR,fauna,1996,2,0
UY,AR,fauna,1997,3,0
UY,AR,fauna,1999,3,0
UY,AR,fauna,2001,5,0
UY,AR,fauna,2002,3,0
UY,AR,fauna,2003,3,0
UY,AR,fauna,2004,7,0
UY,AR,fauna,2005,15,0
UY,AR,fauna,2006,7,0
UY,AR,fauna,2007,15,0
UY,AR,fauna,2008,13,0
UY,AR,fauna,2009,39,0
UY,AR,fauna,2010,3,0
UY,AR,fauna,2011,9,0
UY,AR,fauna,2012,5,0
UY,AR,fauna,2013,3,0
UY,AR,fauna,2014,4,0
UY,AR,fauna,2015,1,0
UY,AR,fauna,2016,3,0
UY,AR,fauna,2017,1,0
UY,AR,fauna,2018,2,0
UY,AR,fauna,2021,3,0
UY,AR,fauna,2022,7,0
UY,AR,fauna,2023,2,0
UY,AR,fauna,2024,1,0
UY,AR,flora,2017,2,0
UY,AR,flora,2019,2,0
UY,AT,fauna,1996,1,0
UY,AT,flora,1980,37,0
UY,AT,flora,1981,1,0
UY,AT,flora,1983,2,0
UY,AT,flora,1987,1,0
UY,AU,fauna,2003,2,0
UY,AU,fauna,2004,4,0
UY,AU,fauna,2005,6,0
UY,AU,fauna,2007,2,0
UY,AU,fauna,2009,8,0
UY,AU,fauna,2010,4,0
UY,AU,fauna,2011,2,0
UY,AU,fauna,2012,11,0
UY,AU,fauna,2013,2,0
UY,AU,fauna,2014,8,0
UY,AU,fauna,2015,3,0
UY,AU,fauna,2016,18,0
UY,AU,fauna,2017,6,0
UY,AU,fauna,2018,27,0
UY,AU,fauna,2019,39,0
UY,AU,fauna,2020,60,0
UY,AU,fauna,2021,46,0
UY,AU,fauna,2022,51,0
UY,AU,fauna,2023,24,0
UY,AU,fauna,2024,8,0
UY,BB,fauna,2018,2,0
UY,BB,fauna,2019,3,0
UY,BB,fauna,2020,2,0
UY,BB,fauna,2021,2,0
UY,BE,fauna,1987,4,0
UY,BE,fauna,1988,2,0
UY,BE,fauna,2002,2,0
UY,BE,fauna,2003,4,0
UY,BE,fauna,2004,4,0
UY,BE,fauna,2005,6,0
UY,BE,fauna,2006,10,0
UY,BE,fauna,2009,1,0
UY,BE,fauna,2010,6,0
UY,BE,fauna,2011,16,0
UY,BE,fauna,2016,1,0
UY,BE,fauna,2017,2,0
UY,BE,fauna,2019,1,0
UY,BE,fauna,2020,2,0
UY,BE,fauna,2021,2,0
UY,BH,fauna,2010,1,0
UY,BH,fauna,2018,1,0
UY,BH,fauna,2019,2,0
UY,BO,fauna,2004,1,1
UY,BR,fauna,1993,2,0
UY,BR,fauna,1994,2,0
UY,BR,fauna,1995,2,0
UY,BR,fauna,1996,1,0
UY,BR,fauna,1997,3,0
UY,BR,fauna,2000,2,0
UY,BR,fauna,2001,2,0
UY,BR,fauna,2002,4,0
UY,BR,fauna,2003,5,0
UY,BR,fauna,2004,2,0
UY,BR,fauna,2005,3,0
UY,BR,fauna,2006,4,0
UY,BR,fauna,2007,7,0
UY,BR,fauna,2008,9,0
UY,BR,fauna,2009,6,0
UY,BR,fauna,2010,5,0
UY,BR,fauna,2011,5,0
UY,BR,fauna,2012,5,0
UY,BR,fauna,2013,3,0
UY,BR,fauna,2015,1,0
UY,BR,fauna,2017,1,0
UY,BR,fauna,2018,2,0
UY,BR,fauna,2019,1,0
UY,BR,fauna,2020,5,0
UY,BR,fauna,2021,2,0
UY,BR,fauna,2022,17,0
UY,BR,fauna,2023,11,0
UY,BR,fauna,2024,118,0
UY,BS,fauna,2011,1,0
UY,BS,fauna,2012,41,0
UY,BS,fauna,2013,44,0
UY,BS,fauna,2014,30,0
UY,BS,fauna,2015,14,0
UY,BS,fauna,2016,6,0
UY,BS,fauna,2017,2,0
UY,BS,fauna,2019,1,0
UY,CA,fauna,1984,2,0
UY,CA,fauna,1986,1,0
UY,CA,fauna,1987,2,0
UY,CA,fauna,1988,2,0
UY,CA,fauna,1990,1,0
UY,CA,fauna,1991,1,0
UY,CA,fauna,1992,2,0
UY,CA,fauna,1993,2,0
UY,CA,fauna,1995,1,0
UY,CA,fauna,1999,2,0
UY,CA,fauna,2000,1,0
UY,CA,fauna,2003,12,0
UY,CA,fauna,2004,4,0
UY,CA,fauna,2005,7,0
UY,CA,fauna,2006,11,0
UY,CA,fauna,2007,7,0
UY,CA,fauna,2008,7,0
UY,CA,fauna,2012,2,0
UY,CA,fauna,2013,2,0
UY,CA,fauna,2016,1,0
UY,CA,fauna,2019,8,0
UY,CA,fauna,2020,4,0
UY,CA,fauna,2021,3,0
UY,CA,fauna,2022,1,0
UY,CA,fauna,2024,2,0
UY,CH,fauna,1978,1,0
UY,CH,fauna,1979,4,0
UY,CH,fauna,1986,2,0
UY,CH,fauna,1988,2,0
UY,CH,fauna,1990,1,0
UY,CH,fauna,1992,2,0
UY,CH,fauna,1993,4,0
UY,CH,fauna,2002,1,0
UY,CH,fauna,2003,1,0
UY,CH,fauna,2006,2,0
UY,CH,fauna,2007,2,0
UY,CH,fauna,2008,10,0
UY,CH,fauna,2009,10,0
UY,CH,fauna,2010,18,0
UY,CH,fauna,2011,24,0
UY,CH,fauna,2012,22,0
UY,CH,fauna,2013,12,0
UY,CH,fauna,2014,16,0
UY,CH,fauna,2015,22,0
UY,CH,fauna,2016,78,0
UY,CH,fauna,2017,54,0
UY,CH,fauna,2018,74,0
UY,CH,fauna,2019,62,0
UY,CH,fauna,2020,83,0
UY,CH,fauna,2021,141,0
UY,CH,fauna,2022,158,0
UY,CH,fauna,2023,161,0
UY,CH,fauna,2024,105,0
UY,CH,flora,1982,1,0
UY,CH,flora,1984,1,0
UY,CH,flora,1987,3,0
UY,CH,flora,2004,58,0
UY,CH,flora,2005,32,0
UY,CL,fauna,1993,1,0
UY,CL,fauna,1995,1,0
UY,CL,fauna,1996,8,0
UY,CL,fauna,1997,7,0
UY,CL,fauna,1998,9,0
UY,CL,fauna,1999,2,0
UY,CL,fauna,2002,1,1
UY,CL,fauna,2003,4,0
UY,CL,fauna,2004,10,0
UY,CL,fauna,2005,18,0
UY,CL,fauna,2006,16,0
UY,CL,fauna,2007,14,0
UY,CL,fauna,2008,10,0
UY,CL,fauna,2009,4,0
UY,CL,fauna,2010,1,0
UY,CL,fauna,2012,1,0
UY,CL,fauna,2013,2,0
UY,CL,fauna,2014,2,0
UY,CL,fauna,2015,3,0
UY,CL,fauna,2016,3,0
UY,CL,fauna,2017,1,0
UY,CL,fauna,2018,6,0
UY,CL,fauna,2020,6,0
UY,CN,fauna,2002,4,0
UY,CN,fauna,2003,7,0
UY,CN,fauna,2004,4,0
UY,CN,fauna,2005,8,0
UY,CN,fauna,2006,8,0
UY,CN,fauna,2007,8,0
UY,CN,fauna,2008,11,0
UY,CN,fauna,2009,16,0
UY,CN,fauna,2010,22,0
UY,CN,fauna,2011,10,0
UY,CN,fauna,2012,18,0
UY,CN,fauna,2013,18,0
UY,CN,fauna,2014,25,0
UY,CN,fauna,2015,25,0
UY,CN,fauna,2016,30,0
UY,CN,fauna,2017,28,0
UY,CN,fauna,2018,30,0
UY,CN,fauna,2019,14,0
UY,CN,fauna,2024,1,0
UY,CO,fauna,1993,1,0
UY,CO,fauna,2002,1,1
UY,CO,fauna,2013,1,0
UY,CO,fauna,2014,1,0
UY,CO,fauna,2019,1,0
UY,CZ,fauna,1993,2,0
UY,CZ,fauna,1998,1,0
UY,CZ,fauna,2000,1,0
UY,CZ,fauna,2008,3,1
UY,DD,flora,1984,1,0
UY,DE,fauna,1978,8,0
UY,DE,fauna,1979,7,0
UY,DE,fauna,1980,9,0
UY,DE,fauna,1981,2,0
UY,DE,fauna,1982,5,0
UY,DE,fauna,1983,2,0
UY,DE,fauna,1984,2,0
UY,DE,fauna,1985,1,0
UY,DE,fauna,1986,2,0
UY,DE,fauna,1987,6,0
UY,DE,fauna,1988,3,0
UY,DE,fauna,1989,4,0
UY,DE,fauna,1991,3,0
UY,DE,fauna,1993,3,0
UY,DE,fauna,2000,2,0
UY,DE,fauna,2002,7,0
UY,DE,fauna,2003,39,0
UY,DE,fauna,2004,65,0
UY,DE,fauna,2005,19,0
UY,DE,fauna,2006,48,0
UY,DE,fauna,2007,33,0
UY,DE,fauna,2008,11,0
UY,DE,fauna,2009,13,0
UY,DE,fauna,2010,10,0
UY,DE,fauna,2011,9,0
UY,DE,fauna,2012,5,0
UY,DE,fauna,2013,9,0
UY,DE,fauna,2014,11,0
UY,DE,fauna,2015,5,0
UY,DE,fauna,2016,14,0
UY,DE,fauna,2017,6,0
UY,DE,fauna,2018,4,0
UY,DE,flora,1980,26,0
UY,DE,flora,1981,1,0
UY,DE,flora,1982,1,0
UY,DE,flora,1983,2,0
UY,DE,flora,1984,2,0
UY,DE,flora,1986,4,0
UY,DE,flora,1987,11,0
UY,DE,flora,2004,6,0
UY,DK,fauna,1980,1,0
UY,DK,fauna,1982,1,0
UY,DK,fauna,2019,5,0
UY,DO,fauna,2005,1,0
UY,DO,fauna,2006,1,0
UY,EC,fauna,2004,1,0
UY,EC,fauna,2008,8,0
UY,EC,fauna,2023,3,0
UY,EE,fauna,2011,3,0
UY,EG,fauna,2018,1,0
UY,EG,fauna,2021,1,0
UY,EG,fauna,2022,1,0
UY,ES,fauna,1983,1,0
UY,ES,fauna,1984,2,0
UY,ES,fauna,1986,14,0
UY,ES,fauna,1987,26,0
UY,ES,fauna,1988,61,0
UY,ES,fauna,1989,35,0
UY,ES,fauna,1990,81,0
UY,ES,fauna,1991,77,0
UY,ES,fauna,1992,48,0
UY,ES,fauna,1993,40,0
UY,ES,fauna,1994,43,0
UY,ES,fauna,1995,42,0
UY,ES,fauna,1996,19,0
UY,ES,fauna,1997,16,0
UY,ES,fauna,1998,20,0
UY,ES,fauna,1999,25,0
UY,ES,fauna,2000,51,1
UY,ES,fauna,2001,15,0
UY,ES,fauna,2002,12,1
UY,ES,fauna,2003,18,1
UY,ES,fauna,2004,17,0
UY,ES,fauna,2005,17,1
UY,ES,fauna,2006,8,0
UY,ES,fauna,2007,8,0
UY,ES,fauna,2008,4,0
UY,ES,fauna,2009,9,0
UY,ES,fauna,2010,8,0
UY,ES,fauna,2011,1,0
UY,ES,fauna,2012,2,0
UY,ES,fauna,2013,3,0
UY,ES,fauna,2014,1,0
UY,ES,fauna,2015,1,0
UY,ES,fauna,2016,1,0
UY,ES,fauna,2017,14,0
UY,ES,fauna,2018,40,0
UY,ES,fauna,2019,15,0
UY,ES,fauna,2020,17,0
UY,ES,fauna,2021,22,0
UY,ES,fauna,2022,12,0
UY,ES,fauna,2023,8,0
UY,ES,flora,2008,1,0
UY,FI,fauna,2004,6,0
UY,FR,fauna,1980,1,0
UY,FR,fauna,1981,1,0
UY,FR,fauna,1982,1,0
UY,FR,fauna,1984,2,0
UY,FR,fauna,1986,2,0
UY,FR,fauna,1987,1,0
UY,FR,fauna,1991,5,0
UY,FR,fauna,1992,2,0
UY,FR,fauna,2000,2,0
UY,FR,fauna,2001,2,0
UY,FR,fauna,2002,2,0
UY,FR,fauna,2003,6,0
UY,FR,fauna,2004,4,0
UY,FR,fauna,2005,6,0
UY,FR,fauna,2006,2,0
UY,FR,fauna,2007,1,0
UY,FR,fauna,2009,11,0
UY,FR,fauna,2011,4,0
UY,FR,fauna,2012,26,0
UY,FR,fauna,2013,22,0
UY,FR,fauna,2014,16,0
UY,FR,fauna,2015,10,0
UY,FR,fauna,2016,20,0
UY,FR,fauna,2017,27,0
UY,FR,fauna,2018,27,0
UY,FR,fauna,2019,34,0
UY,FR,fauna,2020,30,0
UY,FR,fauna,2021,22,0
UY,FR,fauna,2022,17,0
UY,FR,fauna,2023,21,0
UY,FR,fauna,2024,9,0
UY,FR,flora,2018,1,0
UY,GB,fauna,1981,1,0
UY,GB,fauna,1984,1,0
UY,GB,fauna,1985,1,0
UY,GB,fauna,1986,2,0
UY,GB,fauna,1987,2,0
UY,GB,fauna,1988,5,0
UY,GB,fauna,1993,4,0
UY,GB,fauna,1997,2,2
UY,GB,fauna,1999,3,0
UY,GB,fauna,2000,1,0
UY,GB,fauna,2002,2,1
UY,GB,fauna,2004,2,1
UY,GB,fauna,2005,11,0
UY,GB,fauna,2006,12,0
UY,GB,fauna,2007,5,0
UY,GB,fauna,2008,5,0
UY,GB,fauna,2009,4,0
UY,GB,fauna,2010,3,0
UY,GB,fauna,2011,2,0
UY,GB,fauna,2012,3,0
UY,GB,fauna,2013,6,0
UY,GB,fauna,2014,6,0
UY,GB,fauna,2015,4,0
UY,GB,fauna,2016,114,0
UY,GB,fauna,2018,9,0
UY,GB,fauna,2019,1,0
UY,GB,fauna,2020,1,0
UY,GB,fauna,2021,4,0
UY,GB,flora,1977,9,0
UY,GB,flora,1978,30,0
UY,GB,flora,1979,4,0
UY,GB,flora,1980,12,0
UY,GB,flora,1981,1,0
UY,GB,flora,1982,1,0
UY,GB,flora,1983,2,0
UY,GB,flora,1984,2,0
UY,GB,flora,1986,7,0
UY,GB,flora,2013,1,0
UY,GB,flora,2020,2,0
UY,GE,fauna,2013,2,0
UY,GR,fauna,2012,1,0
UY,GR,fauna,2016,1,0
UY,GR,fauna,2019,7,0
UY,GT,fauna,2021,1,0
UY,HK,fauna,1991,1,0
UY,HK,fauna,1996,2,0
UY,HK,fauna,1999,6,0
UY,HK,fauna,2000,6,0
UY,HK,fauna,2002,2,0
UY,HK,fauna,2003,1,0
UY,HK,fauna,2005,3,0
UY,HK,fauna,2007,3,0
UY,HK,fauna,2008,2,0
UY,HK,fauna,2009,3,0
UY,HK,fauna,2010,5,0
UY,HK,fauna,2011,4,0
UY,HK,fauna,2012,14,0
UY,HK,fauna,2013,9,0
UY,HK,fauna,2014,1,0
UY,HK,fauna,2015,7,0
UY,HK,fauna,2016,7,0
UY,HK,fauna,2017,8,0
UY,HK,fauna,2018,8,0
UY,HK,fauna,2019,3,0
UY,HK,fauna,2023,3,0
UY,ID,fauna,2017,2,0
UY,IL,fauna,1987,1,0
UY,IL,fauna,2002,1,0
UY,IL,flora,2008,1,0
UY,IR,fauna,2012,1,0
UY,IR,fauna,2013,1,0
UY,IS,fauna,2002,1,0
UY,IS,fauna,2005,1,0
UY,IS,fauna,2019,1,0
UY,IT,fauna,1978,1,0
UY,IT,fauna,1980,2,0
UY,IT,fauna,1981,1,0
UY,IT,fauna,1982,2,0
UY,IT,fauna,1983,3,0
UY,IT,fauna,1984,10,0
UY,IT,fauna,1985,2,0
UY,IT,fauna,1986,12,1
UY,IT,fauna,1987,6,0
UY,IT,fauna,1988,8,0
UY,IT,fauna,1989,2,0
UY,IT,fauna,1990,4,0
UY,IT,fauna,1991,3,0
UY,IT,fauna,1992,1,0
UY,IT,fauna,1993,1,0
UY,IT,fauna,1995,3,0
UY,IT,fauna,1996,3,0
UY,IT,fauna,1997,4,0
UY,IT,fauna,1998,1,0
UY,IT,fauna,2000,8,0
UY,IT,fauna,2001,1,0
UY,IT,fauna,2002,3,0
UY,IT,fauna,2003,14,0
UY,IT,fauna,2004,1,0
UY,IT,fauna,2005,11,0
UY,IT,fauna,2006,2,0
UY,IT,fauna,2007,13,0
UY,IT,fauna,2008,6,0
UY,IT,fauna,2009,5,0
UY,IT,fauna,2011,1,0
UY,IT,fauna,2016,1,0
UY,IT,fauna,2019,1,0
UY,IT,flora,1984,1,0
UY,IT,flora,2004,2,0
UY,IT,flora,2005,1,0
UY,IT,flora,2008,2,0
UY,IT,flora,2010,1,0
UY,IT,flora,2011,2,0
UY,IT,flora,2012,1,0
UY,IT,flora,2013,1,0
UY,JP,fauna,1982,3,0
UY,JP,fauna,1983,2,0
UY,JP,fauna,1984,2,0
UY,JP,fauna,1985,1,0
UY,JP,fauna,1986,4,0
UY,JP,fauna,1987,10,0
UY,JP,fauna,1988,19,0
UY,JP,fauna,1989,10,0
UY,JP,fauna,1990,10,0
UY,JP,fauna,1991,16,0
UY,JP,fauna,1992,3,0
UY,JP,fauna,1993,13,0
UY,JP,fauna,1994,7,0
UY,JP,fauna,1995,8,0
UY,JP,fauna,1996,2,0
UY,JP,fauna,1997,4,0
UY,JP,fauna,1998,4,0
UY,JP,fauna,1999,6,0
UY,JP,fauna,2000,3,0
UY,JP,fauna,2001,4,0
UY,JP,fauna,2002,5,2
UY,JP,fauna,2003,17,0
UY,JP,fauna,2004,25,6
UY,JP,fauna,2005,7,0
UY,JP,fauna,2006,8,0
UY,JP,fauna,2007,4,0
UY,JP,fauna,2008,4,0
UY,JP,fauna,2009,8,0
UY,JP,fauna,2010,11,0
UY,JP,fauna,2011,9,0
UY,JP,fauna,2012,16,0
UY,JP,fauna,2013,9,0
UY,JP,fauna,2014,24,0
UY,JP,fauna,2015,23,0
UY,JP,fauna,2016,13,0
UY,JP,fauna,2017,40,0
UY,JP,fauna,2018,35,0
UY,JP,fauna,2019,36,0
UY,JP,fauna,2020,26,0
UY,JP,fauna,2021,35,0
UY,JP,fauna,2022,31,0
UY,JP,fauna,2023,16,0
UY,JP,fauna,2024,26,0
UY,JP,flora,1990,1,0
UY,KN,fauna,2008,2,0
UY,KR,fauna,2002,5,2
UY,KR,fauna,2003,5,3
UY,KR,fauna,2004,2,0
UY,KR,fauna,2005,2,0
UY,KR,fauna,2006,3,0
UY,KR,fauna,2007,2,0
UY,KR,fauna,2009,2,0
UY,KR,fauna,2010,2,0
UY,KR,fauna,2011,5,0
UY,KR,fauna,2012,10,0
UY,KR,fauna,2013,6,0
UY,KR,fauna,2017,3,0
UY,KR,fauna,2018,2,0
UY,KR,fauna,2021,2,0
UY,KY,fauna,2024,1,0
UY,LB,fauna,1983,1,0
UY,LB,fauna,2015,1,0
UY,LB,fauna,2016,1,0
UY,LB,fauna,2020,1,0
UY,LU,fauna,2010,1,0
UY,LU,fauna,2017,1,0
UY,LV,fauna,2010,2,0
UY,LV,fauna,2013,4,0
UY,LV,fauna,2014,10,0
UY,LV,fauna,2020,2,0
UY,MC,fauna,2016,2,0
UY,MF,fauna,2022,2,0
UY,MF,fauna,2023,2,0
UY,MM,fauna,2016,1,0
UY,MO,fauna,1997,1,0
UY,MX,fauna,1998,21,0
UY,MX,fauna,1999,2,0
UY,MX,fauna,2002,1,1
UY,MX,fauna,2003,17,1
UY,MX,fauna,2004,2,2
UY,MX,fauna,2005,3,3
UY,MX,fauna,2006,16,0
UY,MX,fauna,2007,51,0
UY,MX,fauna,2008,56,0
UY,MX,fauna,2009,97,0
UY,MX,fauna,2010,111,0
UY,MX,fauna,2011,101,0
UY,MX,fauna,2012,149,0
UY,MX,fauna,2013,126,0
UY,MX,fauna,2014,10,0
UY,MX,fauna,2015,6,0
UY,MX,fauna,2016,6,0
UY,MX,fauna,2017,2,0
UY,MX,fauna,2018,7,0
UY,MX,fauna,2019,2,0
UY,MX,fauna,2020,8,0
UY,MX,fauna,2021,8,0
UY,MX,fauna,2022,8,0
UY,MX,fauna,2023,11,0
UY,MX,fauna,2024,2,0
UY,MX,flora,2011,2,0
UY,MX,flora,2013,3,0
UY,MY,fauna,2006,2,0
UY,MY,fauna,2018,2,0
UY,NL,fauna,1983,1,0
UY,NL,fauna,1987,6,0
UY,NL,fauna,1988,11,0
UY,NL,fauna,1990,2,0
UY,NL,fauna,1991,1,0
UY,NL,fauna,2004,6,0
UY,NL,fauna,2007,1,0
UY,NL,fauna,2012,7,0
UY,NL,fauna,2013,15,0
UY,NL,fauna,2014,8,0
UY,NL,fauna,2015,3,0
UY,NL,fauna,2016,5,0
UY,NL,fauna,2017,3,0
UY,NL,fauna,2018,5,0
UY,NL,fauna,2019,3,0
UY,NL,fauna,2020,1,0
UY,NL,fauna,2023,4,0
UY,NL,flora,1982,1,0
UY,NL,flora,1983,1,0
UY,NL,flora,1984,1,0
UY,NL,flora,1998,1,1
UY,NO,fauna,1998,2,0
UY,NO,fauna,2012,2,0
UY,NO,fauna,2013,1,0
UY,NO,fauna,2014,4,0
UY,NO,fauna,2016,2,0
UY,NO,fauna,2017,6,0
UY,NO,fauna,2018,6,0
UY,NO,fauna,2019,9,0
UY,NO,fauna,2020,11,0
UY,NO,fauna,2021,6,0
UY,NO,fauna,2022,6,0
UY,NO,fauna,2023,4,0
UY,NZ,fauna,1998,2,2
UY,NZ,fauna,2004,2,0
UY,NZ,fauna,2019,2,0
UY,NZ,fauna,2020,1,0
UY,NZ,flora,1999,1,1
UY,OM,fauna,2019,1,0
UY,PA,fauna,2006,1,0
UY,PA,fauna,2009,1,0
UY,PA,fauna,2010,2,0
UY,PA,fauna,2011,1,0
UY,PE,fauna,1995,1,0
UY,PE,fauna,2009,2,0
UY,PE,fauna,2010,3,0
UY,PE,fauna,2011,1,0
UY,PE,fauna,2012,4,0
UY,PE,fauna,2013,3,0
UY,PE,fauna,2014,6,0
UY,PE,fauna,2015,6,0
UY,PE,fauna,2023,3,0
UY,PH,fauna,2015,1,0
UY,PH,fauna,2016,1,0
UY,PH,fauna,2020,2,0
UY,PH,fauna,2021,4,0
UY,PK,fauna,1986,1,0
UY,PK,fauna,1987,2,0
UY,PL,fauna,2012,2,0
UY,PR,fauna,2004,1,0
UY,PR,fauna,2019,1,0
UY,PT,fauna,2003,5,0
UY,PT,fauna,2004,12,0
UY,PT,fauna,2005,5,0
UY,PT,fauna,2019,1,0
UY,PT,fauna,2022,1,0
UY,PY,fauna,1983,1,0
UY,PY,fauna,1997,2,0
UY,PY,fauna,2003,1,0
UY,PY,fauna,2006,1,0
UY,PY,fauna,2014,2,0
UY,PY,fauna,2019,2,0
UY,PY,fauna,2020,2,0
UY,PY,fauna,2021,2,0
UY,PY,fauna,2022,1,0
UY,PY,fauna,2023,1,0
UY,PY,flora,1984,1,0
UY,QA,fauna,2009,1,0
UY,QA,fauna,2015,2,0
UY,QA,fauna,2019,1,0
UY,RU,fauna,2001,1,0
UY,RU,fauna,2003,3,0
UY,RU,fauna,2004,9,0
UY,RU,fauna,2006,6,0
UY,RU,fauna,2007,14,0
UY,RU,fauna,2008,1,0
UY,RU,fauna,2010,2,0
UY,RU,fauna,2011,4,0
UY,RU,fauna,2012,2,0
UY,RU,fauna,2013,5,0
UY,RU,fauna,2014,5,0
UY,RU,fauna,2015,7,0
UY,RU,fauna,2016,9,0
UY,RU,fauna,2017,17,0
UY,RU,fauna,2018,24,0
UY,RU,fauna,2019,28,0
UY,RU,fauna,2020,15,0
UY,RU,fauna,2021,15,0
UY,RU,fauna,2022,7,0
UY,RU,fauna,2023,4,0
UY,RU,fauna,2024,4,0
UY,SA,fauna,1990,1,0
UY,SA,fauna,1992,1,0
UY,SA,fauna,2019,4,0
UY,SE,fauna,1982,1,0
UY,SE,fauna,1983,2,0
UY,SE,fauna,1986,2,0
UY,SE,fauna,2012,1,0
UY,SE,fauna,2016,1,0
UY,SE,fauna,2017,8,0
UY,SE,flora,1984,1,0
UY,SG,fauna,2003,2,2
UY,SG,fauna,2005,2,0
UY,SG,fauna,2006,4,0
UY,SG,fauna,2008,4,0
UY,SG,fauna,2009,2,0
UY,SG,fauna,2010,9,0
UY,SG,fauna,2011,8,0
UY,SG,fauna,2012,8,0
UY,SG,fauna,2013,3,0
UY,SG,fauna,2014,3,0
UY,SG,fauna,2015,20,0
UY,SG,fauna,2016,12,0
UY,SG,fauna,2017,3,0
UY,SG,fauna,2018,19,0
UY,SG,fauna,2019,30,0
UY,SG,fauna,2020,15,0
UY,SG,fauna,2021,12,0
UY,SG,fauna,2022,8,0
UY,SG,fauna,2023,8,0
UY,SG,fauna,2024,11,0
UY,SI,fauna,1993,1,0
UY,SX,fauna,2021,1,0
UY,TH,fauna,1988,1,0
UY,TH,fauna,2003,14,14
UY,TH,fauna,2004,4,4
UY,TH,fauna,2006,2,0
UY,TH,fauna,2007,4,0
UY,TH,fauna,2010,1,0
UY,TH,fauna,2011,1,0
UY,TH,fauna,2012,2,0
UY,TH,fauna,2013,1,0
UY,TH,fauna,2014,4,0
UY,TH,fauna,2015,2,0
UY,TH,fauna,2017,3,0
UY,TH,fauna,2018,1,0
UY,TH,fauna,2019,2,0
UY,TH,fauna,2020,1,0
UY,TH,fauna,2024,2,0
UY,TM,fauna,2011,1,0
UY,TM,fauna,2013,2,0
UY,TM,fauna,2014,2,0
UY,TN,fauna,2014,2,0
UY,TR,fauna,2003,1,0
UY,TR,fauna,2007,7,0
UY,TR,fauna,2010,1,0
UY,TR,fauna,2011,2,0
UY,TR,fauna,2018,1,0
UY,TR,fauna,2019,1,0
UY,TW,fauna,1986,1,0
UY,TW,fauna,1988,1,0
UY,TW,fauna,2003,1,0
UY,TW,fauna,2004,4,1
UY,TW,fauna,2005,3,0
UY,TW,fauna,2006,1,0
UY,UA,fauna,2007,4,0
UY,UA,fauna,2009,2,0
UY,UA,fauna,2011,12,0
UY,UA,fauna,2012,2,0
UY,UA,fauna,2016,2,0
UY,UA,fauna,2017,2,0
UY,UA,fauna,2018,1,0
UY,UA,fauna,2019,2,0
UY,UA,fauna,2020,1,0
UY,UA,fauna,2021,4,0
UY,US,fauna,1978,4,0
UY,US,fauna,1979,4,0
UY,US,fauna,1980,9,0
UY,US,fauna,1981,17,0
UY,US,fauna,1982,24,0
UY,US,fauna,1983,33,1
UY,US,fauna,1984,22,0
UY,US,fauna,1985,28,0
UY,US,fauna,1986,75,0
UY,US,fauna,1987,41,2
UY,US,fauna,1988,70,2
UY,US,fauna,1989,21,1
UY,US,fauna,1990,38,2
UY,US,fauna,1991,34,1
UY,US,fauna,1992,13,2
UY,US,fauna,1993,29,1
UY,US,fauna,1995,1,0
UY,US,fauna,1996,1,0
UY,US,fauna,1998,5,0
UY,US,fauna,1999,2,0
UY,US,fauna,2000,4,1
UY,US,fauna,2001,11,1
UY,US,fauna,2002,41,3
UY,US,fauna,2003,92,0
UY,US,fauna,2004,58,0
UY,US,fauna,2005,77,1
UY,US,fauna,2006,71,1
UY,US,fauna,2007,38,0
UY,US,fauna,2008,47,4
UY,US,fauna,2009,28,1
UY,US,fauna,2010,31,1
UY,US,fauna,2011,42,1
UY,US,fauna,2012,47,5
UY,US,fauna,2013,64,6
UY,US,fauna,2014,46,2
UY,US,fauna,2015,55,1
UY,US,fauna,2016,83,2
UY,US,fauna,2017,88,3
UY,US,fauna,2018,92,2
UY,US,fauna,2019,116,0
UY,US,fauna,2020,105,0
UY,US,fauna,2021,99,0
UY,US,fauna,2022,47,2
UY,US,fauna,2023,69,2
UY,US,fauna,2024,50,0
UY,US,flora,1979,1,0
UY,US,flora,1980,3,0
UY,US,flora,1983,11,0
UY,US,flora,1985,17,0
UY,US,flora,1997,1,1
UY,US,flora,2007,6,6
UY,US,flora,2008,1,0
UY,US,flora,2010,1,0
UY,US,flora,2011,1,0
UY,US,flora,2012,4,0
UY,US,flora,2019,2,0
UY,US,flora,2020,1,0
UY,US,flora,2021,2,0
UY,US,flora,2022,1,0
UY,VE,fauna,1995,2,0
UY,VE,fauna,2003,1,0
UY,VE,fauna,2005,1,0
UY,VE,fauna,2006,5,0
UY,VE,fauna,2007,3,0
UY,VN,fauna,2010,1,0
UY,VN,fauna,2016,2,0
UY,VN,fauna,2017,2,0
UY,VN,fauna,2019,2,0
UY,XX,fauna,1990,2,0
UY,XX,fauna,1991,3,0
UY,XX,fauna,2022,4,0
UY,XX,fauna,2023,4,0
UY,XX,fauna,2024,1,0
UY,ZA,fauna,2002,1,0
UY,ZA,fauna,2020,1,0
UY,ZC,fauna,1991,1,0
UY,ZC,fauna,1992,2,0
UZ,GY,fauna,2013,5,0
UZ,MX,fauna,1999,2,0
UZ,MX,fauna,2015,1,0
UZ,MX,fauna,2016,1,0
UZ,NI,fauna,2011,1,0
UZ,NI,fauna,2012,1,0
UZ,PA,fauna,2010,1,0
UZ,PA,fauna,2014,5,0
VC,AE,fauna,2020,6,0
VC,AE,fauna,2021,4,0
VC,AE,fauna,2022,7,0
VC,AE,fauna,2023,2,0
VC,AE,fauna,2024,2,0
VC,AG,fauna,2013,1,0
VC,AI,fauna,2002,7,0
VC,AI,fauna,2003,4,0
VC,AI,fauna,2020,4,0
VC,AI,fauna,2021,4,0
VC,AI,fauna,2022,1,0
VC,AN,fauna,2003,1,0
VC,AN,fauna,2004,6,0
VC,AN,fauna,2005,1,0
VC,BB,fauna,2002,5,0
VC,BB,fauna,2003,1,0
VC,BB,fauna,2004,1,0
VC,BB,fauna,2005,5,0
VC,BB,fauna,2006,2,0
VC,BB,fauna,2009,2,0
VC,BB,fauna,2011,2,0
VC,BB,fauna,2012,1,0
VC,BB,fauna,2013,1,0
VC,BB,fauna,2015,2,0
VC,BB,fauna,2016,7,0
VC,BB,fauna,2019,1,0
VC,BB,fauna,2020,5,0
VC,BB,fauna,2021,6,0
VC,BB,fauna,2022,5,0
VC,BB,fauna,2023,15,0
VC,BS,fauna,2021,1,0
VC,BV,fauna,2020,6,0
VC,CA,fauna,2010,1,0
VC,CA,fauna,2011,2,0
VC,CA,fauna,2014,2,0
VC,CA,fauna,2015,2,0
VC,CA,fauna,2017,2,0
VC,CA,fauna,2018,1,0
VC,CA,fauna,2019,1,0
VC,CA,fauna,2020,1,0
VC,CH,fauna,1995,1,0
VC,CN,fauna,2015,13,0
VC,CN,fauna,2016,2,0
VC,CU,fauna,1995,1,0
VC,CW,fauna,2019,1,0
VC,CW,fauna,2020,1,0
VC,CW,fauna,2021,1,0
VC,DE,fauna,1981,1,0
VC,DE,fauna,1982,1,0
VC,DE,fauna,2005,1,0
VC,DE,fauna,2011,58,0
VC,DE,fauna,2012,1,0
VC,DE,fauna,2015,1,0
VC,DE,fauna,2016,1,0
VC,DK,fauna,2012,4,0
VC,DM,fauna,2016,12,0
VC,DM,fauna,2017,66,0
VC,DM,fauna,2018,50,0
VC,DM,fauna,2019,55,0
VC,DM,fauna,2020,4,0
VC,DM,fauna,2021,5,0
VC,DM,fauna,2022,4,0
VC,DM,fauna,2023,7,0
VC,ES,fauna,2001,2,0
VC,FR,fauna,1993,3,0
VC,FR,fauna,1994,14,0
VC,FR,fauna,1995,15,0
VC,FR,fauna,1996,9,0
VC,FR,fauna,2000,1,0
VC,FR,fauna,2018,2,0
VC,FR,flora,1995,1,0
VC,GB,fauna,1992,1,0
VC,GB,fauna,1997,1,1
VC,GB,fauna,1998,1,1
VC,GB,fauna,2002,1,0
VC,GB,fauna,2004,1,1
VC,GB,fauna,2009,3,0
VC,GB,fauna,2021,1,0
VC,GB,fauna,2022,3,0
VC,GB,fauna,2023,1,0
VC,GE,fauna,2015,1,0
VC,HK,fauna,2022,1,0
VC,HU,fauna,2013,1,0
VC,JP,fauna,1999,1,0
VC,JP,fauna,2002,2,0
VC,JP,fauna,2003,1,0
VC,KN,fauna,2004,2,0
VC,KR,fauna,2018,1,0
VC,LC,fauna,1993,1,1
VC,LC,fauna,2000,11,0
VC,LC,fauna,2001,4,0
VC,LC,fauna,2003,4,0
VC,LC,fauna,2004,9,0
VC,LC,fauna,2005,4,0
VC,LC,fauna,2006,2,0
VC,LC,fauna,2007,4,0
VC,LC,fauna,2008,5,0
VC,LC,fauna,2009,17,0
VC,LC,fauna,2010,25,0
VC,LC,fauna,2011,17,0
VC,LC,fauna,2012,3,0
VC,LC,fauna,2013,8,0
VC,LC,fauna,2014,46,0
VC,LC,fauna,2015,20,0
VC,LC,fauna,2016,10,0
VC,LC,fauna,2017,31,0
VC,LC,fauna,2018,27,0
VC,LC,fauna,2019,59,0
VC,LC,fauna,2020,83,0
VC,LC,fauna,2021,82,0
VC,LC,fauna,2022,73,0
VC,LC,fauna,2023,80,0
VC,MF,fauna,2017,1,0
VC,MF,fauna,2018,1,0
VC,MF,fauna,2019,3,0
VC,MQ,fauna,1997,13,0
VC,MS,fauna,2003,1,0
VC,NZ,fauna,1999,1,0
VC,NZ,fauna,2023,1,0
VC,OM,fauna,2016,3,0
VC,SR,fauna,2014,1,0
VC,SX,fauna,2011,1,0
VC,SX,fauna,2012,1,0
VC,SX,fauna,2019,1,0
VC,SX,fauna,2020,5,0
VC,SX,fauna,2021,4,0
VC,SX,fauna,2022,3,0
VC,SX,fauna,2023,2,0
VC,TT,fauna,1991,1,1
VC,TT,fauna,1992,1,0
VC,TT,fauna,1995,2,0
VC,TT,fauna,1997,6,0
VC,TT,fauna,1998,1,0
VC,TT,fauna,1999,1,0
VC,TT,fauna,2000,2,0
VC,TT,fauna,2002,2,0
VC,TT,fauna,2003,4,0
VC,TT,fauna,2004,3,0
VC,TT,fauna,2005,1,0
VC,TT,fauna,2007,1,0
VC,TT,fauna,2008,3,0
VC,TT,fauna,2009,3,0
VC,TT,fauna,2010,1,0
VC,TT,fauna,2011,3,0
VC,TT,fauna,2012,5,0
VC,TT,fauna,2013,1,0
VC,TT,fauna,2014,2,0
VC,TT,fauna,2015,8,0
VC,TT,fauna,2016,1,0
VC,TT,fauna,2017,2,0
VC,TT,fauna,2018,3,0
VC,TT,fauna,2019,1,0
VC,TT,fauna,2020,12,0
VC,TT,fauna,2021,9,0
VC,TT,fauna,2022,3,0
VC,TT,fauna,2023,5,0
VC,TT,fauna,2025,1,0
VC,US,fauna,1985,1,1
VC,US,fauna,1990,1,0
VC,US,fauna,1993,3,1
VC,US,fauna,1997,4,1
VC,US,fauna,1998,3,0
VC,US,fauna,1999,2,0
VC,US,fauna,2000,1,0
VC,US,fauna,2001,2,0
VC,US,fauna,2002,3,0
VC,US,fauna,2003,2,0
VC,US,fauna,2004,26,0
VC,US,fauna,2005,23,1
VC,US,fauna,2006,39,10
VC,US,fauna,2007,25,15
VC,US,fauna,2008,6,3
VC,US,fauna,2009,12,3
VC,US,fauna,2010,15,9
VC,US,fauna,2011,11,3
VC,US,fauna,2012,11,1
VC,US,fauna,2013,21,3
VC,US,fauna,2014,8,3
VC,US,fauna,2015,12,2
VC,US,fauna,2016,4,1
VC,US,fauna,2017,10,0
VC,US,fauna,2018,199,1
VC,US,fauna,2019,160,1
VC,US,fauna,2020,132,2
VC,US,fauna,2021,113,0
VC,US,fauna,2022,166,0
VC,US,fauna,2023,82,2
VC,US,fauna,2024,20,0
VC,US,flora,1992,1,1
VC,US,flora,1995,1,1
VC,US,flora,1997,4,0
VC,US,flora,1998,2,0
VC,VG,fauna,2019,4,0
VC,VG,fauna,2020,9,0
VC,VG,fauna,2021,7,0
VC,VG,fauna,2022,2,0
VC,VG,fauna,2023,2,0
VC,VI,fauna,2002,2,0
VC,VI,fauna,2003,1,0
VC,VI,fauna,2019,1,0
VC,XX,fauna,2004,1,0
VC,ZA,fauna,2004,1,0
VE,AE,fauna,2018,1,0
VE,AE,fauna,2024,6,0
VE,AL,flora,1991,7,0
VE,AN,fauna,1989,3,0
VE,AN,fauna,1994,9,0
VE,AN,fauna,1995,3,0
VE,AN,fauna,1997,5,0
VE,AN,fauna,1999,11,0
VE,AN,fauna,2000,1,0
VE,AN,fauna,2001,1,0
VE,AN,fauna,2003,4,0
VE,AN,flora,1981,10,0
VE,AN,flora,1990,10,0
VE,AN,flora,2003,28,0
VE,AN,flora,2007,25,0
VE,AN,flora,2008,14,0
VE,AR,fauna,1987,2,0
VE,AR,fauna,1988,1,0
VE,AR,fauna,1989,4,0
VE,AR,fauna,1990,2,0
VE,AR,fauna,1992,1,0
VE,AR,fauna,1993,2,0
VE,AR,fauna,1998,1,0
VE,AR,fauna,2018,1,0
VE,AR,flora,2004,17,0
VE,AT,fauna,1986,1,0
VE,AT,fauna,1990,2,0
VE,AT,fauna,1991,1,0
VE,AT,fauna,1993,3,0
VE,AT,fauna,2001,2,2
VE,AT,fauna,2006,1,1
VE,AT,fauna,2008,1,1
VE,AT,flora,1990,2,0
VE,AT,flora,2010,1,1
VE,AU,fauna,1993,2,0
VE,AU,fauna,2009,5,0
VE,AU,fauna,2010,1,0
VE,AU,fauna,2013,1,0
VE,AU,flora,1985,13,0
VE,AU,flora,1987,34,0
VE,AU,flora,1988,16,0
VE,AU,flora,1989,10,0
VE,AU,flora,1991,14,0
VE,AU,flora,1992,16,0
VE,AW,fauna,1991,4,0
VE,AW,fauna,1993,4,0
VE,AW,fauna,1996,9,0
VE,AW,fauna,1999,9,0
VE,AW,fauna,2000,4,0
VE,AW,fauna,2002,2,0
VE,BB,flora,1992,2,0
VE,BD,fauna,2021,4,0
VE,BD,fauna,2022,26,0
VE,BD,fauna,2023,1,0
VE,BE,fauna,1989,7,0
VE,BE,fauna,1990,6,0
VE,BE,fauna,1991,1,0
VE,BE,fauna,2001,1,0
VE,BE,fauna,2002,1,0
VE,BE,fauna,2006,4,0
VE,BE,fauna,2007,5,0
VE,BE,fauna,2008,3,0
VE,BE,flora,1990,24,0
VE,BE,flora,1991,30,0
VE,BE,flora,1996,8,0
VE,BE,flora,1998,1,1
VE,BE,flora,1999,1,0
VE,BE,flora,2004,18,0
VE,BM,flora,1980,1,0
VE,BO,fauna,1990,6,0
VE,BR,fauna,1989,2,0
VE,BR,fauna,1997,1,0
VE,BR,fauna,1998,1,0
VE,BR,fauna,2002,1,0
VE,BR,flora,1988,14,0
VE,BR,flora,1990,5,0
VE,BR,flora,1996,2,0
VE,BR,flora,2001,75,0
VE,BR,flora,2002,4,0
VE,BR,flora,2004,4,0
VE,BZ,fauna,2013,1,0
VE,BZ,fauna,2014,2,0
VE,CA,fauna,1983,1,0
VE,CA,fauna,1984,7,0
VE,CA,fauna,1988,1,0
VE,CA,fauna,1991,4,0
VE,CA,fauna,1992,2,0
VE,CA,fauna,1993,4,0
VE,CA,fauna,1994,5,0
VE,CA,fauna,1995,3,0
VE,CA,fauna,2004,2,0
VE,CA,fauna,2005,2,0
VE,CA,fauna,2006,4,0
VE,CA,fauna,2008,2,0
VE,CA,fauna,2019,1,0
VE,CA,fauna,2022,2,0
VE,CA,flora,1988,34,0
VE,CA,flora,1989,10,0
VE,CA,flora,1990,7,0
VE,CA,flora,1992,5,0
VE,CA,flora,1999,51,0
VE,CA,flora,2022,1,0
VE,CD,flora,2011,6,0
VE,CH,fauna,1980,4,0
VE,CH,fauna,1982,1,0
VE,CH,fauna,1984,1,0
VE,CH,fauna,1985,8,0
VE,CH,fauna,1987,1,0
VE,CH,fauna,1989,9,0
VE,CH,fauna,1990,7,0
VE,CH,fauna,1991,12,0
VE,CH,fauna,1992,22,0
VE,CH,fauna,1995,10,0
VE,CH,fauna,1996,7,0
VE,CH,fauna,1997,1,0
VE,CH,fauna,1998,7,0
VE,CH,fauna,1999,9,0
VE,CH,fauna,2003,6,0
VE,CH,fauna,2004,5,0
VE,CH,fauna,2011,12,0
VE,CH,fauna,2012,3,0
VE,CH,fauna,2018,10,0
VE,CH,fauna,2019,1,0
VE,CH,flora,1987,1,0
VE,CH,flora,2007,369,0
VE,CI,flora,1992,21,0
VE,CL,fauna,1988,1,0
VE,CL,fauna,1990,1,0
VE,CL,fauna,1993,2,0
VE,CL,fauna,2002,1,0
VE,CL,fauna,2010,1,0
VE,CL,fauna,2018,2,0
VE,CL,fauna,2019,1,0
VE,CN,fauna,2004,2,0
VE,CN,fauna,2005,3,0
VE,CN,fauna,2006,4,0
VE,CN,fauna,2007,5,0
VE,CN,fauna,2009,1,0
VE,CN,fauna,2010,1,0
VE,CN,fauna,2013,2,0
VE,CN,fauna,2015,4,0
VE,CN,fauna,2016,2,0
VE,CN,fauna,2018,2,0
VE,CN,fauna,2019,2,0
VE,CN,fauna,2020,1,0
VE,CN,fauna,2022,3,0
VE,CN,flora,2019,1,0
VE,CN,flora,2023,2,0
VE,CN,flora,2024,2,0
VE,CO,fauna,1987,2,0
VE,CO,fauna,1990,4,0
VE,CO,fauna,1991,2,0
VE,CO,fauna,1992,2,0
VE,CO,fauna,1993,2,0
VE,CO,fauna,1994,19,0
VE,CO,fauna,1996,7,0
VE,CO,fauna,1997,13,0
VE,CO,fauna,1998,9,0
VE,CO,fauna,1999,8,0
VE,CO,fauna,2001,1,0
VE,CO,fauna,2002,10,0
VE,CO,fauna,2003,10,0
VE,CO,fauna,2009,3,0
VE,CO,flora,1998,22,0
VE,CO,flora,1999,10,0
VE,CO,flora,2000,10,0
VE,CO,flora,2001,2,0
VE,CO,flora,2003,42,0
VE,CO,flora,2004,67,0
VE,CO,flora,2005,1,0
VE,CO,flora,2007,127,0
VE,CO,flora,2008,83,0
VE,CO,flora,2009,54,0
VE,CO,flora,2010,57,0
VE,CO,flora,2011,18,0
VE,CO,flora,2012,31,0
VE,CO,flora,2013,14,0
VE,CO,flora,2015,26,0
VE,CO,flora,2016,26,0
VE,CO,flora,2017,33,0
VE,CR,fauna,2001,6,0
VE,CR,fauna,2002,1,0
VE,CR,fauna,2008,3,0
VE,CU,fauna,1993,3,0
VE,CU,fauna,1994,4,0
VE,CU,fauna,1995,1,0
VE,CU,fauna,1997,1,0
VE,CU,fauna,1999,10,0
VE,CU,fauna,2007,2,0
VE,CU,fauna,2009,4,0
VE,CU,fauna,2011,7,0
VE,CZ,fauna,1992,5,0
VE,CZ,fauna,1998,4,0
VE,CZ,fauna,2006,1,0
VE,CZ,fauna,2007,1,1
VE,CZ,fauna,2010,1,1
VE,CZ,flora,1992,15,0
VE,CZ,flora,2007,1,1
VE,DE,fauna,1977,1,0
VE,DE,fauna,1978,2,0
VE,DE,fauna,1981,1,0
VE,DE,fauna,1986,1,0
VE,DE,fauna,1987,17,0
VE,DE,fauna,1988,6,0
VE,DE,fauna,1990,9,0
VE,DE,fauna,1991,10,0
VE,DE,fauna,1992,9,0
VE,DE,fauna,1993,31,0
VE,DE,fauna,1994,12,0
VE,DE,fauna,1995,10,0
VE,DE,fauna,1996,3,0
VE,DE,fauna,1997,8,0
VE,DE,fauna,1998,48,0
VE,DE,fauna,1999,4,0
VE,DE,fauna,2000,19,0
VE,DE,fauna,2001,15,0
VE,DE,fauna,2002,19,0
VE,DE,fauna,2003,12,0
VE,DE,fauna,2004,18,0
VE,DE,fauna,2005,19,0
VE,DE,fauna,2006,10,0
VE,DE,fauna,2007,6,0
VE,DE,fauna,2008,9,0
VE,DE,fauna,2009,17,0
VE,DE,fauna,2010,9,0
VE,DE,fauna,2011,18,0
VE,DE,fauna,2012,18,0
VE,DE,fauna,2013,11,0
VE,DE,fauna,2014,22,0
VE,DE,fauna,2015,10,0
VE,DE,fauna,2016,11,0
VE,DE,fauna,2017,15,0
VE,DE,fauna,2018,18,0
VE,DE,fauna,2019,8,0
VE,DE,fauna,2020,3,0
VE,DE,fauna,2021,1,0
VE,DE,fauna,2023,1,0
VE,DE,flora,1986,21,0
VE,DE,flora,1987,16,0
VE,DE,flora,1988,78,0
VE,DE,flora,1989,98,0
VE,DE,flora,1990,89,0
VE,DE,flora,1991,36,0
VE,DE,flora,1992,188,0
VE,DE,flora,1993,27,0
VE,DE,flora,1994,75,0
VE,DE,flora,1995,89,0
VE,DE,flora,1996,54,0
VE,DE,flora,1997,97,0
VE,DE,flora,1998,32,0
VE,DE,flora,1999,123,0
VE,DE,flora,2000,160,0
VE,DE,flora,2001,238,0
VE,DE,flora,2002,434,0
VE,DE,flora,2003,280,0
VE,DE,flora,2004,220,0
VE,DE,flora,2005,79,0
VE,DE,flora,2006,331,0
VE,DE,flora,2007,727,0
VE,DE,flora,2008,466,0
VE,DE,flora,2009,881,0
VE,DE,flora,2010,8,0
VE,DE,flora,2011,431,0
VE,DE,flora,2012,327,0
VE,DE,flora,2013,37,0
VE,DE,flora,2014,118,0
VE,DE,flora,2015,4,0
VE,DK,fauna,1998,1,1
VE,DK,fauna,2019,3,0
VE,DK,fauna,2022,3,0
VE,DK,flora,1986,16,0
VE,DK,flora,1997,1,1
VE,DK,flora,2003,1,1
VE,DO,fauna,1988,1,0
VE,DO,fauna,1989,2,0
VE,DO,fauna,1999,2,0
VE,DO,fauna,2001,8,0
VE,DO,fauna,2002,8,0
VE,DO,fauna,2003,3,0
VE,DO,fauna,2004,1,0
VE,DO,fauna,2019,11,0
VE,DO,fauna,2022,21,0
VE,DO,flora,1986,1,0
VE,DO,flora,1987,2,0
VE,DO,flora,1999,2,0
VE,DO,flora,2024,2,0
VE,DZ,fauna,2003,1,0
VE,DZ,fauna,2005,1,0
VE,EC,fauna,2000,5,0
VE,EC,flora,1991,14,0
VE,EC,flora,2001,16,0
VE,EC,flora,2004,36,0
VE,EG,fauna,1995,1,0
VE,ES,fauna,1985,8,0
VE,ES,fauna,1986,1,0
VE,ES,fauna,1987,1,0
VE,ES,fauna,1988,6,0
VE,ES,fauna,1989,10,0
VE,ES,fauna,1990,17,0
VE,ES,fauna,1991,18,0
VE,ES,fauna,1992,15,0
VE,ES,fauna,1993,26,0
VE,ES,fauna,1994,31,0
VE,ES,fauna,1995,45,2
VE,ES,fauna,1996,48,8
VE,ES,fauna,1997,48,9
VE,ES,fauna,1998,34,1
VE,ES,fauna,1999,17,1
VE,ES,fauna,2000,38,12
VE,ES,fauna,2001,19,1
VE,ES,fauna,2002,6,0
VE,ES,fauna,2003,33,0
VE,ES,fauna,2004,17,2
VE,ES,fauna,2005,23,2
VE,ES,fauna,2006,25,0
VE,ES,fauna,2007,13,0
VE,ES,fauna,2008,10,0
VE,ES,fauna,2009,9,1
VE,ES,fauna,2010,3,0
VE,ES,fauna,2011,2,0
VE,ES,fauna,2014,3,0
VE,ES,fauna,2015,5,0
VE,ES,fauna,2016,3,0
VE,ES,fauna,2017,8,0
VE,ES,fauna,2018,9,0
VE,ES,fauna,2019,11,0
VE,ES,fauna,2020,2,0
VE,ES,fauna,2021,5,0
VE,ES,fauna,2022,2,0
VE,ES,fauna,2024,9,0
VE,ES,flora,1984,1,0
VE,ES,flora,1986,6,0
VE,ES,flora,1990,6,0
VE,ES,flora,1991,1,0
VE,ES,flora,1992,1,0
VE,ES,flora,1993,9,0
VE,ES,flora,2001,43,0
VE,ES,flora,2004,113,0
VE,ES,flora,2005,14,0
VE,ES,flora,2007,4,0
VE,ES,flora,2008,43,0
VE,ES,flora,2009,49,0
VE,FR,fauna,1984,4,0
VE,FR,fauna,1985,44,0
VE,FR,fauna,1986,25,0
VE,FR,fauna,1987,18,0
VE,FR,fauna,1988,20,0
VE,FR,fauna,1989,21,0
VE,FR,fauna,1990,31,0
VE,FR,fauna,1991,55,0
VE,FR,fauna,1992,24,0
VE,FR,fauna,1993,8,0
VE,FR,fauna,1994,6,0
VE,FR,fauna,1995,4,0
VE,FR,fauna,1996,3,0
VE,FR,fauna,1997,4,0
VE,FR,fauna,1998,2,0
VE,FR,fauna,1999,3,0
VE,FR,fauna,2001,6,0
VE,FR,fauna,2002,2,0
VE,FR,fauna,2008,3,0
VE,FR,fauna,2011,2,1
VE,FR,flora,1988,2,0
VE,FR,flora,1989,1,0
VE,FR,flora,1990,27,0
VE,FR,flora,1991,70,0
VE,GB,fauna,1981,1,0
VE,GB,fauna,1982,1,0
VE,GB,fauna,1984,1,0
VE,GB,fauna,1985,11,0
VE,GB,fauna,1986,6,0
VE,GB,fauna,1987,3,0
VE,GB,fauna,1988,7,0
VE,GB,fauna,1989,5,0
VE,GB,fauna,1990,9,0
VE,GB,fauna,1991,3,0
VE,GB,fauna,1992,10,0
VE,GB,fauna,1997,6,6
VE,GB,fauna,1998,1,1
VE,GB,fauna,1999,2,1
VE,GB,fauna,2004,6,0
VE,GB,fauna,2016,1,0
VE,GB,flora,1976,2,0
VE,GB,flora,1978,5,0
VE,GB,flora,1979,8,0
VE,GB,flora,1981,4,0
VE,GB,flora,1982,2,0
VE,GB,flora,1983,4,0
VE,GB,flora,1985,12,0
VE,GB,flora,1988,11,0
VE,GB,flora,1989,5,0
VE,GB,flora,1993,27,0
VE,GB,flora,1997,4,0
VE,GB,flora,2001,4,0
VE,GB,flora,2002,22,0
VE,GB,flora,2003,4,0
VE,GH,fauna,2023,2,0
VE,GP,fauna,1991,8,0
VE,GP,flora,1987,15,0
VE,GP,flora,1989,7,0
VE,GP,flora,1990,21,0
VE,GR,fauna,1985,1,0
VE,GR,fauna,1991,1,0
VE,GT,fauna,1987,1,0
VE,GT,fauna,2003,2,0
VE,GT,flora,2001,19,0
VE,GT,flora,2002,21,0
VE,GU,flora,1988,8,0
VE,GY,fauna,1991,14,0
VE,HK,fauna,1989,2,0
VE,HK,fauna,1991,3,0
VE,HK,fauna,1993,1,0
VE,HK,fauna,1999,1,0
VE,HK,fauna,2004,1,0
VE,HK,fauna,2005,1,0
VE,HK,fauna,2006,3,0
VE,HK,fauna,2010,4,0
VE,HK,fauna,2011,3,0
VE,HK,fauna,2012,16,0
VE,HK,fauna,2013,2,0
VE,HK,fauna,2014,9,0
VE,HK,fauna,2015,8,0
VE,HK,fauna,2016,10,0
VE,HK,fauna,2017,18,0
VE,HK,fauna,2018,17,0
VE,HK,fauna,2019,5,0
VE,HK,fauna,2024,2,0
VE,HR,fauna,2002,3,0
VE,ID,fauna,1999,5,0
VE,ID,fauna,2020,1,0
VE,ID,fauna,2021,1,0
VE,ID,fauna,2022,6,0
VE,IL,fauna,1991,1,0
VE,IL,fauna,1996,1,0
VE,IL,fauna,2003,2,0
VE,IN,fauna,1992,1,0
VE,IN,fauna,2023,8,0
VE,IN,fauna,2024,142,0
VE,IN,flora,1989,7,0
VE,IN,flora,1990,14,0
VE,IN,flora,2019,1,0
VE,IR,fauna,2001,1,0
VE,IT,fauna,1984,7,5
VE,IT,fauna,1985,44,6
VE,IT,fauna,1986,61,2
VE,IT,fauna,1987,50,1
VE,IT,fauna,1988,71,1
VE,IT,fauna,1989,97,1
VE,IT,fauna,1990,132,1
VE,IT,fauna,1991,82,0
VE,IT,fauna,1992,72,0
VE,IT,fauna,1993,81,1
VE,IT,fauna,1994,87,0
VE,IT,fauna,1995,90,0
VE,IT,fauna,1996,30,0
VE,IT,fauna,1997,59,0
VE,IT,fauna,1998,27,0
VE,IT,fauna,1999,38,0
VE,IT,fauna,2000,18,0
VE,IT,fauna,2001,22,0
VE,IT,fauna,2002,18,0
VE,IT,fauna,2003,29,0
VE,IT,fauna,2004,43,0
VE,IT,fauna,2005,40,0
VE,IT,fauna,2006,25,0
VE,IT,fauna,2007,15,0
VE,IT,fauna,2008,17,0
VE,IT,fauna,2009,10,0
VE,IT,fauna,2010,14,0
VE,IT,fauna,2011,2,0
VE,IT,fauna,2012,3,0
VE,IT,fauna,2013,6,0
VE,IT,fauna,2014,7,0
VE,IT,fauna,2015,12,0
VE,IT,fauna,2016,13,0
VE,IT,fauna,2017,17,0
VE,IT,fauna,2018,12,0
VE,IT,fauna,2019,2,0
VE,IT,fauna,2020,2,0
VE,IT,fauna,2022,1,0
VE,IT,fauna,2023,2,0
VE,IT,flora,1989,20,0
VE,IT,flora,1990,1,0
VE,IT,flora,1991,23,0
VE,IT,flora,1992,5,0
VE,IT,flora,2011,1,0
VE,JO,fauna,1990,1,0
VE,JP,fauna,1984,2,0
VE,JP,fauna,1985,46,0
VE,JP,fauna,1986,49,0
VE,JP,fauna,1987,23,0
VE,JP,fauna,1988,27,0
VE,JP,fauna,1989,79,0
VE,JP,fauna,1990,113,0
VE,JP,fauna,1991,52,0
VE,JP,fauna,1992,52,0
VE,JP,fauna,1993,60,0
VE,JP,fauna,1994,71,0
VE,JP,fauna,1995,82,0
VE,JP,fauna,1996,27,0
VE,JP,fauna,1997,50,0
VE,JP,fauna,1998,19,0
VE,JP,fauna,1999,28,0
VE,JP,fauna,2000,12,0
VE,JP,fauna,2001,11,0
VE,JP,fauna,2002,21,0
VE,JP,fauna,2003,23,0
VE,JP,fauna,2004,20,0
VE,JP,fauna,2005,9,0
VE,JP,fauna,2006,13,0
VE,JP,fauna,2007,4,0
VE,JP,fauna,2008,2,0
VE,JP,fauna,2009,3,0
VE,JP,fauna,2011,2,0
VE,JP,fauna,2012,4,0
VE,JP,flora,1986,34,0
VE,JP,flora,1989,35,0
VE,JP,flora,1990,29,0
VE,JP,flora,1991,75,0
VE,JP,flora,1992,18,0
VE,JP,flora,1994,2,0
VE,JP,flora,1995,6,0
VE,JP,flora,1996,27,0
VE,JP,flora,1997,26,0
VE,JP,flora,1999,43,0
VE,JP,flora,2000,22,0
VE,JP,flora,2001,46,0
VE,JP,flora,2002,56,0
VE,JP,flora,2003,68,0
VE,JP,flora,2004,109,0
VE,JP,flora,2005,8,0
VE,JP,flora,2007,4,0
VE,JP,flora,2008,35,0
VE,JP,flora,2009,12,0
VE,JP,flora,2011,12,0
VE,KR,fauna,1989,1,0
VE,KR,fauna,2000,1,0
VE,KR,fauna,2002,2,0
VE,KR,fauna,2009,1,0
VE,KR,fauna,2010,3,0
VE,KR,fauna,2018,217,0
VE,KR,fauna,2023,1,0
VE,KR,flora,2009,8,0
VE,KW,fauna,2003,2,0
VE,KW,fauna,2004,2,0
VE,KY,fauna,1989,1,0
VE,LB,fauna,1998,1,0
VE,LU,fauna,1995,1,1
VE,MC,fauna,2015,2,0
VE,MG,fauna,1994,2,0
VE,MG,fauna,1995,3,0
VE,MX,fauna,1990,1,0
VE,MX,fauna,1994,1,0
VE,MX,fauna,1998,1,0
VE,MX,fauna,1999,1,0
VE,MX,fauna,2000,22,0
VE,MX,fauna,2001,2,0
VE,MX,fauna,2002,2,0
VE,MX,fauna,2003,2,0
VE,MX,fauna,2005,13,0
VE,MX,fauna,2006,7,0
VE,MX,fauna,2007,27,0
VE,MX,fauna,2008,7,0
VE,MX,fauna,2015,3,0
VE,MX,fauna,2016,1,0
VE,MX,fauna,2023,1,0
VE,MY,fauna,2004,1,0
VE,MY,fauna,2018,1,0
VE,MY,fauna,2022,1,0
VE,NA,fauna,2000,1,0
VE,NI,fauna,1995,2,0
VE,NL,fauna,1986,1,1
VE,NL,fauna,1987,2,0
VE,NL,fauna,1989,4,1
VE,NL,fauna,1990,4,0
VE,NL,fauna,1991,2,0
VE,NL,fauna,1992,4,0
VE,NL,fauna,1993,3,0
VE,NL,fauna,1997,1,0
VE,NL,fauna,1998,1,1
VE,NL,fauna,2018,3,0
VE,NL,flora,1987,23,1
VE,NL,flora,1990,28,0
VE,NL,flora,1997,1,1
VE,NL,flora,1998,5,3
VE,NO,fauna,1992,1,0
VE,NO,fauna,2004,1,1
VE,NZ,fauna,1998,1,1
VE,NZ,fauna,2000,1,1
VE,NZ,fauna,2001,1,1
VE,PA,fauna,1987,1,0
VE,PA,fauna,1989,1,0
VE,PA,fauna,1996,21,0
VE,PA,fauna,1997,39,0
VE,PA,fauna,1998,25,0
VE,PA,fauna,1999,16,0
VE,PA,fauna,2001,1,0
VE,PA,fauna,2002,4,0
VE,PA,fauna,2003,7,0
VE,PA,fauna,2004,6,0
VE,PA,fauna,2005,3,0
VE,PA,fauna,2006,1,0
VE,PA,fauna,2014,1,0
VE,PA,fauna,2016,1,0
VE,PA,fauna,2018,10,0
VE,PA,flora,1999,2,0
VE,PA,flora,2001,6,0
VE,PE,fauna,1992,4,0
VE,PE,fauna,1993,3,0
VE,PE,fauna,1996,1,0
VE,PE,flora,2001,8,0
VE,PL,fauna,2004,4,4
VE,PL,fauna,2008,1,1
VE,PL,fauna,2009,1,1
VE,PR,fauna,1989,1,0
VE,PR,fauna,1990,1,0
VE,PR,fauna,1993,1,0
VE,PR,fauna,1994,2,0
VE,PR,fauna,2002,1,0
VE,PR,fauna,2022,2,0
VE,PR,flora,1982,59,0
VE,PR,flora,1991,1,0
VE,PR,flora,2004,2,0
VE,PT,fauna,1986,1,0
VE,PT,fauna,1989,2,0
VE,PT,fauna,1990,6,0
VE,PT,fauna,1991,1,0
VE,PT,fauna,1992,1,0
VE,PT,fauna,1993,7,5
VE,PT,fauna,1998,5,5
VE,PT,fauna,2000,1,0
VE,PT,fauna,2001,2,1
VE,PT,fauna,2004,12,1
VE,PT,fauna,2005,13,1
VE,PT,fauna,2008,1,1
VE,PT,fauna,2018,2,0
VE,PT,fauna,2019,1,0
VE,PT,fauna,2021,2,0
VE,PT,fauna,2022,6,0
VE,PT,fauna,2023,1,0
VE,PT,fauna,2024,1,0
VE,PT,flora,1990,1,0
VE,PT,flora,1991,3,0
VE,PT,flora,1992,5,0
VE,PT,flora,2017,1,0
VE,PY,fauna,2019,1,0
VE,QA,fauna,2015,2,0
VE,RU,fauna,2006,2,0
VE,RU,fauna,2023,1,0
VE,RU,fauna,2024,3,0
VE,SA,fauna,1991,4,0
VE,SE,fauna,1986,6,0
VE,SE,fauna,1987,1,0
VE,SE,fauna,1988,7,0
VE,SE,fauna,1996,3,0
VE,SE,flora,1981,8,0
VE,SE,flora,2005,76,0
VE,SE,flora,2007,15,0
VE,SG,fauna,1985,1,0
VE,SG,fauna,1990,1,0
VE,SG,fauna,1992,1,0
VE,SG,fauna,1993,13,0
VE,SG,fauna,1994,1,0
VE,SG,fauna,1996,2,0
VE,SG,fauna,2004,7,0
VE,SG,fauna,2005,4,0
VE,SG,fauna,2006,5,0
VE,SG,fauna,2007,1,0
VE,SG,fauna,2019,4,0
VE,SG,fauna,2020,2,0
VE,SG,flora,2003,15,0
VE,SI,fauna,2005,2,2
VE,SI,fauna,2006,2,0
VE,SI,fauna,2009,4,0
VE,SI,fauna,2010,23,0
VE,SM,fauna,2010,1,0
VE,SU,fauna,1991,5,0
VE,SU,fauna,1992,5,0
VE,SV,fauna,2017,8,0
VE,SV,fauna,2018,1,0
VE,SV,fauna,2019,7,0
VE,SV,flora,1985,12,0
VE,SY,fauna,2003,7,0
VE,TH,fauna,1989,1,0
VE,TH,fauna,1993,1,0
VE,TH,fauna,1994,5,0
VE,TH,fauna,1995,4,0
VE,TH,fauna,1996,4,0
VE,TH,fauna,1997,2,0
VE,TH,fauna,1999,6,0
VE,TH,fauna,2000,2,0
VE,TH,fauna,2006,5,0
VE,TH,fauna,2009,2,0
VE,TH,fauna,2012,1,0
VE,TH,fauna,2013,1,0
VE,TH,fauna,2014,4,0
VE,TH,fauna,2015,8,0
VE,TH,fauna,2022,19,0
VE,TH,fauna,2023,13,0
VE,TH,fauna,2024,6,0
VE,TR,fauna,1986,1,0
VE,TR,fauna,2005,1,0
VE,TR,fauna,2018,7,0
VE,TR,fauna,2022,12,0
VE,TR,fauna,2023,5,0
VE,TR,fauna,2025,4,0
VE,TT,fauna,1991,4,4
VE,TT,fauna,1992,3,2
VE,TT,fauna,1999,8,0
VE,TT,fauna,2000,4,0
VE,TT,fauna,2001,4,0
VE,TT,fauna,2002,1,0
VE,TT,flora,1987,13,0
VE,TT,flora,1988,1,0
VE,TT,flora,2001,20,0
VE,TT,flora,2003,16,0
VE,TT,flora,2004,34,0
VE,TT,flora,2007,66,0
VE,TT,flora,2008,45,0
VE,TT,flora,2009,6,0
VE,TT,flora,2017,9,0
VE,TW,fauna,1989,2,0
VE,TW,fauna,1995,3,0
VE,TW,fauna,1998,4,0
VE,TW,fauna,1999,6,0
VE,TW,fauna,2000,3,0
VE,TW,fauna,2001,7,0
VE,TW,fauna,2002,7,0
VE,TW,fauna,2003,6,0
VE,TW,fauna,2004,6,0
VE,TW,fauna,2005,5,0
VE,TW,fauna,2006,6,0
VE,TW,fauna,2007,4,0
VE,TW,fauna,2008,4,0
VE,TW,fauna,2009,1,0
VE,TW,fauna,2010,2,0
VE,TW,fauna,2011,3,0
VE,TW,fauna,2012,2,0
VE,TW,fauna,2014,2,0
VE,TW,fauna,2015,2,0
VE,TW,fauna,2016,2,0
VE,TW,fauna,2018,4,0
VE,TW,fauna,2019,1,0
VE,TW,fauna,2020,1,0
VE,TW,flora,2004,21,0
VE,TW,flora,2009,4,0
VE,TW,flora,2018,2,0
VE,TW,flora,2022,1,0
VE,US,fauna,1980,5,0
VE,US,fauna,1981,21,0
VE,US,fauna,1982,63,5
VE,US,fauna,1983,72,12
VE,US,fauna,1984,17,0
VE,US,fauna,1985,73,7
VE,US,fauna,1986,45,4
VE,US,fauna,1987,33,2
VE,US,fauna,1988,75,3
VE,US,fauna,1989,41,3
VE,US,fauna,1990,39,8
VE,US,fauna,1991,79,16
VE,US,fauna,1992,101,5
VE,US,fauna,1993,123,4
VE,US,fauna,1994,417,3
VE,US,fauna,1995,162,4
VE,US,fauna,1996,135,6
VE,US,fauna,1997,50,2
VE,US,fauna,1998,59,6
VE,US,fauna,1999,35,1
VE,US,fauna,2000,21,1
VE,US,fauna,2001,38,0
VE,US,fauna,2002,31,5
VE,US,fauna,2003,38,2
VE,US,fauna,2004,31,8
VE,US,fauna,2005,40,4
VE,US,fauna,2006,79,1
VE,US,fauna,2007,44,1
VE,US,fauna,2008,23,0
VE,US,fauna,2009,37,2
VE,US,fauna,2010,40,4
VE,US,fauna,2011,25,1
VE,US,fauna,2012,18,6
VE,US,fauna,2013,20,2
VE,US,fauna,2014,47,0
VE,US,fauna,2015,21,4
VE,US,fauna,2016,57,5
VE,US,fauna,2017,19,1
VE,US,fauna,2018,18,1
VE,US,fauna,2019,26,3
VE,US,fauna,2020,45,10
VE,US,fauna,2021,31,2
VE,US,fauna,2022,23,1
VE,US,fauna,2023,8,0
VE,US,fauna,2024,5,0
VE,US,flora,1978,1,0
VE,US,flora,1979,55,0
VE,US,flora,1980,37,0
VE,US,flora,1981,230,0
VE,US,flora,1982,94,0
VE,US,flora,1983,136,0
VE,US,flora,1984,55,2
VE,US,flora,1985,88,8
VE,US,flora,1986,172,5
VE,US,flora,1987,180,5
VE,US,flora,1988,155,10
VE,US,flora,1989,336,9
VE,US,flora,1990,153,2
VE,US,flora,1991,304,14
VE,US,flora,1992,270,5
VE,US,flora,1993,143,8
VE,US,flora,1994,103,6
VE,US,flora,1995,37,1
VE,US,flora,1996,37,0
VE,US,flora,1997,107,0
VE,US,flora,1998,54,2
VE,US,flora,1999,56,1
VE,US,flora,2000,21,1
VE,US,flora,2001,413,3
VE,US,flora,2002,397,0
VE,US,flora,2003,1067,0
VE,US,flora,2004,804,0
VE,US,flora,2005,44,3
VE,US,flora,2006,25,1
VE,US,flora,2007,773,0
VE,US,flora,2008,651,0
VE,US,flora,2009,501,0
VE,US,flora,2010,323,0
VE,US,flora,2011,210,0
VE,US,flora,2012,256,0
VE,US,flora,2013,183,0
VE,US,flora,2014,133,0
VE,US,flora,2015,33,0
VE,US,flora,2016,31,0
VE,US,flora,2017,41,0
VE,US,flora,2018,11,0
VE,UY,fauna,2009,1,0
VE,UY,fauna,2016,2,0
VE,VE,flora,2001,1,0
VE,VG,flora,1986,4,0
VE,VG,flora,1989,10,0
VE,VN,fauna,2015,1,0
VE,XX,fauna,1999,4,0
VE,XX,fauna,2019,2,0
VE,XX,flora,1994,2,0
VE,ZA,fauna,1989,3,0
VE,ZA,fauna,1990,1,0
VE,ZA,fauna,1999,4,0
VE,ZA,fauna,2000,8,0
VE,ZA,fauna,2001,4,0
VE,ZA,fauna,2002,1,0
VE,ZA,fauna,2004,6,0
VG,BB,fauna,2016,18,0
VG,BB,flora,2013,3,0
VG,BS,fauna,2007,1,0
VG,DO,fauna,2014,5,0
VG,DO,fauna,2015,3,0
VG,DO,fauna,2016,5,0
VG,DO,fauna,2017,1,0
VG,JM,fauna,2015,1,0
VG,JM,fauna,2017,3,0
VG,KN,fauna,2014,1,0
VG,MX,fauna,2005,6,0
VI,BB,fauna,2007,1,0
VN,AR,fauna,2013,5,0
VN,AR,fauna,2016,1,0
VN,AR,fauna,2017,4,0
VN,AR,fauna,2018,2,0
VN,AR,fauna,2019,4,0
VN,AR,fauna,2024,3,0
VN,BR,fauna,2000,1,0
VN,BR,fauna,2002,3,0
VN,BR,fauna,2006,2,0
VN,BR,fauna,2007,10,0
VN,BR,fauna,2008,5,0
VN,BR,fauna,2010,9,0
VN,BR,fauna,2011,4,0
VN,BR,fauna,2012,4,0
VN,BR,fauna,2013,50,0
VN,BR,fauna,2014,55,1
VN,BR,fauna,2015,46,1
VN,BR,fauna,2016,7,0
VN,BR,fauna,2017,29,1
VN,BR,fauna,2018,58,13
VN,BR,fauna,2019,47,0
VN,BR,fauna,2020,75,0
VN,BR,fauna,2021,1,0
VN,BR,fauna,2022,13,0
VN,BR,fauna,2023,10,0
VN,BR,fauna,2024,21,0
VN,BR,flora,2021,1,0
VN,BR,flora,2022,1,0
VN,BR,flora,2023,1,0
VN,BS,flora,2001,20,0
VN,CL,fauna,2016,1,0
VN,CO,fauna,2023,1,0
VN,MX,fauna,1992,3,0
VN,MX,fauna,2003,1,0
VN,MX,fauna,2006,2,0
VN,MX,fauna,2007,1,0
VN,MX,fauna,2010,18,0
VN,MX,fauna,2011,3,0
VN,MX,fauna,2012,2,0
VN,MX,fauna,2013,2,0
VN,MX,fauna,2017,2,0
VN,MX,flora,2013,1,0
VN,MX,flora,2015,1,0
VN,MX,flora,2023,2,0
VN,PA,fauna,2010,1,0
VN,PA,fauna,2014,5,0
VN,TT,fauna,2023,7,0
VN,TT,flora,2019,5,0
VN,UY,fauna,2010,1,0
VN,UY,flora,2015,1,0
WS,BO,fauna,2010,1,0
XX,BO,fauna,2006,1,0
XX,BO,fauna,2013,6,0
XX,BO,fauna,2018,1,0
XX,BO,fauna,2024,3,0
XX,BR,fauna,1990,3,0
XX,BR,fauna,1996,188,0
XX,BR,fauna,2013,1,0
XX,BR,flora,1990,5,0
XX,BR,flora,1996,1,0
XX,BS,fauna,1998,110,0
XX,BS,fauna,1999,5,0
XX,BS,fauna,2000,3,0
XX,BS,fauna,2001,5,0
XX,BS,fauna,2002,4,0
XX,BS,fauna,2003,2,0
XX,BS,fauna,2004,2,0
XX,BS,fauna,2010,1,0
XX,BS,fauna,2013,3,0
XX,BS,fauna,2024,3,0
XX,BS,flora,1998,494,0
XX,BS,flora,2001,15,0
XX,BS,flora,2002,25,0
XX,BS,flora,2003,9,0
XX,BS,flora,2009,3,0
XX,BS,flora,2019,4,0
XX,BS,flora,2023,385,0
XX,BS,flora,2024,306,0
XX,BZ,fauna,1998,2,0
XX,BZ,fauna,2001,5,0
XX,BZ,fauna,2002,7,0
XX,BZ,fauna,2003,5,0
XX,BZ,fauna,2004,4,0
XX,BZ,fauna,2011,11,0
XX,BZ,fauna,2012,11,0
XX,BZ,flora,2002,65,0
XX,BZ,flora,2003,3,0
XX,BZ,flora,2009,7,0
XX,CL,fauna,2014,1,0
XX,CR,fauna,1998,3,0
XX,CR,fauna,2000,3,0
XX,CR,flora,1992,19,0
XX,CR,flora,2004,1,0
XX,DO,fauna,1987,1,0
XX,DO,fauna,1988,1,0
XX,DO,fauna,1997,1,0
XX,DO,fauna,2009,1,0
XX,EC,fauna,2004,2,0
XX,EC,flora,2004,2,0
XX,GT,fauna,1999,6,0
XX,JM,fauna,2019,6,0
XX,KN,fauna,2010,2,0
XX,LC,fauna,1987,1,0
XX,MX,fauna,1992,1,0
XX,MX,fauna,1994,1,0
XX,MX,fauna,2016,4,0
XX,MX,fauna,2024,2,0
XX,MX,flora,2014,1,0
XX,PA,fauna,1986,1,0
XX,PA,fauna,2005,7,0
XX,PA,fauna,2010,5,0
XX,PA,fauna,2019,7,0
XX,PA,fauna,2023,3,0
XX,PA,fauna,2024,2,0
XX,PA,flora,2005,2,0
XX,PA,flora,2006,1,0
XX,PA,flora,2019,2,0
XX,PE,fauna,1983,1,0
XX,PE,fauna,2001,1,0
XX,PE,fauna,2016,7,0
XX,PY,fauna,2010,3,0
XX,PY,fauna,2011,10,0
XX,PY,fauna,2012,4,0
XX,PY,fauna,2014,14,0
XX,PY,fauna,2018,1,0
XX,SR,fauna,2014,1,0
XX,SV,fauna,2000,3,0
XX,SV,fauna,2001,1,0
XX,SV,fauna,2009,154,154
XX,SV,fauna,2010,26,26
XX,TT,fauna,2018,1,0
XX,TT,fauna,2019,3,0
XX,VC,fauna,2019,2,0
XX,VE,fauna,1988,1,0
XX,VE,fauna,1994,1,0
XX,VE,fauna,1998,2,0
XX,VE,fauna,1999,18,0
XX,VE,fauna,2008,3,0
YU,MX,fauna,2003,4,0
ZA,AG,fauna,2008,3,0
ZA,AG,fauna,2010,6,0
ZA,AG,fauna,2011,6,0
ZA,AG,fauna,2014,4,0
ZA,AG,fauna,2015,1,0
ZA,AG,fauna,2017,1,0
ZA,AG,flora,2002,1,0
ZA,AR,fauna,1979,2,0
ZA,AR,fauna,1980,10,0
ZA,AR,fauna,1981,12,0
ZA,AR,fauna,1982,8,0
ZA,AR,fauna,1983,5,0
ZA,AR,fauna,1984,3,0
ZA,AR,fauna,1985,7,0
ZA,AR,fauna,1986,10,0
ZA,AR,fauna,1987,19,0
ZA,AR,fauna,1988,8,0
ZA,AR,fauna,1989,10,0
ZA,AR,fauna,1990,23,0
ZA,AR,fauna,1991,3,0
ZA,AR,fauna,1992,5,0
ZA,AR,fauna,1993,5,0
ZA,AR,fauna,1994,10,0
ZA,AR,fauna,1995,4,0
ZA,AR,fauna,1996,5,0
ZA,AR,fauna,1997,37,0
ZA,AR,fauna,1998,30,0
ZA,AR,fauna,1999,28,0
ZA,AR,fauna,2000,39,0
ZA,AR,fauna,2001,46,0
ZA,AR,fauna,2002,35,0
ZA,AR,fauna,2003,9,0
ZA,AR,fauna,2004,13,0
ZA,AR,fauna,2005,23,0
ZA,AR,fauna,2006,20,0
ZA,AR,fauna,2007,30,0
ZA,AR,fauna,2008,63,0
ZA,AR,fauna,2009,41,0
ZA,AR,fauna,2010,13,0
ZA,AR,fauna,2011,35,0
ZA,AR,fauna,2012,36,0
ZA,AR,fauna,2013,50,0
ZA,AR,fauna,2014,18,0
ZA,AR,fauna,2015,24,0
ZA,AR,fauna,2016,66,0
ZA,AR,fauna,2017,65,0
ZA,AR,fauna,2018,22,0
ZA,AR,fauna,2019,73,0
ZA,AR,fauna,2020,28,0
ZA,AR,fauna,2021,21,0
ZA,AR,fauna,2022,34,0
ZA,AR,fauna,2023,48,0
ZA,AR,fauna,2024,52,0
ZA,AR,flora,1981,1,0
ZA,AR,flora,1983,2,0
ZA,AR,flora,1984,1,0
ZA,AR,flora,1987,1,0
ZA,AR,flora,1990,1,0
ZA,AR,flora,1991,1,0
ZA,AR,flora,1992,3,0
ZA,AR,flora,1993,1,0
ZA,AR,flora,1994,2,0
ZA,AR,flora,1995,2,0
ZA,AR,flora,1996,2,0
ZA,AR,flora,1997,2,0
ZA,AR,flora,1999,12,0
ZA,AR,flora,2000,2,0
ZA,AR,flora,2001,2,0
ZA,AR,flora,2002,1,0
ZA,AR,flora,2003,2,0
ZA,AR,flora,2004,6,0
ZA,AR,flora,2005,9,0
ZA,AR,flora,2006,10,0
ZA,AR,flora,2007,8,0
ZA,AR,flora,2008,11,0
ZA,AR,flora,2009,16,0
ZA,AR,flora,2010,10,0
ZA,AR,flora,2011,10,0
ZA,AR,flora,2012,10,0
ZA,AR,flora,2013,24,0
ZA,AR,flora,2014,9,0
ZA,AR,flora,2015,19,0
ZA,AR,flora,2016,13,0
ZA,AR,flora,2017,5,0
ZA,AR,flora,2018,10,0
ZA,AR,flora,2019,3,0
ZA,AR,flora,2020,12,0
ZA,AR,flora,2021,30,0
ZA,AR,flora,2022,36,0
ZA,AR,flora,2023,50,0
ZA,AR,flora,2024,12,0
ZA,BB,fauna,2002,2,0
ZA,BO,fauna,1989,1,0
ZA,BO,fauna,2010,1,0
ZA,BR,fauna,1977,1,0
ZA,BR,fauna,1979,4,0
ZA,BR,fauna,1980,6,0
ZA,BR,fauna,1981,5,0
ZA,BR,fauna,1982,1,0
ZA,BR,fauna,1983,2,0
ZA,BR,fauna,1984,5,0
ZA,BR,fauna,1985,12,0
ZA,BR,fauna,1986,29,0
ZA,BR,fauna,1987,9,0
ZA,BR,fauna,1988,15,0
ZA,BR,fauna,1989,21,0
ZA,BR,fauna,1990,2,0
ZA,BR,fauna,1992,5,0
ZA,BR,fauna,1993,11,0
ZA,BR,fauna,1994,55,0
ZA,BR,fauna,1995,41,0
ZA,BR,fauna,1996,35,0
ZA,BR,fauna,1997,129,0
ZA,BR,fauna,1998,164,0
ZA,BR,fauna,1999,86,0
ZA,BR,fauna,2000,32,0
ZA,BR,fauna,2001,24,0
ZA,BR,fauna,2002,88,0
ZA,BR,fauna,2003,93,0
ZA,BR,fauna,2004,51,0
ZA,BR,fauna,2005,13,0
ZA,BR,fauna,2006,27,0
ZA,BR,fauna,2007,7,0
ZA,BR,fauna,2008,2,0
ZA,BR,fauna,2009,13,0
ZA,BR,fauna,2010,16,0
ZA,BR,fauna,2011,32,0
ZA,BR,fauna,2012,26,0
ZA,BR,fauna,2013,4,0
ZA,BR,fauna,2014,107,0
ZA,BR,fauna,2015,256,0
ZA,BR,fauna,2016,150,0
ZA,BR,fauna,2017,281,0
ZA,BR,fauna,2018,13,0
ZA,BR,fauna,2019,12,0
ZA,BR,fauna,2020,83,0
ZA,BR,fauna,2021,54,0
ZA,BR,fauna,2022,887,0
ZA,BR,fauna,2023,45,0
ZA,BR,fauna,2024,116,0
ZA,BR,flora,1980,4,0
ZA,BR,flora,1982,2,0
ZA,BR,flora,1983,5,0
ZA,BR,flora,1988,2,0
ZA,BR,flora,1989,3,0
ZA,BR,flora,1991,1,0
ZA,BR,flora,1992,1,0
ZA,BR,flora,2000,20,0
ZA,BR,flora,2008,3,0
ZA,BR,flora,2013,1,0
ZA,BR,flora,2014,1,0
ZA,BR,flora,2015,2,0
ZA,BR,flora,2016,1,0
ZA,BR,flora,2018,5,0
ZA,BR,flora,2019,1,0
ZA,BR,flora,2024,16,0
ZA,BS,fauna,1986,1,0
ZA,BS,fauna,1996,2,0
ZA,BS,fauna,2000,1,0
ZA,BS,fauna,2009,1,0
ZA,BS,fauna,2010,2,0
ZA,BS,fauna,2011,2,0
ZA,BS,fauna,2012,2,0
ZA,BS,fauna,2018,1,0
ZA,BS,fauna,2021,1,0
ZA,BS,fauna,2023,1,0
ZA,BS,flora,2002,1,0
ZA,BZ,fauna,2021,1,0
ZA,BZ,fauna,2022,3,0
ZA,BZ,fauna,2024,2,0
ZA,CL,fauna,1984,1,0
ZA,CL,fauna,1985,3,0
ZA,CL,fauna,1986,3,0
ZA,CL,fauna,1987,5,0
ZA,CL,fauna,1988,13,0
ZA,CL,fauna,1989,6,0
ZA,CL,fauna,1991,3,0
ZA,CL,fauna,1992,1,0
ZA,CL,fauna,1993,3,0
ZA,CL,fauna,1994,3,0
ZA,CL,fauna,1995,1,0
ZA,CL,fauna,1996,9,0
ZA,CL,fauna,1997,8,0
ZA,CL,fauna,1998,17,0
ZA,CL,fauna,1999,2,0
ZA,CL,fauna,2000,5,0
ZA,CL,fauna,2001,3,0
ZA,CL,fauna,2002,2,0
ZA,CL,fauna,2003,2,0
ZA,CL,fauna,2005,13,0
ZA,CL,fauna,2006,15,0
ZA,CL,fauna,2007,7,0
ZA,CL,fauna,2008,7,0
ZA,CL,fauna,2009,8,0
ZA,CL,fauna,2010,3,0
ZA,CL,fauna,2011,11,0
ZA,CL,fauna,2012,17,0
ZA,CL,fauna,2013,6,0
ZA,CL,fauna,2014,2,0
ZA,CL,fauna,2015,22,0
ZA,CL,fauna,2016,15,0
ZA,CL,fauna,2017,15,0
ZA,CL,fauna,2018,6,0
ZA,CL,fauna,2019,2,0
ZA,CL,fauna,2020,7,0
ZA,CL,fauna,2021,18,0
ZA,CL,fauna,2022,4,0
ZA,CL,fauna,2023,4,0
ZA,CL,fauna,2024,4,0
ZA,CL,flora,2005,7,0
ZA,CL,flora,2006,9,0
ZA,CL,flora,2007,8,0
ZA,CL,flora,2008,4,0
ZA,CL,flora,2009,3,0
ZA,CL,flora,2010,4,0
ZA,CL,flora,2011,4,0
ZA,CL,flora,2012,5,0
ZA,CL,flora,2013,3,0
ZA,CL,flora,2014,2,0
ZA,CL,flora,2015,4,0
ZA,CL,flora,2016,3,0
ZA,CL,flora,2017,2,0
ZA,CL,flora,2018,3,0
ZA,CL,flora,2019,6,0
ZA,CL,flora,2020,1,0
ZA,CL,flora,2021,2,0
ZA,CL,flora,2022,12,0
ZA,CL,flora,2023,4,0
ZA,CL,flora,2024,17,0
ZA,CO,fauna,1986,2,0
ZA,CO,fauna,1987,7,0
ZA,CO,fauna,1988,4,0
ZA,CO,fauna,1989,2,0
ZA,CO,fauna,1991,2,0
ZA,CO,fauna,1993,1,0
ZA,CO,fauna,1994,6,0
ZA,CO,fauna,1996,1,0
ZA,CO,fauna,1997,2,0
ZA,CO,fauna,1998,5,0
ZA,CO,fauna,2000,11,0
ZA,CO,fauna,2001,26,0
ZA,CO,fauna,2003,1,0
ZA,CO,fauna,2004,5,0
ZA,CO,fauna,2005,5,0
ZA,CO,fauna,2006,9,0
ZA,CO,fauna,2009,2,0
ZA,CO,fauna,2010,7,0
ZA,CO,fauna,2011,1,0
ZA,CO,fauna,2012,4,0
ZA,CO,fauna,2013,1,0
ZA,CO,fauna,2014,2,0
ZA,CO,fauna,2016,7,0
ZA,CO,fauna,2017,1,0
ZA,CO,fauna,2018,8,0
ZA,CO,fauna,2019,1,0
ZA,CO,flora,1988,1,0
ZA,CO,flora,1997,1,0
ZA,CO,flora,1999,134,0
ZA,CO,flora,2008,1,0
ZA,CO,flora,2010,1,0
ZA,CO,flora,2011,1,0
ZA,CR,fauna,1986,1,0
ZA,CR,fauna,1999,1,0
ZA,CR,fauna,2002,1,0
ZA,CR,fauna,2004,5,0
ZA,CR,fauna,2005,4,0
ZA,CR,fauna,2006,2,0
ZA,CR,fauna,2007,2,0
ZA,CR,fauna,2008,1,0
ZA,CR,fauna,2010,4,0
ZA,CR,fauna,2011,13,0
ZA,CR,fauna,2012,6,0
ZA,CR,fauna,2013,8,0
ZA,CR,fauna,2014,3,0
ZA,CR,fauna,2015,2,0
ZA,CR,fauna,2019,16,0
ZA,CR,fauna,2020,9,0
ZA,CR,fauna,2023,12,0
ZA,CR,fauna,2024,9,0
ZA,CR,flora,2001,1,0
ZA,CR,flora,2003,10,0
ZA,CR,flora,2004,5,0
ZA,CR,flora,2005,4,0
ZA,CR,flora,2006,7,0
ZA,CR,flora,2007,4,0
ZA,CR,flora,2008,2,0
ZA,CR,flora,2009,10,0
ZA,CR,flora,2011,21,0
ZA,CR,flora,2012,17,0
ZA,CR,flora,2014,11,0
ZA,CR,flora,2024,2,0
ZA,CU,fauna,1990,1,0
ZA,CU,fauna,1991,1,1
ZA,CU,fauna,1999,8,0
ZA,DM,fauna,1995,3,0
ZA,DM,fauna,2014,1,0
ZA,DO,fauna,1994,2,0
ZA,DO,fauna,2001,10,0
ZA,DO,fauna,2002,6,0
ZA,DO,fauna,2008,1,0
ZA,DO,fauna,2009,4,0
ZA,DO,fauna,2021,2,0
ZA,DO,fauna,2023,2,0
ZA,DO,flora,2009,1,0
ZA,DO,flora,2015,1,0
ZA,EC,fauna,2001,1,0
ZA,EC,fauna,2005,1,0
ZA,EC,fauna,2012,1,0
ZA,EC,fauna,2013,2,0
ZA,EC,fauna,2016,1,0
ZA,EC,fauna,2020,3,0
ZA,EC,fauna,2021,9,0
ZA,EC,fauna,2022,18,0
ZA,EC,fauna,2023,2,0
ZA,EC,fauna,2024,1,0
ZA,EC,flora,2018,5,0
ZA,GD,fauna,2007,1,0
ZA,GD,fauna,2022,1,0
ZA,GT,fauna,1984,1,0
ZA,GT,fauna,1994,4,0
ZA,GT,fauna,2001,3,0
ZA,GT,fauna,2002,4,0
ZA,GT,fauna,2003,3,0
ZA,GT,fauna,2004,1,0
ZA,GT,fauna,2006,1,0
ZA,GT,fauna,2007,1,0
ZA,GT,fauna,2010,5,0
ZA,GT,fauna,2019,8,0
ZA,GT,fauna,2023,7,0
ZA,GT,fauna,2024,2,0
ZA,GY,fauna,2002,2,0
ZA,GY,fauna,2008,2,0
ZA,GY,fauna,2009,1,0
ZA,GY,fauna,2012,1,0
ZA,HN,fauna,2017,1,0
ZA,HT,fauna,2014,1,0
ZA,HT,flora,1992,20,0
ZA,JM,fauna,1985,1,0
ZA,JM,fauna,1993,1,0
ZA,JM,fauna,1994,4,0
ZA,JM,fauna,2000,1,0
ZA,MX,fauna,1979,6,0
ZA,MX,fauna,1980,8,0
ZA,MX,fauna,1981,6,0
ZA,MX,fauna,1982,11,0
ZA,MX,fauna,1983,5,0
ZA,MX,fauna,1984,3,0
ZA,MX,fauna,1985,12,0
ZA,MX,fauna,1986,17,0
ZA,MX,fauna,1987,20,0
ZA,MX,fauna,1988,16,0
ZA,MX,fauna,1989,18,0
ZA,MX,fauna,1990,10,0
ZA,MX,fauna,1991,14,0
ZA,MX,fauna,1992,42,0
ZA,MX,fauna,1993,13,0
ZA,MX,fauna,1994,25,0
ZA,MX,fauna,1995,10,0
ZA,MX,fauna,1996,11,0
ZA,MX,fauna,1997,21,0
ZA,MX,fauna,1998,59,0
ZA,MX,fauna,1999,152,0
ZA,MX,fauna,2000,208,0
ZA,MX,fauna,2001,204,0
ZA,MX,fauna,2002,200,0
ZA,MX,fauna,2003,194,0
ZA,MX,fauna,2004,103,0
ZA,MX,fauna,2005,76,0
ZA,MX,fauna,2006,120,0
ZA,MX,fauna,2007,103,0
ZA,MX,fauna,2008,133,0
ZA,MX,fauna,2009,152,0
ZA,MX,fauna,2010,341,0
ZA,MX,fauna,2011,226,0
ZA,MX,fauna,2012,255,0
ZA,MX,fauna,2013,169,0
ZA,MX,fauna,2014,300,0
ZA,MX,fauna,2015,175,0
ZA,MX,fauna,2016,159,0
ZA,MX,fauna,2017,153,0
ZA,MX,fauna,2018,166,0
ZA,MX,fauna,2019,299,0
ZA,MX,fauna,2020,211,0
ZA,MX,fauna,2021,239,0
ZA,MX,fauna,2022,202,0
ZA,MX,fauna,2023,406,0
ZA,MX,fauna,2024,620,0
ZA,MX,flora,1993,4,0
ZA,MX,flora,1994,4,0
ZA,MX,flora,1999,5,0
ZA,MX,flora,2000,5,0
ZA,MX,flora,2001,2,0
ZA,MX,flora,2003,1,0
ZA,MX,flora,2009,3,0
ZA,MX,flora,2010,1,0
ZA,MX,flora,2011,3,0
ZA,MX,flora,2012,4,0
ZA,MX,flora,2013,3,0
ZA,MX,flora,2014,3,0
ZA,MX,flora,2015,2,0
ZA,MX,flora,2016,2,0
ZA,MX,flora,2017,3,0
ZA,MX,flora,2018,4,0
ZA,MX,flora,2019,2,0
ZA,MX,flora,2023,2,0
ZA,MX,flora,2024,16,0
ZA,NI,fauna,2007,4,0
ZA,PA,fauna,1984,2,0
ZA,PA,fauna,1986,1,0
ZA,PA,fauna,1989,1,0
ZA,PA,fauna,1999,4,0
ZA,PA,fauna,2000,14,0
ZA,PA,fauna,2001,10,0
ZA,PA,fauna,2002,38,0
ZA,PA,fauna,2003,1,0
ZA,PA,fauna,2005,2,0
ZA,PA,fauna,2006,1,0
ZA,PA,fauna,2007,2,0
ZA,PA,fauna,2011,6,0
ZA,PA,fauna,2012,1,0
ZA,PA,fauna,2013,2,0
ZA,PA,fauna,2014,5,0
ZA,PA,fauna,2015,7,0
ZA,PA,fauna,2016,7,0
ZA,PA,fauna,2017,12,0
ZA,PA,fauna,2018,1,0
ZA,PA,fauna,2019,2,0
ZA,PA,fauna,2023,7,0
ZA,PA,fauna,2024,21,0
ZA,PA,fauna,2025,1,0
ZA,PA,flora,2001,22,0
ZA,PA,flora,2024,11,0
ZA,PE,fauna,1982,1,0
ZA,PE,fauna,1983,1,0
ZA,PE,fauna,1984,1,0
ZA,PE,fauna,1985,2,0
ZA,PE,fauna,1986,6,0
ZA,PE,fauna,1987,9,0
ZA,PE,fauna,1988,2,0
ZA,PE,fauna,1989,1,0
ZA,PE,fauna,1990,4,0
ZA,PE,fauna,1991,4,0
ZA,PE,fauna,1992,3,0
ZA,PE,fauna,1993,3,0
ZA,PE,fauna,1994,2,0
ZA,PE,fauna,1995,1,0
ZA,PE,fauna,1997,1,0
ZA,PE,fauna,1999,2,0
ZA,PE,fauna,2001,4,0
ZA,PE,fauna,2002,5,0
ZA,PE,fauna,2003,12,0
ZA,PE,fauna,2004,2,0
ZA,PE,fauna,2005,2,0
ZA,PE,fauna,2006,1,0
ZA,PE,fauna,2009,2,0
ZA,PE,fauna,2010,2,0
ZA,PE,fauna,2012,3,0
ZA,PE,fauna,2013,1,0
ZA,PE,fauna,2014,2,0
ZA,PE,fauna,2015,4,0
ZA,PE,fauna,2016,6,0
ZA,PE,fauna,2017,7,0
ZA,PE,fauna,2018,2,0
ZA,PE,fauna,2019,5,0
ZA,PE,fauna,2020,6,0
ZA,PE,fauna,2021,17,0
ZA,PE,fauna,2022,10,0
ZA,PE,fauna,2023,10,0
ZA,PE,fauna,2024,3,0
ZA,PE,flora,2015,1,0
ZA,PY,fauna,1987,1,0
ZA,PY,fauna,1988,3,0
ZA,PY,fauna,1995,1,0
ZA,PY,fauna,1999,2,0
ZA,PY,fauna,2000,1,0
ZA,PY,fauna,2002,1,0
ZA,PY,fauna,2011,3,0
ZA,PY,fauna,2012,10,0
ZA,PY,fauna,2013,15,0
ZA,PY,fauna,2014,1,0
ZA,PY,fauna,2015,3,0
ZA,PY,flora,1988,2,0
ZA,SR,fauna,2009,1,0
ZA,SR,fauna,2016,4,0
ZA,SV,fauna,1998,21,0
ZA,SV,fauna,2000,26,0
ZA,SV,fauna,2001,5,0
ZA,SV,fauna,2004,6,0
ZA,SV,fauna,2006,5,0
ZA,SV,fauna,2007,10,0
ZA,SV,fauna,2012,1,0
ZA,SV,fauna,2013,8,0
ZA,SV,fauna,2014,8,0
ZA,SV,fauna,2016,12,0
ZA,SV,fauna,2017,16,0
ZA,TT,fauna,1999,2,0
ZA,TT,fauna,2013,2,0
ZA,TT,fauna,2014,3,0
ZA,TT,fauna,2016,1,1
ZA,TT,fauna,2023,1,0
ZA,TT,flora,1992,1,0
ZA,TT,flora,2008,1,0
ZA,UY,fauna,1987,2,0
ZA,UY,fauna,1988,10,0
ZA,UY,fauna,1989,1,0
ZA,UY,fauna,1993,2,0
ZA,UY,fauna,1995,1,0
ZA,UY,fauna,1996,1,0
ZA,UY,fauna,1997,7,0
ZA,UY,fauna,1998,6,0
ZA,UY,fauna,1999,1,0
ZA,UY,fauna,2000,2,0
ZA,UY,fauna,2001,16,0
ZA,UY,fauna,2002,4,0
ZA,UY,fauna,2003,5,0
ZA,UY,fauna,2013,1,0
ZA,UY,fauna,2014,2,0
ZA,UY,fauna,2015,3,0
ZA,UY,fauna,2016,6,0
ZA,UY,fauna,2017,2,0
ZA,UY,fauna,2019,7,0
ZA,UY,fauna,2020,1,0
ZA,UY,fauna,2021,6,0
ZA,UY,fauna,2024,1,0
ZA,VE,fauna,1977,3,0
ZA,VE,fauna,1978,2,0
ZA,VE,fauna,1980,5,0
ZA,VE,fauna,1982,2,0
ZA,VE,fauna,1985,1,0
ZA,VE,fauna,1993,4,0
ZA,VE,fauna,1995,2,0
ZA,VE,fauna,1996,2,0
ZA,VE,fauna,1997,6,0
ZA,VE,fauna,1998,7,0
ZA,VE,fauna,2000,2,0
ZA,VE,fauna,2001,42,0
ZA,VE,fauna,2002,50,0
ZA,VE,fauna,2003,40,0
ZA,VE,fauna,2004,15,0
ZA,VE,fauna,2005,16,0
ZA,VE,fauna,2006,3,0
ZA,VE,fauna,2007,4,0
ZA,VE,fauna,2008,7,0
ZA,VE,fauna,2009,4,0
ZA,VE,fauna,2010,1,0
ZA,VE,fauna,2011,6,0
ZA,VE,fauna,2012,13,0
ZA,VE,fauna,2013,9,0
ZC,BR,fauna,1992,1,0
ZC,MX,fauna,1992,1,0
ZM,AR,fauna,1986,2,0
ZM,AR,fauna,1988,1,0
ZM,AR,fauna,1995,1,0
ZM,AR,fauna,1999,2,0
ZM,AR,fauna,2000,1,0
ZM,AR,fauna,2006,2,0
ZM,AR,fauna,2011,1,0
ZM,AR,fauna,2020,2,0
ZM,AR,fauna,2022,5,0
ZM,AR,fauna,2023,11,0
ZM,AR,fauna,2024,1,0
ZM,BR,fauna,1984,2,0
ZM,BR,fauna,1999,3,0
ZM,BR,fauna,2014,3,0
ZM,CR,fauna,2009,2,0
ZM,CR,fauna,2011,5,0
ZM,DO,fauna,1984,1,0
ZM,HT,fauna,2017,4,0
ZM,JM,fauna,1998,14,0
ZM,JM,fauna,1999,1,0
ZM,JM,fauna,2007,7,0
ZM,MX,fauna,1986,2,0
ZM,MX,fauna,1992,4,0
ZM,MX,fauna,1998,7,0
ZM,MX,fauna,1999,21,0
ZM,MX,fauna,2000,9,0
ZM,MX,fauna,2001,2,0
ZM,MX,fauna,2004,2,0
ZM,MX,fauna,2005,27,0
ZM,MX,fauna,2006,6,0
ZM,MX,fauna,2007,25,0
ZM,MX,fauna,2008,37,0
ZM,MX,fauna,2009,65,0
ZM,MX,fauna,2010,53,0
ZM,MX,fauna,2011,89,0
ZM,MX,fauna,2012,79,0
ZM,MX,fauna,2013,35,0
ZM,MX,fauna,2014,4,0
ZM,MX,fauna,2015,6,0
ZM,MX,fauna,2016,11,0
ZM,MX,fauna,2017,18,0
ZM,MX,fauna,2018,24,0
ZM,MX,fauna,2019,39,0
ZM,MX,fauna,2020,25,0
ZM,MX,fauna,2021,58,0
ZM,MX,fauna,2022,46,0
ZM,MX,fauna,2023,45,0
ZM,MX,fauna,2024,9,0
ZM,SV,fauna,1998,1,0
ZM,SV,fauna,1999,5,0
ZM,UY,fauna,1984,1,0
ZM,VE,fauna,1983,4,0
ZM,VE,fauna,2012,1,0
ZW,AG,fauna,1985,2,0
ZW,AG,fauna,1990,1,0
ZW,AR,fauna,1983,8,0
ZW,AR,fauna,1987,1,0
ZW,AR,fauna,1991,3,0
ZW,AR,fauna,1992,2,0
ZW,AR,fauna,1993,19,0
ZW,AR,fauna,1994,10,0
ZW,AR,fauna,1995,28,0
ZW,AR,fauna,1996,16,0
ZW,AR,fauna,1997,12,0
ZW,AR,fauna,1999,9,0
ZW,AR,fauna,2000,23,0
ZW,AR,fauna,2001,22,0
ZW,AR,fauna,2003,1,0
ZW,AR,fauna,2004,1,0
ZW,AR,fauna,2005,3,0
ZW,AR,fauna,2006,5,0
ZW,AR,fauna,2007,6,0
ZW,AR,fauna,2008,2,0
ZW,AR,fauna,2009,1,0
ZW,AR,fauna,2010,3,0
ZW,AR,fauna,2011,1,0
ZW,AR,fauna,2012,68,0
ZW,AR,fauna,2014,6,0
ZW,AR,fauna,2015,3,0
ZW,AR,fauna,2016,37,0
ZW,AR,fauna,2017,3,0
ZW,AR,fauna,2018,7,0
ZW,AR,fauna,2019,6,0
ZW,AR,fauna,2020,1,0
ZW,AR,fauna,2021,7,0
ZW,BB,fauna,1989,1,0
ZW,BO,fauna,1985,5,0
ZW,BO,fauna,1988,2,0
ZW,BO,fauna,1989,3,0
ZW,BO,fauna,1992,2,0
ZW,BR,fauna,1983,7,0
ZW,BR,fauna,1985,8,0
ZW,BR,fauna,1986,6,0
ZW,BR,fauna,1987,4,0
ZW,BR,fauna,1988,7,0
ZW,BR,fauna,1989,15,0
ZW,BR,fauna,1990,4,0
ZW,BR,fauna,1991,3,0
ZW,BR,fauna,1992,3,0
ZW,BR,fauna,1993,9,0
ZW,BR,fauna,1994,18,0
ZW,BR,fauna,1995,4,0
ZW,BR,fauna,1996,6,0
ZW,BR,fauna,1997,15,0
ZW,BR,fauna,1998,2,0
ZW,BR,fauna,1999,17,0
ZW,BR,fauna,2000,11,0
ZW,BR,fauna,2001,14,0
ZW,BR,fauna,2002,3,0
ZW,BR,fauna,2005,1,0
ZW,BR,fauna,2006,2,0
ZW,BR,fauna,2008,3,0
ZW,BR,fauna,2009,4,0
ZW,BR,fauna,2010,13,0
ZW,BR,fauna,2011,14,0
ZW,BR,fauna,2012,4,0
ZW,BR,fauna,2013,10,0
ZW,BR,fauna,2014,20,0
ZW,BR,fauna,2015,17,0
ZW,BR,fauna,2016,5,0
ZW,BR,fauna,2017,7,0
ZW,BR,fauna,2018,32,0
ZW,BR,fauna,2021,5,0
ZW,BR,fauna,2022,20,0
ZW,BR,fauna,2024,11,0
ZW,CL,fauna,1989,3,0
ZW,CL,fauna,1994,1,0
ZW,CL,fauna,1997,3,0
ZW,CL,fauna,2000,3,0
ZW,CL,fauna,2001,1,0
ZW,CL,fauna,2002,5,0
ZW,CL,fauna,2003,1,0
ZW,CL,fauna,2005,5,0
ZW,CL,fauna,2006,4,0
ZW,CL,fauna,2008,21,0
ZW,CL,fauna,2009,2,0
ZW,CL,fauna,2010,14,0
ZW,CL,fauna,2015,1,0
ZW,CL,fauna,2016,27,0
ZW,CL,fauna,2018,9,0
ZW,CL,fauna,2022,2,0
ZW,CO,fauna,1986,1,0
ZW,CO,fauna,1992,4,0
ZW,CO,fauna,1995,6,0
ZW,CO,fauna,1999,1,0
ZW,CO,fauna,2002,16,0
ZW,CO,fauna,2003,2,0
ZW,CO,fauna,2012,3,0
ZW,CR,fauna,1986,7,0
ZW,CR,fauna,2006,1,0
ZW,CR,fauna,2008,2,0
ZW,CU,fauna,2003,2,0
ZW,DM,fauna,1985,12,0
ZW,DM,fauna,1986,1,0
ZW,DM,fauna,1988,1,0
ZW,DO,fauna,1983,1,0
ZW,DO,fauna,1988,2,0
ZW,DO,fauna,1993,1,0
ZW,DO,fauna,1996,11,0
ZW,DO,fauna,1997,15,0
ZW,DO,fauna,1999,5,0
ZW,EC,fauna,1985,1,0
ZW,EC,fauna,2010,2,0
ZW,GD,fauna,1988,3,0
ZW,GD,fauna,1990,5,0
ZW,GD,fauna,1991,3,0
ZW,GT,fauna,1988,1,0
ZW,GT,fauna,1994,1,0
ZW,GT,fauna,2009,1,0
ZW,GY,fauna,1985,2,0
ZW,HN,fauna,1988,1,0
ZW,HN,fauna,2013,2,0
ZW,HN,fauna,2021,2,0
ZW,HN,fauna,2023,1,0
ZW,JM,fauna,1985,2,0
ZW,JM,fauna,1986,1,0
ZW,JM,fauna,1987,2,0
ZW,JM,fauna,1988,6,0
ZW,JM,fauna,1989,2,0
ZW,JM,fauna,1990,3,0
ZW,JM,fauna,1991,1,0
ZW,JM,fauna,1993,1,0
ZW,JM,fauna,1995,2,0
ZW,JM,fauna,1999,2,0
ZW,JM,fauna,2002,1,0
ZW,MX,fauna,1983,4,0
ZW,MX,fauna,1984,17,0
ZW,MX,fauna,1985,21,0
ZW,MX,fauna,1986,6,0
ZW,MX,fauna,1987,10,0
ZW,MX,fauna,1988,3,0
ZW,MX,fauna,1989,11,0
ZW,MX,fauna,1990,10,0
ZW,MX,fauna,1991,7,0
ZW,MX,fauna,1992,29,0
ZW,MX,fauna,1993,13,0
ZW,MX,fauna,1994,34,0
ZW,MX,fauna,1995,55,0
ZW,MX,fauna,1996,19,0
ZW,MX,fauna,1997,8,0
ZW,MX,fauna,1998,37,0
ZW,MX,fauna,1999,35,0
ZW,MX,fauna,2000,43,0
ZW,MX,fauna,2001,37,0
ZW,MX,fauna,2002,39,0
ZW,MX,fauna,2003,111,0
ZW,MX,fauna,2004,131,0
ZW,MX,fauna,2005,37,0
ZW,MX,fauna,2006,46,0
ZW,MX,fauna,2007,25,0
ZW,MX,fauna,2008,41,0
ZW,MX,fauna,2009,27,0
ZW,MX,fauna,2010,42,0
ZW,MX,fauna,2011,21,0
ZW,MX,fauna,2012,166,0
ZW,MX,fauna,2013,72,0
ZW,MX,fauna,2014,100,0
ZW,MX,fauna,2015,122,0
ZW,MX,fauna,2016,173,0
ZW,MX,fauna,2017,145,0
ZW,MX,fauna,2018,200,0
ZW,MX,fauna,2019,142,0
ZW,MX,fauna,2020,61,0
ZW,MX,fauna,2021,132,0
ZW,MX,fauna,2022,119,0
ZW,MX,fauna,2023,67,0
ZW,MX,fauna,2024,125,0
ZW,MX,flora,2017,2,0
ZW,NI,fauna,1989,1,0
ZW,NI,fauna,1990,1,0
ZW,PA,fauna,1986,1,0
ZW,PA,fauna,2000,1,0
ZW,PA,fauna,2012,17,0
ZW,PA,fauna,2013,2,0
ZW,PA,fauna,2014,2,0
ZW,PA,fauna,2018,2,0
ZW,PA,fauna,2021,8,0
ZW,PE,fauna,1989,2,0
ZW,PE,fauna,1991,1,0
ZW,PE,fauna,2003,2,0
ZW,PE,fauna,2016,19,0
ZW,PE,fauna,2017,6,0
ZW,PY,fauna,2019,3,0
ZW,PY,fauna,2021,2,0
ZW,PY,fauna,2022,28,0
ZW,SR,fauna,1999,1,0
ZW,SV,fauna,1985,1,0
ZW,SV,fauna,1995,3,0
ZW,SV,fauna,1998,2,0
ZW,SV,fauna,2001,7,0
ZW,SV,fauna,2002,1,0
ZW,SV,fauna,2006,2,0
ZW,SV,fauna,2007,2,0
ZW,TT,fauna,1990,1,0
ZW,TT,fauna,2002,5,0
ZW,UY,fauna,1990,1,0
ZW,UY,fauna,2000,11,0
ZW,UY,fauna,2001,24,0
ZW,UY,fauna,2002,11,0
ZW,UY,fauna,2024,1,0
ZW,VE,fauna,1983,1,0
ZW,VE,fauna,1984,2,0
ZW,VE,fauna,1985,5,0
ZW,VE,fauna,1988,2,0
ZW,VE,fauna,1989,3,0
ZW,VE,fauna,1991,3,0
ZW,VE,fauna,1992,2,0
ZW,VE,fauna,1997,1,0
ZW,VE,fauna,2000,3,0
